split,arm,group,kind,data,protocol,variant,level,eer
1,raw,single0,single,urdu,ng,member,sample,40.19607843137255
1,raw,single0,single,urdu,ng,member,person,33.33333333333333
1,raw,single0,single,urdu,ng,member,cluster,30.392156862745097
1,raw,single0,single,urdu,ng,prod,sample,31.372549019607842
1,raw,single0,single,urdu,ng,prod,person,23.529411764705888
1,raw,single0,single,urdu,ng,prod,cluster,23.529411764705888
1,raw,single0,single,urdu,g,member,sample,44.11764705882353
1,raw,single0,single,urdu,g,member,person,45.09803921568627
1,raw,single0,single,urdu,g,member,cluster,47.05882352941176
1,raw,single0,single,urdu,g,prod,sample,42.15686274509804
1,raw,single0,single,urdu,g,prod,person,41.17647058823529
1,raw,single0,single,urdu,g,prod,cluster,42.15686274509804
1,raw,single0,single,hindi,ng,member,sample,40.42553191489361
1,raw,single0,single,hindi,ng,member,person,32.62411347517731
1,raw,single0,single,hindi,ng,member,cluster,31.20567375886525
1,raw,single0,single,hindi,ng,prod,sample,31.914893617021278
1,raw,single0,single,hindi,ng,prod,person,22.69503546099291
1,raw,single0,single,hindi,ng,prod,cluster,24.822695035460995
1,raw,single0,single,english,ng,member,sample,34.42622950819673
1,raw,single0,single,english,ng,member,person,25.40983606557377
1,raw,single0,single,english,ng,member,cluster,25.409836065573764
1,raw,single0,single,english,ng,prod,sample,28.278688524590166
1,raw,single0,single,english,ng,prod,person,18.852459016393443
1,raw,single0,single,english,ng,prod,cluster,18.852459016393443
1,raw,single0,single,english,g,member,sample,42.857142857142854
1,raw,single0,single,english,g,member,person,36.065573770491795
1,raw,single0,single,english,g,member,cluster,35.51020408163265
1,raw,single0,single,english,g,prod,sample,39.34426229508197
1,raw,single0,single,english,g,prod,person,33.46938775510204
1,raw,single0,single,english,g,prod,cluster,33.87755102040816
1,raw,single0,single,v4,ng,member,sample,24.32432432432432
1,raw,single0,single,v4,ng,member,person,18.918918918918916
1,raw,single0,single,v4,ng,member,cluster,19.819819819819816
1,raw,single0,single,v4,ng,prod,sample,17.699115044247787
1,raw,single0,single,v4,ng,prod,person,14.601769911504425
1,raw,single0,single,v4,ng,prod,cluster,14.864864864864868
1,raw,single0,single,v4,g,member,sample,34.68468468468468
1,raw,single0,single,v4,g,member,person,28.761061946902654
1,raw,single0,single,v4,g,member,cluster,29.20353982300885
1,raw,single0,single,v4,g,prod,sample,27.43362831858407
1,raw,single0,single,v4,g,prod,person,22.072072072072068
1,raw,single0,single,v4,g,prod,cluster,22.522522522522525
1,raw,single1,single,urdu,ng,member,sample,40.19607843137255
1,raw,single1,single,urdu,ng,member,person,31.372549019607842
1,raw,single1,single,urdu,ng,member,cluster,27.450980392156865
1,raw,single1,single,urdu,ng,prod,sample,27.450980392156865
1,raw,single1,single,urdu,ng,prod,person,22.54901960784314
1,raw,single1,single,urdu,ng,prod,cluster,23.529411764705888
1,raw,single1,single,urdu,g,member,sample,45.09803921568628
1,raw,single1,single,urdu,g,member,person,52.94117647058824
1,raw,single1,single,urdu,g,member,cluster,53.92156862745098
1,raw,single1,single,urdu,g,prod,sample,41.17647058823529
1,raw,single1,single,urdu,g,prod,person,40.19607843137255
1,raw,single1,single,urdu,g,prod,cluster,41.17647058823529
1,raw,single1,single,hindi,ng,member,sample,38.297872340425535
1,raw,single1,single,hindi,ng,member,person,30.49645390070922
1,raw,single1,single,hindi,ng,member,cluster,29.78723404255319
1,raw,single1,single,hindi,ng,prod,sample,30.49645390070922
1,raw,single1,single,hindi,ng,prod,person,19.148936170212767
1,raw,single1,single,hindi,ng,prod,cluster,21.27659574468085
1,raw,single1,single,english,ng,member,sample,34.83606557377049
1,raw,single1,single,english,ng,member,person,26.22950819672131
1,raw,single1,single,english,ng,member,cluster,27.86885245901639
1,raw,single1,single,english,ng,prod,sample,26.639344262295083
1,raw,single1,single,english,ng,prod,person,16.80327868852459
1,raw,single1,single,english,ng,prod,cluster,19.262295081967213
1,raw,single1,single,english,g,member,sample,43.673469387755105
1,raw,single1,single,english,g,member,person,40.816326530612244
1,raw,single1,single,english,g,member,cluster,38.775510204081634
1,raw,single1,single,english,g,prod,sample,38.36734693877551
1,raw,single1,single,english,g,prod,person,32.244897959183675
1,raw,single1,single,english,g,prod,cluster,31.83673469387755
1,raw,single1,single,v4,ng,member,sample,25.67567567567568
1,raw,single1,single,v4,ng,member,person,17.567567567567565
1,raw,single1,single,v4,ng,member,cluster,18.58407079646018
1,raw,single1,single,v4,ng,prod,sample,17.25663716814159
1,raw,single1,single,v4,ng,prod,person,13.513513513513509
1,raw,single1,single,v4,ng,prod,cluster,13.274336283185843
1,raw,single1,single,v4,g,member,sample,33.6283185840708
1,raw,single1,single,v4,g,member,person,25.225225225225223
1,raw,single1,single,v4,g,member,cluster,25.67567567567568
1,raw,single1,single,v4,g,prod,sample,27.876106194690266
1,raw,single1,single,v4,g,prod,person,17.567567567567565
1,raw,single1,single,v4,g,prod,cluster,18.918918918918916
1,raw,single2,single,urdu,ng,member,sample,40.19607843137255
1,raw,single2,single,urdu,ng,member,person,29.411764705882348
1,raw,single2,single,urdu,ng,member,cluster,29.411764705882348
1,raw,single2,single,urdu,ng,prod,sample,28.431372549019606
1,raw,single2,single,urdu,ng,prod,person,23.529411764705888
1,raw,single2,single,urdu,ng,prod,cluster,23.529411764705888
1,raw,single2,single,urdu,g,member,sample,45.09803921568628
1,raw,single2,single,urdu,g,member,person,45.09803921568627
1,raw,single2,single,urdu,g,member,cluster,45.09803921568627
1,raw,single2,single,urdu,g,prod,sample,41.17647058823529
1,raw,single2,single,urdu,g,prod,person,41.17647058823529
1,raw,single2,single,urdu,g,prod,cluster,42.15686274509804
1,raw,single2,single,hindi,ng,member,sample,37.5886524822695
1,raw,single2,single,hindi,ng,member,person,31.20567375886525
1,raw,single2,single,hindi,ng,member,cluster,32.62411347517731
1,raw,single2,single,hindi,ng,prod,sample,30.49645390070922
1,raw,single2,single,hindi,ng,prod,person,21.98581560283688
1,raw,single2,single,hindi,ng,prod,cluster,24.113475177304963
1,raw,single2,single,english,ng,member,sample,35.24590163934426
1,raw,single2,single,english,ng,member,person,29.508196721311474
1,raw,single2,single,english,ng,member,cluster,30.737704918032787
1,raw,single2,single,english,ng,prod,sample,27.459016393442624
1,raw,single2,single,english,ng,prod,person,17.62295081967213
1,raw,single2,single,english,ng,prod,cluster,19.262295081967217
1,raw,single2,single,english,g,member,sample,43.85245901639344
1,raw,single2,single,english,g,member,person,39.34426229508197
1,raw,single2,single,english,g,member,cluster,37.295081967213115
1,raw,single2,single,english,g,prod,sample,37.704918032786885
1,raw,single2,single,english,g,prod,person,33.06122448979592
1,raw,single2,single,english,g,prod,cluster,33.87755102040816
1,raw,single2,single,v4,ng,member,sample,23.873873873873876
1,raw,single2,single,v4,ng,member,person,18.141592920353983
1,raw,single2,single,v4,ng,member,cluster,18.46846846846847
1,raw,single2,single,v4,ng,prod,sample,16.371681415929203
1,raw,single2,single,v4,ng,prod,person,15.486725663716813
1,raw,single2,single,v4,ng,prod,cluster,15.486725663716813
1,raw,single2,single,v4,g,member,sample,34.070796460176986
1,raw,single2,single,v4,g,member,person,28.37837837837838
1,raw,single2,single,v4,g,member,cluster,29.27927927927928
1,raw,single2,single,v4,g,prod,sample,27.927927927927932
1,raw,single2,single,v4,g,prod,person,21.238938053097346
1,raw,single2,single,v4,g,prod,cluster,22.072072072072068
1,raw,single3,single,urdu,ng,member,sample,35.294117647058826
1,raw,single3,single,urdu,ng,member,person,29.411764705882348
1,raw,single3,single,urdu,ng,member,cluster,26.47058823529412
1,raw,single3,single,urdu,ng,prod,sample,27.450980392156865
1,raw,single3,single,urdu,ng,prod,person,18.627450980392158
1,raw,single3,single,urdu,ng,prod,cluster,22.54901960784314
1,raw,single3,single,urdu,g,member,sample,45.09803921568627
1,raw,single3,single,urdu,g,member,person,48.03921568627451
1,raw,single3,single,urdu,g,member,cluster,49.01960784313725
1,raw,single3,single,urdu,g,prod,sample,42.15686274509804
1,raw,single3,single,urdu,g,prod,person,41.17647058823529
1,raw,single3,single,urdu,g,prod,cluster,41.17647058823529
1,raw,single3,single,hindi,ng,member,sample,37.5886524822695
1,raw,single3,single,hindi,ng,member,person,29.078014184397162
1,raw,single3,single,hindi,ng,member,cluster,30.49645390070922
1,raw,single3,single,hindi,ng,prod,sample,29.078014184397162
1,raw,single3,single,hindi,ng,prod,person,17.02127659574468
1,raw,single3,single,hindi,ng,prod,cluster,19.148936170212767
1,raw,single3,single,english,ng,member,sample,35.65573770491803
1,raw,single3,single,english,ng,member,person,26.22950819672131
1,raw,single3,single,english,ng,member,cluster,29.098360655737704
1,raw,single3,single,english,ng,prod,sample,27.04918032786885
1,raw,single3,single,english,ng,prod,person,18.0327868852459
1,raw,single3,single,english,ng,prod,cluster,19.262295081967213
1,raw,single3,single,english,g,member,sample,43.85245901639344
1,raw,single3,single,english,g,member,person,36.065573770491795
1,raw,single3,single,english,g,member,cluster,34.83606557377049
1,raw,single3,single,english,g,prod,sample,37.142857142857146
1,raw,single3,single,english,g,prod,person,31.428571428571427
1,raw,single3,single,english,g,prod,cluster,31.428571428571427
1,raw,single3,single,v4,ng,member,sample,25.67567567567568
1,raw,single3,single,v4,ng,member,person,19.02654867256637
1,raw,single3,single,v4,ng,member,cluster,19.469026548672566
1,raw,single3,single,v4,ng,prod,sample,18.018018018018022
1,raw,single3,single,v4,ng,prod,person,17.567567567567565
1,raw,single3,single,v4,ng,prod,cluster,18.141592920353983
1,raw,single3,single,v4,g,member,sample,34.68468468468468
1,raw,single3,single,v4,g,member,person,29.20353982300885
1,raw,single3,single,v4,g,member,cluster,30.08849557522124
1,raw,single3,single,v4,g,prod,sample,29.27927927927928
1,raw,single3,single,v4,g,prod,person,23.008849557522122
1,raw,single3,single,v4,g,prod,cluster,23.42342342342343
1,raw,single4,single,urdu,ng,member,sample,35.294117647058826
1,raw,single4,single,urdu,ng,member,person,29.411764705882348
1,raw,single4,single,urdu,ng,member,cluster,25.49019607843137
1,raw,single4,single,urdu,ng,prod,sample,26.47058823529412
1,raw,single4,single,urdu,ng,prod,person,23.52941176470588
1,raw,single4,single,urdu,ng,prod,cluster,23.529411764705888
1,raw,single4,single,urdu,g,member,sample,42.15686274509804
1,raw,single4,single,urdu,g,member,person,49.01960784313725
1,raw,single4,single,urdu,g,member,cluster,48.0392156862745
1,raw,single4,single,urdu,g,prod,sample,39.21568627450981
1,raw,single4,single,urdu,g,prod,person,39.21568627450981
1,raw,single4,single,urdu,g,prod,cluster,41.17647058823529
1,raw,single4,single,hindi,ng,member,sample,37.5886524822695
1,raw,single4,single,hindi,ng,member,person,29.078014184397162
1,raw,single4,single,hindi,ng,member,cluster,30.49645390070922
1,raw,single4,single,hindi,ng,prod,sample,31.20567375886525
1,raw,single4,single,hindi,ng,prod,person,19.858156028368796
1,raw,single4,single,hindi,ng,prod,cluster,21.98581560283688
1,raw,single4,single,english,ng,member,sample,33.60655737704918
1,raw,single4,single,english,ng,member,person,26.22950819672131
1,raw,single4,single,english,ng,member,cluster,27.459016393442624
1,raw,single4,single,english,ng,prod,sample,26.229508196721312
1,raw,single4,single,english,ng,prod,person,19.262295081967213
1,raw,single4,single,english,ng,prod,cluster,20.081967213114755
1,raw,single4,single,english,g,member,sample,42.44897959183673
1,raw,single4,single,english,g,member,person,38.114754098360656
1,raw,single4,single,english,g,member,cluster,37.95918367346939
1,raw,single4,single,english,g,prod,sample,36.065573770491795
1,raw,single4,single,english,g,prod,person,32.244897959183675
1,raw,single4,single,english,g,prod,cluster,32.6530612244898
1,raw,single4,single,v4,ng,member,sample,24.778761061946902
1,raw,single4,single,v4,ng,member,person,18.141592920353983
1,raw,single4,single,v4,ng,member,cluster,18.58407079646018
1,raw,single4,single,v4,ng,prod,sample,16.8141592920354
1,raw,single4,single,v4,ng,prod,person,14.15929203539823
1,raw,single4,single,v4,ng,prod,cluster,14.15929203539823
1,raw,single4,single,v4,g,member,sample,33.6283185840708
1,raw,single4,single,v4,g,member,person,30.08849557522124
1,raw,single4,single,v4,g,member,cluster,30.08849557522124
1,raw,single4,single,v4,g,prod,sample,27.43362831858407
1,raw,single4,single,v4,g,prod,person,21.171171171171167
1,raw,single4,single,v4,g,prod,cluster,22.072072072072068
1,raw,single5,single,urdu,ng,member,sample,37.254901960784316
1,raw,single5,single,urdu,ng,member,person,31.372549019607842
1,raw,single5,single,urdu,ng,member,cluster,30.392156862745097
1,raw,single5,single,urdu,ng,prod,sample,27.450980392156865
1,raw,single5,single,urdu,ng,prod,person,20.588235294117645
1,raw,single5,single,urdu,ng,prod,cluster,23.529411764705888
1,raw,single5,single,urdu,g,member,sample,44.11764705882353
1,raw,single5,single,urdu,g,member,person,47.05882352941176
1,raw,single5,single,urdu,g,member,cluster,51.96078431372548
1,raw,single5,single,urdu,g,prod,sample,41.17647058823529
1,raw,single5,single,urdu,g,prod,person,41.17647058823529
1,raw,single5,single,urdu,g,prod,cluster,41.17647058823529
1,raw,single5,single,hindi,ng,member,sample,36.87943262411347
1,raw,single5,single,hindi,ng,member,person,31.20567375886525
1,raw,single5,single,hindi,ng,member,cluster,33.33333333333333
1,raw,single5,single,hindi,ng,prod,sample,31.914893617021278
1,raw,single5,single,hindi,ng,prod,person,17.021276595744684
1,raw,single5,single,hindi,ng,prod,cluster,19.858156028368796
1,raw,single5,single,english,ng,member,sample,33.606557377049185
1,raw,single5,single,english,ng,member,person,25.0
1,raw,single5,single,english,ng,member,cluster,28.688524590163933
1,raw,single5,single,english,ng,prod,sample,27.86885245901639
1,raw,single5,single,english,ng,prod,person,17.21311475409836
1,raw,single5,single,english,ng,prod,cluster,18.0327868852459
1,raw,single5,single,english,g,member,sample,41.224489795918366
1,raw,single5,single,english,g,member,person,37.95918367346939
1,raw,single5,single,english,g,member,cluster,36.885245901639344
1,raw,single5,single,english,g,prod,sample,37.295081967213115
1,raw,single5,single,english,g,prod,person,33.46938775510204
1,raw,single5,single,english,g,prod,cluster,33.06122448979592
1,raw,single5,single,v4,ng,member,sample,24.32432432432432
1,raw,single5,single,v4,ng,member,person,19.02654867256637
1,raw,single5,single,v4,ng,member,cluster,19.469026548672566
1,raw,single5,single,v4,ng,prod,sample,16.8141592920354
1,raw,single5,single,v4,ng,prod,person,16.371681415929203
1,raw,single5,single,v4,ng,prod,cluster,15.04424778761062
1,raw,single5,single,v4,g,member,sample,33.333333333333336
1,raw,single5,single,v4,g,member,person,28.31858407079646
1,raw,single5,single,v4,g,member,cluster,28.37837837837838
1,raw,single5,single,v4,g,prod,sample,26.126126126126124
1,raw,single5,single,v4,g,prod,person,21.68141592920354
1,raw,single5,single,v4,g,prod,cluster,21.68141592920354
1,raw,single6,single,urdu,ng,member,sample,37.254901960784316
1,raw,single6,single,urdu,ng,member,person,29.411764705882348
1,raw,single6,single,urdu,ng,member,cluster,28.431372549019606
1,raw,single6,single,urdu,ng,prod,sample,25.49019607843137
1,raw,single6,single,urdu,ng,prod,person,21.568627450980394
1,raw,single6,single,urdu,ng,prod,cluster,23.52941176470588
1,raw,single6,single,urdu,g,member,sample,43.13725490196079
1,raw,single6,single,urdu,g,member,person,44.11764705882353
1,raw,single6,single,urdu,g,member,cluster,46.07843137254902
1,raw,single6,single,urdu,g,prod,sample,41.17647058823529
1,raw,single6,single,urdu,g,prod,person,41.17647058823529
1,raw,single6,single,urdu,g,prod,cluster,42.15686274509804
1,raw,single6,single,hindi,ng,member,sample,37.5886524822695
1,raw,single6,single,hindi,ng,member,person,34.04255319148937
1,raw,single6,single,hindi,ng,member,cluster,36.170212765957444
1,raw,single6,single,hindi,ng,prod,sample,29.78723404255319
1,raw,single6,single,hindi,ng,prod,person,21.27659574468085
1,raw,single6,single,hindi,ng,prod,cluster,23.404255319148938
1,raw,single6,single,english,ng,member,sample,34.01639344262295
1,raw,single6,single,english,ng,member,person,27.459016393442624
1,raw,single6,single,english,ng,member,cluster,30.737704918032783
1,raw,single6,single,english,ng,prod,sample,25.81967213114754
1,raw,single6,single,english,ng,prod,person,16.393442622950815
1,raw,single6,single,english,ng,prod,cluster,19.262295081967217
1,raw,single6,single,english,g,member,sample,43.85245901639344
1,raw,single6,single,english,g,member,person,37.55102040816327
1,raw,single6,single,english,g,member,cluster,36.065573770491795
1,raw,single6,single,english,g,prod,sample,37.142857142857146
1,raw,single6,single,english,g,prod,person,31.428571428571427
1,raw,single6,single,english,g,prod,cluster,31.83673469387755
1,raw,single6,single,v4,ng,member,sample,26.10619469026549
1,raw,single6,single,v4,ng,member,person,19.469026548672566
1,raw,single6,single,v4,ng,member,cluster,19.819819819819816
1,raw,single6,single,v4,ng,prod,sample,15.929203539823009
1,raw,single6,single,v4,ng,prod,person,13.963963963963966
1,raw,single6,single,v4,ng,prod,cluster,13.716814159292035
1,raw,single6,single,v4,g,member,sample,34.51327433628318
1,raw,single6,single,v4,g,member,person,31.858407079646017
1,raw,single6,single,v4,g,member,cluster,29.27927927927928
1,raw,single6,single,v4,g,prod,sample,28.828828828828833
1,raw,single6,single,v4,g,prod,person,21.171171171171167
1,raw,single6,single,v4,g,prod,cluster,22.522522522522525
1,raw,single7,single,urdu,ng,member,sample,36.274509803921575
1,raw,single7,single,urdu,ng,member,person,35.294117647058826
1,raw,single7,single,urdu,ng,member,cluster,32.35294117647059
1,raw,single7,single,urdu,ng,prod,sample,29.411764705882348
1,raw,single7,single,urdu,ng,prod,person,23.529411764705888
1,raw,single7,single,urdu,ng,prod,cluster,23.529411764705888
1,raw,single7,single,urdu,g,member,sample,48.0392156862745
1,raw,single7,single,urdu,g,member,person,46.07843137254902
1,raw,single7,single,urdu,g,member,cluster,50.0
1,raw,single7,single,urdu,g,prod,sample,42.15686274509803
1,raw,single7,single,urdu,g,prod,person,41.17647058823529
1,raw,single7,single,urdu,g,prod,cluster,42.15686274509804
1,raw,single7,single,hindi,ng,member,sample,36.87943262411347
1,raw,single7,single,hindi,ng,member,person,28.36879432624113
1,raw,single7,single,hindi,ng,member,cluster,29.78723404255319
1,raw,single7,single,hindi,ng,prod,sample,30.49645390070922
1,raw,single7,single,hindi,ng,prod,person,19.858156028368796
1,raw,single7,single,hindi,ng,prod,cluster,22.69503546099291
1,raw,single7,single,english,ng,member,sample,34.83606557377049
1,raw,single7,single,english,ng,member,person,27.049180327868854
1,raw,single7,single,english,ng,member,cluster,29.508196721311474
1,raw,single7,single,english,ng,prod,sample,26.229508196721312
1,raw,single7,single,english,ng,prod,person,19.262295081967213
1,raw,single7,single,english,ng,prod,cluster,20.081967213114748
1,raw,single7,single,english,g,member,sample,42.04081632653061
1,raw,single7,single,english,g,member,person,36.065573770491795
1,raw,single7,single,english,g,member,cluster,38.52459016393443
1,raw,single7,single,english,g,prod,sample,36.3265306122449
1,raw,single7,single,english,g,prod,person,31.83673469387755
1,raw,single7,single,english,g,prod,cluster,32.377049180327866
1,raw,single7,single,v4,ng,member,sample,25.67567567567568
1,raw,single7,single,v4,ng,member,person,15.929203539823009
1,raw,single7,single,v4,ng,member,cluster,16.216216216216218
1,raw,single7,single,v4,ng,prod,sample,17.699115044247787
1,raw,single7,single,v4,ng,prod,person,13.963963963963966
1,raw,single7,single,v4,ng,prod,cluster,14.864864864864868
1,raw,single7,single,v4,g,member,sample,34.51327433628318
1,raw,single7,single,v4,g,member,person,30.08849557522124
1,raw,single7,single,v4,g,member,cluster,30.973451327433626
1,raw,single7,single,v4,g,prod,sample,26.57657657657657
1,raw,single7,single,v4,g,prod,person,20.79646017699115
1,raw,single7,single,v4,g,prod,cluster,20.72072072072072
1,raw,single8,single,urdu,ng,member,sample,32.35294117647059
1,raw,single8,single,urdu,ng,member,person,29.411764705882355
1,raw,single8,single,urdu,ng,member,cluster,30.392156862745097
1,raw,single8,single,urdu,ng,prod,sample,27.450980392156865
1,raw,single8,single,urdu,ng,prod,person,22.54901960784314
1,raw,single8,single,urdu,ng,prod,cluster,23.529411764705888
1,raw,single8,single,urdu,g,member,sample,44.11764705882353
1,raw,single8,single,urdu,g,member,person,50.98039215686274
1,raw,single8,single,urdu,g,member,cluster,52.94117647058824
1,raw,single8,single,urdu,g,prod,sample,39.21568627450981
1,raw,single8,single,urdu,g,prod,person,43.13725490196079
1,raw,single8,single,urdu,g,prod,cluster,41.17647058823529
1,raw,single8,single,hindi,ng,member,sample,36.87943262411347
1,raw,single8,single,hindi,ng,member,person,34.04255319148936
1,raw,single8,single,hindi,ng,member,cluster,34.04255319148936
1,raw,single8,single,hindi,ng,prod,sample,30.49645390070922
1,raw,single8,single,hindi,ng,prod,person,20.567375886524818
1,raw,single8,single,hindi,ng,prod,cluster,21.98581560283688
1,raw,single8,single,english,ng,member,sample,36.885245901639344
1,raw,single8,single,english,ng,member,person,27.86885245901639
1,raw,single8,single,english,ng,member,cluster,28.688524590163933
1,raw,single8,single,english,ng,prod,sample,27.86885245901639
1,raw,single8,single,english,ng,prod,person,19.262295081967213
1,raw,single8,single,english,ng,prod,cluster,20.901639344262296
1,raw,single8,single,english,g,member,sample,42.622950819672134
1,raw,single8,single,english,g,member,person,34.69387755102041
1,raw,single8,single,english,g,member,cluster,37.142857142857146
1,raw,single8,single,english,g,prod,sample,37.295081967213115
1,raw,single8,single,english,g,prod,person,31.83673469387755
1,raw,single8,single,english,g,prod,cluster,32.6530612244898
1,raw,single8,single,v4,ng,member,sample,27.477477477477475
1,raw,single8,single,v4,ng,member,person,18.141592920353983
1,raw,single8,single,v4,ng,member,cluster,18.141592920353983
1,raw,single8,single,v4,ng,prod,sample,17.117117117117118
1,raw,single8,single,v4,ng,prod,person,15.04424778761062
1,raw,single8,single,v4,ng,prod,cluster,15.486725663716813
1,raw,single8,single,v4,g,member,sample,35.13513513513513
1,raw,single8,single,v4,g,member,person,29.27927927927928
1,raw,single8,single,v4,g,member,cluster,29.27927927927928
1,raw,single8,single,v4,g,prod,sample,26.548672566371685
1,raw,single8,single,v4,g,prod,person,21.68141592920354
1,raw,single8,single,v4,g,prod,cluster,22.522522522522525
1,raw,single9,single,urdu,ng,member,sample,33.333333333333336
1,raw,single9,single,urdu,ng,member,person,29.411764705882348
1,raw,single9,single,urdu,ng,member,cluster,29.411764705882348
1,raw,single9,single,urdu,ng,prod,sample,26.470588235294112
1,raw,single9,single,urdu,ng,prod,person,23.529411764705888
1,raw,single9,single,urdu,ng,prod,cluster,23.529411764705888
1,raw,single9,single,urdu,g,member,sample,47.05882352941176
1,raw,single9,single,urdu,g,member,person,48.03921568627451
1,raw,single9,single,urdu,g,member,cluster,51.96078431372548
1,raw,single9,single,urdu,g,prod,sample,40.19607843137255
1,raw,single9,single,urdu,g,prod,person,40.19607843137255
1,raw,single9,single,urdu,g,prod,cluster,39.21568627450981
1,raw,single9,single,hindi,ng,member,sample,36.87943262411347
1,raw,single9,single,hindi,ng,member,person,29.078014184397162
1,raw,single9,single,hindi,ng,member,cluster,34.04255319148936
1,raw,single9,single,hindi,ng,prod,sample,31.914893617021278
1,raw,single9,single,hindi,ng,prod,person,22.69503546099291
1,raw,single9,single,hindi,ng,prod,cluster,25.531914893617024
1,raw,single9,single,english,ng,member,sample,35.65573770491803
1,raw,single9,single,english,ng,member,person,26.22950819672131
1,raw,single9,single,english,ng,member,cluster,27.459016393442624
1,raw,single9,single,english,ng,prod,sample,26.22950819672131
1,raw,single9,single,english,ng,prod,person,19.672131147540984
1,raw,single9,single,english,ng,prod,cluster,20.901639344262296
1,raw,single9,single,english,g,member,sample,42.622950819672134
1,raw,single9,single,english,g,member,person,35.91836734693877
1,raw,single9,single,english,g,member,cluster,35.65573770491803
1,raw,single9,single,english,g,prod,sample,36.47540983606557
1,raw,single9,single,english,g,prod,person,31.020408163265305
1,raw,single9,single,english,g,prod,cluster,31.020408163265305
1,raw,single9,single,v4,ng,member,sample,25.221238938053098
1,raw,single9,single,v4,ng,member,person,21.171171171171167
1,raw,single9,single,v4,ng,member,cluster,21.62162162162162
1,raw,single9,single,v4,ng,prod,sample,16.371681415929203
1,raw,single9,single,v4,ng,prod,person,15.929203539823009
1,raw,single9,single,v4,ng,prod,cluster,15.315315315315313
1,raw,single9,single,v4,g,member,sample,33.1858407079646
1,raw,single9,single,v4,g,member,person,31.981981981981978
1,raw,single9,single,v4,g,member,cluster,30.08849557522124
1,raw,single9,single,v4,g,prod,sample,27.027027027027028
1,raw,single9,single,v4,g,prod,person,23.451327433628318
1,raw,single9,single,v4,g,prod,cluster,22.972972972972972
1,raw,ens5a,ens,urdu,ng,member,sample,40.19607843137255
1,raw,ens5a,ens,urdu,ng,member,person,29.411764705882348
1,raw,ens5a,ens,urdu,ng,member,cluster,25.49019607843137
1,raw,ens5a,ens,urdu,ng,prod,sample,29.411764705882348
1,raw,ens5a,ens,urdu,ng,prod,person,22.54901960784314
1,raw,ens5a,ens,urdu,ng,prod,cluster,23.529411764705888
1,raw,ens5a,ens,urdu,g,member,sample,44.11764705882353
1,raw,ens5a,ens,urdu,g,member,person,49.01960784313725
1,raw,ens5a,ens,urdu,g,member,cluster,50.98039215686274
1,raw,ens5a,ens,urdu,g,prod,sample,42.15686274509803
1,raw,ens5a,ens,urdu,g,prod,person,41.17647058823529
1,raw,ens5a,ens,urdu,g,prod,cluster,42.15686274509804
1,raw,ens5a,ens,hindi,ng,member,sample,36.87943262411347
1,raw,ens5a,ens,hindi,ng,member,person,32.62411347517731
1,raw,ens5a,ens,hindi,ng,member,cluster,34.04255319148936
1,raw,ens5a,ens,hindi,ng,prod,sample,31.20567375886525
1,raw,ens5a,ens,hindi,ng,prod,person,19.14893617021277
1,raw,ens5a,ens,hindi,ng,prod,cluster,21.98581560283688
1,raw,ens5a,ens,english,ng,member,sample,34.42622950819672
1,raw,ens5a,ens,english,ng,member,person,26.22950819672131
1,raw,ens5a,ens,english,ng,member,cluster,28.278688524590166
1,raw,ens5a,ens,english,ng,prod,sample,27.04918032786885
1,raw,ens5a,ens,english,ng,prod,person,18.0327868852459
1,raw,ens5a,ens,english,ng,prod,cluster,19.672131147540984
1,raw,ens5a,ens,english,g,member,sample,43.673469387755105
1,raw,ens5a,ens,english,g,member,person,34.83606557377049
1,raw,ens5a,ens,english,g,member,cluster,35.51020408163265
1,raw,ens5a,ens,english,g,prod,sample,37.295081967213115
1,raw,ens5a,ens,english,g,prod,person,31.83673469387755
1,raw,ens5a,ens,english,g,prod,cluster,32.244897959183675
1,raw,ens5a,ens,v4,ng,member,sample,24.32432432432432
1,raw,ens5a,ens,v4,ng,member,person,18.018018018018022
1,raw,ens5a,ens,v4,ng,member,cluster,18.141592920353983
1,raw,ens5a,ens,v4,ng,prod,sample,17.25663716814159
1,raw,ens5a,ens,v4,ng,prod,person,14.15929203539823
1,raw,ens5a,ens,v4,ng,prod,cluster,14.601769911504425
1,raw,ens5a,ens,v4,g,member,sample,33.78378378378378
1,raw,ens5a,ens,v4,g,member,person,28.761061946902654
1,raw,ens5a,ens,v4,g,member,cluster,29.27927927927928
1,raw,ens5a,ens,v4,g,prod,sample,27.876106194690266
1,raw,ens5a,ens,v4,g,prod,person,21.171171171171167
1,raw,ens5a,ens,v4,g,prod,cluster,22.072072072072068
1,raw,ens5b,ens,urdu,ng,member,sample,35.294117647058826
1,raw,ens5b,ens,urdu,ng,member,person,29.411764705882348
1,raw,ens5b,ens,urdu,ng,member,cluster,29.411764705882348
1,raw,ens5b,ens,urdu,ng,prod,sample,26.470588235294112
1,raw,ens5b,ens,urdu,ng,prod,person,21.568627450980394
1,raw,ens5b,ens,urdu,ng,prod,cluster,23.529411764705888
1,raw,ens5b,ens,urdu,g,member,sample,46.07843137254902
1,raw,ens5b,ens,urdu,g,member,person,45.09803921568627
1,raw,ens5b,ens,urdu,g,member,cluster,45.09803921568628
1,raw,ens5b,ens,urdu,g,prod,sample,40.19607843137255
1,raw,ens5b,ens,urdu,g,prod,person,41.17647058823529
1,raw,ens5b,ens,urdu,g,prod,cluster,42.15686274509804
1,raw,ens5b,ens,hindi,ng,member,sample,35.46099290780142
1,raw,ens5b,ens,hindi,ng,member,person,34.04255319148937
1,raw,ens5b,ens,hindi,ng,member,cluster,36.170212765957444
1,raw,ens5b,ens,hindi,ng,prod,sample,31.20567375886525
1,raw,ens5b,ens,hindi,ng,prod,person,21.98581560283688
1,raw,ens5b,ens,hindi,ng,prod,cluster,24.822695035460992
1,raw,ens5b,ens,english,ng,member,sample,36.065573770491795
1,raw,ens5b,ens,english,ng,member,person,26.229508196721312
1,raw,ens5b,ens,english,ng,member,cluster,28.278688524590166
1,raw,ens5b,ens,english,ng,prod,sample,26.229508196721312
1,raw,ens5b,ens,english,ng,prod,person,18.852459016393443
1,raw,ens5b,ens,english,ng,prod,cluster,19.672131147540984
1,raw,ens5b,ens,english,g,member,sample,40.98360655737705
1,raw,ens5b,ens,english,g,member,person,34.01639344262295
1,raw,ens5b,ens,english,g,member,cluster,36.885245901639344
1,raw,ens5b,ens,english,g,prod,sample,36.734693877551024
1,raw,ens5b,ens,english,g,prod,person,31.428571428571427
1,raw,ens5b,ens,english,g,prod,cluster,32.377049180327866
1,raw,ens5b,ens,v4,ng,member,sample,24.336283185840706
1,raw,ens5b,ens,v4,ng,member,person,17.567567567567565
1,raw,ens5b,ens,v4,ng,member,cluster,18.141592920353983
1,raw,ens5b,ens,v4,ng,prod,sample,16.666666666666664
1,raw,ens5b,ens,v4,ng,prod,person,14.601769911504425
1,raw,ens5b,ens,v4,ng,prod,cluster,14.864864864864868
1,raw,ens5b,ens,v4,g,member,sample,33.78378378378378
1,raw,ens5b,ens,v4,g,member,person,32.743362831858406
1,raw,ens5b,ens,v4,g,member,cluster,32.88288288288288
1,raw,ens5b,ens,v4,g,prod,sample,27.027027027027028
1,raw,ens5b,ens,v4,g,prod,person,21.171171171171167
1,raw,ens5b,ens,v4,g,prod,cluster,22.522522522522525
1,raw,ens10,ens,urdu,ng,member,sample,38.23529411764706
1,raw,ens10,ens,urdu,ng,member,person,29.411764705882348
1,raw,ens10,ens,urdu,ng,member,cluster,25.49019607843137
1,raw,ens10,ens,urdu,ng,prod,sample,28.431372549019606
1,raw,ens10,ens,urdu,ng,prod,person,22.54901960784314
1,raw,ens10,ens,urdu,ng,prod,cluster,23.529411764705888
1,raw,ens10,ens,urdu,g,member,sample,47.05882352941176
1,raw,ens10,ens,urdu,g,member,person,48.0392156862745
1,raw,ens10,ens,urdu,g,member,cluster,50.98039215686274
1,raw,ens10,ens,urdu,g,prod,sample,40.19607843137255
1,raw,ens10,ens,urdu,g,prod,person,41.17647058823529
1,raw,ens10,ens,urdu,g,prod,cluster,42.15686274509804
1,raw,ens10,ens,hindi,ng,member,sample,36.170212765957444
1,raw,ens10,ens,hindi,ng,member,person,34.04255319148937
1,raw,ens10,ens,hindi,ng,member,cluster,34.751773049645394
1,raw,ens10,ens,hindi,ng,prod,sample,31.20567375886525
1,raw,ens10,ens,hindi,ng,prod,person,21.27659574468085
1,raw,ens10,ens,hindi,ng,prod,cluster,24.113475177304963
1,raw,ens10,ens,english,ng,member,sample,35.65573770491803
1,raw,ens10,ens,english,ng,member,person,26.22950819672131
1,raw,ens10,ens,english,ng,member,cluster,28.688524590163933
1,raw,ens10,ens,english,ng,prod,sample,26.229508196721312
1,raw,ens10,ens,english,ng,prod,person,18.442622950819672
1,raw,ens10,ens,english,ng,prod,cluster,19.672131147540984
1,raw,ens10,ens,english,g,member,sample,43.26530612244898
1,raw,ens10,ens,english,g,member,person,33.06122448979592
1,raw,ens10,ens,english,g,member,cluster,35.51020408163265
1,raw,ens10,ens,english,g,prod,sample,36.47540983606557
1,raw,ens10,ens,english,g,prod,person,31.428571428571427
1,raw,ens10,ens,english,g,prod,cluster,31.83673469387755
1,raw,ens10,ens,v4,ng,member,sample,24.778761061946902
1,raw,ens10,ens,v4,ng,member,person,17.25663716814159
1,raw,ens10,ens,v4,ng,member,cluster,17.25663716814159
1,raw,ens10,ens,v4,ng,prod,sample,17.117117117117118
1,raw,ens10,ens,v4,ng,prod,person,14.601769911504425
1,raw,ens10,ens,v4,ng,prod,cluster,14.601769911504425
1,raw,ens10,ens,v4,g,member,sample,33.78378378378378
1,raw,ens10,ens,v4,g,member,person,30.08849557522124
1,raw,ens10,ens,v4,g,member,cluster,30.53097345132743
1,raw,ens10,ens,v4,g,prod,sample,27.477477477477475
1,raw,ens10,ens,v4,g,prod,person,21.171171171171167
1,raw,ens10,ens,v4,g,prod,cluster,22.522522522522525
1,avg,single0,single,urdu,ng,member,sample,41.17647058823529
1,avg,single0,single,urdu,ng,member,person,33.33333333333333
1,avg,single0,single,urdu,ng,member,cluster,31.372549019607842
1,avg,single0,single,urdu,ng,prod,sample,30.3921568627451
1,avg,single0,single,urdu,ng,prod,person,23.529411764705888
1,avg,single0,single,urdu,ng,prod,cluster,23.529411764705888
1,avg,single0,single,urdu,g,member,sample,45.09803921568628
1,avg,single0,single,urdu,g,member,person,45.09803921568627
1,avg,single0,single,urdu,g,member,cluster,48.0392156862745
1,avg,single0,single,urdu,g,prod,sample,43.13725490196079
1,avg,single0,single,urdu,g,prod,person,41.17647058823529
1,avg,single0,single,urdu,g,prod,cluster,42.15686274509804
1,avg,single0,single,hindi,ng,member,sample,40.42553191489361
1,avg,single0,single,hindi,ng,member,person,31.914893617021278
1,avg,single0,single,hindi,ng,member,cluster,30.49645390070922
1,avg,single0,single,hindi,ng,prod,sample,31.20567375886525
1,avg,single0,single,hindi,ng,prod,person,22.69503546099291
1,avg,single0,single,hindi,ng,prod,cluster,25.531914893617024
1,avg,single0,single,english,ng,member,sample,34.42622950819673
1,avg,single0,single,english,ng,member,person,25.0
1,avg,single0,single,english,ng,member,cluster,25.409836065573764
1,avg,single0,single,english,ng,prod,sample,28.688524590163933
1,avg,single0,single,english,ng,prod,person,18.852459016393443
1,avg,single0,single,english,ng,prod,cluster,18.852459016393443
1,avg,single0,single,english,g,member,sample,42.857142857142854
1,avg,single0,single,english,g,member,person,36.065573770491795
1,avg,single0,single,english,g,member,cluster,35.51020408163265
1,avg,single0,single,english,g,prod,sample,39.183673469387756
1,avg,single0,single,english,g,prod,person,33.46938775510204
1,avg,single0,single,english,g,prod,cluster,33.87755102040816
1,avg,single0,single,v4,ng,member,sample,24.336283185840706
1,avg,single0,single,v4,ng,member,person,18.918918918918916
1,avg,single0,single,v4,ng,member,cluster,19.819819819819816
1,avg,single0,single,v4,ng,prod,sample,17.699115044247787
1,avg,single0,single,v4,ng,prod,person,15.04424778761062
1,avg,single0,single,v4,ng,prod,cluster,15.486725663716813
1,avg,single0,single,v4,g,member,sample,34.68468468468468
1,avg,single0,single,v4,g,member,person,28.761061946902654
1,avg,single0,single,v4,g,member,cluster,27.876106194690266
1,avg,single0,single,v4,g,prod,sample,27.43362831858407
1,avg,single0,single,v4,g,prod,person,22.123893805309734
1,avg,single0,single,v4,g,prod,cluster,22.522522522522525
1,avg,single1,single,urdu,ng,member,sample,40.19607843137255
1,avg,single1,single,urdu,ng,member,person,30.3921568627451
1,avg,single1,single,urdu,ng,member,cluster,29.411764705882355
1,avg,single1,single,urdu,ng,prod,sample,27.450980392156865
1,avg,single1,single,urdu,ng,prod,person,23.52941176470588
1,avg,single1,single,urdu,ng,prod,cluster,23.529411764705888
1,avg,single1,single,urdu,g,member,sample,46.07843137254902
1,avg,single1,single,urdu,g,member,person,52.94117647058824
1,avg,single1,single,urdu,g,member,cluster,53.92156862745099
1,avg,single1,single,urdu,g,prod,sample,42.15686274509804
1,avg,single1,single,urdu,g,prod,person,40.19607843137255
1,avg,single1,single,urdu,g,prod,cluster,41.17647058823529
1,avg,single1,single,hindi,ng,member,sample,38.297872340425535
1,avg,single1,single,hindi,ng,member,person,31.914893617021278
1,avg,single1,single,hindi,ng,member,cluster,30.49645390070922
1,avg,single1,single,hindi,ng,prod,sample,30.49645390070922
1,avg,single1,single,hindi,ng,prod,person,19.858156028368796
1,avg,single1,single,hindi,ng,prod,cluster,21.98581560283688
1,avg,single1,single,english,ng,member,sample,35.24590163934426
1,avg,single1,single,english,ng,member,person,26.22950819672131
1,avg,single1,single,english,ng,member,cluster,28.278688524590166
1,avg,single1,single,english,ng,prod,sample,27.04918032786885
1,avg,single1,single,english,ng,prod,person,16.80327868852459
1,avg,single1,single,english,ng,prod,cluster,18.442622950819676
1,avg,single1,single,english,g,member,sample,43.673469387755105
1,avg,single1,single,english,g,member,person,40.57377049180327
1,avg,single1,single,english,g,member,cluster,36.885245901639344
1,avg,single1,single,english,g,prod,sample,38.114754098360656
1,avg,single1,single,english,g,prod,person,32.6530612244898
1,avg,single1,single,english,g,prod,cluster,32.244897959183675
1,avg,single1,single,v4,ng,member,sample,26.10619469026549
1,avg,single1,single,v4,ng,member,person,17.567567567567565
1,avg,single1,single,v4,ng,member,cluster,18.58407079646018
1,avg,single1,single,v4,ng,prod,sample,17.699115044247787
1,avg,single1,single,v4,ng,prod,person,13.963963963963966
1,avg,single1,single,v4,ng,prod,cluster,13.716814159292035
1,avg,single1,single,v4,g,member,sample,33.78378378378378
1,avg,single1,single,v4,g,member,person,25.221238938053098
1,avg,single1,single,v4,g,member,cluster,25.663716814159294
1,avg,single1,single,v4,g,prod,sample,27.876106194690266
1,avg,single1,single,v4,g,prod,person,17.567567567567565
1,avg,single1,single,v4,g,prod,cluster,18.918918918918916
1,avg,single2,single,urdu,ng,member,sample,40.19607843137255
1,avg,single2,single,urdu,ng,member,person,29.411764705882348
1,avg,single2,single,urdu,ng,member,cluster,28.431372549019606
1,avg,single2,single,urdu,ng,prod,sample,28.431372549019606
1,avg,single2,single,urdu,ng,prod,person,23.529411764705888
1,avg,single2,single,urdu,ng,prod,cluster,23.529411764705888
1,avg,single2,single,urdu,g,member,sample,45.09803921568628
1,avg,single2,single,urdu,g,member,person,45.09803921568627
1,avg,single2,single,urdu,g,member,cluster,45.09803921568627
1,avg,single2,single,urdu,g,prod,sample,41.17647058823529
1,avg,single2,single,urdu,g,prod,person,41.17647058823529
1,avg,single2,single,urdu,g,prod,cluster,43.13725490196079
1,avg,single2,single,hindi,ng,member,sample,38.297872340425535
1,avg,single2,single,hindi,ng,member,person,30.49645390070922
1,avg,single2,single,hindi,ng,member,cluster,31.914893617021278
1,avg,single2,single,hindi,ng,prod,sample,30.49645390070922
1,avg,single2,single,hindi,ng,prod,person,22.69503546099291
1,avg,single2,single,hindi,ng,prod,cluster,24.113475177304963
1,avg,single2,single,english,ng,member,sample,35.65573770491803
1,avg,single2,single,english,ng,member,person,29.508196721311474
1,avg,single2,single,english,ng,member,cluster,30.327868852459016
1,avg,single2,single,english,ng,prod,sample,28.278688524590162
1,avg,single2,single,english,ng,prod,person,17.21311475409836
1,avg,single2,single,english,ng,prod,cluster,19.262295081967213
1,avg,single2,single,english,g,member,sample,44.26229508196722
1,avg,single2,single,english,g,member,person,39.34426229508197
1,avg,single2,single,english,g,member,cluster,38.114754098360656
1,avg,single2,single,english,g,prod,sample,37.55102040816327
1,avg,single2,single,english,g,prod,person,33.06122448979592
1,avg,single2,single,english,g,prod,cluster,33.87755102040816
1,avg,single2,single,v4,ng,member,sample,23.873873873873876
1,avg,single2,single,v4,ng,member,person,18.141592920353983
1,avg,single2,single,v4,ng,member,cluster,18.46846846846847
1,avg,single2,single,v4,ng,prod,sample,16.8141592920354
1,avg,single2,single,v4,ng,prod,person,15.486725663716813
1,avg,single2,single,v4,ng,prod,cluster,15.486725663716813
1,avg,single2,single,v4,g,member,sample,33.6283185840708
1,avg,single2,single,v4,g,member,person,29.20353982300885
1,avg,single2,single,v4,g,member,cluster,29.27927927927928
1,avg,single2,single,v4,g,prod,sample,27.876106194690266
1,avg,single2,single,v4,g,prod,person,21.68141592920354
1,avg,single2,single,v4,g,prod,cluster,22.123893805309734
1,avg,single3,single,urdu,ng,member,sample,35.294117647058826
1,avg,single3,single,urdu,ng,member,person,29.411764705882348
1,avg,single3,single,urdu,ng,member,cluster,26.47058823529412
1,avg,single3,single,urdu,ng,prod,sample,27.450980392156865
1,avg,single3,single,urdu,ng,prod,person,18.627450980392158
1,avg,single3,single,urdu,ng,prod,cluster,23.529411764705888
1,avg,single3,single,urdu,g,member,sample,45.09803921568628
1,avg,single3,single,urdu,g,member,person,48.03921568627451
1,avg,single3,single,urdu,g,member,cluster,49.01960784313725
1,avg,single3,single,urdu,g,prod,sample,42.15686274509804
1,avg,single3,single,urdu,g,prod,person,41.17647058823529
1,avg,single3,single,urdu,g,prod,cluster,42.15686274509804
1,avg,single3,single,hindi,ng,member,sample,37.5886524822695
1,avg,single3,single,hindi,ng,member,person,29.078014184397162
1,avg,single3,single,hindi,ng,member,cluster,30.49645390070922
1,avg,single3,single,hindi,ng,prod,sample,28.368794326241137
1,avg,single3,single,hindi,ng,prod,person,17.02127659574468
1,avg,single3,single,hindi,ng,prod,cluster,19.148936170212767
1,avg,single3,single,english,ng,member,sample,35.24590163934426
1,avg,single3,single,english,ng,member,person,26.22950819672131
1,avg,single3,single,english,ng,member,cluster,28.278688524590166
1,avg,single3,single,english,ng,prod,sample,27.04918032786885
1,avg,single3,single,english,ng,prod,person,18.0327868852459
1,avg,single3,single,english,ng,prod,cluster,19.672131147540984
1,avg,single3,single,english,g,member,sample,43.0327868852459
1,avg,single3,single,english,g,member,person,36.065573770491795
1,avg,single3,single,english,g,member,cluster,34.83606557377049
1,avg,single3,single,english,g,prod,sample,37.55102040816327
1,avg,single3,single,english,g,prod,person,31.428571428571427
1,avg,single3,single,english,g,prod,cluster,31.83673469387755
1,avg,single3,single,v4,ng,member,sample,26.126126126126124
1,avg,single3,single,v4,ng,member,person,18.918918918918916
1,avg,single3,single,v4,ng,member,cluster,19.469026548672566
1,avg,single3,single,v4,ng,prod,sample,17.699115044247787
1,avg,single3,single,v4,ng,prod,person,17.567567567567565
1,avg,single3,single,v4,ng,prod,cluster,17.699115044247787
1,avg,single3,single,v4,g,member,sample,35.13513513513513
1,avg,single3,single,v4,g,member,person,28.37837837837838
1,avg,single3,single,v4,g,member,cluster,30.08849557522124
1,avg,single3,single,v4,g,prod,sample,29.646017699115045
1,avg,single3,single,v4,g,prod,person,23.893805309734514
1,avg,single3,single,v4,g,prod,cluster,23.451327433628318
1,avg,single4,single,urdu,ng,member,sample,36.27450980392157
1,avg,single4,single,urdu,ng,member,person,29.411764705882348
1,avg,single4,single,urdu,ng,member,cluster,25.49019607843137
1,avg,single4,single,urdu,ng,prod,sample,26.47058823529412
1,avg,single4,single,urdu,ng,prod,person,22.54901960784314
1,avg,single4,single,urdu,ng,prod,cluster,23.529411764705888
1,avg,single4,single,urdu,g,member,sample,43.13725490196079
1,avg,single4,single,urdu,g,member,person,50.0
1,avg,single4,single,urdu,g,member,cluster,48.0392156862745
1,avg,single4,single,urdu,g,prod,sample,39.21568627450981
1,avg,single4,single,urdu,g,prod,person,39.21568627450981
1,avg,single4,single,urdu,g,prod,cluster,41.17647058823529
1,avg,single4,single,hindi,ng,member,sample,38.297872340425535
1,avg,single4,single,hindi,ng,member,person,29.078014184397162
1,avg,single4,single,hindi,ng,member,cluster,30.49645390070922
1,avg,single4,single,hindi,ng,prod,sample,31.20567375886525
1,avg,single4,single,hindi,ng,prod,person,19.858156028368796
1,avg,single4,single,hindi,ng,prod,cluster,21.98581560283688
1,avg,single4,single,english,ng,member,sample,34.01639344262295
1,avg,single4,single,english,ng,member,person,26.22950819672131
1,avg,single4,single,english,ng,member,cluster,27.049180327868854
1,avg,single4,single,english,ng,prod,sample,25.81967213114754
1,avg,single4,single,english,ng,prod,person,19.262295081967217
1,avg,single4,single,english,ng,prod,cluster,19.262295081967217
1,avg,single4,single,english,g,member,sample,43.442622950819676
1,avg,single4,single,english,g,member,person,38.36734693877551
1,avg,single4,single,english,g,member,cluster,37.95918367346939
1,avg,single4,single,english,g,prod,sample,36.47540983606557
1,avg,single4,single,english,g,prod,person,32.244897959183675
1,avg,single4,single,english,g,prod,cluster,32.377049180327866
1,avg,single4,single,v4,ng,member,sample,23.893805309734514
1,avg,single4,single,v4,ng,member,person,17.699115044247787
1,avg,single4,single,v4,ng,member,cluster,18.58407079646018
1,avg,single4,single,v4,ng,prod,sample,16.8141592920354
1,avg,single4,single,v4,ng,prod,person,14.15929203539823
1,avg,single4,single,v4,ng,prod,cluster,14.15929203539823
1,avg,single4,single,v4,g,member,sample,33.78378378378378
1,avg,single4,single,v4,g,member,person,30.180180180180184
1,avg,single4,single,v4,g,member,cluster,30.973451327433626
1,avg,single4,single,v4,g,prod,sample,27.43362831858407
1,avg,single4,single,v4,g,prod,person,21.171171171171167
1,avg,single4,single,v4,g,prod,cluster,22.072072072072068
1,avg,single5,single,urdu,ng,member,sample,37.254901960784316
1,avg,single5,single,urdu,ng,member,person,30.392156862745097
1,avg,single5,single,urdu,ng,member,cluster,30.392156862745097
1,avg,single5,single,urdu,ng,prod,sample,27.450980392156865
1,avg,single5,single,urdu,ng,prod,person,20.588235294117645
1,avg,single5,single,urdu,ng,prod,cluster,23.529411764705888
1,avg,single5,single,urdu,g,member,sample,45.09803921568627
1,avg,single5,single,urdu,g,member,person,47.05882352941176
1,avg,single5,single,urdu,g,member,cluster,51.96078431372548
1,avg,single5,single,urdu,g,prod,sample,41.17647058823529
1,avg,single5,single,urdu,g,prod,person,41.17647058823529
1,avg,single5,single,urdu,g,prod,cluster,41.17647058823529
1,avg,single5,single,hindi,ng,member,sample,37.5886524822695
1,avg,single5,single,hindi,ng,member,person,30.49645390070922
1,avg,single5,single,hindi,ng,member,cluster,31.914893617021278
1,avg,single5,single,hindi,ng,prod,sample,31.914893617021278
1,avg,single5,single,hindi,ng,prod,person,17.021276595744684
1,avg,single5,single,hindi,ng,prod,cluster,19.14893617021277
1,avg,single5,single,english,ng,member,sample,34.42622950819673
1,avg,single5,single,english,ng,member,person,25.0
1,avg,single5,single,english,ng,member,cluster,28.688524590163933
1,avg,single5,single,english,ng,prod,sample,27.86885245901639
1,avg,single5,single,english,ng,prod,person,17.62295081967213
1,avg,single5,single,english,ng,prod,cluster,18.442622950819672
1,avg,single5,single,english,g,member,sample,41.224489795918366
1,avg,single5,single,english,g,member,person,38.934426229508205
1,avg,single5,single,english,g,member,cluster,36.885245901639344
1,avg,single5,single,english,g,prod,sample,37.295081967213115
1,avg,single5,single,english,g,prod,person,33.46938775510204
1,avg,single5,single,english,g,prod,cluster,33.06122448979592
1,avg,single5,single,v4,ng,member,sample,23.893805309734514
1,avg,single5,single,v4,ng,member,person,19.02654867256637
1,avg,single5,single,v4,ng,member,cluster,19.02654867256637
1,avg,single5,single,v4,ng,prod,sample,16.371681415929203
1,avg,single5,single,v4,ng,prod,person,16.371681415929203
1,avg,single5,single,v4,ng,prod,cluster,15.486725663716813
1,avg,single5,single,v4,g,member,sample,33.78378378378378
1,avg,single5,single,v4,g,member,person,28.37837837837838
1,avg,single5,single,v4,g,member,cluster,29.27927927927928
1,avg,single5,single,v4,g,prod,sample,26.126126126126124
1,avg,single5,single,v4,g,prod,person,21.68141592920354
1,avg,single5,single,v4,g,prod,cluster,22.072072072072068
1,avg,single6,single,urdu,ng,member,sample,36.27450980392157
1,avg,single6,single,urdu,ng,member,person,29.411764705882348
1,avg,single6,single,urdu,ng,member,cluster,28.431372549019606
1,avg,single6,single,urdu,ng,prod,sample,25.49019607843137
1,avg,single6,single,urdu,ng,prod,person,20.588235294117645
1,avg,single6,single,urdu,ng,prod,cluster,23.52941176470588
1,avg,single6,single,urdu,g,member,sample,44.11764705882353
1,avg,single6,single,urdu,g,member,person,43.13725490196079
1,avg,single6,single,urdu,g,member,cluster,46.07843137254902
1,avg,single6,single,urdu,g,prod,sample,41.17647058823529
1,avg,single6,single,urdu,g,prod,person,41.17647058823529
1,avg,single6,single,urdu,g,prod,cluster,42.15686274509804
1,avg,single6,single,hindi,ng,member,sample,37.5886524822695
1,avg,single6,single,hindi,ng,member,person,34.04255319148937
1,avg,single6,single,hindi,ng,member,cluster,36.170212765957444
1,avg,single6,single,hindi,ng,prod,sample,29.078014184397162
1,avg,single6,single,hindi,ng,prod,person,21.98581560283688
1,avg,single6,single,hindi,ng,prod,cluster,23.404255319148938
1,avg,single6,single,english,ng,member,sample,34.01639344262295
1,avg,single6,single,english,ng,member,person,27.86885245901639
1,avg,single6,single,english,ng,member,cluster,30.737704918032783
1,avg,single6,single,english,ng,prod,sample,25.81967213114754
1,avg,single6,single,english,ng,prod,person,16.393442622950815
1,avg,single6,single,english,ng,prod,cluster,19.262295081967217
1,avg,single6,single,english,g,member,sample,43.26530612244898
1,avg,single6,single,english,g,member,person,38.36734693877551
1,avg,single6,single,english,g,member,cluster,36.47540983606557
1,avg,single6,single,english,g,prod,sample,37.55102040816327
1,avg,single6,single,english,g,prod,person,31.83673469387755
1,avg,single6,single,english,g,prod,cluster,32.377049180327866
1,avg,single6,single,v4,ng,member,sample,25.67567567567568
1,avg,single6,single,v4,ng,member,person,20.72072072072072
1,avg,single6,single,v4,ng,member,cluster,20.79646017699115
1,avg,single6,single,v4,ng,prod,sample,15.486725663716813
1,avg,single6,single,v4,ng,prod,person,13.716814159292035
1,avg,single6,single,v4,ng,prod,cluster,13.274336283185843
1,avg,single6,single,v4,g,member,sample,35.13513513513513
1,avg,single6,single,v4,g,member,person,31.858407079646017
1,avg,single6,single,v4,g,member,cluster,29.27927927927928
1,avg,single6,single,v4,g,prod,sample,28.761061946902654
1,avg,single6,single,v4,g,prod,person,21.171171171171167
1,avg,single6,single,v4,g,prod,cluster,22.522522522522525
1,avg,single7,single,urdu,ng,member,sample,37.254901960784316
1,avg,single7,single,urdu,ng,member,person,33.33333333333333
1,avg,single7,single,urdu,ng,member,cluster,32.35294117647059
1,avg,single7,single,urdu,ng,prod,sample,29.411764705882348
1,avg,single7,single,urdu,ng,prod,person,23.52941176470588
1,avg,single7,single,urdu,ng,prod,cluster,23.529411764705888
1,avg,single7,single,urdu,g,member,sample,48.03921568627451
1,avg,single7,single,urdu,g,member,person,48.0392156862745
1,avg,single7,single,urdu,g,member,cluster,49.01960784313725
1,avg,single7,single,urdu,g,prod,sample,42.15686274509804
1,avg,single7,single,urdu,g,prod,person,41.17647058823529
1,avg,single7,single,urdu,g,prod,cluster,42.15686274509804
1,avg,single7,single,hindi,ng,member,sample,36.87943262411347
1,avg,single7,single,hindi,ng,member,person,28.36879432624113
1,avg,single7,single,hindi,ng,member,cluster,29.78723404255319
1,avg,single7,single,hindi,ng,prod,sample,30.49645390070922
1,avg,single7,single,hindi,ng,prod,person,18.439716312056735
1,avg,single7,single,hindi,ng,prod,cluster,21.98581560283688
1,avg,single7,single,english,ng,member,sample,34.01639344262295
1,avg,single7,single,english,ng,member,person,27.04918032786885
1,avg,single7,single,english,ng,member,cluster,28.688524590163933
1,avg,single7,single,english,ng,prod,sample,26.229508196721312
1,avg,single7,single,english,ng,prod,person,19.262295081967213
1,avg,single7,single,english,ng,prod,cluster,20.081967213114755
1,avg,single7,single,english,g,member,sample,41.80327868852459
1,avg,single7,single,english,g,member,person,36.065573770491795
1,avg,single7,single,english,g,member,cluster,36.47540983606557
1,avg,single7,single,english,g,prod,sample,35.91836734693877
1,avg,single7,single,english,g,prod,person,31.83673469387755
1,avg,single7,single,english,g,prod,cluster,32.244897959183675
1,avg,single7,single,v4,ng,member,sample,24.778761061946902
1,avg,single7,single,v4,ng,member,person,16.371681415929203
1,avg,single7,single,v4,ng,member,cluster,16.371681415929203
1,avg,single7,single,v4,ng,prod,sample,17.699115044247787
1,avg,single7,single,v4,ng,prod,person,13.963963963963966
1,avg,single7,single,v4,ng,prod,cluster,14.414414414414411
1,avg,single7,single,v4,g,member,sample,34.51327433628318
1,avg,single7,single,v4,g,member,person,30.53097345132743
1,avg,single7,single,v4,g,member,cluster,31.081081081081084
1,avg,single7,single,v4,g,prod,sample,26.57657657657657
1,avg,single7,single,v4,g,prod,person,21.68141592920354
1,avg,single7,single,v4,g,prod,cluster,20.79646017699115
1,avg,single8,single,urdu,ng,member,sample,33.33333333333333
1,avg,single8,single,urdu,ng,member,person,31.372549019607842
1,avg,single8,single,urdu,ng,member,cluster,32.35294117647059
1,avg,single8,single,urdu,ng,prod,sample,27.450980392156865
1,avg,single8,single,urdu,ng,prod,person,21.568627450980394
1,avg,single8,single,urdu,ng,prod,cluster,24.50980392156863
1,avg,single8,single,urdu,g,member,sample,45.09803921568627
1,avg,single8,single,urdu,g,member,person,46.07843137254902
1,avg,single8,single,urdu,g,member,cluster,52.94117647058824
1,avg,single8,single,urdu,g,prod,sample,39.21568627450981
1,avg,single8,single,urdu,g,prod,person,43.13725490196079
1,avg,single8,single,urdu,g,prod,cluster,43.13725490196079
1,avg,single8,single,hindi,ng,member,sample,36.87943262411347
1,avg,single8,single,hindi,ng,member,person,33.33333333333333
1,avg,single8,single,hindi,ng,member,cluster,33.33333333333333
1,avg,single8,single,hindi,ng,prod,sample,30.49645390070922
1,avg,single8,single,hindi,ng,prod,person,19.858156028368796
1,avg,single8,single,hindi,ng,prod,cluster,21.27659574468085
1,avg,single8,single,english,ng,member,sample,36.885245901639344
1,avg,single8,single,english,ng,member,person,27.049180327868854
1,avg,single8,single,english,ng,member,cluster,28.688524590163933
1,avg,single8,single,english,ng,prod,sample,27.86885245901639
1,avg,single8,single,english,ng,prod,person,19.262295081967213
1,avg,single8,single,english,ng,prod,cluster,20.90163934426229
1,avg,single8,single,english,g,member,sample,42.622950819672134
1,avg,single8,single,english,g,member,person,34.42622950819673
1,avg,single8,single,english,g,member,cluster,37.295081967213115
1,avg,single8,single,english,g,prod,sample,37.55102040816327
1,avg,single8,single,english,g,prod,person,31.428571428571427
1,avg,single8,single,english,g,prod,cluster,33.06122448979592
1,avg,single8,single,v4,ng,member,sample,26.57657657657657
1,avg,single8,single,v4,ng,member,person,17.699115044247787
1,avg,single8,single,v4,ng,member,cluster,17.699115044247787
1,avg,single8,single,v4,ng,prod,sample,17.567567567567565
1,avg,single8,single,v4,ng,prod,person,15.04424778761062
1,avg,single8,single,v4,ng,prod,cluster,15.315315315315313
1,avg,single8,single,v4,g,member,sample,35.39823008849557
1,avg,single8,single,v4,g,member,person,29.646017699115045
1,avg,single8,single,v4,g,member,cluster,29.27927927927928
1,avg,single8,single,v4,g,prod,sample,26.548672566371685
1,avg,single8,single,v4,g,prod,person,21.171171171171167
1,avg,single8,single,v4,g,prod,cluster,22.522522522522525
1,avg,single9,single,urdu,ng,member,sample,34.31372549019608
1,avg,single9,single,urdu,ng,member,person,29.411764705882348
1,avg,single9,single,urdu,ng,member,cluster,29.411764705882348
1,avg,single9,single,urdu,ng,prod,sample,25.49019607843137
1,avg,single9,single,urdu,ng,prod,person,23.529411764705888
1,avg,single9,single,urdu,ng,prod,cluster,23.529411764705888
1,avg,single9,single,urdu,g,member,sample,47.05882352941176
1,avg,single9,single,urdu,g,member,person,45.09803921568628
1,avg,single9,single,urdu,g,member,cluster,49.01960784313726
1,avg,single9,single,urdu,g,prod,sample,39.21568627450981
1,avg,single9,single,urdu,g,prod,person,41.17647058823529
1,avg,single9,single,urdu,g,prod,cluster,41.17647058823529
1,avg,single9,single,hindi,ng,member,sample,36.87943262411347
1,avg,single9,single,hindi,ng,member,person,28.36879432624113
1,avg,single9,single,hindi,ng,member,cluster,33.333333333333336
1,avg,single9,single,hindi,ng,prod,sample,31.20567375886525
1,avg,single9,single,hindi,ng,prod,person,22.69503546099291
1,avg,single9,single,hindi,ng,prod,cluster,25.531914893617024
1,avg,single9,single,english,ng,member,sample,36.065573770491795
1,avg,single9,single,english,ng,member,person,25.81967213114754
1,avg,single9,single,english,ng,member,cluster,28.278688524590166
1,avg,single9,single,english,ng,prod,sample,26.22950819672131
1,avg,single9,single,english,ng,prod,person,19.672131147540984
1,avg,single9,single,english,ng,prod,cluster,21.311475409836063
1,avg,single9,single,english,g,member,sample,41.63265306122449
1,avg,single9,single,english,g,member,person,34.42622950819673
1,avg,single9,single,english,g,member,cluster,36.3265306122449
1,avg,single9,single,english,g,prod,sample,36.47540983606557
1,avg,single9,single,english,g,prod,person,30.612244897959183
1,avg,single9,single,english,g,prod,cluster,31.020408163265305
1,avg,single9,single,v4,ng,member,sample,25.663716814159294
1,avg,single9,single,v4,ng,member,person,21.171171171171167
1,avg,single9,single,v4,ng,member,cluster,21.68141592920354
1,avg,single9,single,v4,ng,prod,sample,16.8141592920354
1,avg,single9,single,v4,ng,prod,person,15.04424778761062
1,avg,single9,single,v4,ng,prod,cluster,15.315315315315313
1,avg,single9,single,v4,g,member,sample,32.30088495575221
1,avg,single9,single,v4,g,member,person,31.981981981981978
1,avg,single9,single,v4,g,member,cluster,29.27927927927928
1,avg,single9,single,v4,g,prod,sample,27.477477477477475
1,avg,single9,single,v4,g,prod,person,23.008849557522122
1,avg,single9,single,v4,g,prod,cluster,22.972972972972972
1,avg,ens5a,ens,urdu,ng,member,sample,41.17647058823529
1,avg,ens5a,ens,urdu,ng,member,person,29.411764705882348
1,avg,ens5a,ens,urdu,ng,member,cluster,25.49019607843137
1,avg,ens5a,ens,urdu,ng,prod,sample,29.411764705882348
1,avg,ens5a,ens,urdu,ng,prod,person,23.52941176470588
1,avg,ens5a,ens,urdu,ng,prod,cluster,23.529411764705888
1,avg,ens5a,ens,urdu,g,member,sample,44.11764705882353
1,avg,ens5a,ens,urdu,g,member,person,49.01960784313725
1,avg,ens5a,ens,urdu,g,member,cluster,50.98039215686274
1,avg,ens5a,ens,urdu,g,prod,sample,42.15686274509803
1,avg,ens5a,ens,urdu,g,prod,person,41.17647058823529
1,avg,ens5a,ens,urdu,g,prod,cluster,42.15686274509804
1,avg,ens5a,ens,hindi,ng,member,sample,36.17021276595745
1,avg,ens5a,ens,hindi,ng,member,person,32.62411347517731
1,avg,ens5a,ens,hindi,ng,member,cluster,33.33333333333333
1,avg,ens5a,ens,hindi,ng,prod,sample,31.20567375886525
1,avg,ens5a,ens,hindi,ng,prod,person,19.85815602836879
1,avg,ens5a,ens,hindi,ng,prod,cluster,22.69503546099291
1,avg,ens5a,ens,english,ng,member,sample,34.01639344262295
1,avg,ens5a,ens,english,ng,member,person,26.22950819672131
1,avg,ens5a,ens,english,ng,member,cluster,28.278688524590166
1,avg,ens5a,ens,english,ng,prod,sample,27.04918032786885
1,avg,ens5a,ens,english,ng,prod,person,18.442622950819672
1,avg,ens5a,ens,english,ng,prod,cluster,19.672131147540984
1,avg,ens5a,ens,english,g,member,sample,43.85245901639344
1,avg,ens5a,ens,english,g,member,person,35.10204081632653
1,avg,ens5a,ens,english,g,member,cluster,35.91836734693877
1,avg,ens5a,ens,english,g,prod,sample,37.55102040816327
1,avg,ens5a,ens,english,g,prod,person,31.428571428571427
1,avg,ens5a,ens,english,g,prod,cluster,31.83673469387755
1,avg,ens5a,ens,v4,ng,member,sample,23.893805309734514
1,avg,ens5a,ens,v4,ng,member,person,18.141592920353983
1,avg,ens5a,ens,v4,ng,member,cluster,18.141592920353983
1,avg,ens5a,ens,v4,ng,prod,sample,17.25663716814159
1,avg,ens5a,ens,v4,ng,prod,person,14.601769911504425
1,avg,ens5a,ens,v4,ng,prod,cluster,14.601769911504425
1,avg,ens5a,ens,v4,g,member,sample,33.6283185840708
1,avg,ens5a,ens,v4,g,member,person,28.761061946902654
1,avg,ens5a,ens,v4,g,member,cluster,29.27927927927928
1,avg,ens5a,ens,v4,g,prod,sample,27.876106194690266
1,avg,ens5a,ens,v4,g,prod,person,21.171171171171167
1,avg,ens5a,ens,v4,g,prod,cluster,22.072072072072068
1,avg,ens5b,ens,urdu,ng,member,sample,34.31372549019608
1,avg,ens5b,ens,urdu,ng,member,person,29.411764705882348
1,avg,ens5b,ens,urdu,ng,member,cluster,29.411764705882348
1,avg,ens5b,ens,urdu,ng,prod,sample,26.470588235294112
1,avg,ens5b,ens,urdu,ng,prod,person,21.568627450980394
1,avg,ens5b,ens,urdu,ng,prod,cluster,23.529411764705888
1,avg,ens5b,ens,urdu,g,member,sample,46.07843137254902
1,avg,ens5b,ens,urdu,g,member,person,45.09803921568627
1,avg,ens5b,ens,urdu,g,member,cluster,46.07843137254902
1,avg,ens5b,ens,urdu,g,prod,sample,40.19607843137255
1,avg,ens5b,ens,urdu,g,prod,person,41.17647058823529
1,avg,ens5b,ens,urdu,g,prod,cluster,42.15686274509804
1,avg,ens5b,ens,hindi,ng,member,sample,35.46099290780142
1,avg,ens5b,ens,hindi,ng,member,person,34.04255319148937
1,avg,ens5b,ens,hindi,ng,member,cluster,35.46099290780142
1,avg,ens5b,ens,hindi,ng,prod,sample,31.914893617021278
1,avg,ens5b,ens,hindi,ng,prod,person,21.27659574468085
1,avg,ens5b,ens,hindi,ng,prod,cluster,24.822695035460992
1,avg,ens5b,ens,english,ng,member,sample,36.065573770491795
1,avg,ens5b,ens,english,ng,member,person,26.22950819672131
1,avg,ens5b,ens,english,ng,member,cluster,28.278688524590166
1,avg,ens5b,ens,english,ng,prod,sample,26.229508196721312
1,avg,ens5b,ens,english,ng,prod,person,18.0327868852459
1,avg,ens5b,ens,english,ng,prod,cluster,19.262295081967217
1,avg,ens5b,ens,english,g,member,sample,40.98360655737705
1,avg,ens5b,ens,english,g,member,person,34.285714285714285
1,avg,ens5b,ens,english,g,member,cluster,36.885245901639344
1,avg,ens5b,ens,english,g,prod,sample,36.734693877551024
1,avg,ens5b,ens,english,g,prod,person,31.428571428571427
1,avg,ens5b,ens,english,g,prod,cluster,32.244897959183675
1,avg,ens5b,ens,v4,ng,member,sample,24.336283185840706
1,avg,ens5b,ens,v4,ng,member,person,17.25663716814159
1,avg,ens5b,ens,v4,ng,member,cluster,18.018018018018022
1,avg,ens5b,ens,v4,ng,prod,sample,16.666666666666664
1,avg,ens5b,ens,v4,ng,prod,person,14.601769911504425
1,avg,ens5b,ens,v4,ng,prod,cluster,14.864864864864868
1,avg,ens5b,ens,v4,g,member,sample,34.070796460176986
1,avg,ens5b,ens,v4,g,member,person,32.743362831858406
1,avg,ens5b,ens,v4,g,member,cluster,32.88288288288288
1,avg,ens5b,ens,v4,g,prod,sample,27.027027027027028
1,avg,ens5b,ens,v4,g,prod,person,21.171171171171167
1,avg,ens5b,ens,v4,g,prod,cluster,22.522522522522525
1,avg,ens10,ens,urdu,ng,member,sample,38.23529411764706
1,avg,ens10,ens,urdu,ng,member,person,29.411764705882348
1,avg,ens10,ens,urdu,ng,member,cluster,26.470588235294112
1,avg,ens10,ens,urdu,ng,prod,sample,28.431372549019606
1,avg,ens10,ens,urdu,ng,prod,person,22.54901960784314
1,avg,ens10,ens,urdu,ng,prod,cluster,23.529411764705888
1,avg,ens10,ens,urdu,g,member,sample,47.05882352941176
1,avg,ens10,ens,urdu,g,member,person,48.0392156862745
1,avg,ens10,ens,urdu,g,member,cluster,50.98039215686274
1,avg,ens10,ens,urdu,g,prod,sample,40.19607843137255
1,avg,ens10,ens,urdu,g,prod,person,41.17647058823529
1,avg,ens10,ens,urdu,g,prod,cluster,42.15686274509804
1,avg,ens10,ens,hindi,ng,member,sample,36.170212765957444
1,avg,ens10,ens,hindi,ng,member,person,34.04255319148937
1,avg,ens10,ens,hindi,ng,member,cluster,34.751773049645394
1,avg,ens10,ens,hindi,ng,prod,sample,31.20567375886525
1,avg,ens10,ens,hindi,ng,prod,person,20.56737588652482
1,avg,ens10,ens,hindi,ng,prod,cluster,24.113475177304963
1,avg,ens10,ens,english,ng,member,sample,35.24590163934426
1,avg,ens10,ens,english,ng,member,person,26.22950819672131
1,avg,ens10,ens,english,ng,member,cluster,28.688524590163933
1,avg,ens10,ens,english,ng,prod,sample,26.639344262295083
1,avg,ens10,ens,english,ng,prod,person,18.852459016393443
1,avg,ens10,ens,english,ng,prod,cluster,19.672131147540984
1,avg,ens10,ens,english,g,member,sample,43.0327868852459
1,avg,ens10,ens,english,g,member,person,33.06122448979592
1,avg,ens10,ens,english,g,member,cluster,36.47540983606557
1,avg,ens10,ens,english,g,prod,sample,36.3265306122449
1,avg,ens10,ens,english,g,prod,person,31.428571428571427
1,avg,ens10,ens,english,g,prod,cluster,31.83673469387755
1,avg,ens10,ens,v4,ng,member,sample,24.774774774774777
1,avg,ens10,ens,v4,ng,member,person,17.25663716814159
1,avg,ens10,ens,v4,ng,member,cluster,17.699115044247787
1,avg,ens10,ens,v4,ng,prod,sample,17.117117117117118
1,avg,ens10,ens,v4,ng,prod,person,15.04424778761062
1,avg,ens10,ens,v4,ng,prod,cluster,14.601769911504425
1,avg,ens10,ens,v4,g,member,sample,33.78378378378378
1,avg,ens10,ens,v4,g,member,person,30.08849557522124
1,avg,ens10,ens,v4,g,member,cluster,30.973451327433626
1,avg,ens10,ens,v4,g,prod,sample,27.477477477477475
1,avg,ens10,ens,v4,g,prod,person,21.171171171171167
1,avg,ens10,ens,v4,g,prod,cluster,22.522522522522525
2,raw,single0,single,urdu,ng,member,sample,35.0
2,raw,single0,single,urdu,ng,member,person,26.66666666666667
2,raw,single0,single,urdu,ng,member,cluster,30.0
2,raw,single0,single,urdu,ng,prod,sample,25.833333333333336
2,raw,single0,single,urdu,ng,prod,person,16.666666666666664
2,raw,single0,single,urdu,ng,prod,cluster,20.833333333333336
2,raw,single0,single,urdu,g,member,sample,44.166666666666664
2,raw,single0,single,urdu,g,member,person,35.0
2,raw,single0,single,urdu,g,member,cluster,38.333333333333336
2,raw,single0,single,urdu,g,prod,sample,40.0
2,raw,single0,single,urdu,g,prod,person,26.66666666666667
2,raw,single0,single,urdu,g,prod,cluster,32.49999999999999
2,raw,single0,single,hindi,ng,member,sample,38.26086956521739
2,raw,single0,single,hindi,ng,member,person,32.17391304347826
2,raw,single0,single,hindi,ng,member,cluster,32.17391304347826
2,raw,single0,single,hindi,ng,prod,sample,26.956521739130434
2,raw,single0,single,hindi,ng,prod,person,21.052631578947366
2,raw,single0,single,hindi,ng,prod,cluster,21.73913043478261
2,raw,single0,single,english,ng,member,sample,32.08333333333333
2,raw,single0,single,english,ng,member,person,30.833333333333336
2,raw,single0,single,english,ng,member,cluster,29.166666666666668
2,raw,single0,single,english,ng,prod,sample,23.75
2,raw,single0,single,english,ng,prod,person,19.999999999999996
2,raw,single0,single,english,ng,prod,cluster,18.75
2,raw,single0,single,english,g,member,sample,44.166666666666664
2,raw,single0,single,english,g,member,person,43.75
2,raw,single0,single,english,g,member,cluster,46.25
2,raw,single0,single,english,g,prod,sample,36.25000000000001
2,raw,single0,single,english,g,prod,person,27.083333333333336
2,raw,single0,single,english,g,prod,cluster,28.749999999999996
2,raw,single0,single,v4,ng,member,sample,33.6322869955157
2,raw,single0,single,v4,ng,member,person,25.56053811659193
2,raw,single0,single,v4,ng,member,cluster,28.181818181818187
2,raw,single0,single,v4,ng,prod,sample,21.973094170403588
2,raw,single0,single,v4,ng,prod,person,17.040358744394617
2,raw,single0,single,v4,ng,prod,cluster,17.48878923766816
2,raw,single0,single,v4,g,member,sample,41.44144144144144
2,raw,single0,single,v4,g,member,person,35.585585585585584
2,raw,single0,single,v4,g,member,cluster,35.585585585585584
2,raw,single0,single,v4,g,prod,sample,31.98198198198198
2,raw,single0,single,v4,g,prod,person,27.927927927927925
2,raw,single0,single,v4,g,prod,cluster,30.180180180180184
2,raw,single1,single,urdu,ng,member,sample,32.49999999999999
2,raw,single1,single,urdu,ng,member,person,26.66666666666667
2,raw,single1,single,urdu,ng,member,cluster,29.166666666666664
2,raw,single1,single,urdu,ng,prod,sample,25.833333333333336
2,raw,single1,single,urdu,ng,prod,person,17.5
2,raw,single1,single,urdu,ng,prod,cluster,21.666666666666668
2,raw,single1,single,urdu,g,member,sample,44.166666666666664
2,raw,single1,single,urdu,g,member,person,40.0
2,raw,single1,single,urdu,g,member,cluster,40.833333333333336
2,raw,single1,single,urdu,g,prod,sample,40.0
2,raw,single1,single,urdu,g,prod,person,31.666666666666664
2,raw,single1,single,urdu,g,prod,cluster,30.833333333333336
2,raw,single1,single,hindi,ng,member,sample,38.26086956521739
2,raw,single1,single,hindi,ng,member,person,29.565217391304348
2,raw,single1,single,hindi,ng,member,cluster,29.565217391304348
2,raw,single1,single,hindi,ng,prod,sample,21.052631578947366
2,raw,single1,single,hindi,ng,prod,person,21.052631578947366
2,raw,single1,single,hindi,ng,prod,cluster,20.869565217391305
2,raw,single1,single,english,ng,member,sample,32.49999999999999
2,raw,single1,single,english,ng,member,person,27.916666666666668
2,raw,single1,single,english,ng,member,cluster,26.66666666666667
2,raw,single1,single,english,ng,prod,sample,24.16666666666667
2,raw,single1,single,english,ng,prod,person,20.0
2,raw,single1,single,english,ng,prod,cluster,21.666666666666668
2,raw,single1,single,english,g,member,sample,45.83333333333333
2,raw,single1,single,english,g,member,person,45.416666666666664
2,raw,single1,single,english,g,member,cluster,45.0
2,raw,single1,single,english,g,prod,sample,35.0
2,raw,single1,single,english,g,prod,person,28.333333333333332
2,raw,single1,single,english,g,prod,cluster,27.083333333333332
2,raw,single1,single,v4,ng,member,sample,34.97757847533632
2,raw,single1,single,v4,ng,member,person,24.2152466367713
2,raw,single1,single,v4,ng,member,cluster,24.2152466367713
2,raw,single1,single,v4,ng,prod,sample,22.421524663677133
2,raw,single1,single,v4,ng,prod,person,18.181818181818176
2,raw,single1,single,v4,ng,prod,cluster,20.179372197309416
2,raw,single1,single,v4,g,member,sample,42.34234234234234
2,raw,single1,single,v4,g,member,person,32.72727272727273
2,raw,single1,single,v4,g,member,cluster,34.234234234234236
2,raw,single1,single,v4,g,prod,sample,32.88288288288289
2,raw,single1,single,v4,g,prod,person,26.81818181818182
2,raw,single1,single,v4,g,prod,cluster,27.27272727272727
2,raw,single2,single,urdu,ng,member,sample,31.666666666666664
2,raw,single2,single,urdu,ng,member,person,28.333333333333332
2,raw,single2,single,urdu,ng,member,cluster,29.166666666666664
2,raw,single2,single,urdu,ng,prod,sample,23.333333333333332
2,raw,single2,single,urdu,ng,prod,person,19.999999999999996
2,raw,single2,single,urdu,ng,prod,cluster,22.5
2,raw,single2,single,urdu,g,member,sample,48.33333333333333
2,raw,single2,single,urdu,g,member,person,40.0
2,raw,single2,single,urdu,g,member,cluster,40.833333333333336
2,raw,single2,single,urdu,g,prod,sample,45.0
2,raw,single2,single,urdu,g,prod,person,26.66666666666667
2,raw,single2,single,urdu,g,prod,cluster,32.49999999999999
2,raw,single2,single,hindi,ng,member,sample,38.26086956521739
2,raw,single2,single,hindi,ng,member,person,33.91304347826087
2,raw,single2,single,hindi,ng,member,cluster,33.04347826086956
2,raw,single2,single,hindi,ng,prod,sample,22.807017543859654
2,raw,single2,single,hindi,ng,prod,person,20.869565217391305
2,raw,single2,single,hindi,ng,prod,cluster,20.0
2,raw,single2,single,english,ng,member,sample,32.91666666666667
2,raw,single2,single,english,ng,member,person,32.916666666666664
2,raw,single2,single,english,ng,member,cluster,29.58333333333333
2,raw,single2,single,english,ng,prod,sample,23.333333333333332
2,raw,single2,single,english,ng,prod,person,18.333333333333336
2,raw,single2,single,english,ng,prod,cluster,18.333333333333332
2,raw,single2,single,english,g,member,sample,48.33333333333333
2,raw,single2,single,english,g,member,person,50.0
2,raw,single2,single,english,g,member,cluster,49.16666666666667
2,raw,single2,single,english,g,prod,sample,36.25000000000001
2,raw,single2,single,english,g,prod,person,29.583333333333332
2,raw,single2,single,english,g,prod,cluster,25.83333333333333
2,raw,single2,single,v4,ng,member,sample,33.18385650224215
2,raw,single2,single,v4,ng,member,person,27.3542600896861
2,raw,single2,single,v4,ng,member,cluster,27.3542600896861
2,raw,single2,single,v4,ng,prod,sample,23.318385650224215
2,raw,single2,single,v4,ng,prod,person,16.591928251121075
2,raw,single2,single,v4,ng,prod,cluster,18.181818181818176
2,raw,single2,single,v4,g,member,sample,40.99099099099099
2,raw,single2,single,v4,g,member,person,35.0
2,raw,single2,single,v4,g,member,cluster,37.727272727272734
2,raw,single2,single,v4,g,prod,sample,32.88288288288289
2,raw,single2,single,v4,g,prod,person,26.81818181818182
2,raw,single2,single,v4,g,prod,cluster,27.27272727272727
2,raw,single3,single,urdu,ng,member,sample,34.166666666666664
2,raw,single3,single,urdu,ng,member,person,24.166666666666668
2,raw,single3,single,urdu,ng,member,cluster,25.0
2,raw,single3,single,urdu,ng,prod,sample,24.166666666666668
2,raw,single3,single,urdu,ng,prod,person,19.166666666666668
2,raw,single3,single,urdu,ng,prod,cluster,18.333333333333332
2,raw,single3,single,urdu,g,member,sample,40.0
2,raw,single3,single,urdu,g,member,person,35.833333333333336
2,raw,single3,single,urdu,g,member,cluster,40.0
2,raw,single3,single,urdu,g,prod,sample,42.5
2,raw,single3,single,urdu,g,prod,person,27.500000000000004
2,raw,single3,single,urdu,g,prod,cluster,33.33333333333333
2,raw,single3,single,hindi,ng,member,sample,35.65217391304348
2,raw,single3,single,hindi,ng,member,person,33.04347826086956
2,raw,single3,single,hindi,ng,member,cluster,28.947368421052634
2,raw,single3,single,hindi,ng,prod,sample,25.217391304347824
2,raw,single3,single,hindi,ng,prod,person,20.0
2,raw,single3,single,hindi,ng,prod,cluster,20.0
2,raw,single3,single,english,ng,member,sample,32.91666666666667
2,raw,single3,single,english,ng,member,person,30.416666666666664
2,raw,single3,single,english,ng,member,cluster,30.833333333333336
2,raw,single3,single,english,ng,prod,sample,24.583333333333332
2,raw,single3,single,english,ng,prod,person,21.25
2,raw,single3,single,english,ng,prod,cluster,21.666666666666668
2,raw,single3,single,english,g,member,sample,45.83333333333333
2,raw,single3,single,english,g,member,person,42.916666666666664
2,raw,single3,single,english,g,member,cluster,43.333333333333336
2,raw,single3,single,english,g,prod,sample,36.25000000000001
2,raw,single3,single,english,g,prod,person,29.583333333333332
2,raw,single3,single,english,g,prod,cluster,31.25
2,raw,single3,single,v4,ng,member,sample,34.08071748878923
2,raw,single3,single,v4,ng,member,person,26.45739910313901
2,raw,single3,single,v4,ng,member,cluster,26.905829596412556
2,raw,single3,single,v4,ng,prod,sample,23.318385650224215
2,raw,single3,single,v4,ng,prod,person,20.62780269058296
2,raw,single3,single,v4,ng,prod,cluster,20.62780269058296
2,raw,single3,single,v4,g,member,sample,39.63963963963964
2,raw,single3,single,v4,g,member,person,36.93693693693694
2,raw,single3,single,v4,g,member,cluster,36.36363636363637
2,raw,single3,single,v4,g,prod,sample,32.432432432432435
2,raw,single3,single,v4,g,prod,person,26.81818181818182
2,raw,single3,single,v4,g,prod,cluster,27.27272727272727
2,raw,single4,single,urdu,ng,member,sample,31.666666666666664
2,raw,single4,single,urdu,ng,member,person,25.833333333333336
2,raw,single4,single,urdu,ng,member,cluster,26.666666666666668
2,raw,single4,single,urdu,ng,prod,sample,25.0
2,raw,single4,single,urdu,ng,prod,person,14.166666666666666
2,raw,single4,single,urdu,ng,prod,cluster,16.666666666666664
2,raw,single4,single,urdu,g,member,sample,40.833333333333336
2,raw,single4,single,urdu,g,member,person,33.333333333333336
2,raw,single4,single,urdu,g,member,cluster,35.833333333333336
2,raw,single4,single,urdu,g,prod,sample,42.5
2,raw,single4,single,urdu,g,prod,person,26.66666666666667
2,raw,single4,single,urdu,g,prod,cluster,27.500000000000004
2,raw,single4,single,hindi,ng,member,sample,35.08771929824561
2,raw,single4,single,hindi,ng,member,person,33.91304347826087
2,raw,single4,single,hindi,ng,member,cluster,28.947368421052634
2,raw,single4,single,hindi,ng,prod,sample,21.73913043478261
2,raw,single4,single,hindi,ng,prod,person,21.73913043478261
2,raw,single4,single,hindi,ng,prod,cluster,21.73913043478261
2,raw,single4,single,english,ng,member,sample,32.083333333333336
2,raw,single4,single,english,ng,member,person,30.000000000000004
2,raw,single4,single,english,ng,member,cluster,30.41666666666667
2,raw,single4,single,english,ng,prod,sample,23.75
2,raw,single4,single,english,ng,prod,person,17.5
2,raw,single4,single,english,ng,prod,cluster,16.666666666666664
2,raw,single4,single,english,g,member,sample,44.99999999999999
2,raw,single4,single,english,g,member,person,43.333333333333336
2,raw,single4,single,english,g,member,cluster,41.666666666666664
2,raw,single4,single,english,g,prod,sample,36.25000000000001
2,raw,single4,single,english,g,prod,person,30.000000000000004
2,raw,single4,single,english,g,prod,cluster,27.916666666666668
2,raw,single4,single,v4,ng,member,sample,34.09090909090909
2,raw,single4,single,v4,ng,member,person,29.09090909090909
2,raw,single4,single,v4,ng,member,cluster,29.54545454545454
2,raw,single4,single,v4,ng,prod,sample,23.636363636363633
2,raw,single4,single,v4,ng,prod,person,18.181818181818176
2,raw,single4,single,v4,ng,prod,cluster,19.730941704035875
2,raw,single4,single,v4,g,member,sample,42.34234234234234
2,raw,single4,single,v4,g,member,person,37.38738738738739
2,raw,single4,single,v4,g,member,cluster,39.189189189189186
2,raw,single4,single,v4,g,prod,sample,33.33333333333333
2,raw,single4,single,v4,g,prod,person,26.81818181818182
2,raw,single4,single,v4,g,prod,cluster,27.47747747747748
2,raw,single5,single,urdu,ng,member,sample,30.833333333333336
2,raw,single5,single,urdu,ng,member,person,27.500000000000004
2,raw,single5,single,urdu,ng,member,cluster,29.166666666666668
2,raw,single5,single,urdu,ng,prod,sample,25.0
2,raw,single5,single,urdu,ng,prod,person,17.5
2,raw,single5,single,urdu,ng,prod,cluster,20.0
2,raw,single5,single,urdu,g,member,sample,43.333333333333336
2,raw,single5,single,urdu,g,member,person,40.0
2,raw,single5,single,urdu,g,member,cluster,40.0
2,raw,single5,single,urdu,g,prod,sample,40.833333333333336
2,raw,single5,single,urdu,g,prod,person,26.66666666666667
2,raw,single5,single,urdu,g,prod,cluster,27.500000000000004
2,raw,single5,single,hindi,ng,member,sample,35.96491228070175
2,raw,single5,single,hindi,ng,member,person,28.07017543859649
2,raw,single5,single,hindi,ng,member,cluster,27.82608695652174
2,raw,single5,single,hindi,ng,prod,sample,25.438596491228072
2,raw,single5,single,hindi,ng,prod,person,21.052631578947366
2,raw,single5,single,hindi,ng,prod,cluster,21.92982456140351
2,raw,single5,single,english,ng,member,sample,31.666666666666664
2,raw,single5,single,english,ng,member,person,27.916666666666668
2,raw,single5,single,english,ng,member,cluster,27.916666666666668
2,raw,single5,single,english,ng,prod,sample,23.75
2,raw,single5,single,english,ng,prod,person,19.999999999999996
2,raw,single5,single,english,ng,prod,cluster,18.333333333333332
2,raw,single5,single,english,g,member,sample,43.75
2,raw,single5,single,english,g,member,person,43.333333333333336
2,raw,single5,single,english,g,member,cluster,43.75
2,raw,single5,single,english,g,prod,sample,35.416666666666664
2,raw,single5,single,english,g,prod,person,33.333333333333336
2,raw,single5,single,english,g,prod,cluster,27.916666666666668
2,raw,single5,single,v4,ng,member,sample,35.874439461883405
2,raw,single5,single,v4,ng,member,person,27.802690582959645
2,raw,single5,single,v4,ng,member,cluster,27.802690582959645
2,raw,single5,single,v4,ng,prod,sample,24.2152466367713
2,raw,single5,single,v4,ng,prod,person,17.48878923766816
2,raw,single5,single,v4,ng,prod,cluster,17.48878923766816
2,raw,single5,single,v4,g,member,sample,40.090090090090094
2,raw,single5,single,v4,g,member,person,34.54545454545455
2,raw,single5,single,v4,g,member,cluster,36.36363636363637
2,raw,single5,single,v4,g,prod,sample,32.27272727272727
2,raw,single5,single,v4,g,prod,person,29.72972972972973
2,raw,single5,single,v4,g,prod,cluster,31.08108108108108
2,raw,single6,single,urdu,ng,member,sample,30.833333333333336
2,raw,single6,single,urdu,ng,member,person,19.999999999999996
2,raw,single6,single,urdu,ng,member,cluster,22.499999999999996
2,raw,single6,single,urdu,ng,prod,sample,25.0
2,raw,single6,single,urdu,ng,prod,person,15.833333333333332
2,raw,single6,single,urdu,ng,prod,cluster,18.333333333333332
2,raw,single6,single,urdu,g,member,sample,39.16666666666667
2,raw,single6,single,urdu,g,member,person,32.5
2,raw,single6,single,urdu,g,member,cluster,35.0
2,raw,single6,single,urdu,g,prod,sample,42.50000000000001
2,raw,single6,single,urdu,g,prod,person,26.66666666666667
2,raw,single6,single,urdu,g,prod,cluster,33.333333333333336
2,raw,single6,single,hindi,ng,member,sample,33.04347826086956
2,raw,single6,single,hindi,ng,member,person,32.17391304347826
2,raw,single6,single,hindi,ng,member,cluster,32.17391304347826
2,raw,single6,single,hindi,ng,prod,sample,23.47826086956522
2,raw,single6,single,hindi,ng,prod,person,23.47826086956522
2,raw,single6,single,hindi,ng,prod,cluster,22.608695652173914
2,raw,single6,single,english,ng,member,sample,30.000000000000004
2,raw,single6,single,english,ng,member,person,28.749999999999996
2,raw,single6,single,english,ng,member,cluster,27.916666666666668
2,raw,single6,single,english,ng,prod,sample,23.333333333333332
2,raw,single6,single,english,ng,prod,person,21.666666666666668
2,raw,single6,single,english,ng,prod,cluster,21.25
2,raw,single6,single,english,g,member,sample,44.583333333333336
2,raw,single6,single,english,g,member,person,40.0
2,raw,single6,single,english,g,member,cluster,41.66666666666667
2,raw,single6,single,english,g,prod,sample,35.833333333333336
2,raw,single6,single,english,g,prod,person,30.000000000000004
2,raw,single6,single,english,g,prod,cluster,28.333333333333332
2,raw,single6,single,v4,ng,member,sample,34.52914798206278
2,raw,single6,single,v4,ng,member,person,22.421524663677133
2,raw,single6,single,v4,ng,member,cluster,25.0
2,raw,single6,single,v4,ng,prod,sample,21.973094170403588
2,raw,single6,single,v4,ng,prod,person,18.181818181818176
2,raw,single6,single,v4,ng,prod,cluster,20.179372197309416
2,raw,single6,single,v4,g,member,sample,40.99099099099099
2,raw,single6,single,v4,g,member,person,30.630630630630627
2,raw,single6,single,v4,g,member,cluster,32.72727272727273
2,raw,single6,single,v4,g,prod,sample,33.63636363636363
2,raw,single6,single,v4,g,prod,person,30.454545454545457
2,raw,single6,single,v4,g,prod,cluster,32.88288288288289
2,raw,single7,single,urdu,ng,member,sample,30.833333333333336
2,raw,single7,single,urdu,ng,member,person,24.166666666666668
2,raw,single7,single,urdu,ng,member,cluster,23.333333333333332
2,raw,single7,single,urdu,ng,prod,sample,24.16666666666667
2,raw,single7,single,urdu,ng,prod,person,16.666666666666664
2,raw,single7,single,urdu,ng,prod,cluster,19.166666666666668
2,raw,single7,single,urdu,g,member,sample,43.333333333333336
2,raw,single7,single,urdu,g,member,person,33.333333333333336
2,raw,single7,single,urdu,g,member,cluster,39.16666666666667
2,raw,single7,single,urdu,g,prod,sample,41.666666666666664
2,raw,single7,single,urdu,g,prod,person,26.66666666666667
2,raw,single7,single,urdu,g,prod,cluster,27.500000000000004
2,raw,single7,single,hindi,ng,member,sample,37.391304347826086
2,raw,single7,single,hindi,ng,member,person,32.17391304347826
2,raw,single7,single,hindi,ng,member,cluster,31.30434782608696
2,raw,single7,single,hindi,ng,prod,sample,22.608695652173914
2,raw,single7,single,hindi,ng,prod,person,20.869565217391305
2,raw,single7,single,hindi,ng,prod,cluster,20.0
2,raw,single7,single,english,ng,member,sample,29.58333333333333
2,raw,single7,single,english,ng,member,person,26.666666666666668
2,raw,single7,single,english,ng,member,cluster,25.833333333333336
2,raw,single7,single,english,ng,prod,sample,23.333333333333332
2,raw,single7,single,english,ng,prod,person,19.999999999999996
2,raw,single7,single,english,ng,prod,cluster,18.75
2,raw,single7,single,english,g,member,sample,46.25
2,raw,single7,single,english,g,member,person,41.25
2,raw,single7,single,english,g,member,cluster,42.083333333333336
2,raw,single7,single,english,g,prod,sample,36.66666666666667
2,raw,single7,single,english,g,prod,person,27.916666666666668
2,raw,single7,single,english,g,prod,cluster,28.749999999999996
2,raw,single7,single,v4,ng,member,sample,34.52914798206278
2,raw,single7,single,v4,ng,member,person,28.251121076233183
2,raw,single7,single,v4,ng,member,cluster,29.14798206278027
2,raw,single7,single,v4,ng,prod,sample,23.766816143497756
2,raw,single7,single,v4,ng,prod,person,16.591928251121075
2,raw,single7,single,v4,ng,prod,cluster,17.937219730941703
2,raw,single7,single,v4,g,member,sample,42.27272727272727
2,raw,single7,single,v4,g,member,person,37.38738738738739
2,raw,single7,single,v4,g,member,cluster,39.189189189189186
2,raw,single7,single,v4,g,prod,sample,32.27272727272727
2,raw,single7,single,v4,g,prod,person,27.727272727272723
2,raw,single7,single,v4,g,prod,cluster,28.181818181818187
2,raw,single8,single,urdu,ng,member,sample,31.666666666666664
2,raw,single8,single,urdu,ng,member,person,26.666666666666668
2,raw,single8,single,urdu,ng,member,cluster,28.333333333333332
2,raw,single8,single,urdu,ng,prod,sample,25.0
2,raw,single8,single,urdu,ng,prod,person,16.666666666666664
2,raw,single8,single,urdu,ng,prod,cluster,18.333333333333336
2,raw,single8,single,urdu,g,member,sample,41.66666666666667
2,raw,single8,single,urdu,g,member,person,33.333333333333336
2,raw,single8,single,urdu,g,member,cluster,35.0
2,raw,single8,single,urdu,g,prod,sample,40.0
2,raw,single8,single,urdu,g,prod,person,27.500000000000004
2,raw,single8,single,urdu,g,prod,cluster,27.500000000000004
2,raw,single8,single,hindi,ng,member,sample,38.26086956521739
2,raw,single8,single,hindi,ng,member,person,34.78260869565217
2,raw,single8,single,hindi,ng,member,cluster,33.04347826086956
2,raw,single8,single,hindi,ng,prod,sample,25.217391304347824
2,raw,single8,single,hindi,ng,prod,person,21.052631578947366
2,raw,single8,single,hindi,ng,prod,cluster,21.052631578947366
2,raw,single8,single,english,ng,member,sample,33.33333333333333
2,raw,single8,single,english,ng,member,person,30.000000000000004
2,raw,single8,single,english,ng,member,cluster,27.500000000000004
2,raw,single8,single,english,ng,prod,sample,22.916666666666664
2,raw,single8,single,english,ng,prod,person,19.999999999999996
2,raw,single8,single,english,ng,prod,cluster,17.916666666666668
2,raw,single8,single,english,g,member,sample,43.75
2,raw,single8,single,english,g,member,person,46.666666666666664
2,raw,single8,single,english,g,member,cluster,47.916666666666664
2,raw,single8,single,english,g,prod,sample,37.083333333333336
2,raw,single8,single,english,g,prod,person,27.916666666666668
2,raw,single8,single,english,g,prod,cluster,28.749999999999996
2,raw,single8,single,v4,ng,member,sample,31.838565022421523
2,raw,single8,single,v4,ng,member,person,25.56053811659193
2,raw,single8,single,v4,ng,member,cluster,26.45739910313901
2,raw,single8,single,v4,ng,prod,sample,21.524663677130047
2,raw,single8,single,v4,ng,prod,person,16.143497757847534
2,raw,single8,single,v4,ng,prod,cluster,16.591928251121075
2,raw,single8,single,v4,g,member,sample,40.45454545454545
2,raw,single8,single,v4,g,member,person,33.78378378378378
2,raw,single8,single,v4,g,member,cluster,36.486486486486484
2,raw,single8,single,v4,g,prod,sample,31.36363636363636
2,raw,single8,single,v4,g,prod,person,27.027027027027028
2,raw,single8,single,v4,g,prod,cluster,27.727272727272723
2,raw,single9,single,urdu,ng,member,sample,31.666666666666664
2,raw,single9,single,urdu,ng,member,person,25.0
2,raw,single9,single,urdu,ng,member,cluster,26.666666666666668
2,raw,single9,single,urdu,ng,prod,sample,26.666666666666668
2,raw,single9,single,urdu,ng,prod,person,15.0
2,raw,single9,single,urdu,ng,prod,cluster,19.166666666666664
2,raw,single9,single,urdu,g,member,sample,44.166666666666664
2,raw,single9,single,urdu,g,member,person,40.0
2,raw,single9,single,urdu,g,member,cluster,43.333333333333336
2,raw,single9,single,urdu,g,prod,sample,40.0
2,raw,single9,single,urdu,g,prod,person,27.500000000000004
2,raw,single9,single,urdu,g,prod,cluster,31.666666666666664
2,raw,single9,single,hindi,ng,member,sample,36.52173913043478
2,raw,single9,single,hindi,ng,member,person,31.30434782608696
2,raw,single9,single,hindi,ng,member,cluster,30.434782608695656
2,raw,single9,single,hindi,ng,prod,sample,23.684210526315784
2,raw,single9,single,hindi,ng,prod,person,20.0
2,raw,single9,single,hindi,ng,prod,cluster,19.130434782608695
2,raw,single9,single,english,ng,member,sample,32.91666666666667
2,raw,single9,single,english,ng,member,person,32.083333333333336
2,raw,single9,single,english,ng,member,cluster,31.25
2,raw,single9,single,english,ng,prod,sample,23.333333333333332
2,raw,single9,single,english,ng,prod,person,20.0
2,raw,single9,single,english,ng,prod,cluster,20.416666666666668
2,raw,single9,single,english,g,member,sample,44.166666666666664
2,raw,single9,single,english,g,member,person,45.0
2,raw,single9,single,english,g,member,cluster,44.583333333333336
2,raw,single9,single,english,g,prod,sample,36.25000000000001
2,raw,single9,single,english,g,prod,person,28.333333333333332
2,raw,single9,single,english,g,prod,cluster,25.83333333333333
2,raw,single9,single,v4,ng,member,sample,35.874439461883405
2,raw,single9,single,v4,ng,member,person,28.251121076233183
2,raw,single9,single,v4,ng,member,cluster,28.699551569506728
2,raw,single9,single,v4,ng,prod,sample,21.973094170403588
2,raw,single9,single,v4,ng,prod,person,18.181818181818176
2,raw,single9,single,v4,ng,prod,cluster,19.282511210762333
2,raw,single9,single,v4,g,member,sample,40.0
2,raw,single9,single,v4,g,member,person,36.36363636363637
2,raw,single9,single,v4,g,member,cluster,36.81818181818181
2,raw,single9,single,v4,g,prod,sample,33.18181818181818
2,raw,single9,single,v4,g,prod,person,27.027027027027028
2,raw,single9,single,v4,g,prod,cluster,27.47747747747748
2,raw,ens5a,ens,urdu,ng,member,sample,33.333333333333336
2,raw,ens5a,ens,urdu,ng,member,person,26.66666666666667
2,raw,ens5a,ens,urdu,ng,member,cluster,29.166666666666668
2,raw,ens5a,ens,urdu,ng,prod,sample,25.0
2,raw,ens5a,ens,urdu,ng,prod,person,19.999999999999996
2,raw,ens5a,ens,urdu,ng,prod,cluster,20.833333333333336
2,raw,ens5a,ens,urdu,g,member,sample,42.50000000000001
2,raw,ens5a,ens,urdu,g,member,person,39.166666666666664
2,raw,ens5a,ens,urdu,g,member,cluster,41.66666666666667
2,raw,ens5a,ens,urdu,g,prod,sample,42.5
2,raw,ens5a,ens,urdu,g,prod,person,26.66666666666667
2,raw,ens5a,ens,urdu,g,prod,cluster,30.0
2,raw,ens5a,ens,hindi,ng,member,sample,35.08771929824561
2,raw,ens5a,ens,hindi,ng,member,person,31.30434782608696
2,raw,ens5a,ens,hindi,ng,member,cluster,30.434782608695656
2,raw,ens5a,ens,hindi,ng,prod,sample,23.47826086956522
2,raw,ens5a,ens,hindi,ng,prod,person,20.869565217391305
2,raw,ens5a,ens,hindi,ng,prod,cluster,20.0
2,raw,ens5a,ens,english,ng,member,sample,32.083333333333336
2,raw,ens5a,ens,english,ng,member,person,30.000000000000004
2,raw,ens5a,ens,english,ng,member,cluster,28.749999999999996
2,raw,ens5a,ens,english,ng,prod,sample,23.333333333333332
2,raw,ens5a,ens,english,ng,prod,person,19.999999999999996
2,raw,ens5a,ens,english,ng,prod,cluster,18.75
2,raw,ens5a,ens,english,g,member,sample,46.25
2,raw,ens5a,ens,english,g,member,person,43.333333333333336
2,raw,ens5a,ens,english,g,member,cluster,45.41666666666667
2,raw,ens5a,ens,english,g,prod,sample,36.66666666666667
2,raw,ens5a,ens,english,g,prod,person,30.000000000000004
2,raw,ens5a,ens,english,g,prod,cluster,29.166666666666668
2,raw,ens5a,ens,v4,ng,member,sample,33.6322869955157
2,raw,ens5a,ens,v4,ng,member,person,28.251121076233183
2,raw,ens5a,ens,v4,ng,member,cluster,28.251121076233183
2,raw,ens5a,ens,v4,ng,prod,sample,21.973094170403588
2,raw,ens5a,ens,v4,ng,prod,person,18.181818181818176
2,raw,ens5a,ens,v4,ng,prod,cluster,18.83408071748879
2,raw,ens5a,ens,v4,g,member,sample,41.81818181818182
2,raw,ens5a,ens,v4,g,member,person,35.13513513513514
2,raw,ens5a,ens,v4,g,member,cluster,37.272727272727266
2,raw,ens5a,ens,v4,g,prod,sample,31.818181818181824
2,raw,ens5a,ens,v4,g,prod,person,27.27272727272727
2,raw,ens5a,ens,v4,g,prod,cluster,27.927927927927925
2,raw,ens5b,ens,urdu,ng,member,sample,30.000000000000004
2,raw,ens5b,ens,urdu,ng,member,person,26.666666666666668
2,raw,ens5b,ens,urdu,ng,member,cluster,27.500000000000004
2,raw,ens5b,ens,urdu,ng,prod,sample,25.0
2,raw,ens5b,ens,urdu,ng,prod,person,18.333333333333332
2,raw,ens5b,ens,urdu,ng,prod,cluster,20.0
2,raw,ens5b,ens,urdu,g,member,sample,42.50000000000001
2,raw,ens5b,ens,urdu,g,member,person,35.0
2,raw,ens5b,ens,urdu,g,member,cluster,40.0
2,raw,ens5b,ens,urdu,g,prod,sample,41.66666666666667
2,raw,ens5b,ens,urdu,g,prod,person,26.66666666666667
2,raw,ens5b,ens,urdu,g,prod,cluster,29.166666666666668
2,raw,ens5b,ens,hindi,ng,member,sample,35.96491228070175
2,raw,ens5b,ens,hindi,ng,member,person,28.07017543859649
2,raw,ens5b,ens,hindi,ng,member,cluster,28.947368421052634
2,raw,ens5b,ens,hindi,ng,prod,sample,25.217391304347824
2,raw,ens5b,ens,hindi,ng,prod,person,21.92982456140351
2,raw,ens5b,ens,hindi,ng,prod,cluster,21.73913043478261
2,raw,ens5b,ens,english,ng,member,sample,30.416666666666664
2,raw,ens5b,ens,english,ng,member,person,29.583333333333332
2,raw,ens5b,ens,english,ng,member,cluster,29.166666666666668
2,raw,ens5b,ens,english,ng,prod,sample,23.33333333333333
2,raw,ens5b,ens,english,ng,prod,person,19.999999999999996
2,raw,ens5b,ens,english,ng,prod,cluster,19.166666666666668
2,raw,ens5b,ens,english,g,member,sample,45.833333333333336
2,raw,ens5b,ens,english,g,member,person,46.666666666666664
2,raw,ens5b,ens,english,g,member,cluster,46.25
2,raw,ens5b,ens,english,g,prod,sample,36.25000000000001
2,raw,ens5b,ens,english,g,prod,person,31.25
2,raw,ens5b,ens,english,g,prod,cluster,28.749999999999996
2,raw,ens5b,ens,v4,ng,member,sample,33.63636363636363
2,raw,ens5b,ens,v4,ng,member,person,26.00896860986547
2,raw,ens5b,ens,v4,ng,member,cluster,28.636363636363637
2,raw,ens5b,ens,v4,ng,prod,sample,22.421524663677133
2,raw,ens5b,ens,v4,ng,prod,person,17.272727272727273
2,raw,ens5b,ens,v4,ng,prod,cluster,18.83408071748879
2,raw,ens5b,ens,v4,g,member,sample,42.27272727272727
2,raw,ens5b,ens,v4,g,member,person,36.93693693693694
2,raw,ens5b,ens,v4,g,member,cluster,38.288288288288285
2,raw,ens5b,ens,v4,g,prod,sample,33.18181818181818
2,raw,ens5b,ens,v4,g,prod,person,28.181818181818187
2,raw,ens5b,ens,v4,g,prod,cluster,28.82882882882883
2,raw,ens10,ens,urdu,ng,member,sample,32.5
2,raw,ens10,ens,urdu,ng,member,person,26.66666666666667
2,raw,ens10,ens,urdu,ng,member,cluster,29.166666666666664
2,raw,ens10,ens,urdu,ng,prod,sample,25.0
2,raw,ens10,ens,urdu,ng,prod,person,18.333333333333332
2,raw,ens10,ens,urdu,ng,prod,cluster,20.833333333333336
2,raw,ens10,ens,urdu,g,member,sample,43.333333333333336
2,raw,ens10,ens,urdu,g,member,person,37.5
2,raw,ens10,ens,urdu,g,member,cluster,42.5
2,raw,ens10,ens,urdu,g,prod,sample,41.666666666666664
2,raw,ens10,ens,urdu,g,prod,person,26.66666666666667
2,raw,ens10,ens,urdu,g,prod,cluster,28.333333333333332
2,raw,ens10,ens,hindi,ng,member,sample,36.52173913043478
2,raw,ens10,ens,hindi,ng,member,person,29.565217391304348
2,raw,ens10,ens,hindi,ng,member,cluster,28.947368421052634
2,raw,ens10,ens,hindi,ng,prod,sample,24.561403508771928
2,raw,ens10,ens,hindi,ng,prod,person,20.869565217391305
2,raw,ens10,ens,hindi,ng,prod,cluster,20.0
2,raw,ens10,ens,english,ng,member,sample,31.25
2,raw,ens10,ens,english,ng,member,person,29.583333333333332
2,raw,ens10,ens,english,ng,member,cluster,28.749999999999996
2,raw,ens10,ens,english,ng,prod,sample,22.916666666666664
2,raw,ens10,ens,english,ng,prod,person,19.999999999999996
2,raw,ens10,ens,english,ng,prod,cluster,19.166666666666668
2,raw,ens10,ens,english,g,member,sample,46.25
2,raw,ens10,ens,english,g,member,person,43.75
2,raw,ens10,ens,english,g,member,cluster,47.91666666666667
2,raw,ens10,ens,english,g,prod,sample,36.66666666666667
2,raw,ens10,ens,english,g,prod,person,30.000000000000004
2,raw,ens10,ens,english,g,prod,cluster,29.166666666666664
2,raw,ens10,ens,v4,ng,member,sample,33.18181818181818
2,raw,ens10,ens,v4,ng,member,person,27.3542600896861
2,raw,ens10,ens,v4,ng,member,cluster,27.802690582959645
2,raw,ens10,ens,v4,ng,prod,sample,22.72727272727273
2,raw,ens10,ens,v4,ng,prod,person,17.48878923766816
2,raw,ens10,ens,v4,ng,prod,cluster,18.83408071748879
2,raw,ens10,ens,v4,g,member,sample,41.81818181818182
2,raw,ens10,ens,v4,g,member,person,36.93693693693694
2,raw,ens10,ens,v4,g,member,cluster,38.73873873873874
2,raw,ens10,ens,v4,g,prod,sample,31.98198198198198
2,raw,ens10,ens,v4,g,prod,person,26.81818181818182
2,raw,ens10,ens,v4,g,prod,cluster,28.37837837837838
2,avg,single0,single,urdu,ng,member,sample,35.0
2,avg,single0,single,urdu,ng,member,person,26.666666666666668
2,avg,single0,single,urdu,ng,member,cluster,30.000000000000004
2,avg,single0,single,urdu,ng,prod,sample,26.666666666666668
2,avg,single0,single,urdu,ng,prod,person,17.5
2,avg,single0,single,urdu,ng,prod,cluster,20.833333333333336
2,avg,single0,single,urdu,g,member,sample,44.166666666666664
2,avg,single0,single,urdu,g,member,person,34.166666666666664
2,avg,single0,single,urdu,g,member,cluster,38.333333333333336
2,avg,single0,single,urdu,g,prod,sample,40.0
2,avg,single0,single,urdu,g,prod,person,26.66666666666667
2,avg,single0,single,urdu,g,prod,cluster,33.33333333333333
2,avg,single0,single,hindi,ng,member,sample,38.26086956521739
2,avg,single0,single,hindi,ng,member,person,31.30434782608696
2,avg,single0,single,hindi,ng,member,cluster,31.57894736842105
2,avg,single0,single,hindi,ng,prod,sample,26.956521739130434
2,avg,single0,single,hindi,ng,prod,person,21.052631578947366
2,avg,single0,single,hindi,ng,prod,cluster,21.73913043478261
2,avg,single0,single,english,ng,member,sample,32.083333333333336
2,avg,single0,single,english,ng,member,person,32.5
2,avg,single0,single,english,ng,member,cluster,30.833333333333336
2,avg,single0,single,english,ng,prod,sample,23.75
2,avg,single0,single,english,ng,prod,person,19.999999999999996
2,avg,single0,single,english,ng,prod,cluster,18.75
2,avg,single0,single,english,g,member,sample,44.583333333333336
2,avg,single0,single,english,g,member,person,43.75
2,avg,single0,single,english,g,member,cluster,46.25
2,avg,single0,single,english,g,prod,sample,36.66666666666667
2,avg,single0,single,english,g,prod,person,27.500000000000004
2,avg,single0,single,english,g,prod,cluster,27.916666666666668
2,avg,single0,single,v4,ng,member,sample,33.6322869955157
2,avg,single0,single,v4,ng,member,person,25.56053811659193
2,avg,single0,single,v4,ng,member,cluster,28.181818181818187
2,avg,single0,single,v4,ng,prod,sample,22.272727272727277
2,avg,single0,single,v4,ng,prod,person,17.937219730941703
2,avg,single0,single,v4,ng,prod,cluster,18.385650224215247
2,avg,single0,single,v4,g,member,sample,41.36363636363637
2,avg,single0,single,v4,g,member,person,35.585585585585584
2,avg,single0,single,v4,g,member,cluster,35.909090909090914
2,avg,single0,single,v4,g,prod,sample,31.98198198198198
2,avg,single0,single,v4,g,prod,person,28.37837837837838
2,avg,single0,single,v4,g,prod,cluster,30.180180180180184
2,avg,single1,single,urdu,ng,member,sample,33.33333333333333
2,avg,single1,single,urdu,ng,member,person,26.66666666666667
2,avg,single1,single,urdu,ng,member,cluster,29.166666666666664
2,avg,single1,single,urdu,ng,prod,sample,26.666666666666668
2,avg,single1,single,urdu,ng,prod,person,17.5
2,avg,single1,single,urdu,ng,prod,cluster,20.833333333333336
2,avg,single1,single,urdu,g,member,sample,43.333333333333336
2,avg,single1,single,urdu,g,member,person,40.0
2,avg,single1,single,urdu,g,member,cluster,40.0
2,avg,single1,single,urdu,g,prod,sample,40.0
2,avg,single1,single,urdu,g,prod,person,30.833333333333336
2,avg,single1,single,urdu,g,prod,cluster,30.833333333333336
2,avg,single1,single,hindi,ng,member,sample,37.391304347826086
2,avg,single1,single,hindi,ng,member,person,29.565217391304348
2,avg,single1,single,hindi,ng,member,cluster,29.565217391304348
2,avg,single1,single,hindi,ng,prod,sample,21.052631578947366
2,avg,single1,single,hindi,ng,prod,person,21.052631578947366
2,avg,single1,single,hindi,ng,prod,cluster,20.869565217391305
2,avg,single1,single,english,ng,member,sample,32.08333333333333
2,avg,single1,single,english,ng,member,person,27.916666666666668
2,avg,single1,single,english,ng,member,cluster,27.083333333333332
2,avg,single1,single,english,ng,prod,sample,23.750000000000004
2,avg,single1,single,english,ng,prod,person,20.0
2,avg,single1,single,english,ng,prod,cluster,21.666666666666668
2,avg,single1,single,english,g,member,sample,46.666666666666664
2,avg,single1,single,english,g,member,person,46.666666666666664
2,avg,single1,single,english,g,member,cluster,45.416666666666664
2,avg,single1,single,english,g,prod,sample,34.583333333333336
2,avg,single1,single,english,g,prod,person,28.333333333333332
2,avg,single1,single,english,g,prod,cluster,27.083333333333332
2,avg,single1,single,v4,ng,member,sample,34.52914798206278
2,avg,single1,single,v4,ng,member,person,22.72727272727273
2,avg,single1,single,v4,ng,member,cluster,22.869955156950674
2,avg,single1,single,v4,ng,prod,sample,22.421524663677133
2,avg,single1,single,v4,ng,prod,person,18.181818181818176
2,avg,single1,single,v4,ng,prod,cluster,20.45454545454546
2,avg,single1,single,v4,g,member,sample,42.34234234234234
2,avg,single1,single,v4,g,member,person,33.33333333333333
2,avg,single1,single,v4,g,member,cluster,34.54545454545455
2,avg,single1,single,v4,g,prod,sample,33.18181818181818
2,avg,single1,single,v4,g,prod,person,26.81818181818182
2,avg,single1,single,v4,g,prod,cluster,27.27272727272727
2,avg,single2,single,urdu,ng,member,sample,31.666666666666664
2,avg,single2,single,urdu,ng,member,person,27.500000000000004
2,avg,single2,single,urdu,ng,member,cluster,28.333333333333332
2,avg,single2,single,urdu,ng,prod,sample,23.333333333333332
2,avg,single2,single,urdu,ng,prod,person,19.999999999999996
2,avg,single2,single,urdu,ng,prod,cluster,22.5
2,avg,single2,single,urdu,g,member,sample,48.33333333333333
2,avg,single2,single,urdu,g,member,person,40.0
2,avg,single2,single,urdu,g,member,cluster,40.833333333333336
2,avg,single2,single,urdu,g,prod,sample,44.99999999999999
2,avg,single2,single,urdu,g,prod,person,27.500000000000004
2,avg,single2,single,urdu,g,prod,cluster,32.5
2,avg,single2,single,hindi,ng,member,sample,38.59649122807017
2,avg,single2,single,hindi,ng,member,person,33.91304347826087
2,avg,single2,single,hindi,ng,member,cluster,33.91304347826087
2,avg,single2,single,hindi,ng,prod,sample,22.807017543859654
2,avg,single2,single,hindi,ng,prod,person,20.869565217391305
2,avg,single2,single,hindi,ng,prod,cluster,20.0
2,avg,single2,single,english,ng,member,sample,32.91666666666667
2,avg,single2,single,english,ng,member,person,32.08333333333333
2,avg,single2,single,english,ng,member,cluster,29.166666666666668
2,avg,single2,single,english,ng,prod,sample,22.916666666666664
2,avg,single2,single,english,ng,prod,person,18.75
2,avg,single2,single,english,ng,prod,cluster,18.75
2,avg,single2,single,english,g,member,sample,48.333333333333336
2,avg,single2,single,english,g,member,person,50.0
2,avg,single2,single,english,g,member,cluster,49.16666666666667
2,avg,single2,single,english,g,prod,sample,37.916666666666664
2,avg,single2,single,english,g,prod,person,28.749999999999996
2,avg,single2,single,english,g,prod,cluster,25.83333333333333
2,avg,single2,single,v4,ng,member,sample,32.73542600896861
2,avg,single2,single,v4,ng,member,person,27.3542600896861
2,avg,single2,single,v4,ng,member,cluster,27.3542600896861
2,avg,single2,single,v4,ng,prod,sample,22.869955156950674
2,avg,single2,single,v4,ng,prod,person,16.591928251121075
2,avg,single2,single,v4,ng,prod,cluster,18.181818181818176
2,avg,single2,single,v4,g,member,sample,41.36363636363637
2,avg,single2,single,v4,g,member,person,34.68468468468468
2,avg,single2,single,v4,g,member,cluster,37.727272727272734
2,avg,single2,single,v4,g,prod,sample,33.18181818181818
2,avg,single2,single,v4,g,prod,person,26.81818181818182
2,avg,single2,single,v4,g,prod,cluster,27.27272727272727
2,avg,single3,single,urdu,ng,member,sample,34.166666666666664
2,avg,single3,single,urdu,ng,member,person,24.166666666666668
2,avg,single3,single,urdu,ng,member,cluster,25.0
2,avg,single3,single,urdu,ng,prod,sample,24.16666666666667
2,avg,single3,single,urdu,ng,prod,person,19.166666666666668
2,avg,single3,single,urdu,ng,prod,cluster,19.166666666666668
2,avg,single3,single,urdu,g,member,sample,39.16666666666667
2,avg,single3,single,urdu,g,member,person,35.833333333333336
2,avg,single3,single,urdu,g,member,cluster,40.0
2,avg,single3,single,urdu,g,prod,sample,41.66666666666667
2,avg,single3,single,urdu,g,prod,person,26.66666666666667
2,avg,single3,single,urdu,g,prod,cluster,30.833333333333336
2,avg,single3,single,hindi,ng,member,sample,34.78260869565217
2,avg,single3,single,hindi,ng,member,person,33.04347826086956
2,avg,single3,single,hindi,ng,member,cluster,29.565217391304348
2,avg,single3,single,hindi,ng,prod,sample,25.217391304347824
2,avg,single3,single,hindi,ng,prod,person,21.052631578947366
2,avg,single3,single,hindi,ng,prod,cluster,20.0
2,avg,single3,single,english,ng,member,sample,32.91666666666667
2,avg,single3,single,english,ng,member,person,30.000000000000004
2,avg,single3,single,english,ng,member,cluster,30.833333333333336
2,avg,single3,single,english,ng,prod,sample,24.583333333333332
2,avg,single3,single,english,ng,prod,person,21.25
2,avg,single3,single,english,ng,prod,cluster,21.666666666666668
2,avg,single3,single,english,g,member,sample,45.41666666666667
2,avg,single3,single,english,g,member,person,42.916666666666664
2,avg,single3,single,english,g,member,cluster,43.333333333333336
2,avg,single3,single,english,g,prod,sample,36.666666666666664
2,avg,single3,single,english,g,prod,person,29.583333333333332
2,avg,single3,single,english,g,prod,cluster,30.0
2,avg,single3,single,v4,ng,member,sample,34.09090909090909
2,avg,single3,single,v4,ng,member,person,25.454545454545453
2,avg,single3,single,v4,ng,member,cluster,25.909090909090903
2,avg,single3,single,v4,ng,prod,sample,23.18181818181818
2,avg,single3,single,v4,ng,prod,person,21.076233183856502
2,avg,single3,single,v4,ng,prod,cluster,20.62780269058296
2,avg,single3,single,v4,g,member,sample,39.63963963963964
2,avg,single3,single,v4,g,member,person,36.486486486486484
2,avg,single3,single,v4,g,member,cluster,36.03603603603604
2,avg,single3,single,v4,g,prod,sample,32.432432432432435
2,avg,single3,single,v4,g,prod,person,26.81818181818182
2,avg,single3,single,v4,g,prod,cluster,27.27272727272727
2,avg,single4,single,urdu,ng,member,sample,31.666666666666664
2,avg,single4,single,urdu,ng,member,person,25.0
2,avg,single4,single,urdu,ng,member,cluster,25.833333333333336
2,avg,single4,single,urdu,ng,prod,sample,25.0
2,avg,single4,single,urdu,ng,prod,person,14.166666666666666
2,avg,single4,single,urdu,ng,prod,cluster,17.5
2,avg,single4,single,urdu,g,member,sample,42.5
2,avg,single4,single,urdu,g,member,person,33.333333333333336
2,avg,single4,single,urdu,g,member,cluster,36.666666666666664
2,avg,single4,single,urdu,g,prod,sample,42.5
2,avg,single4,single,urdu,g,prod,person,26.66666666666667
2,avg,single4,single,urdu,g,prod,cluster,28.333333333333332
2,avg,single4,single,hindi,ng,member,sample,35.08771929824561
2,avg,single4,single,hindi,ng,member,person,33.91304347826087
2,avg,single4,single,hindi,ng,member,cluster,28.947368421052634
2,avg,single4,single,hindi,ng,prod,sample,21.73913043478261
2,avg,single4,single,hindi,ng,prod,person,21.73913043478261
2,avg,single4,single,hindi,ng,prod,cluster,21.73913043478261
2,avg,single4,single,english,ng,member,sample,31.666666666666664
2,avg,single4,single,english,ng,member,person,30.000000000000004
2,avg,single4,single,english,ng,member,cluster,30.0
2,avg,single4,single,english,ng,prod,sample,23.750000000000004
2,avg,single4,single,english,ng,prod,person,17.5
2,avg,single4,single,english,ng,prod,cluster,16.666666666666664
2,avg,single4,single,english,g,member,sample,44.99999999999999
2,avg,single4,single,english,g,member,person,43.333333333333336
2,avg,single4,single,english,g,member,cluster,41.666666666666664
2,avg,single4,single,english,g,prod,sample,36.25000000000001
2,avg,single4,single,english,g,prod,person,30.000000000000004
2,avg,single4,single,english,g,prod,cluster,26.66666666666667
2,avg,single4,single,v4,ng,member,sample,34.52914798206278
2,avg,single4,single,v4,ng,member,person,29.09090909090909
2,avg,single4,single,v4,ng,member,cluster,29.54545454545454
2,avg,single4,single,v4,ng,prod,sample,23.318385650224215
2,avg,single4,single,v4,ng,prod,person,18.181818181818176
2,avg,single4,single,v4,ng,prod,cluster,19.282511210762333
2,avg,single4,single,v4,g,member,sample,43.18181818181818
2,avg,single4,single,v4,g,member,person,37.38738738738739
2,avg,single4,single,v4,g,member,cluster,40.0
2,avg,single4,single,v4,g,prod,sample,33.33333333333333
2,avg,single4,single,v4,g,prod,person,26.81818181818182
2,avg,single4,single,v4,g,prod,cluster,27.47747747747748
2,avg,single5,single,urdu,ng,member,sample,31.666666666666664
2,avg,single5,single,urdu,ng,member,person,28.333333333333332
2,avg,single5,single,urdu,ng,member,cluster,28.333333333333332
2,avg,single5,single,urdu,ng,prod,sample,25.0
2,avg,single5,single,urdu,ng,prod,person,18.333333333333332
2,avg,single5,single,urdu,ng,prod,cluster,20.0
2,avg,single5,single,urdu,g,member,sample,43.333333333333336
2,avg,single5,single,urdu,g,member,person,40.0
2,avg,single5,single,urdu,g,member,cluster,40.833333333333336
2,avg,single5,single,urdu,g,prod,sample,40.833333333333336
2,avg,single5,single,urdu,g,prod,person,26.66666666666667
2,avg,single5,single,urdu,g,prod,cluster,27.500000000000004
2,avg,single5,single,hindi,ng,member,sample,35.08771929824561
2,avg,single5,single,hindi,ng,member,person,28.07017543859649
2,avg,single5,single,hindi,ng,member,cluster,27.82608695652174
2,avg,single5,single,hindi,ng,prod,sample,25.438596491228072
2,avg,single5,single,hindi,ng,prod,person,21.052631578947366
2,avg,single5,single,hindi,ng,prod,cluster,21.92982456140351
2,avg,single5,single,english,ng,member,sample,31.25
2,avg,single5,single,english,ng,member,person,28.333333333333332
2,avg,single5,single,english,ng,member,cluster,27.500000000000004
2,avg,single5,single,english,ng,prod,sample,23.75
2,avg,single5,single,english,ng,prod,person,19.999999999999996
2,avg,single5,single,english,ng,prod,cluster,18.75
2,avg,single5,single,english,g,member,sample,44.583333333333336
2,avg,single5,single,english,g,member,person,43.333333333333336
2,avg,single5,single,english,g,member,cluster,43.75
2,avg,single5,single,english,g,prod,sample,35.83333333333333
2,avg,single5,single,english,g,prod,person,32.91666666666667
2,avg,single5,single,english,g,prod,cluster,27.916666666666668
2,avg,single5,single,v4,ng,member,sample,35.874439461883405
2,avg,single5,single,v4,ng,member,person,27.802690582959645
2,avg,single5,single,v4,ng,member,cluster,28.181818181818187
2,avg,single5,single,v4,ng,prod,sample,24.090909090909097
2,avg,single5,single,v4,ng,prod,person,17.040358744394617
2,avg,single5,single,v4,ng,prod,cluster,18.385650224215247
2,avg,single5,single,v4,g,member,sample,40.99099099099099
2,avg,single5,single,v4,g,member,person,34.68468468468468
2,avg,single5,single,v4,g,member,cluster,37.272727272727266
2,avg,single5,single,v4,g,prod,sample,32.27272727272727
2,avg,single5,single,v4,g,prod,person,30.180180180180184
2,avg,single5,single,v4,g,prod,cluster,31.53153153153153
2,avg,single6,single,urdu,ng,member,sample,31.666666666666664
2,avg,single6,single,urdu,ng,member,person,19.999999999999996
2,avg,single6,single,urdu,ng,member,cluster,22.499999999999996
2,avg,single6,single,urdu,ng,prod,sample,25.0
2,avg,single6,single,urdu,ng,prod,person,16.666666666666664
2,avg,single6,single,urdu,ng,prod,cluster,18.333333333333332
2,avg,single6,single,urdu,g,member,sample,39.166666666666664
2,avg,single6,single,urdu,g,member,person,32.5
2,avg,single6,single,urdu,g,member,cluster,35.0
2,avg,single6,single,urdu,g,prod,sample,42.5
2,avg,single6,single,urdu,g,prod,person,27.500000000000004
2,avg,single6,single,urdu,g,prod,cluster,33.333333333333336
2,avg,single6,single,hindi,ng,member,sample,33.04347826086956
2,avg,single6,single,hindi,ng,member,person,31.30434782608696
2,avg,single6,single,hindi,ng,member,cluster,30.434782608695656
2,avg,single6,single,hindi,ng,prod,sample,22.608695652173914
2,avg,single6,single,hindi,ng,prod,person,22.608695652173914
2,avg,single6,single,hindi,ng,prod,cluster,21.73913043478261
2,avg,single6,single,english,ng,member,sample,30.41666666666667
2,avg,single6,single,english,ng,member,person,29.583333333333332
2,avg,single6,single,english,ng,member,cluster,27.916666666666668
2,avg,single6,single,english,ng,prod,sample,23.75
2,avg,single6,single,english,ng,prod,person,21.250000000000004
2,avg,single6,single,english,ng,prod,cluster,20.833333333333336
2,avg,single6,single,english,g,member,sample,45.41666666666667
2,avg,single6,single,english,g,member,person,40.0
2,avg,single6,single,english,g,member,cluster,41.25
2,avg,single6,single,english,g,prod,sample,35.833333333333336
2,avg,single6,single,english,g,prod,person,30.000000000000004
2,avg,single6,single,english,g,prod,cluster,29.166666666666664
2,avg,single6,single,v4,ng,member,sample,34.08071748878923
2,avg,single6,single,v4,ng,member,person,22.869955156950674
2,avg,single6,single,v4,ng,member,cluster,25.0
2,avg,single6,single,v4,ng,prod,sample,21.973094170403588
2,avg,single6,single,v4,ng,prod,person,18.181818181818176
2,avg,single6,single,v4,ng,prod,cluster,20.179372197309416
2,avg,single6,single,v4,g,member,sample,40.99099099099099
2,avg,single6,single,v4,g,member,person,31.08108108108108
2,avg,single6,single,v4,g,member,cluster,32.432432432432435
2,avg,single6,single,v4,g,prod,sample,33.33333333333333
2,avg,single6,single,v4,g,prod,person,29.72972972972973
2,avg,single6,single,v4,g,prod,cluster,31.98198198198198
2,avg,single7,single,urdu,ng,member,sample,30.833333333333336
2,avg,single7,single,urdu,ng,member,person,24.166666666666668
2,avg,single7,single,urdu,ng,member,cluster,25.0
2,avg,single7,single,urdu,ng,prod,sample,24.16666666666667
2,avg,single7,single,urdu,ng,prod,person,16.666666666666664
2,avg,single7,single,urdu,ng,prod,cluster,19.166666666666668
2,avg,single7,single,urdu,g,member,sample,42.5
2,avg,single7,single,urdu,g,member,person,35.0
2,avg,single7,single,urdu,g,member,cluster,41.666666666666664
2,avg,single7,single,urdu,g,prod,sample,41.666666666666664
2,avg,single7,single,urdu,g,prod,person,26.66666666666667
2,avg,single7,single,urdu,g,prod,cluster,27.500000000000004
2,avg,single7,single,hindi,ng,member,sample,37.391304347826086
2,avg,single7,single,hindi,ng,member,person,33.04347826086956
2,avg,single7,single,hindi,ng,member,cluster,32.17391304347826
2,avg,single7,single,hindi,ng,prod,sample,22.608695652173914
2,avg,single7,single,hindi,ng,prod,person,20.869565217391305
2,avg,single7,single,hindi,ng,prod,cluster,20.0
2,avg,single7,single,english,ng,member,sample,29.166666666666668
2,avg,single7,single,english,ng,member,person,26.25
2,avg,single7,single,english,ng,member,cluster,26.25
2,avg,single7,single,english,ng,prod,sample,23.750000000000004
2,avg,single7,single,english,ng,prod,person,19.999999999999996
2,avg,single7,single,english,ng,prod,cluster,18.75
2,avg,single7,single,english,g,member,sample,46.25
2,avg,single7,single,english,g,member,person,41.66666666666667
2,avg,single7,single,english,g,member,cluster,41.25
2,avg,single7,single,english,g,prod,sample,37.083333333333336
2,avg,single7,single,english,g,prod,person,28.333333333333332
2,avg,single7,single,english,g,prod,cluster,27.500000000000004
2,avg,single7,single,v4,ng,member,sample,34.54545454545455
2,avg,single7,single,v4,ng,member,person,28.699551569506728
2,avg,single7,single,v4,ng,member,cluster,29.596412556053814
2,avg,single7,single,v4,ng,prod,sample,24.090909090909097
2,avg,single7,single,v4,ng,prod,person,16.143497757847534
2,avg,single7,single,v4,ng,prod,cluster,17.937219730941703
2,avg,single7,single,v4,g,member,sample,42.34234234234234
2,avg,single7,single,v4,g,member,person,37.83783783783784
2,avg,single7,single,v4,g,member,cluster,40.090090090090094
2,avg,single7,single,v4,g,prod,sample,32.72727272727273
2,avg,single7,single,v4,g,prod,person,27.727272727272723
2,avg,single7,single,v4,g,prod,cluster,27.927927927927925
2,avg,single8,single,urdu,ng,member,sample,31.666666666666664
2,avg,single8,single,urdu,ng,member,person,26.666666666666668
2,avg,single8,single,urdu,ng,member,cluster,27.500000000000004
2,avg,single8,single,urdu,ng,prod,sample,25.0
2,avg,single8,single,urdu,ng,prod,person,16.666666666666664
2,avg,single8,single,urdu,ng,prod,cluster,19.166666666666668
2,avg,single8,single,urdu,g,member,sample,40.833333333333336
2,avg,single8,single,urdu,g,member,person,33.333333333333336
2,avg,single8,single,urdu,g,member,cluster,35.0
2,avg,single8,single,urdu,g,prod,sample,40.0
2,avg,single8,single,urdu,g,prod,person,26.66666666666667
2,avg,single8,single,urdu,g,prod,cluster,27.500000000000004
2,avg,single8,single,hindi,ng,member,sample,37.71929824561403
2,avg,single8,single,hindi,ng,member,person,34.78260869565217
2,avg,single8,single,hindi,ng,member,cluster,33.04347826086956
2,avg,single8,single,hindi,ng,prod,sample,25.217391304347824
2,avg,single8,single,hindi,ng,prod,person,21.052631578947366
2,avg,single8,single,hindi,ng,prod,cluster,21.052631578947366
2,avg,single8,single,english,ng,member,sample,32.91666666666667
2,avg,single8,single,english,ng,member,person,30.000000000000004
2,avg,single8,single,english,ng,member,cluster,27.500000000000004
2,avg,single8,single,english,ng,prod,sample,22.916666666666664
2,avg,single8,single,english,ng,prod,person,19.999999999999996
2,avg,single8,single,english,ng,prod,cluster,18.333333333333332
2,avg,single8,single,english,g,member,sample,43.333333333333336
2,avg,single8,single,english,g,member,person,46.666666666666664
2,avg,single8,single,english,g,member,cluster,47.91666666666667
2,avg,single8,single,english,g,prod,sample,37.5
2,avg,single8,single,english,g,prod,person,27.500000000000004
2,avg,single8,single,english,g,prod,cluster,28.333333333333332
2,avg,single8,single,v4,ng,member,sample,31.390134529147986
2,avg,single8,single,v4,ng,member,person,25.56053811659193
2,avg,single8,single,v4,ng,member,cluster,26.45739910313901
2,avg,single8,single,v4,ng,prod,sample,21.524663677130047
2,avg,single8,single,v4,ng,prod,person,17.040358744394617
2,avg,single8,single,v4,ng,prod,cluster,17.48878923766816
2,avg,single8,single,v4,g,member,sample,40.45454545454545
2,avg,single8,single,v4,g,member,person,33.78378378378378
2,avg,single8,single,v4,g,member,cluster,36.36363636363637
2,avg,single8,single,v4,g,prod,sample,31.36363636363636
2,avg,single8,single,v4,g,prod,person,27.727272727272723
2,avg,single8,single,v4,g,prod,cluster,28.37837837837838
2,avg,single9,single,urdu,ng,member,sample,31.666666666666664
2,avg,single9,single,urdu,ng,member,person,24.166666666666668
2,avg,single9,single,urdu,ng,member,cluster,26.666666666666668
2,avg,single9,single,urdu,ng,prod,sample,26.666666666666668
2,avg,single9,single,urdu,ng,prod,person,15.0
2,avg,single9,single,urdu,ng,prod,cluster,18.333333333333336
2,avg,single9,single,urdu,g,member,sample,44.166666666666664
2,avg,single9,single,urdu,g,member,person,40.0
2,avg,single9,single,urdu,g,member,cluster,43.333333333333336
2,avg,single9,single,urdu,g,prod,sample,40.0
2,avg,single9,single,urdu,g,prod,person,27.500000000000004
2,avg,single9,single,urdu,g,prod,cluster,31.666666666666664
2,avg,single9,single,hindi,ng,member,sample,37.391304347826086
2,avg,single9,single,hindi,ng,member,person,31.30434782608696
2,avg,single9,single,hindi,ng,member,cluster,30.434782608695656
2,avg,single9,single,hindi,ng,prod,sample,23.684210526315784
2,avg,single9,single,hindi,ng,prod,person,20.0
2,avg,single9,single,hindi,ng,prod,cluster,19.130434782608695
2,avg,single9,single,english,ng,member,sample,32.91666666666667
2,avg,single9,single,english,ng,member,person,32.083333333333336
2,avg,single9,single,english,ng,member,cluster,31.25
2,avg,single9,single,english,ng,prod,sample,23.33333333333333
2,avg,single9,single,english,ng,prod,person,21.25
2,avg,single9,single,english,ng,prod,cluster,20.833333333333336
2,avg,single9,single,english,g,member,sample,43.75
2,avg,single9,single,english,g,member,person,45.0
2,avg,single9,single,english,g,member,cluster,44.583333333333336
2,avg,single9,single,english,g,prod,sample,36.666666666666664
2,avg,single9,single,english,g,prod,person,28.749999999999996
2,avg,single9,single,english,g,prod,cluster,25.83333333333333
2,avg,single9,single,v4,ng,member,sample,35.45454545454545
2,avg,single9,single,v4,ng,member,person,27.3542600896861
2,avg,single9,single,v4,ng,member,cluster,28.636363636363637
2,avg,single9,single,v4,ng,prod,sample,21.973094170403588
2,avg,single9,single,v4,ng,prod,person,18.181818181818176
2,avg,single9,single,v4,ng,prod,cluster,19.730941704035875
2,avg,single9,single,v4,g,member,sample,40.45454545454545
2,avg,single9,single,v4,g,member,person,35.0
2,avg,single9,single,v4,g,member,cluster,35.45454545454545
2,avg,single9,single,v4,g,prod,sample,33.18181818181818
2,avg,single9,single,v4,g,prod,person,27.27272727272727
2,avg,single9,single,v4,g,prod,cluster,27.47747747747748
2,avg,ens5a,ens,urdu,ng,member,sample,34.166666666666664
2,avg,ens5a,ens,urdu,ng,member,person,26.66666666666667
2,avg,ens5a,ens,urdu,ng,member,cluster,29.166666666666668
2,avg,ens5a,ens,urdu,ng,prod,sample,25.0
2,avg,ens5a,ens,urdu,ng,prod,person,19.999999999999996
2,avg,ens5a,ens,urdu,ng,prod,cluster,20.833333333333336
2,avg,ens5a,ens,urdu,g,member,sample,42.50000000000001
2,avg,ens5a,ens,urdu,g,member,person,37.5
2,avg,ens5a,ens,urdu,g,member,cluster,41.66666666666667
2,avg,ens5a,ens,urdu,g,prod,sample,42.5
2,avg,ens5a,ens,urdu,g,prod,person,26.66666666666667
2,avg,ens5a,ens,urdu,g,prod,cluster,30.0
2,avg,ens5a,ens,hindi,ng,member,sample,35.08771929824561
2,avg,ens5a,ens,hindi,ng,member,person,30.434782608695656
2,avg,ens5a,ens,hindi,ng,member,cluster,29.824561403508774
2,avg,ens5a,ens,hindi,ng,prod,sample,23.684210526315784
2,avg,ens5a,ens,hindi,ng,prod,person,20.869565217391305
2,avg,ens5a,ens,hindi,ng,prod,cluster,20.0
2,avg,ens5a,ens,english,ng,member,sample,32.08333333333333
2,avg,ens5a,ens,english,ng,member,person,30.000000000000004
2,avg,ens5a,ens,english,ng,member,cluster,28.749999999999996
2,avg,ens5a,ens,english,ng,prod,sample,23.333333333333332
2,avg,ens5a,ens,english,ng,prod,person,19.999999999999996
2,avg,ens5a,ens,english,ng,prod,cluster,18.75
2,avg,ens5a,ens,english,g,member,sample,46.666666666666664
2,avg,ens5a,ens,english,g,member,person,43.333333333333336
2,avg,ens5a,ens,english,g,member,cluster,45.83333333333333
2,avg,ens5a,ens,english,g,prod,sample,36.666666666666664
2,avg,ens5a,ens,english,g,prod,person,30.0
2,avg,ens5a,ens,english,g,prod,cluster,29.166666666666668
2,avg,ens5a,ens,v4,ng,member,sample,33.6322869955157
2,avg,ens5a,ens,v4,ng,member,person,27.802690582959645
2,avg,ens5a,ens,v4,ng,member,cluster,27.727272727272723
2,avg,ens5a,ens,v4,ng,prod,sample,21.973094170403588
2,avg,ens5a,ens,v4,ng,prod,person,18.385650224215247
2,avg,ens5a,ens,v4,ng,prod,cluster,18.83408071748879
2,avg,ens5a,ens,v4,g,member,sample,41.81818181818182
2,avg,ens5a,ens,v4,g,member,person,35.13513513513514
2,avg,ens5a,ens,v4,g,member,cluster,37.727272727272734
2,avg,ens5a,ens,v4,g,prod,sample,31.98198198198198
2,avg,ens5a,ens,v4,g,prod,person,27.027027027027028
2,avg,ens5a,ens,v4,g,prod,cluster,27.927927927927925
2,avg,ens5b,ens,urdu,ng,member,sample,30.833333333333336
2,avg,ens5b,ens,urdu,ng,member,person,26.666666666666668
2,avg,ens5b,ens,urdu,ng,member,cluster,27.500000000000004
2,avg,ens5b,ens,urdu,ng,prod,sample,25.0
2,avg,ens5b,ens,urdu,ng,prod,person,18.333333333333332
2,avg,ens5b,ens,urdu,ng,prod,cluster,20.833333333333336
2,avg,ens5b,ens,urdu,g,member,sample,42.50000000000001
2,avg,ens5b,ens,urdu,g,member,person,37.5
2,avg,ens5b,ens,urdu,g,member,cluster,40.0
2,avg,ens5b,ens,urdu,g,prod,sample,41.66666666666667
2,avg,ens5b,ens,urdu,g,prod,person,26.66666666666667
2,avg,ens5b,ens,urdu,g,prod,cluster,29.166666666666668
2,avg,ens5b,ens,hindi,ng,member,sample,35.65217391304348
2,avg,ens5b,ens,hindi,ng,member,person,28.07017543859649
2,avg,ens5b,ens,hindi,ng,member,cluster,28.947368421052634
2,avg,ens5b,ens,hindi,ng,prod,sample,25.217391304347824
2,avg,ens5b,ens,hindi,ng,prod,person,21.052631578947366
2,avg,ens5b,ens,hindi,ng,prod,cluster,21.052631578947366
2,avg,ens5b,ens,english,ng,member,sample,30.833333333333336
2,avg,ens5b,ens,english,ng,member,person,29.166666666666668
2,avg,ens5b,ens,english,ng,member,cluster,29.166666666666668
2,avg,ens5b,ens,english,ng,prod,sample,22.916666666666664
2,avg,ens5b,ens,english,ng,prod,person,19.999999999999996
2,avg,ens5b,ens,english,ng,prod,cluster,19.166666666666668
2,avg,ens5b,ens,english,g,member,sample,45.416666666666664
2,avg,ens5b,ens,english,g,member,person,46.666666666666664
2,avg,ens5b,ens,english,g,member,cluster,46.25
2,avg,ens5b,ens,english,g,prod,sample,36.25000000000001
2,avg,ens5b,ens,english,g,prod,person,31.25
2,avg,ens5b,ens,english,g,prod,cluster,28.749999999999996
2,avg,ens5b,ens,v4,ng,member,sample,34.08071748878923
2,avg,ens5b,ens,v4,ng,member,person,26.00896860986547
2,avg,ens5b,ens,v4,ng,member,cluster,28.636363636363637
2,avg,ens5b,ens,v4,ng,prod,sample,22.421524663677133
2,avg,ens5b,ens,v4,ng,prod,person,17.040358744394617
2,avg,ens5b,ens,v4,ng,prod,cluster,18.385650224215247
2,avg,ens5b,ens,v4,g,member,sample,42.27272727272727
2,avg,ens5b,ens,v4,g,member,person,36.81818181818181
2,avg,ens5b,ens,v4,g,member,cluster,38.288288288288285
2,avg,ens5b,ens,v4,g,prod,sample,33.33333333333333
2,avg,ens5b,ens,v4,g,prod,person,28.37837837837838
2,avg,ens5b,ens,v4,g,prod,cluster,28.82882882882883
2,avg,ens10,ens,urdu,ng,member,sample,32.49999999999999
2,avg,ens10,ens,urdu,ng,member,person,26.66666666666667
2,avg,ens10,ens,urdu,ng,member,cluster,29.166666666666664
2,avg,ens10,ens,urdu,ng,prod,sample,25.0
2,avg,ens10,ens,urdu,ng,prod,person,18.333333333333332
2,avg,ens10,ens,urdu,ng,prod,cluster,20.833333333333336
2,avg,ens10,ens,urdu,g,member,sample,43.333333333333336
2,avg,ens10,ens,urdu,g,member,person,38.333333333333336
2,avg,ens10,ens,urdu,g,member,cluster,42.50000000000001
2,avg,ens10,ens,urdu,g,prod,sample,41.666666666666664
2,avg,ens10,ens,urdu,g,prod,person,26.66666666666667
2,avg,ens10,ens,urdu,g,prod,cluster,28.333333333333332
2,avg,ens10,ens,hindi,ng,member,sample,36.52173913043478
2,avg,ens10,ens,hindi,ng,member,person,29.565217391304348
2,avg,ens10,ens,hindi,ng,member,cluster,28.695652173913043
2,avg,ens10,ens,hindi,ng,prod,sample,24.561403508771928
2,avg,ens10,ens,hindi,ng,prod,person,20.869565217391305
2,avg,ens10,ens,hindi,ng,prod,cluster,20.0
2,avg,ens10,ens,english,ng,member,sample,31.25
2,avg,ens10,ens,english,ng,member,person,29.58333333333333
2,avg,ens10,ens,english,ng,member,cluster,28.749999999999996
2,avg,ens10,ens,english,ng,prod,sample,22.916666666666664
2,avg,ens10,ens,english,ng,prod,person,19.999999999999996
2,avg,ens10,ens,english,ng,prod,cluster,19.58333333333333
2,avg,ens10,ens,english,g,member,sample,45.833333333333336
2,avg,ens10,ens,english,g,member,person,44.58333333333333
2,avg,ens10,ens,english,g,member,cluster,47.91666666666667
2,avg,ens10,ens,english,g,prod,sample,36.66666666666667
2,avg,ens10,ens,english,g,prod,person,30.0
2,avg,ens10,ens,english,g,prod,cluster,29.166666666666664
2,avg,ens10,ens,v4,ng,member,sample,33.18385650224215
2,avg,ens10,ens,v4,ng,member,person,27.3542600896861
2,avg,ens10,ens,v4,ng,member,cluster,27.802690582959645
2,avg,ens10,ens,v4,ng,prod,sample,22.421524663677133
2,avg,ens10,ens,v4,ng,prod,person,17.272727272727273
2,avg,ens10,ens,v4,ng,prod,cluster,18.83408071748879
2,avg,ens10,ens,v4,g,member,sample,41.81818181818182
2,avg,ens10,ens,v4,g,member,person,36.93693693693694
2,avg,ens10,ens,v4,g,member,cluster,38.73873873873874
2,avg,ens10,ens,v4,g,prod,sample,31.98198198198198
2,avg,ens10,ens,v4,g,prod,person,27.027027027027028
2,avg,ens10,ens,v4,g,prod,cluster,28.37837837837838
3,raw,single0,single,urdu,ng,member,sample,30.833333333333336
3,raw,single0,single,urdu,ng,member,person,19.166666666666668
3,raw,single0,single,urdu,ng,member,cluster,23.333333333333332
3,raw,single0,single,urdu,ng,prod,sample,24.166666666666668
3,raw,single0,single,urdu,ng,prod,person,21.666666666666668
3,raw,single0,single,urdu,ng,prod,cluster,22.499999999999996
3,raw,single0,single,urdu,g,member,sample,42.5
3,raw,single0,single,urdu,g,member,person,40.0
3,raw,single0,single,urdu,g,member,cluster,41.666666666666664
3,raw,single0,single,urdu,g,prod,sample,42.50000000000001
3,raw,single0,single,urdu,g,prod,person,33.333333333333336
3,raw,single0,single,urdu,g,prod,cluster,38.33333333333333
3,raw,single0,single,hindi,ng,member,sample,31.932773109243694
3,raw,single0,single,hindi,ng,member,person,27.73109243697479
3,raw,single0,single,hindi,ng,member,cluster,29.411764705882348
3,raw,single0,single,hindi,ng,prod,sample,26.89075630252101
3,raw,single0,single,hindi,ng,prod,person,26.05042016806723
3,raw,single0,single,hindi,ng,prod,cluster,26.050420168067223
3,raw,single0,single,english,ng,member,sample,35.0
3,raw,single0,single,english,ng,member,person,27.083333333333336
3,raw,single0,single,english,ng,member,cluster,29.166666666666668
3,raw,single0,single,english,ng,prod,sample,26.25
3,raw,single0,single,english,ng,prod,person,20.833333333333336
3,raw,single0,single,english,ng,prod,cluster,23.333333333333332
3,raw,single0,single,english,g,member,sample,45.83333333333333
3,raw,single0,single,english,g,member,person,40.416666666666664
3,raw,single0,single,english,g,member,cluster,42.083333333333336
3,raw,single0,single,english,g,prod,sample,38.333333333333336
3,raw,single0,single,english,g,prod,person,33.333333333333336
3,raw,single0,single,english,g,prod,cluster,36.25
3,raw,single0,single,v4,ng,member,sample,35.526315789473685
3,raw,single0,single,v4,ng,member,person,28.13852813852814
3,raw,single0,single,v4,ng,member,cluster,28.57142857142857
3,raw,single0,single,v4,ng,prod,sample,22.368421052631582
3,raw,single0,single,v4,ng,prod,person,17.316017316017316
3,raw,single0,single,v4,ng,prod,cluster,18.181818181818183
3,raw,single0,single,v4,g,member,sample,39.473684210526315
3,raw,single0,single,v4,g,member,person,39.473684210526315
3,raw,single0,single,v4,g,member,cluster,40.43478260869565
3,raw,single0,single,v4,g,prod,sample,32.45614035087719
3,raw,single0,single,v4,g,prod,person,25.65217391304348
3,raw,single0,single,v4,g,prod,cluster,25.217391304347824
3,raw,single1,single,urdu,ng,member,sample,28.333333333333332
3,raw,single1,single,urdu,ng,member,person,20.0
3,raw,single1,single,urdu,ng,member,cluster,23.333333333333332
3,raw,single1,single,urdu,ng,prod,sample,24.166666666666668
3,raw,single1,single,urdu,ng,prod,person,21.666666666666668
3,raw,single1,single,urdu,ng,prod,cluster,22.5
3,raw,single1,single,urdu,g,member,sample,40.0
3,raw,single1,single,urdu,g,member,person,40.0
3,raw,single1,single,urdu,g,member,cluster,41.66666666666667
3,raw,single1,single,urdu,g,prod,sample,40.0
3,raw,single1,single,urdu,g,prod,person,39.166666666666664
3,raw,single1,single,urdu,g,prod,cluster,38.33333333333333
3,raw,single1,single,hindi,ng,member,sample,30.252100840336137
3,raw,single1,single,hindi,ng,member,person,27.73109243697479
3,raw,single1,single,hindi,ng,member,cluster,27.73109243697479
3,raw,single1,single,hindi,ng,prod,sample,27.73109243697479
3,raw,single1,single,hindi,ng,prod,person,23.52941176470588
3,raw,single1,single,hindi,ng,prod,cluster,24.369747899159663
3,raw,single1,single,english,ng,member,sample,35.41666666666667
3,raw,single1,single,english,ng,member,person,31.666666666666664
3,raw,single1,single,english,ng,member,cluster,31.25
3,raw,single1,single,english,ng,prod,sample,27.500000000000004
3,raw,single1,single,english,ng,prod,person,20.0
3,raw,single1,single,english,ng,prod,cluster,22.083333333333332
3,raw,single1,single,english,g,member,sample,47.083333333333336
3,raw,single1,single,english,g,member,person,41.25
3,raw,single1,single,english,g,member,cluster,44.58333333333333
3,raw,single1,single,english,g,prod,sample,40.0
3,raw,single1,single,english,g,prod,person,35.416666666666664
3,raw,single1,single,english,g,prod,cluster,38.333333333333336
3,raw,single1,single,v4,ng,member,sample,35.526315789473685
3,raw,single1,single,v4,ng,member,person,25.97402597402597
3,raw,single1,single,v4,ng,member,cluster,27.705627705627705
3,raw,single1,single,v4,ng,prod,sample,23.809523809523807
3,raw,single1,single,v4,ng,prod,person,16.017316017316016
3,raw,single1,single,v4,ng,prod,cluster,17.982456140350877
3,raw,single1,single,v4,g,member,sample,41.22807017543859
3,raw,single1,single,v4,g,member,person,43.42105263157895
3,raw,single1,single,v4,g,member,cluster,42.54385964912281
3,raw,single1,single,v4,g,prod,sample,32.89473684210527
3,raw,single1,single,v4,g,prod,person,25.877192982456144
3,raw,single1,single,v4,g,prod,cluster,26.315789473684216
3,raw,single2,single,urdu,ng,member,sample,29.166666666666664
3,raw,single2,single,urdu,ng,member,person,19.166666666666668
3,raw,single2,single,urdu,ng,member,cluster,21.666666666666668
3,raw,single2,single,urdu,ng,prod,sample,23.333333333333332
3,raw,single2,single,urdu,ng,prod,person,22.5
3,raw,single2,single,urdu,ng,prod,cluster,24.166666666666668
3,raw,single2,single,urdu,g,member,sample,43.333333333333336
3,raw,single2,single,urdu,g,member,person,44.166666666666664
3,raw,single2,single,urdu,g,member,cluster,41.66666666666667
3,raw,single2,single,urdu,g,prod,sample,45.0
3,raw,single2,single,urdu,g,prod,person,40.0
3,raw,single2,single,urdu,g,prod,cluster,38.33333333333333
3,raw,single2,single,hindi,ng,member,sample,31.092436974789916
3,raw,single2,single,hindi,ng,member,person,29.411764705882355
3,raw,single2,single,hindi,ng,member,cluster,28.57142857142857
3,raw,single2,single,hindi,ng,prod,sample,28.57142857142857
3,raw,single2,single,hindi,ng,prod,person,20.168067226890752
3,raw,single2,single,hindi,ng,prod,cluster,21.00840336134454
3,raw,single2,single,english,ng,member,sample,32.49999999999999
3,raw,single2,single,english,ng,member,person,30.416666666666664
3,raw,single2,single,english,ng,member,cluster,30.833333333333336
3,raw,single2,single,english,ng,prod,sample,27.500000000000004
3,raw,single2,single,english,ng,prod,person,21.25
3,raw,single2,single,english,ng,prod,cluster,23.33333333333333
3,raw,single2,single,english,g,member,sample,47.5
3,raw,single2,single,english,g,member,person,40.0
3,raw,single2,single,english,g,member,cluster,41.25
3,raw,single2,single,english,g,prod,sample,40.833333333333336
3,raw,single2,single,english,g,prod,person,36.66666666666667
3,raw,single2,single,english,g,prod,cluster,38.33333333333333
3,raw,single2,single,v4,ng,member,sample,34.1991341991342
3,raw,single2,single,v4,ng,member,person,30.735930735930733
3,raw,single2,single,v4,ng,member,cluster,32.467532467532465
3,raw,single2,single,v4,ng,prod,sample,22.51082251082251
3,raw,single2,single,v4,ng,prod,person,16.017316017316016
3,raw,single2,single,v4,ng,prod,cluster,17.982456140350877
3,raw,single2,single,v4,g,member,sample,38.26086956521739
3,raw,single2,single,v4,g,member,person,38.69565217391304
3,raw,single2,single,v4,g,member,cluster,40.0
3,raw,single2,single,v4,g,prod,sample,32.89473684210527
3,raw,single2,single,v4,g,prod,person,29.385964912280706
3,raw,single2,single,v4,g,prod,cluster,29.824561403508774
3,raw,single3,single,urdu,ng,member,sample,27.500000000000004
3,raw,single3,single,urdu,ng,member,person,20.833333333333336
3,raw,single3,single,urdu,ng,member,cluster,24.166666666666668
3,raw,single3,single,urdu,ng,prod,sample,22.5
3,raw,single3,single,urdu,ng,prod,person,21.666666666666668
3,raw,single3,single,urdu,ng,prod,cluster,24.166666666666668
3,raw,single3,single,urdu,g,member,sample,41.66666666666667
3,raw,single3,single,urdu,g,member,person,41.666666666666664
3,raw,single3,single,urdu,g,member,cluster,44.166666666666664
3,raw,single3,single,urdu,g,prod,sample,43.333333333333336
3,raw,single3,single,urdu,g,prod,person,40.0
3,raw,single3,single,urdu,g,prod,cluster,38.33333333333333
3,raw,single3,single,hindi,ng,member,sample,30.252100840336137
3,raw,single3,single,hindi,ng,member,person,31.092436974789916
3,raw,single3,single,hindi,ng,member,cluster,30.252100840336134
3,raw,single3,single,hindi,ng,prod,sample,27.73109243697479
3,raw,single3,single,hindi,ng,prod,person,20.168067226890756
3,raw,single3,single,hindi,ng,prod,cluster,24.369747899159663
3,raw,single3,single,english,ng,member,sample,34.166666666666664
3,raw,single3,single,english,ng,member,person,28.749999999999996
3,raw,single3,single,english,ng,member,cluster,29.583333333333332
3,raw,single3,single,english,ng,prod,sample,26.666666666666668
3,raw,single3,single,english,ng,prod,person,20.416666666666668
3,raw,single3,single,english,ng,prod,cluster,23.33333333333333
3,raw,single3,single,english,g,member,sample,46.666666666666664
3,raw,single3,single,english,g,member,person,37.083333333333336
3,raw,single3,single,english,g,member,cluster,40.0
3,raw,single3,single,english,g,prod,sample,37.916666666666664
3,raw,single3,single,english,g,prod,person,32.08333333333333
3,raw,single3,single,english,g,prod,cluster,32.91666666666667
3,raw,single3,single,v4,ng,member,sample,33.77192982456141
3,raw,single3,single,v4,ng,member,person,28.13852813852814
3,raw,single3,single,v4,ng,member,cluster,29.385964912280706
3,raw,single3,single,v4,ng,prod,sample,24.122807017543856
3,raw,single3,single,v4,ng,prod,person,21.21212121212121
3,raw,single3,single,v4,ng,prod,cluster,20.175438596491226
3,raw,single3,single,v4,g,member,sample,39.91228070175439
3,raw,single3,single,v4,g,member,person,42.173913043478265
3,raw,single3,single,v4,g,member,cluster,43.913043478260875
3,raw,single3,single,v4,g,prod,sample,30.869565217391305
3,raw,single3,single,v4,g,prod,person,29.385964912280706
3,raw,single3,single,v4,g,prod,cluster,28.947368421052634
3,raw,single4,single,urdu,ng,member,sample,27.500000000000004
3,raw,single4,single,urdu,ng,member,person,19.999999999999996
3,raw,single4,single,urdu,ng,member,cluster,21.666666666666668
3,raw,single4,single,urdu,ng,prod,sample,25.0
3,raw,single4,single,urdu,ng,prod,person,21.666666666666668
3,raw,single4,single,urdu,ng,prod,cluster,22.499999999999996
3,raw,single4,single,urdu,g,member,sample,40.0
3,raw,single4,single,urdu,g,member,person,40.0
3,raw,single4,single,urdu,g,member,cluster,37.5
3,raw,single4,single,urdu,g,prod,sample,41.666666666666664
3,raw,single4,single,urdu,g,prod,person,39.166666666666664
3,raw,single4,single,urdu,g,prod,cluster,38.33333333333333
3,raw,single4,single,hindi,ng,member,sample,28.57142857142857
3,raw,single4,single,hindi,ng,member,person,27.73109243697479
3,raw,single4,single,hindi,ng,member,cluster,25.210084033613445
3,raw,single4,single,hindi,ng,prod,sample,25.210084033613445
3,raw,single4,single,hindi,ng,prod,person,20.168067226890752
3,raw,single4,single,hindi,ng,prod,cluster,20.168067226890756
3,raw,single4,single,english,ng,member,sample,32.916666666666664
3,raw,single4,single,english,ng,member,person,26.249999999999996
3,raw,single4,single,english,ng,member,cluster,27.916666666666668
3,raw,single4,single,english,ng,prod,sample,25.416666666666664
3,raw,single4,single,english,ng,prod,person,22.083333333333332
3,raw,single4,single,english,ng,prod,cluster,23.750000000000004
3,raw,single4,single,english,g,member,sample,43.75
3,raw,single4,single,english,g,member,person,37.916666666666664
3,raw,single4,single,english,g,member,cluster,37.916666666666664
3,raw,single4,single,english,g,prod,sample,40.0
3,raw,single4,single,english,g,prod,person,36.25000000000001
3,raw,single4,single,english,g,prod,cluster,36.25
3,raw,single4,single,v4,ng,member,sample,34.210526315789465
3,raw,single4,single,v4,ng,member,person,27.27272727272727
3,raw,single4,single,v4,ng,member,cluster,28.947368421052634
3,raw,single4,single,v4,ng,prod,sample,24.242424242424242
3,raw,single4,single,v4,ng,prod,person,17.105263157894733
3,raw,single4,single,v4,ng,prod,cluster,17.316017316017316
3,raw,single4,single,v4,g,member,sample,39.03508771929825
3,raw,single4,single,v4,g,member,person,33.91304347826087
3,raw,single4,single,v4,g,member,cluster,34.78260869565217
3,raw,single4,single,v4,g,prod,sample,30.701754385964907
3,raw,single4,single,v4,g,prod,person,25.877192982456144
3,raw,single4,single,v4,g,prod,cluster,26.754385964912288
3,raw,single5,single,urdu,ng,member,sample,29.166666666666668
3,raw,single5,single,urdu,ng,member,person,21.666666666666668
3,raw,single5,single,urdu,ng,member,cluster,25.0
3,raw,single5,single,urdu,ng,prod,sample,23.333333333333332
3,raw,single5,single,urdu,ng,prod,person,23.333333333333332
3,raw,single5,single,urdu,ng,prod,cluster,23.333333333333332
3,raw,single5,single,urdu,g,member,sample,45.0
3,raw,single5,single,urdu,g,member,person,44.99999999999999
3,raw,single5,single,urdu,g,member,cluster,40.833333333333336
3,raw,single5,single,urdu,g,prod,sample,43.333333333333336
3,raw,single5,single,urdu,g,prod,person,40.0
3,raw,single5,single,urdu,g,prod,cluster,38.33333333333333
3,raw,single5,single,hindi,ng,member,sample,30.252100840336134
3,raw,single5,single,hindi,ng,member,person,30.252100840336134
3,raw,single5,single,hindi,ng,member,cluster,31.932773109243694
3,raw,single5,single,hindi,ng,prod,sample,26.89075630252101
3,raw,single5,single,hindi,ng,prod,person,22.689075630252102
3,raw,single5,single,hindi,ng,prod,cluster,22.689075630252102
3,raw,single5,single,english,ng,member,sample,35.83333333333333
3,raw,single5,single,english,ng,member,person,29.166666666666668
3,raw,single5,single,english,ng,member,cluster,29.583333333333332
3,raw,single5,single,english,ng,prod,sample,27.916666666666668
3,raw,single5,single,english,ng,prod,person,21.25
3,raw,single5,single,english,ng,prod,cluster,23.33333333333333
3,raw,single5,single,english,g,member,sample,46.25
3,raw,single5,single,english,g,member,person,41.66666666666667
3,raw,single5,single,english,g,member,cluster,42.08333333333333
3,raw,single5,single,english,g,prod,sample,40.833333333333336
3,raw,single5,single,english,g,prod,person,33.75
3,raw,single5,single,english,g,prod,cluster,36.25
3,raw,single5,single,v4,ng,member,sample,35.064935064935064
3,raw,single5,single,v4,ng,member,person,27.192982456140346
3,raw,single5,single,v4,ng,member,cluster,27.705627705627705
3,raw,single5,single,v4,ng,prod,sample,22.807017543859654
3,raw,single5,single,v4,ng,prod,person,17.982456140350877
3,raw,single5,single,v4,ng,prod,cluster,17.982456140350877
3,raw,single5,single,v4,g,member,sample,37.391304347826086
3,raw,single5,single,v4,g,member,person,36.95652173913043
3,raw,single5,single,v4,g,member,cluster,37.71929824561403
3,raw,single5,single,v4,g,prod,sample,31.14035087719298
3,raw,single5,single,v4,g,prod,person,27.391304347826086
3,raw,single5,single,v4,g,prod,cluster,27.82608695652174
3,raw,single6,single,urdu,ng,member,sample,31.666666666666664
3,raw,single6,single,urdu,ng,member,person,21.666666666666668
3,raw,single6,single,urdu,ng,member,cluster,21.666666666666668
3,raw,single6,single,urdu,ng,prod,sample,23.333333333333332
3,raw,single6,single,urdu,ng,prod,person,22.5
3,raw,single6,single,urdu,ng,prod,cluster,23.333333333333332
3,raw,single6,single,urdu,g,member,sample,40.0
3,raw,single6,single,urdu,g,member,person,42.5
3,raw,single6,single,urdu,g,member,cluster,39.166666666666664
3,raw,single6,single,urdu,g,prod,sample,41.666666666666664
3,raw,single6,single,urdu,g,prod,person,35.833333333333336
3,raw,single6,single,urdu,g,prod,cluster,38.33333333333333
3,raw,single6,single,hindi,ng,member,sample,31.932773109243694
3,raw,single6,single,hindi,ng,member,person,30.252100840336134
3,raw,single6,single,hindi,ng,member,cluster,29.411764705882355
3,raw,single6,single,hindi,ng,prod,sample,29.411764705882355
3,raw,single6,single,hindi,ng,prod,person,23.52941176470588
3,raw,single6,single,hindi,ng,prod,cluster,24.369747899159663
3,raw,single6,single,english,ng,member,sample,33.333333333333336
3,raw,single6,single,english,ng,member,person,32.5
3,raw,single6,single,english,ng,member,cluster,31.25
3,raw,single6,single,english,ng,prod,sample,27.083333333333332
3,raw,single6,single,english,ng,prod,person,19.999999999999996
3,raw,single6,single,english,ng,prod,cluster,23.33333333333333
3,raw,single6,single,english,g,member,sample,45.41666666666667
3,raw,single6,single,english,g,member,person,40.416666666666664
3,raw,single6,single,english,g,member,cluster,40.833333333333336
3,raw,single6,single,english,g,prod,sample,39.583333333333336
3,raw,single6,single,english,g,prod,person,34.583333333333336
3,raw,single6,single,english,g,prod,cluster,35.833333333333336
3,raw,single6,single,v4,ng,member,sample,35.08771929824561
3,raw,single6,single,v4,ng,member,person,25.877192982456144
3,raw,single6,single,v4,ng,member,cluster,28.947368421052634
3,raw,single6,single,v4,ng,prod,sample,23.376623376623375
3,raw,single6,single,v4,ng,prod,person,18.614718614718615
3,raw,single6,single,v4,ng,prod,cluster,18.181818181818183
3,raw,single6,single,v4,g,member,sample,40.789473684210535
3,raw,single6,single,v4,g,member,person,39.91228070175439
3,raw,single6,single,v4,g,member,cluster,39.03508771929825
3,raw,single6,single,v4,g,prod,sample,32.89473684210527
3,raw,single6,single,v4,g,prod,person,28.695652173913043
3,raw,single6,single,v4,g,prod,cluster,28.50877192982456
3,raw,single7,single,urdu,ng,member,sample,30.833333333333336
3,raw,single7,single,urdu,ng,member,person,19.999999999999996
3,raw,single7,single,urdu,ng,member,cluster,25.0
3,raw,single7,single,urdu,ng,prod,sample,23.33333333333333
3,raw,single7,single,urdu,ng,prod,person,21.666666666666668
3,raw,single7,single,urdu,ng,prod,cluster,23.333333333333332
3,raw,single7,single,urdu,g,member,sample,42.5
3,raw,single7,single,urdu,g,member,person,40.833333333333336
3,raw,single7,single,urdu,g,member,cluster,41.66666666666667
3,raw,single7,single,urdu,g,prod,sample,40.833333333333336
3,raw,single7,single,urdu,g,prod,person,35.833333333333336
3,raw,single7,single,urdu,g,prod,cluster,38.33333333333333
3,raw,single7,single,hindi,ng,member,sample,33.61344537815126
3,raw,single7,single,hindi,ng,member,person,26.890756302521012
3,raw,single7,single,hindi,ng,member,cluster,26.89075630252101
3,raw,single7,single,hindi,ng,prod,sample,28.57142857142857
3,raw,single7,single,hindi,ng,prod,person,22.689075630252102
3,raw,single7,single,hindi,ng,prod,cluster,23.52941176470588
3,raw,single7,single,english,ng,member,sample,33.75
3,raw,single7,single,english,ng,member,person,26.66666666666667
3,raw,single7,single,english,ng,member,cluster,27.916666666666668
3,raw,single7,single,english,ng,prod,sample,26.25
3,raw,single7,single,english,ng,prod,person,19.999999999999996
3,raw,single7,single,english,ng,prod,cluster,21.25
3,raw,single7,single,english,g,member,sample,44.583333333333336
3,raw,single7,single,english,g,member,person,40.0
3,raw,single7,single,english,g,member,cluster,40.0
3,raw,single7,single,english,g,prod,sample,40.416666666666664
3,raw,single7,single,english,g,prod,person,33.33333333333333
3,raw,single7,single,english,g,prod,cluster,35.0
3,raw,single7,single,v4,ng,member,sample,31.601731601731604
3,raw,single7,single,v4,ng,member,person,23.809523809523807
3,raw,single7,single,v4,ng,member,cluster,24.561403508771928
3,raw,single7,single,v4,ng,prod,sample,22.368421052631582
3,raw,single7,single,v4,ng,prod,person,15.584415584415584
3,raw,single7,single,v4,ng,prod,cluster,15.350877192982459
3,raw,single7,single,v4,g,member,sample,38.26086956521739
3,raw,single7,single,v4,g,member,person,36.95652173913043
3,raw,single7,single,v4,g,member,cluster,37.826086956521735
3,raw,single7,single,v4,g,prod,sample,32.89473684210527
3,raw,single7,single,v4,g,prod,person,25.877192982456144
3,raw,single7,single,v4,g,prod,cluster,27.391304347826086
3,raw,single8,single,urdu,ng,member,sample,31.666666666666664
3,raw,single8,single,urdu,ng,member,person,23.333333333333332
3,raw,single8,single,urdu,ng,member,cluster,25.833333333333336
3,raw,single8,single,urdu,ng,prod,sample,22.5
3,raw,single8,single,urdu,ng,prod,person,22.5
3,raw,single8,single,urdu,ng,prod,cluster,24.166666666666668
3,raw,single8,single,urdu,g,member,sample,45.0
3,raw,single8,single,urdu,g,member,person,43.333333333333336
3,raw,single8,single,urdu,g,member,cluster,44.166666666666664
3,raw,single8,single,urdu,g,prod,sample,43.333333333333336
3,raw,single8,single,urdu,g,prod,person,35.0
3,raw,single8,single,urdu,g,prod,cluster,38.33333333333333
3,raw,single8,single,hindi,ng,member,sample,31.932773109243694
3,raw,single8,single,hindi,ng,member,person,29.411764705882355
3,raw,single8,single,hindi,ng,member,cluster,29.411764705882348
3,raw,single8,single,hindi,ng,prod,sample,26.890756302521012
3,raw,single8,single,hindi,ng,prod,person,20.168067226890756
3,raw,single8,single,hindi,ng,prod,cluster,21.84873949579832
3,raw,single8,single,english,ng,member,sample,34.583333333333336
3,raw,single8,single,english,ng,member,person,29.166666666666668
3,raw,single8,single,english,ng,member,cluster,30.41666666666667
3,raw,single8,single,english,ng,prod,sample,27.500000000000004
3,raw,single8,single,english,ng,prod,person,22.5
3,raw,single8,single,english,ng,prod,cluster,23.75
3,raw,single8,single,english,g,member,sample,47.5
3,raw,single8,single,english,g,member,person,36.66666666666667
3,raw,single8,single,english,g,member,cluster,39.166666666666664
3,raw,single8,single,english,g,prod,sample,40.0
3,raw,single8,single,english,g,prod,person,33.333333333333336
3,raw,single8,single,english,g,prod,cluster,37.5
3,raw,single8,single,v4,ng,member,sample,34.64912280701754
3,raw,single8,single,v4,ng,member,person,25.97402597402597
3,raw,single8,single,v4,ng,member,cluster,26.406926406926406
3,raw,single8,single,v4,ng,prod,sample,23.684210526315784
3,raw,single8,single,v4,ng,prod,person,17.982456140350877
3,raw,single8,single,v4,ng,prod,cluster,16.666666666666664
3,raw,single8,single,v4,g,member,sample,39.03508771929825
3,raw,single8,single,v4,g,member,person,38.69565217391304
3,raw,single8,single,v4,g,member,cluster,40.0
3,raw,single8,single,v4,g,prod,sample,30.869565217391305
3,raw,single8,single,v4,g,prod,person,25.65217391304348
3,raw,single8,single,v4,g,prod,cluster,26.08695652173913
3,raw,single9,single,urdu,ng,member,sample,27.500000000000004
3,raw,single9,single,urdu,ng,member,person,20.0
3,raw,single9,single,urdu,ng,member,cluster,23.33333333333333
3,raw,single9,single,urdu,ng,prod,sample,21.666666666666668
3,raw,single9,single,urdu,ng,prod,person,22.5
3,raw,single9,single,urdu,ng,prod,cluster,24.166666666666668
3,raw,single9,single,urdu,g,member,sample,44.166666666666664
3,raw,single9,single,urdu,g,member,person,41.66666666666667
3,raw,single9,single,urdu,g,member,cluster,40.833333333333336
3,raw,single9,single,urdu,g,prod,sample,40.0
3,raw,single9,single,urdu,g,prod,person,40.0
3,raw,single9,single,urdu,g,prod,cluster,38.33333333333333
3,raw,single9,single,hindi,ng,member,sample,31.092436974789916
3,raw,single9,single,hindi,ng,member,person,31.932773109243694
3,raw,single9,single,hindi,ng,member,cluster,30.252100840336134
3,raw,single9,single,hindi,ng,prod,sample,26.890756302521012
3,raw,single9,single,hindi,ng,prod,person,20.168067226890756
3,raw,single9,single,hindi,ng,prod,cluster,21.00840336134454
3,raw,single9,single,english,ng,member,sample,33.75
3,raw,single9,single,english,ng,member,person,29.58333333333333
3,raw,single9,single,english,ng,member,cluster,31.666666666666664
3,raw,single9,single,english,ng,prod,sample,26.25
3,raw,single9,single,english,ng,prod,person,22.083333333333332
3,raw,single9,single,english,ng,prod,cluster,23.75
3,raw,single9,single,english,g,member,sample,45.0
3,raw,single9,single,english,g,member,person,33.75
3,raw,single9,single,english,g,member,cluster,35.83333333333333
3,raw,single9,single,english,g,prod,sample,38.75
3,raw,single9,single,english,g,prod,person,31.25
3,raw,single9,single,english,g,prod,cluster,36.25000000000001
3,raw,single9,single,v4,ng,member,sample,34.63203463203463
3,raw,single9,single,v4,ng,member,person,29.385964912280706
3,raw,single9,single,v4,ng,member,cluster,31.57894736842105
3,raw,single9,single,v4,ng,prod,sample,21.052631578947366
3,raw,single9,single,v4,ng,prod,person,17.316017316017316
3,raw,single9,single,v4,ng,prod,cluster,16.883116883116884
3,raw,single9,single,v4,g,member,sample,40.869565217391305
3,raw,single9,single,v4,g,member,person,43.42105263157895
3,raw,single9,single,v4,g,member,cluster,42.54385964912281
3,raw,single9,single,v4,g,prod,sample,33.333333333333336
3,raw,single9,single,v4,g,prod,person,28.947368421052634
3,raw,single9,single,v4,g,prod,cluster,30.263157894736846
3,raw,ens5a,ens,urdu,ng,member,sample,28.333333333333332
3,raw,ens5a,ens,urdu,ng,member,person,19.999999999999996
3,raw,ens5a,ens,urdu,ng,member,cluster,22.499999999999996
3,raw,ens5a,ens,urdu,ng,prod,sample,24.166666666666668
3,raw,ens5a,ens,urdu,ng,prod,person,22.5
3,raw,ens5a,ens,urdu,ng,prod,cluster,23.333333333333332
3,raw,ens5a,ens,urdu,g,member,sample,41.66666666666667
3,raw,ens5a,ens,urdu,g,member,person,40.833333333333336
3,raw,ens5a,ens,urdu,g,member,cluster,40.833333333333336
3,raw,ens5a,ens,urdu,g,prod,sample,44.166666666666664
3,raw,ens5a,ens,urdu,g,prod,person,38.333333333333336
3,raw,ens5a,ens,urdu,g,prod,cluster,38.33333333333333
3,raw,ens5a,ens,hindi,ng,member,sample,29.411764705882355
3,raw,ens5a,ens,hindi,ng,member,person,29.411764705882355
3,raw,ens5a,ens,hindi,ng,member,cluster,28.57142857142857
3,raw,ens5a,ens,hindi,ng,prod,sample,25.210084033613445
3,raw,ens5a,ens,hindi,ng,prod,person,21.84873949579832
3,raw,ens5a,ens,hindi,ng,prod,cluster,21.00840336134454
3,raw,ens5a,ens,english,ng,member,sample,33.75
3,raw,ens5a,ens,english,ng,member,person,30.000000000000004
3,raw,ens5a,ens,english,ng,member,cluster,31.666666666666664
3,raw,ens5a,ens,english,ng,prod,sample,25.833333333333336
3,raw,ens5a,ens,english,ng,prod,person,20.416666666666668
3,raw,ens5a,ens,english,ng,prod,cluster,23.33333333333333
3,raw,ens5a,ens,english,g,member,sample,44.583333333333336
3,raw,ens5a,ens,english,g,member,person,40.0
3,raw,ens5a,ens,english,g,member,cluster,40.0
3,raw,ens5a,ens,english,g,prod,sample,40.416666666666664
3,raw,ens5a,ens,english,g,prod,person,35.0
3,raw,ens5a,ens,english,g,prod,cluster,35.416666666666664
3,raw,ens5a,ens,v4,ng,member,sample,34.1991341991342
3,raw,ens5a,ens,v4,ng,member,person,28.07017543859649
3,raw,ens5a,ens,v4,ng,member,cluster,28.07017543859649
3,raw,ens5a,ens,v4,ng,prod,sample,22.368421052631582
3,raw,ens5a,ens,v4,ng,prod,person,15.350877192982459
3,raw,ens5a,ens,v4,ng,prod,cluster,16.450216450216452
3,raw,ens5a,ens,v4,g,member,sample,38.26086956521739
3,raw,ens5a,ens,v4,g,member,person,41.30434782608695
3,raw,ens5a,ens,v4,g,member,cluster,41.666666666666664
3,raw,ens5a,ens,v4,g,prod,sample,31.73913043478261
3,raw,ens5a,ens,v4,g,prod,person,25.877192982456144
3,raw,ens5a,ens,v4,g,prod,cluster,26.754385964912288
3,raw,ens5b,ens,urdu,ng,member,sample,27.500000000000004
3,raw,ens5b,ens,urdu,ng,member,person,20.0
3,raw,ens5b,ens,urdu,ng,member,cluster,21.666666666666668
3,raw,ens5b,ens,urdu,ng,prod,sample,23.333333333333332
3,raw,ens5b,ens,urdu,ng,prod,person,22.5
3,raw,ens5b,ens,urdu,ng,prod,cluster,23.333333333333332
3,raw,ens5b,ens,urdu,g,member,sample,42.50000000000001
3,raw,ens5b,ens,urdu,g,member,person,43.333333333333336
3,raw,ens5b,ens,urdu,g,member,cluster,40.0
3,raw,ens5b,ens,urdu,g,prod,sample,40.0
3,raw,ens5b,ens,urdu,g,prod,person,37.5
3,raw,ens5b,ens,urdu,g,prod,cluster,38.33333333333333
3,raw,ens5b,ens,hindi,ng,member,sample,31.092436974789916
3,raw,ens5b,ens,hindi,ng,member,person,29.411764705882355
3,raw,ens5b,ens,hindi,ng,member,cluster,29.411764705882355
3,raw,ens5b,ens,hindi,ng,prod,sample,26.89075630252101
3,raw,ens5b,ens,hindi,ng,prod,person,21.84873949579832
3,raw,ens5b,ens,hindi,ng,prod,cluster,21.84873949579832
3,raw,ens5b,ens,english,ng,member,sample,34.583333333333336
3,raw,ens5b,ens,english,ng,member,person,30.0
3,raw,ens5b,ens,english,ng,member,cluster,30.416666666666664
3,raw,ens5b,ens,english,ng,prod,sample,26.666666666666668
3,raw,ens5b,ens,english,ng,prod,person,20.416666666666668
3,raw,ens5b,ens,english,ng,prod,cluster,23.33333333333333
3,raw,ens5b,ens,english,g,member,sample,45.83333333333333
3,raw,ens5b,ens,english,g,member,person,40.416666666666664
3,raw,ens5b,ens,english,g,member,cluster,39.16666666666667
3,raw,ens5b,ens,english,g,prod,sample,39.58333333333333
3,raw,ens5b,ens,english,g,prod,person,32.5
3,raw,ens5b,ens,english,g,prod,cluster,35.0
3,raw,ens5b,ens,v4,ng,member,sample,33.33333333333333
3,raw,ens5b,ens,v4,ng,member,person,25.108225108225106
3,raw,ens5b,ens,v4,ng,member,cluster,25.108225108225106
3,raw,ens5b,ens,v4,ng,prod,sample,22.07792207792208
3,raw,ens5b,ens,v4,ng,prod,person,17.74891774891775
3,raw,ens5b,ens,v4,ng,prod,cluster,16.228070175438592
3,raw,ens5b,ens,v4,g,member,sample,38.59649122807017
3,raw,ens5b,ens,v4,g,member,person,39.130434782608695
3,raw,ens5b,ens,v4,g,member,cluster,40.0
3,raw,ens5b,ens,v4,g,prod,sample,33.04347826086956
3,raw,ens5b,ens,v4,g,prod,person,26.956521739130434
3,raw,ens5b,ens,v4,g,prod,cluster,27.391304347826086
3,raw,ens10,ens,urdu,ng,member,sample,28.333333333333332
3,raw,ens10,ens,urdu,ng,member,person,19.166666666666668
3,raw,ens10,ens,urdu,ng,member,cluster,23.333333333333332
3,raw,ens10,ens,urdu,ng,prod,sample,24.166666666666668
3,raw,ens10,ens,urdu,ng,prod,person,22.5
3,raw,ens10,ens,urdu,ng,prod,cluster,23.333333333333332
3,raw,ens10,ens,urdu,g,member,sample,42.50000000000001
3,raw,ens10,ens,urdu,g,member,person,43.333333333333336
3,raw,ens10,ens,urdu,g,member,cluster,39.16666666666667
3,raw,ens10,ens,urdu,g,prod,sample,41.666666666666664
3,raw,ens10,ens,urdu,g,prod,person,39.166666666666664
3,raw,ens10,ens,urdu,g,prod,cluster,38.33333333333333
3,raw,ens10,ens,hindi,ng,member,sample,30.252100840336134
3,raw,ens10,ens,hindi,ng,member,person,29.411764705882355
3,raw,ens10,ens,hindi,ng,member,cluster,28.57142857142857
3,raw,ens10,ens,hindi,ng,prod,sample,26.89075630252101
3,raw,ens10,ens,hindi,ng,prod,person,21.84873949579832
3,raw,ens10,ens,hindi,ng,prod,cluster,21.84873949579832
3,raw,ens10,ens,english,ng,member,sample,33.333333333333336
3,raw,ens10,ens,english,ng,member,person,29.166666666666668
3,raw,ens10,ens,english,ng,member,cluster,31.25
3,raw,ens10,ens,english,ng,prod,sample,26.249999999999996
3,raw,ens10,ens,english,ng,prod,person,20.416666666666668
3,raw,ens10,ens,english,ng,prod,cluster,23.33333333333333
3,raw,ens10,ens,english,g,member,sample,44.58333333333333
3,raw,ens10,ens,english,g,member,person,39.583333333333336
3,raw,ens10,ens,english,g,member,cluster,40.416666666666664
3,raw,ens10,ens,english,g,prod,sample,39.58333333333333
3,raw,ens10,ens,english,g,prod,person,34.166666666666664
3,raw,ens10,ens,english,g,prod,cluster,35.416666666666664
3,raw,ens10,ens,v4,ng,member,sample,34.63203463203463
3,raw,ens10,ens,v4,ng,member,person,25.877192982456144
3,raw,ens10,ens,v4,ng,member,cluster,27.27272727272727
3,raw,ens10,ens,v4,ng,prod,sample,22.51082251082251
3,raw,ens10,ens,v4,ng,prod,person,16.017316017316016
3,raw,ens10,ens,v4,ng,prod,cluster,15.584415584415584
3,raw,ens10,ens,v4,g,member,sample,38.1578947368421
3,raw,ens10,ens,v4,g,member,person,40.0
3,raw,ens10,ens,v4,g,member,cluster,40.869565217391305
3,raw,ens10,ens,v4,g,prod,sample,32.608695652173914
3,raw,ens10,ens,v4,g,prod,person,25.877192982456144
3,raw,ens10,ens,v4,g,prod,cluster,27.192982456140346
3,avg,single0,single,urdu,ng,member,sample,30.833333333333336
3,avg,single0,single,urdu,ng,member,person,19.999999999999996
3,avg,single0,single,urdu,ng,member,cluster,22.5
3,avg,single0,single,urdu,ng,prod,sample,24.166666666666668
3,avg,single0,single,urdu,ng,prod,person,21.666666666666668
3,avg,single0,single,urdu,ng,prod,cluster,22.499999999999996
3,avg,single0,single,urdu,g,member,sample,42.5
3,avg,single0,single,urdu,g,member,person,41.66666666666667
3,avg,single0,single,urdu,g,member,cluster,40.833333333333336
3,avg,single0,single,urdu,g,prod,sample,42.50000000000001
3,avg,single0,single,urdu,g,prod,person,33.333333333333336
3,avg,single0,single,urdu,g,prod,cluster,38.33333333333333
3,avg,single0,single,hindi,ng,member,sample,31.932773109243694
3,avg,single0,single,hindi,ng,member,person,30.252100840336134
3,avg,single0,single,hindi,ng,member,cluster,29.411764705882355
3,avg,single0,single,hindi,ng,prod,sample,26.89075630252101
3,avg,single0,single,hindi,ng,prod,person,26.890756302521012
3,avg,single0,single,hindi,ng,prod,cluster,26.89075630252101
3,avg,single0,single,english,ng,member,sample,34.583333333333336
3,avg,single0,single,english,ng,member,person,27.500000000000004
3,avg,single0,single,english,ng,member,cluster,29.166666666666668
3,avg,single0,single,english,ng,prod,sample,26.249999999999996
3,avg,single0,single,english,ng,prod,person,20.41666666666667
3,avg,single0,single,english,ng,prod,cluster,23.33333333333333
3,avg,single0,single,english,g,member,sample,45.41666666666667
3,avg,single0,single,english,g,member,person,40.833333333333336
3,avg,single0,single,english,g,member,cluster,42.083333333333336
3,avg,single0,single,english,g,prod,sample,38.33333333333333
3,avg,single0,single,english,g,prod,person,33.75
3,avg,single0,single,english,g,prod,cluster,36.25
3,avg,single0,single,v4,ng,member,sample,35.93073593073593
3,avg,single0,single,v4,ng,member,person,26.83982683982684
3,avg,single0,single,v4,ng,member,cluster,28.947368421052634
3,avg,single0,single,v4,ng,prod,sample,22.368421052631582
3,avg,single0,single,v4,ng,prod,person,17.316017316017316
3,avg,single0,single,v4,ng,prod,cluster,17.982456140350877
3,avg,single0,single,v4,g,member,sample,39.565217391304344
3,avg,single0,single,v4,g,member,person,39.91228070175439
3,avg,single0,single,v4,g,member,cluster,40.35087719298246
3,avg,single0,single,v4,g,prod,sample,32.45614035087719
3,avg,single0,single,v4,g,prod,person,26.08695652173913
3,avg,single0,single,v4,g,prod,cluster,25.217391304347824
3,avg,single1,single,urdu,ng,member,sample,29.166666666666668
3,avg,single1,single,urdu,ng,member,person,20.833333333333336
3,avg,single1,single,urdu,ng,member,cluster,25.0
3,avg,single1,single,urdu,ng,prod,sample,24.16666666666667
3,avg,single1,single,urdu,ng,prod,person,21.666666666666668
3,avg,single1,single,urdu,ng,prod,cluster,22.5
3,avg,single1,single,urdu,g,member,sample,40.0
3,avg,single1,single,urdu,g,member,person,40.0
3,avg,single1,single,urdu,g,member,cluster,39.166666666666664
3,avg,single1,single,urdu,g,prod,sample,40.0
3,avg,single1,single,urdu,g,prod,person,38.333333333333336
3,avg,single1,single,urdu,g,prod,cluster,38.33333333333333
3,avg,single1,single,hindi,ng,member,sample,30.252100840336137
3,avg,single1,single,hindi,ng,member,person,29.411764705882355
3,avg,single1,single,hindi,ng,member,cluster,26.89075630252101
3,avg,single1,single,hindi,ng,prod,sample,27.73109243697479
3,avg,single1,single,hindi,ng,prod,person,23.52941176470588
3,avg,single1,single,hindi,ng,prod,cluster,24.369747899159663
3,avg,single1,single,english,ng,member,sample,35.0
3,avg,single1,single,english,ng,member,person,32.916666666666664
3,avg,single1,single,english,ng,member,cluster,31.666666666666664
3,avg,single1,single,english,ng,prod,sample,27.500000000000004
3,avg,single1,single,english,ng,prod,person,20.41666666666667
3,avg,single1,single,english,ng,prod,cluster,21.666666666666668
3,avg,single1,single,english,g,member,sample,48.333333333333336
3,avg,single1,single,english,g,member,person,42.08333333333333
3,avg,single1,single,english,g,member,cluster,44.583333333333336
3,avg,single1,single,english,g,prod,sample,40.0
3,avg,single1,single,english,g,prod,person,35.833333333333336
3,avg,single1,single,english,g,prod,cluster,37.916666666666664
3,avg,single1,single,v4,ng,member,sample,35.4978354978355
3,avg,single1,single,v4,ng,member,person,26.754385964912288
3,avg,single1,single,v4,ng,member,cluster,28.13852813852814
3,avg,single1,single,v4,ng,prod,sample,23.684210526315784
3,avg,single1,single,v4,ng,prod,person,16.017316017316016
3,avg,single1,single,v4,ng,prod,cluster,17.316017316017316
3,avg,single1,single,v4,g,member,sample,41.22807017543859
3,avg,single1,single,v4,g,member,person,43.42105263157895
3,avg,single1,single,v4,g,member,cluster,42.54385964912281
3,avg,single1,single,v4,g,prod,sample,32.89473684210527
3,avg,single1,single,v4,g,prod,person,25.877192982456144
3,avg,single1,single,v4,g,prod,cluster,26.315789473684216
3,avg,single2,single,urdu,ng,member,sample,28.333333333333332
3,avg,single2,single,urdu,ng,member,person,19.999999999999996
3,avg,single2,single,urdu,ng,member,cluster,21.666666666666668
3,avg,single2,single,urdu,ng,prod,sample,25.0
3,avg,single2,single,urdu,ng,prod,person,22.5
3,avg,single2,single,urdu,ng,prod,cluster,24.166666666666668
3,avg,single2,single,urdu,g,member,sample,42.50000000000001
3,avg,single2,single,urdu,g,member,person,44.166666666666664
3,avg,single2,single,urdu,g,member,cluster,42.50000000000001
3,avg,single2,single,urdu,g,prod,sample,45.0
3,avg,single2,single,urdu,g,prod,person,40.0
3,avg,single2,single,urdu,g,prod,cluster,38.33333333333333
3,avg,single2,single,hindi,ng,member,sample,32.773109243697476
3,avg,single2,single,hindi,ng,member,person,30.252100840336134
3,avg,single2,single,hindi,ng,member,cluster,29.411764705882355
3,avg,single2,single,hindi,ng,prod,sample,28.57142857142857
3,avg,single2,single,hindi,ng,prod,person,20.168067226890756
3,avg,single2,single,hindi,ng,prod,cluster,21.84873949579832
3,avg,single2,single,english,ng,member,sample,32.49999999999999
3,avg,single2,single,english,ng,member,person,30.416666666666664
3,avg,single2,single,english,ng,member,cluster,30.833333333333336
3,avg,single2,single,english,ng,prod,sample,27.916666666666668
3,avg,single2,single,english,ng,prod,person,20.833333333333336
3,avg,single2,single,english,ng,prod,cluster,22.916666666666664
3,avg,single2,single,english,g,member,sample,46.666666666666664
3,avg,single2,single,english,g,member,person,42.5
3,avg,single2,single,english,g,member,cluster,41.25
3,avg,single2,single,english,g,prod,sample,40.833333333333336
3,avg,single2,single,english,g,prod,person,36.66666666666667
3,avg,single2,single,english,g,prod,cluster,37.916666666666664
3,avg,single2,single,v4,ng,member,sample,34.63203463203463
3,avg,single2,single,v4,ng,member,person,30.303030303030305
3,avg,single2,single,v4,ng,member,cluster,31.601731601731604
3,avg,single2,single,v4,ng,prod,sample,22.07792207792208
3,avg,single2,single,v4,ng,prod,person,15.350877192982459
3,avg,single2,single,v4,ng,prod,cluster,17.982456140350877
3,avg,single2,single,v4,g,member,sample,38.69565217391304
3,avg,single2,single,v4,g,member,person,39.130434782608695
3,avg,single2,single,v4,g,member,cluster,39.565217391304344
3,avg,single2,single,v4,g,prod,sample,32.89473684210527
3,avg,single2,single,v4,g,prod,person,29.385964912280706
3,avg,single2,single,v4,g,prod,cluster,29.824561403508774
3,avg,single3,single,urdu,ng,member,sample,27.500000000000004
3,avg,single3,single,urdu,ng,member,person,20.833333333333336
3,avg,single3,single,urdu,ng,member,cluster,24.16666666666667
3,avg,single3,single,urdu,ng,prod,sample,22.499999999999996
3,avg,single3,single,urdu,ng,prod,person,21.666666666666668
3,avg,single3,single,urdu,ng,prod,cluster,23.333333333333332
3,avg,single3,single,urdu,g,member,sample,43.333333333333336
3,avg,single3,single,urdu,g,member,person,40.833333333333336
3,avg,single3,single,urdu,g,member,cluster,43.333333333333336
3,avg,single3,single,urdu,g,prod,sample,43.333333333333336
3,avg,single3,single,urdu,g,prod,person,40.0
3,avg,single3,single,urdu,g,prod,cluster,38.33333333333333
3,avg,single3,single,hindi,ng,member,sample,30.252100840336137
3,avg,single3,single,hindi,ng,member,person,31.092436974789916
3,avg,single3,single,hindi,ng,member,cluster,30.252100840336134
3,avg,single3,single,hindi,ng,prod,sample,27.73109243697479
3,avg,single3,single,hindi,ng,prod,person,20.168067226890756
3,avg,single3,single,hindi,ng,prod,cluster,21.84873949579832
3,avg,single3,single,english,ng,member,sample,34.166666666666664
3,avg,single3,single,english,ng,member,person,27.916666666666668
3,avg,single3,single,english,ng,member,cluster,30.0
3,avg,single3,single,english,ng,prod,sample,26.666666666666668
3,avg,single3,single,english,ng,prod,person,20.416666666666668
3,avg,single3,single,english,ng,prod,cluster,23.33333333333333
3,avg,single3,single,english,g,member,sample,46.25
3,avg,single3,single,english,g,member,person,38.75
3,avg,single3,single,english,g,member,cluster,40.416666666666664
3,avg,single3,single,english,g,prod,sample,38.33333333333333
3,avg,single3,single,english,g,prod,person,31.666666666666664
3,avg,single3,single,english,g,prod,cluster,33.333333333333336
3,avg,single3,single,v4,ng,member,sample,33.77192982456141
3,avg,single3,single,v4,ng,member,person,28.50877192982456
3,avg,single3,single,v4,ng,member,cluster,29.004329004329005
3,avg,single3,single,v4,ng,prod,sample,24.122807017543856
3,avg,single3,single,v4,ng,prod,person,21.21212121212121
3,avg,single3,single,v4,ng,prod,cluster,20.175438596491226
3,avg,single3,single,v4,g,member,sample,40.789473684210535
3,avg,single3,single,v4,g,member,person,43.04347826086957
3,avg,single3,single,v4,g,member,cluster,43.913043478260875
3,avg,single3,single,v4,g,prod,sample,30.869565217391305
3,avg,single3,single,v4,g,prod,person,29.385964912280706
3,avg,single3,single,v4,g,prod,cluster,28.50877192982456
3,avg,single4,single,urdu,ng,member,sample,27.500000000000004
3,avg,single4,single,urdu,ng,member,person,19.999999999999996
3,avg,single4,single,urdu,ng,member,cluster,21.666666666666668
3,avg,single4,single,urdu,ng,prod,sample,25.0
3,avg,single4,single,urdu,ng,prod,person,21.666666666666668
3,avg,single4,single,urdu,ng,prod,cluster,22.499999999999996
3,avg,single4,single,urdu,g,member,sample,40.0
3,avg,single4,single,urdu,g,member,person,40.0
3,avg,single4,single,urdu,g,member,cluster,38.333333333333336
3,avg,single4,single,urdu,g,prod,sample,42.5
3,avg,single4,single,urdu,g,prod,person,40.0
3,avg,single4,single,urdu,g,prod,cluster,38.33333333333333
3,avg,single4,single,hindi,ng,member,sample,28.57142857142857
3,avg,single4,single,hindi,ng,member,person,27.73109243697479
3,avg,single4,single,hindi,ng,member,cluster,26.89075630252101
3,avg,single4,single,hindi,ng,prod,sample,26.050420168067223
3,avg,single4,single,hindi,ng,prod,person,21.008403361344538
3,avg,single4,single,hindi,ng,prod,cluster,20.168067226890756
3,avg,single4,single,english,ng,member,sample,33.33333333333333
3,avg,single4,single,english,ng,member,person,27.083333333333332
3,avg,single4,single,english,ng,member,cluster,27.916666666666668
3,avg,single4,single,english,ng,prod,sample,25.416666666666664
3,avg,single4,single,english,ng,prod,person,22.083333333333332
3,avg,single4,single,english,ng,prod,cluster,23.75
3,avg,single4,single,english,g,member,sample,43.333333333333336
3,avg,single4,single,english,g,member,person,39.16666666666667
3,avg,single4,single,english,g,member,cluster,37.916666666666664
3,avg,single4,single,english,g,prod,sample,40.416666666666664
3,avg,single4,single,english,g,prod,person,36.666666666666664
3,avg,single4,single,english,g,prod,cluster,36.25
3,avg,single4,single,v4,ng,member,sample,35.064935064935064
3,avg,single4,single,v4,ng,member,person,26.83982683982684
3,avg,single4,single,v4,ng,member,cluster,28.947368421052634
3,avg,single4,single,v4,ng,prod,sample,24.242424242424242
3,avg,single4,single,v4,ng,prod,person,17.543859649122805
3,avg,single4,single,v4,ng,prod,cluster,17.316017316017316
3,avg,single4,single,v4,g,member,sample,38.1578947368421
3,avg,single4,single,v4,g,member,person,35.21739130434783
3,avg,single4,single,v4,g,member,cluster,35.526315789473685
3,avg,single4,single,v4,g,prod,sample,30.701754385964907
3,avg,single4,single,v4,g,prod,person,25.217391304347824
3,avg,single4,single,v4,g,prod,cluster,26.08695652173913
3,avg,single5,single,urdu,ng,member,sample,30.0
3,avg,single5,single,urdu,ng,member,person,21.666666666666668
3,avg,single5,single,urdu,ng,member,cluster,25.0
3,avg,single5,single,urdu,ng,prod,sample,23.333333333333332
3,avg,single5,single,urdu,ng,prod,person,23.333333333333332
3,avg,single5,single,urdu,ng,prod,cluster,24.166666666666668
3,avg,single5,single,urdu,g,member,sample,44.99999999999999
3,avg,single5,single,urdu,g,member,person,43.333333333333336
3,avg,single5,single,urdu,g,member,cluster,40.833333333333336
3,avg,single5,single,urdu,g,prod,sample,43.333333333333336
3,avg,single5,single,urdu,g,prod,person,40.0
3,avg,single5,single,urdu,g,prod,cluster,38.33333333333333
3,avg,single5,single,hindi,ng,member,sample,30.252100840336134
3,avg,single5,single,hindi,ng,member,person,31.092436974789916
3,avg,single5,single,hindi,ng,member,cluster,32.773109243697476
3,avg,single5,single,hindi,ng,prod,sample,26.89075630252101
3,avg,single5,single,hindi,ng,prod,person,22.689075630252102
3,avg,single5,single,hindi,ng,prod,cluster,22.689075630252102
3,avg,single5,single,english,ng,member,sample,35.416666666666664
3,avg,single5,single,english,ng,member,person,29.166666666666668
3,avg,single5,single,english,ng,member,cluster,29.583333333333332
3,avg,single5,single,english,ng,prod,sample,28.333333333333332
3,avg,single5,single,english,ng,prod,person,22.083333333333332
3,avg,single5,single,english,ng,prod,cluster,23.75
3,avg,single5,single,english,g,member,sample,47.083333333333336
3,avg,single5,single,english,g,member,person,41.66666666666667
3,avg,single5,single,english,g,member,cluster,42.083333333333336
3,avg,single5,single,english,g,prod,sample,40.833333333333336
3,avg,single5,single,english,g,prod,person,33.333333333333336
3,avg,single5,single,english,g,prod,cluster,35.833333333333336
3,avg,single5,single,v4,ng,member,sample,35.4978354978355
3,avg,single5,single,v4,ng,member,person,26.754385964912288
3,avg,single5,single,v4,ng,member,cluster,28.50877192982456
3,avg,single5,single,v4,ng,prod,sample,23.376623376623375
3,avg,single5,single,v4,ng,prod,person,17.316017316017316
3,avg,single5,single,v4,ng,prod,cluster,17.316017316017316
3,avg,single5,single,v4,g,member,sample,36.95652173913043
3,avg,single5,single,v4,g,member,person,36.52173913043478
3,avg,single5,single,v4,g,member,cluster,37.391304347826086
3,avg,single5,single,v4,g,prod,sample,31.30434782608696
3,avg,single5,single,v4,g,prod,person,26.08695652173913
3,avg,single5,single,v4,g,prod,cluster,26.956521739130434
3,avg,single6,single,urdu,ng,member,sample,31.666666666666664
3,avg,single6,single,urdu,ng,member,person,21.666666666666668
3,avg,single6,single,urdu,ng,member,cluster,22.5
3,avg,single6,single,urdu,ng,prod,sample,23.333333333333332
3,avg,single6,single,urdu,ng,prod,person,22.5
3,avg,single6,single,urdu,ng,prod,cluster,23.333333333333332
3,avg,single6,single,urdu,g,member,sample,40.0
3,avg,single6,single,urdu,g,member,person,42.5
3,avg,single6,single,urdu,g,member,cluster,40.0
3,avg,single6,single,urdu,g,prod,sample,41.666666666666664
3,avg,single6,single,urdu,g,prod,person,36.666666666666664
3,avg,single6,single,urdu,g,prod,cluster,38.33333333333333
3,avg,single6,single,hindi,ng,member,sample,31.932773109243694
3,avg,single6,single,hindi,ng,member,person,29.411764705882355
3,avg,single6,single,hindi,ng,member,cluster,29.411764705882355
3,avg,single6,single,hindi,ng,prod,sample,30.252100840336134
3,avg,single6,single,hindi,ng,prod,person,24.369747899159663
3,avg,single6,single,hindi,ng,prod,cluster,25.210084033613445
3,avg,single6,single,english,ng,member,sample,33.75
3,avg,single6,single,english,ng,member,person,32.5
3,avg,single6,single,english,ng,member,cluster,31.25
3,avg,single6,single,english,ng,prod,sample,27.083333333333332
3,avg,single6,single,english,ng,prod,person,19.999999999999996
3,avg,single6,single,english,ng,prod,cluster,23.33333333333333
3,avg,single6,single,english,g,member,sample,45.416666666666664
3,avg,single6,single,english,g,member,person,40.416666666666664
3,avg,single6,single,english,g,member,cluster,42.083333333333336
3,avg,single6,single,english,g,prod,sample,40.0
3,avg,single6,single,english,g,prod,person,34.583333333333336
3,avg,single6,single,english,g,prod,cluster,35.41666666666667
3,avg,single6,single,v4,ng,member,sample,34.64912280701754
3,avg,single6,single,v4,ng,member,person,25.877192982456144
3,avg,single6,single,v4,ng,member,cluster,28.947368421052634
3,avg,single6,single,v4,ng,prod,sample,23.684210526315784
3,avg,single6,single,v4,ng,prod,person,18.614718614718615
3,avg,single6,single,v4,ng,prod,cluster,18.181818181818183
3,avg,single6,single,v4,g,member,sample,40.43478260869565
3,avg,single6,single,v4,g,member,person,39.91228070175439
3,avg,single6,single,v4,g,member,cluster,39.03508771929825
3,avg,single6,single,v4,g,prod,sample,32.608695652173914
3,avg,single6,single,v4,g,prod,person,29.130434782608695
3,avg,single6,single,v4,g,prod,cluster,28.50877192982456
3,avg,single7,single,urdu,ng,member,sample,30.833333333333336
3,avg,single7,single,urdu,ng,member,person,20.0
3,avg,single7,single,urdu,ng,member,cluster,25.83333333333333
3,avg,single7,single,urdu,ng,prod,sample,23.333333333333332
3,avg,single7,single,urdu,ng,prod,person,21.666666666666668
3,avg,single7,single,urdu,ng,prod,cluster,23.333333333333332
3,avg,single7,single,urdu,g,member,sample,43.333333333333336
3,avg,single7,single,urdu,g,member,person,40.833333333333336
3,avg,single7,single,urdu,g,member,cluster,41.66666666666667
3,avg,single7,single,urdu,g,prod,sample,41.66666666666667
3,avg,single7,single,urdu,g,prod,person,35.833333333333336
3,avg,single7,single,urdu,g,prod,cluster,38.33333333333333
3,avg,single7,single,hindi,ng,member,sample,33.61344537815126
3,avg,single7,single,hindi,ng,member,person,26.890756302521012
3,avg,single7,single,hindi,ng,member,cluster,26.89075630252101
3,avg,single7,single,hindi,ng,prod,sample,28.57142857142857
3,avg,single7,single,hindi,ng,prod,person,23.52941176470588
3,avg,single7,single,hindi,ng,prod,cluster,23.52941176470588
3,avg,single7,single,english,ng,member,sample,33.75
3,avg,single7,single,english,ng,member,person,26.66666666666667
3,avg,single7,single,english,ng,member,cluster,27.916666666666668
3,avg,single7,single,english,ng,prod,sample,26.25
3,avg,single7,single,english,ng,prod,person,19.999999999999996
3,avg,single7,single,english,ng,prod,cluster,20.833333333333336
3,avg,single7,single,english,g,member,sample,43.75
3,avg,single7,single,english,g,member,person,40.0
3,avg,single7,single,english,g,member,cluster,40.0
3,avg,single7,single,english,g,prod,sample,40.416666666666664
3,avg,single7,single,english,g,prod,person,33.333333333333336
3,avg,single7,single,english,g,prod,cluster,35.416666666666664
3,avg,single7,single,v4,ng,member,sample,32.01754385964912
3,avg,single7,single,v4,ng,member,person,23.809523809523807
3,avg,single7,single,v4,ng,member,cluster,24.561403508771928
3,avg,single7,single,v4,ng,prod,sample,22.368421052631582
3,avg,single7,single,v4,ng,prod,person,15.350877192982459
3,avg,single7,single,v4,ng,prod,cluster,15.584415584415584
3,avg,single7,single,v4,g,member,sample,38.59649122807017
3,avg,single7,single,v4,g,member,person,37.391304347826086
3,avg,single7,single,v4,g,member,cluster,37.826086956521735
3,avg,single7,single,v4,g,prod,sample,32.89473684210527
3,avg,single7,single,v4,g,prod,person,26.08695652173913
3,avg,single7,single,v4,g,prod,cluster,27.82608695652174
3,avg,single8,single,urdu,ng,member,sample,31.666666666666664
3,avg,single8,single,urdu,ng,member,person,23.333333333333332
3,avg,single8,single,urdu,ng,member,cluster,25.0
3,avg,single8,single,urdu,ng,prod,sample,23.333333333333332
3,avg,single8,single,urdu,ng,prod,person,22.5
3,avg,single8,single,urdu,ng,prod,cluster,24.166666666666668
3,avg,single8,single,urdu,g,member,sample,45.0
3,avg,single8,single,urdu,g,member,person,43.333333333333336
3,avg,single8,single,urdu,g,member,cluster,44.166666666666664
3,avg,single8,single,urdu,g,prod,sample,43.333333333333336
3,avg,single8,single,urdu,g,prod,person,35.0
3,avg,single8,single,urdu,g,prod,cluster,38.33333333333333
3,avg,single8,single,hindi,ng,member,sample,31.932773109243694
3,avg,single8,single,hindi,ng,member,person,28.57142857142857
3,avg,single8,single,hindi,ng,member,cluster,28.57142857142857
3,avg,single8,single,hindi,ng,prod,sample,26.89075630252101
3,avg,single8,single,hindi,ng,prod,person,20.168067226890752
3,avg,single8,single,hindi,ng,prod,cluster,21.84873949579832
3,avg,single8,single,english,ng,member,sample,34.583333333333336
3,avg,single8,single,english,ng,member,person,29.166666666666668
3,avg,single8,single,english,ng,member,cluster,30.41666666666667
3,avg,single8,single,english,ng,prod,sample,27.500000000000004
3,avg,single8,single,english,ng,prod,person,21.250000000000004
3,avg,single8,single,english,ng,prod,cluster,23.75
3,avg,single8,single,english,g,member,sample,46.666666666666664
3,avg,single8,single,english,g,member,person,36.66666666666667
3,avg,single8,single,english,g,member,cluster,38.33333333333333
3,avg,single8,single,english,g,prod,sample,39.583333333333336
3,avg,single8,single,english,g,prod,person,33.333333333333336
3,avg,single8,single,english,g,prod,cluster,37.083333333333336
3,avg,single8,single,v4,ng,member,sample,34.1991341991342
3,avg,single8,single,v4,ng,member,person,26.83982683982684
3,avg,single8,single,v4,ng,member,cluster,27.27272727272727
3,avg,single8,single,v4,ng,prod,sample,23.809523809523807
3,avg,single8,single,v4,ng,prod,person,17.74891774891775
3,avg,single8,single,v4,ng,prod,cluster,16.883116883116884
3,avg,single8,single,v4,g,member,sample,38.59649122807017
3,avg,single8,single,v4,g,member,person,36.95652173913043
3,avg,single8,single,v4,g,member,cluster,38.69565217391304
3,avg,single8,single,v4,g,prod,sample,31.14035087719298
3,avg,single8,single,v4,g,prod,person,26.08695652173913
3,avg,single8,single,v4,g,prod,cluster,26.08695652173913
3,avg,single9,single,urdu,ng,member,sample,27.500000000000004
3,avg,single9,single,urdu,ng,member,person,20.0
3,avg,single9,single,urdu,ng,member,cluster,23.333333333333332
3,avg,single9,single,urdu,ng,prod,sample,21.666666666666668
3,avg,single9,single,urdu,ng,prod,person,22.5
3,avg,single9,single,urdu,ng,prod,cluster,24.166666666666668
3,avg,single9,single,urdu,g,member,sample,43.333333333333336
3,avg,single9,single,urdu,g,member,person,40.833333333333336
3,avg,single9,single,urdu,g,member,cluster,40.833333333333336
3,avg,single9,single,urdu,g,prod,sample,40.833333333333336
3,avg,single9,single,urdu,g,prod,person,40.0
3,avg,single9,single,urdu,g,prod,cluster,38.33333333333333
3,avg,single9,single,hindi,ng,member,sample,31.092436974789916
3,avg,single9,single,hindi,ng,member,person,31.932773109243694
3,avg,single9,single,hindi,ng,member,cluster,31.932773109243694
3,avg,single9,single,hindi,ng,prod,sample,26.890756302521012
3,avg,single9,single,hindi,ng,prod,person,21.00840336134454
3,avg,single9,single,hindi,ng,prod,cluster,21.00840336134454
3,avg,single9,single,english,ng,member,sample,33.333333333333336
3,avg,single9,single,english,ng,member,person,29.166666666666664
3,avg,single9,single,english,ng,member,cluster,31.25
3,avg,single9,single,english,ng,prod,sample,26.25
3,avg,single9,single,english,ng,prod,person,22.499999999999996
3,avg,single9,single,english,ng,prod,cluster,23.333333333333332
3,avg,single9,single,english,g,member,sample,44.166666666666664
3,avg,single9,single,english,g,member,person,34.166666666666664
3,avg,single9,single,english,g,member,cluster,35.83333333333333
3,avg,single9,single,english,g,prod,sample,38.75
3,avg,single9,single,english,g,prod,person,30.833333333333336
3,avg,single9,single,english,g,prod,cluster,35.0
3,avg,single9,single,v4,ng,member,sample,34.63203463203463
3,avg,single9,single,v4,ng,member,person,29.385964912280706
3,avg,single9,single,v4,ng,member,cluster,31.57894736842105
3,avg,single9,single,v4,ng,prod,sample,21.052631578947366
3,avg,single9,single,v4,ng,prod,person,17.74891774891775
3,avg,single9,single,v4,ng,prod,cluster,17.74891774891775
3,avg,single9,single,v4,g,member,sample,40.789473684210535
3,avg,single9,single,v4,g,member,person,43.42105263157895
3,avg,single9,single,v4,g,member,cluster,42.54385964912281
3,avg,single9,single,v4,g,prod,sample,33.77192982456141
3,avg,single9,single,v4,g,prod,person,29.130434782608695
3,avg,single9,single,v4,g,prod,cluster,30.263157894736846
3,avg,ens5a,ens,urdu,ng,member,sample,28.333333333333332
3,avg,ens5a,ens,urdu,ng,member,person,19.166666666666668
3,avg,ens5a,ens,urdu,ng,member,cluster,21.666666666666668
3,avg,ens5a,ens,urdu,ng,prod,sample,24.166666666666668
3,avg,ens5a,ens,urdu,ng,prod,person,22.5
3,avg,ens5a,ens,urdu,ng,prod,cluster,23.333333333333332
3,avg,ens5a,ens,urdu,g,member,sample,41.66666666666667
3,avg,ens5a,ens,urdu,g,member,person,41.66666666666667
3,avg,ens5a,ens,urdu,g,member,cluster,40.0
3,avg,ens5a,ens,urdu,g,prod,sample,44.166666666666664
3,avg,ens5a,ens,urdu,g,prod,person,38.333333333333336
3,avg,ens5a,ens,urdu,g,prod,cluster,38.33333333333333
3,avg,ens5a,ens,hindi,ng,member,sample,30.252100840336134
3,avg,ens5a,ens,hindi,ng,member,person,29.411764705882355
3,avg,ens5a,ens,hindi,ng,member,cluster,28.57142857142857
3,avg,ens5a,ens,hindi,ng,prod,sample,25.210084033613445
3,avg,ens5a,ens,hindi,ng,prod,person,21.84873949579832
3,avg,ens5a,ens,hindi,ng,prod,cluster,21.00840336134454
3,avg,ens5a,ens,english,ng,member,sample,33.333333333333336
3,avg,ens5a,ens,english,ng,member,person,30.000000000000004
3,avg,ens5a,ens,english,ng,member,cluster,31.666666666666664
3,avg,ens5a,ens,english,ng,prod,sample,25.833333333333336
3,avg,ens5a,ens,english,ng,prod,person,20.833333333333336
3,avg,ens5a,ens,english,ng,prod,cluster,23.33333333333333
3,avg,ens5a,ens,english,g,member,sample,45.0
3,avg,ens5a,ens,english,g,member,person,40.0
3,avg,ens5a,ens,english,g,member,cluster,40.416666666666664
3,avg,ens5a,ens,english,g,prod,sample,40.0
3,avg,ens5a,ens,english,g,prod,person,35.416666666666664
3,avg,ens5a,ens,english,g,prod,cluster,35.416666666666664
3,avg,ens5a,ens,v4,ng,member,sample,34.63203463203463
3,avg,ens5a,ens,v4,ng,member,person,27.27272727272727
3,avg,ens5a,ens,v4,ng,member,cluster,27.705627705627705
3,avg,ens5a,ens,v4,ng,prod,sample,22.368421052631582
3,avg,ens5a,ens,v4,ng,prod,person,15.350877192982459
3,avg,ens5a,ens,v4,ng,prod,cluster,16.017316017316016
3,avg,ens5a,ens,v4,g,member,sample,38.1578947368421
3,avg,ens5a,ens,v4,g,member,person,42.173913043478265
3,avg,ens5a,ens,v4,g,member,cluster,42.54385964912281
3,avg,ens5a,ens,v4,g,prod,sample,32.01754385964912
3,avg,ens5a,ens,v4,g,prod,person,25.877192982456144
3,avg,ens5a,ens,v4,g,prod,cluster,26.754385964912288
3,avg,ens5b,ens,urdu,ng,member,sample,28.333333333333332
3,avg,ens5b,ens,urdu,ng,member,person,20.0
3,avg,ens5b,ens,urdu,ng,member,cluster,22.5
3,avg,ens5b,ens,urdu,ng,prod,sample,23.33333333333333
3,avg,ens5b,ens,urdu,ng,prod,person,22.5
3,avg,ens5b,ens,urdu,ng,prod,cluster,23.333333333333332
3,avg,ens5b,ens,urdu,g,member,sample,43.333333333333336
3,avg,ens5b,ens,urdu,g,member,person,43.333333333333336
3,avg,ens5b,ens,urdu,g,member,cluster,40.0
3,avg,ens5b,ens,urdu,g,prod,sample,40.0
3,avg,ens5b,ens,urdu,g,prod,person,37.5
3,avg,ens5b,ens,urdu,g,prod,cluster,38.33333333333333
3,avg,ens5b,ens,hindi,ng,member,sample,31.092436974789916
3,avg,ens5b,ens,hindi,ng,member,person,30.252100840336134
3,avg,ens5b,ens,hindi,ng,member,cluster,29.411764705882355
3,avg,ens5b,ens,hindi,ng,prod,sample,26.89075630252101
3,avg,ens5b,ens,hindi,ng,prod,person,21.84873949579832
3,avg,ens5b,ens,hindi,ng,prod,cluster,21.84873949579832
3,avg,ens5b,ens,english,ng,member,sample,34.166666666666664
3,avg,ens5b,ens,english,ng,member,person,30.0
3,avg,ens5b,ens,english,ng,member,cluster,30.416666666666664
3,avg,ens5b,ens,english,ng,prod,sample,26.666666666666668
3,avg,ens5b,ens,english,ng,prod,person,20.0
3,avg,ens5b,ens,english,ng,prod,cluster,23.33333333333333
3,avg,ens5b,ens,english,g,member,sample,45.41666666666667
3,avg,ens5b,ens,english,g,member,person,40.833333333333336
3,avg,ens5b,ens,english,g,member,cluster,39.16666666666667
3,avg,ens5b,ens,english,g,prod,sample,39.58333333333333
3,avg,ens5b,ens,english,g,prod,person,32.5
3,avg,ens5b,ens,english,g,prod,cluster,35.0
3,avg,ens5b,ens,v4,ng,member,sample,33.33333333333333
3,avg,ens5b,ens,v4,ng,member,person,25.438596491228072
3,avg,ens5b,ens,v4,ng,member,cluster,25.877192982456144
3,avg,ens5b,ens,v4,ng,prod,sample,22.51082251082251
3,avg,ens5b,ens,v4,ng,prod,person,17.74891774891775
3,avg,ens5b,ens,v4,ng,prod,cluster,16.228070175438592
3,avg,ens5b,ens,v4,g,member,sample,38.1578947368421
3,avg,ens5b,ens,v4,g,member,person,38.59649122807017
3,avg,ens5b,ens,v4,g,member,cluster,39.565217391304344
3,avg,ens5b,ens,v4,g,prod,sample,33.04347826086956
3,avg,ens5b,ens,v4,g,prod,person,27.391304347826086
3,avg,ens5b,ens,v4,g,prod,cluster,27.82608695652174
3,avg,ens10,ens,urdu,ng,member,sample,28.333333333333332
3,avg,ens10,ens,urdu,ng,member,person,19.166666666666668
3,avg,ens10,ens,urdu,ng,member,cluster,22.5
3,avg,ens10,ens,urdu,ng,prod,sample,24.166666666666668
3,avg,ens10,ens,urdu,ng,prod,person,22.5
3,avg,ens10,ens,urdu,ng,prod,cluster,23.333333333333332
3,avg,ens10,ens,urdu,g,member,sample,43.333333333333336
3,avg,ens10,ens,urdu,g,member,person,43.333333333333336
3,avg,ens10,ens,urdu,g,member,cluster,39.166666666666664
3,avg,ens10,ens,urdu,g,prod,sample,41.666666666666664
3,avg,ens10,ens,urdu,g,prod,person,39.166666666666664
3,avg,ens10,ens,urdu,g,prod,cluster,38.33333333333333
3,avg,ens10,ens,hindi,ng,member,sample,30.252100840336134
3,avg,ens10,ens,hindi,ng,member,person,29.411764705882355
3,avg,ens10,ens,hindi,ng,member,cluster,28.57142857142857
3,avg,ens10,ens,hindi,ng,prod,sample,26.89075630252101
3,avg,ens10,ens,hindi,ng,prod,person,21.84873949579832
3,avg,ens10,ens,hindi,ng,prod,cluster,21.84873949579832
3,avg,ens10,ens,english,ng,member,sample,33.75
3,avg,ens10,ens,english,ng,member,person,29.583333333333332
3,avg,ens10,ens,english,ng,member,cluster,30.833333333333336
3,avg,ens10,ens,english,ng,prod,sample,26.666666666666668
3,avg,ens10,ens,english,ng,prod,person,20.416666666666668
3,avg,ens10,ens,english,ng,prod,cluster,23.33333333333333
3,avg,ens10,ens,english,g,member,sample,44.583333333333336
3,avg,ens10,ens,english,g,member,person,40.0
3,avg,ens10,ens,english,g,member,cluster,40.416666666666664
3,avg,ens10,ens,english,g,prod,sample,39.58333333333333
3,avg,ens10,ens,english,g,prod,person,34.166666666666664
3,avg,ens10,ens,english,g,prod,cluster,35.416666666666664
3,avg,ens10,ens,v4,ng,member,sample,34.1991341991342
3,avg,ens10,ens,v4,ng,member,person,25.541125541125542
3,avg,ens10,ens,v4,ng,member,cluster,26.83982683982684
3,avg,ens10,ens,v4,ng,prod,sample,22.368421052631582
3,avg,ens10,ens,v4,ng,prod,person,16.017316017316016
3,avg,ens10,ens,v4,ng,prod,cluster,15.584415584415584
3,avg,ens10,ens,v4,g,member,sample,38.1578947368421
3,avg,ens10,ens,v4,g,member,person,40.43478260869565
3,avg,ens10,ens,v4,g,member,cluster,40.869565217391305
3,avg,ens10,ens,v4,g,prod,sample,32.45614035087719
3,avg,ens10,ens,v4,g,prod,person,26.08695652173913
3,avg,ens10,ens,v4,g,prod,cluster,27.391304347826086
4,raw,single0,single,urdu,ng,member,sample,34.61538461538461
4,raw,single0,single,urdu,ng,member,person,23.076923076923073
4,raw,single0,single,urdu,ng,member,cluster,20.192307692307693
4,raw,single0,single,urdu,ng,prod,sample,23.076923076923077
4,raw,single0,single,urdu,ng,prod,person,17.307692307692307
4,raw,single0,single,urdu,ng,prod,cluster,19.23076923076923
4,raw,single0,single,urdu,g,member,sample,34.61538461538461
4,raw,single0,single,urdu,g,member,person,26.923076923076923
4,raw,single0,single,urdu,g,member,cluster,26.923076923076927
4,raw,single0,single,urdu,g,prod,sample,35.57692307692307
4,raw,single0,single,urdu,g,prod,person,21.153846153846153
4,raw,single0,single,urdu,g,prod,cluster,21.153846153846153
4,raw,single0,single,hindi,ng,member,sample,31.40495867768595
4,raw,single0,single,hindi,ng,member,person,28.57142857142857
4,raw,single0,single,hindi,ng,member,cluster,28.57142857142857
4,raw,single0,single,hindi,ng,prod,sample,25.6198347107438
4,raw,single0,single,hindi,ng,prod,person,23.140495867768596
4,raw,single0,single,hindi,ng,prod,cluster,23.96694214876033
4,raw,single0,single,english,ng,member,sample,32.08333333333333
4,raw,single0,single,english,ng,member,person,27.083333333333332
4,raw,single0,single,english,ng,member,cluster,28.333333333333332
4,raw,single0,single,english,ng,prod,sample,25.416666666666664
4,raw,single0,single,english,ng,prod,person,23.33333333333333
4,raw,single0,single,english,ng,prod,cluster,22.499999999999996
4,raw,single0,single,english,g,member,sample,40.833333333333336
4,raw,single0,single,english,g,member,person,36.66666666666667
4,raw,single0,single,english,g,member,cluster,39.16666666666667
4,raw,single0,single,english,g,prod,sample,35.41666666666667
4,raw,single0,single,english,g,prod,person,33.75
4,raw,single0,single,english,g,prod,cluster,35.0
4,raw,single0,single,v4,ng,member,sample,30.046948356807512
4,raw,single0,single,v4,ng,member,person,20.737327188940093
4,raw,single0,single,v4,ng,member,cluster,23.963133640552993
4,raw,single0,single,v4,ng,prod,sample,23.004694835680752
4,raw,single0,single,v4,ng,prod,person,15.02347417840375
4,raw,single0,single,v4,ng,prod,cluster,17.840375586854464
4,raw,single0,single,v4,g,member,sample,38.96713615023474
4,raw,single0,single,v4,g,member,person,34.10138248847927
4,raw,single0,single,v4,g,member,cluster,34.27230046948356
4,raw,single0,single,v4,g,prod,sample,35.2112676056338
4,raw,single0,single,v4,g,prod,person,27.64976958525346
4,raw,single0,single,v4,g,prod,cluster,29.953917050691242
4,raw,single1,single,urdu,ng,member,sample,34.61538461538461
4,raw,single1,single,urdu,ng,member,person,23.076923076923073
4,raw,single1,single,urdu,ng,member,cluster,25.96153846153846
4,raw,single1,single,urdu,ng,prod,sample,26.923076923076927
4,raw,single1,single,urdu,ng,prod,person,15.384615384615385
4,raw,single1,single,urdu,ng,prod,cluster,19.23076923076923
4,raw,single1,single,urdu,g,member,sample,32.69230769230769
4,raw,single1,single,urdu,g,member,person,24.03846153846154
4,raw,single1,single,urdu,g,member,cluster,25.0
4,raw,single1,single,urdu,g,prod,sample,31.73076923076923
4,raw,single1,single,urdu,g,prod,person,23.076923076923073
4,raw,single1,single,urdu,g,prod,cluster,23.076923076923073
4,raw,single1,single,hindi,ng,member,sample,31.092436974789916
4,raw,single1,single,hindi,ng,member,person,26.890756302521012
4,raw,single1,single,hindi,ng,member,cluster,28.09917355371901
4,raw,single1,single,hindi,ng,prod,sample,24.369747899159666
4,raw,single1,single,hindi,ng,prod,person,23.96694214876033
4,raw,single1,single,hindi,ng,prod,cluster,24.793388429752067
4,raw,single1,single,english,ng,member,sample,32.91666666666667
4,raw,single1,single,english,ng,member,person,28.749999999999996
4,raw,single1,single,english,ng,member,cluster,28.333333333333332
4,raw,single1,single,english,ng,prod,sample,26.666666666666668
4,raw,single1,single,english,ng,prod,person,23.33333333333333
4,raw,single1,single,english,ng,prod,cluster,22.916666666666664
4,raw,single1,single,english,g,member,sample,38.33333333333333
4,raw,single1,single,english,g,member,person,34.583333333333336
4,raw,single1,single,english,g,member,cluster,35.833333333333336
4,raw,single1,single,english,g,prod,sample,35.416666666666664
4,raw,single1,single,english,g,prod,person,34.166666666666664
4,raw,single1,single,english,g,prod,cluster,33.33333333333333
4,raw,single1,single,v4,ng,member,sample,27.64976958525346
4,raw,single1,single,v4,ng,member,person,23.474178403755865
4,raw,single1,single,v4,ng,member,cluster,23.04147465437788
4,raw,single1,single,v4,ng,prod,sample,22.58064516129032
4,raw,single1,single,v4,ng,prod,person,15.02347417840375
4,raw,single1,single,v4,ng,prod,cluster,18.309859154929576
4,raw,single1,single,v4,g,member,sample,38.24884792626728
4,raw,single1,single,v4,g,member,person,38.24884792626728
4,raw,single1,single,v4,g,member,cluster,35.483870967741936
4,raw,single1,single,v4,g,prod,sample,35.483870967741936
4,raw,single1,single,v4,g,prod,person,31.336405529953915
4,raw,single1,single,v4,g,prod,cluster,30.87557603686636
4,raw,single2,single,urdu,ng,member,sample,36.53846153846154
4,raw,single2,single,urdu,ng,member,person,23.076923076923073
4,raw,single2,single,urdu,ng,member,cluster,25.961538461538463
4,raw,single2,single,urdu,ng,prod,sample,27.884615384615387
4,raw,single2,single,urdu,ng,prod,person,16.346153846153847
4,raw,single2,single,urdu,ng,prod,cluster,19.23076923076923
4,raw,single2,single,urdu,g,member,sample,33.65384615384615
4,raw,single2,single,urdu,g,member,person,27.884615384615387
4,raw,single2,single,urdu,g,member,cluster,25.0
4,raw,single2,single,urdu,g,prod,sample,35.57692307692307
4,raw,single2,single,urdu,g,prod,person,23.076923076923073
4,raw,single2,single,urdu,g,prod,cluster,22.115384615384613
4,raw,single2,single,hindi,ng,member,sample,30.57851239669421
4,raw,single2,single,hindi,ng,member,person,27.27272727272727
4,raw,single2,single,hindi,ng,member,cluster,28.92561983471074
4,raw,single2,single,hindi,ng,prod,sample,23.140495867768596
4,raw,single2,single,hindi,ng,prod,person,23.140495867768596
4,raw,single2,single,hindi,ng,prod,cluster,23.96694214876033
4,raw,single2,single,english,ng,member,sample,31.25
4,raw,single2,single,english,ng,member,person,27.916666666666668
4,raw,single2,single,english,ng,member,cluster,28.749999999999996
4,raw,single2,single,english,ng,prod,sample,26.25
4,raw,single2,single,english,ng,prod,person,22.916666666666664
4,raw,single2,single,english,ng,prod,cluster,22.499999999999996
4,raw,single2,single,english,g,member,sample,39.58333333333333
4,raw,single2,single,english,g,member,person,37.916666666666664
4,raw,single2,single,english,g,member,cluster,36.66666666666667
4,raw,single2,single,english,g,prod,sample,35.41666666666667
4,raw,single2,single,english,g,prod,person,35.833333333333336
4,raw,single2,single,english,g,prod,cluster,35.41666666666667
4,raw,single2,single,v4,ng,member,sample,30.516431924882625
4,raw,single2,single,v4,ng,member,person,20.276497695852534
4,raw,single2,single,v4,ng,member,cluster,21.19815668202765
4,raw,single2,single,v4,ng,prod,sample,23.502304147465438
4,raw,single2,single,v4,ng,prod,person,15.02347417840375
4,raw,single2,single,v4,ng,prod,cluster,16.901408450704224
4,raw,single2,single,v4,g,member,sample,39.43661971830986
4,raw,single2,single,v4,g,member,person,39.1705069124424
4,raw,single2,single,v4,g,member,cluster,38.70967741935484
4,raw,single2,single,v4,g,prod,sample,37.558685446009385
4,raw,single2,single,v4,g,prod,person,33.17972350230415
4,raw,single2,single,v4,g,prod,cluster,32.863849765258216
4,raw,single3,single,urdu,ng,member,sample,32.69230769230769
4,raw,single3,single,urdu,ng,member,person,23.076923076923073
4,raw,single3,single,urdu,ng,member,cluster,22.115384615384613
4,raw,single3,single,urdu,ng,prod,sample,25.0
4,raw,single3,single,urdu,ng,prod,person,15.384615384615385
4,raw,single3,single,urdu,ng,prod,cluster,19.23076923076923
4,raw,single3,single,urdu,g,member,sample,31.73076923076923
4,raw,single3,single,urdu,g,member,person,30.76923076923077
4,raw,single3,single,urdu,g,member,cluster,30.76923076923077
4,raw,single3,single,urdu,g,prod,sample,33.65384615384615
4,raw,single3,single,urdu,g,prod,person,23.076923076923073
4,raw,single3,single,urdu,g,prod,cluster,23.076923076923073
4,raw,single3,single,hindi,ng,member,sample,29.411764705882348
4,raw,single3,single,hindi,ng,member,person,29.75206611570248
4,raw,single3,single,hindi,ng,member,cluster,28.92561983471074
4,raw,single3,single,hindi,ng,prod,sample,25.210084033613445
4,raw,single3,single,hindi,ng,prod,person,22.31404958677686
4,raw,single3,single,hindi,ng,prod,cluster,23.96694214876033
4,raw,single3,single,english,ng,member,sample,33.75
4,raw,single3,single,english,ng,member,person,30.000000000000004
4,raw,single3,single,english,ng,member,cluster,31.25
4,raw,single3,single,english,ng,prod,sample,26.66666666666667
4,raw,single3,single,english,ng,prod,person,22.916666666666664
4,raw,single3,single,english,ng,prod,cluster,24.583333333333336
4,raw,single3,single,english,g,member,sample,43.333333333333336
4,raw,single3,single,english,g,member,person,35.83333333333333
4,raw,single3,single,english,g,member,cluster,36.25
4,raw,single3,single,english,g,prod,sample,37.083333333333336
4,raw,single3,single,english,g,prod,person,33.75
4,raw,single3,single,english,g,prod,cluster,33.75
4,raw,single3,single,v4,ng,member,sample,29.953917050691242
4,raw,single3,single,v4,ng,member,person,22.119815668202765
4,raw,single3,single,v4,ng,member,cluster,23.502304147465438
4,raw,single3,single,v4,ng,prod,sample,22.119815668202765
4,raw,single3,single,v4,ng,prod,person,15.02347417840375
4,raw,single3,single,v4,ng,prod,cluster,17.840375586854464
4,raw,single3,single,v4,g,member,sample,36.86635944700461
4,raw,single3,single,v4,g,member,person,37.08920187793427
4,raw,single3,single,v4,g,member,cluster,36.405529953917046
4,raw,single3,single,v4,g,prod,sample,36.61971830985915
4,raw,single3,single,v4,g,prod,person,29.953917050691242
4,raw,single3,single,v4,g,prod,cluster,28.169014084507037
4,raw,single4,single,urdu,ng,member,sample,36.53846153846154
4,raw,single4,single,urdu,ng,member,person,24.03846153846154
4,raw,single4,single,urdu,ng,member,cluster,27.884615384615387
4,raw,single4,single,urdu,ng,prod,sample,25.0
4,raw,single4,single,urdu,ng,prod,person,15.384615384615385
4,raw,single4,single,urdu,ng,prod,cluster,19.23076923076923
4,raw,single4,single,urdu,g,member,sample,32.69230769230769
4,raw,single4,single,urdu,g,member,person,26.923076923076923
4,raw,single4,single,urdu,g,member,cluster,27.884615384615387
4,raw,single4,single,urdu,g,prod,sample,33.65384615384615
4,raw,single4,single,urdu,g,prod,person,23.076923076923077
4,raw,single4,single,urdu,g,prod,cluster,23.076923076923073
4,raw,single4,single,hindi,ng,member,sample,30.252100840336137
4,raw,single4,single,hindi,ng,member,person,26.890756302521012
4,raw,single4,single,hindi,ng,member,cluster,27.27272727272727
4,raw,single4,single,hindi,ng,prod,sample,23.96694214876033
4,raw,single4,single,hindi,ng,prod,person,23.96694214876033
4,raw,single4,single,hindi,ng,prod,cluster,23.96694214876033
4,raw,single4,single,english,ng,member,sample,35.41666666666667
4,raw,single4,single,english,ng,member,person,30.000000000000004
4,raw,single4,single,english,ng,member,cluster,28.333333333333332
4,raw,single4,single,english,ng,prod,sample,27.500000000000004
4,raw,single4,single,english,ng,prod,person,23.333333333333332
4,raw,single4,single,english,ng,prod,cluster,23.75
4,raw,single4,single,english,g,member,sample,42.91666666666667
4,raw,single4,single,english,g,member,person,37.5
4,raw,single4,single,english,g,member,cluster,37.083333333333336
4,raw,single4,single,english,g,prod,sample,37.083333333333336
4,raw,single4,single,english,g,prod,person,33.75
4,raw,single4,single,english,g,prod,cluster,33.333333333333336
4,raw,single4,single,v4,ng,member,sample,31.924882629107977
4,raw,single4,single,v4,ng,member,person,20.276497695852534
4,raw,single4,single,v4,ng,member,cluster,22.58064516129032
4,raw,single4,single,v4,ng,prod,sample,23.502304147465438
4,raw,single4,single,v4,ng,prod,person,15.02347417840375
4,raw,single4,single,v4,ng,prod,cluster,17.050691244239633
4,raw,single4,single,v4,g,member,sample,36.15023474178404
4,raw,single4,single,v4,g,member,person,37.558685446009385
4,raw,single4,single,v4,g,member,cluster,36.15023474178404
4,raw,single4,single,v4,g,prod,sample,34.56221198156682
4,raw,single4,single,v4,g,prod,person,30.87557603686636
4,raw,single4,single,v4,g,prod,cluster,28.110599078341014
4,raw,single5,single,urdu,ng,member,sample,36.53846153846153
4,raw,single5,single,urdu,ng,member,person,23.076923076923073
4,raw,single5,single,urdu,ng,member,cluster,25.0
4,raw,single5,single,urdu,ng,prod,sample,25.96153846153846
4,raw,single5,single,urdu,ng,prod,person,15.384615384615385
4,raw,single5,single,urdu,ng,prod,cluster,17.307692307692314
4,raw,single5,single,urdu,g,member,sample,33.65384615384615
4,raw,single5,single,urdu,g,member,person,25.0
4,raw,single5,single,urdu,g,member,cluster,25.961538461538463
4,raw,single5,single,urdu,g,prod,sample,30.76923076923077
4,raw,single5,single,urdu,g,prod,person,23.076923076923073
4,raw,single5,single,urdu,g,prod,cluster,23.076923076923073
4,raw,single5,single,hindi,ng,member,sample,31.932773109243694
4,raw,single5,single,hindi,ng,member,person,28.09917355371901
4,raw,single5,single,hindi,ng,member,cluster,27.73109243697479
4,raw,single5,single,hindi,ng,prod,sample,25.210084033613445
4,raw,single5,single,hindi,ng,prod,person,25.6198347107438
4,raw,single5,single,hindi,ng,prod,cluster,25.6198347107438
4,raw,single5,single,english,ng,member,sample,32.916666666666664
4,raw,single5,single,english,ng,member,person,28.749999999999996
4,raw,single5,single,english,ng,member,cluster,27.083333333333332
4,raw,single5,single,english,ng,prod,sample,27.916666666666668
4,raw,single5,single,english,ng,prod,person,21.25
4,raw,single5,single,english,ng,prod,cluster,22.499999999999996
4,raw,single5,single,english,g,member,sample,40.833333333333336
4,raw,single5,single,english,g,member,person,40.0
4,raw,single5,single,english,g,member,cluster,37.916666666666664
4,raw,single5,single,english,g,prod,sample,35.833333333333336
4,raw,single5,single,english,g,prod,person,33.75
4,raw,single5,single,english,g,prod,cluster,33.333333333333336
4,raw,single5,single,v4,ng,member,sample,29.953917050691242
4,raw,single5,single,v4,ng,member,person,25.806451612903224
4,raw,single5,single,v4,ng,member,cluster,28.57142857142857
4,raw,single5,single,v4,ng,prod,sample,22.065727699530512
4,raw,single5,single,v4,ng,prod,person,15.02347417840375
4,raw,single5,single,v4,ng,prod,cluster,18.433179723502306
4,raw,single5,single,v4,g,member,sample,39.1705069124424
4,raw,single5,single,v4,g,member,person,39.63133640552996
4,raw,single5,single,v4,g,member,cluster,37.327188940092164
4,raw,single5,single,v4,g,prod,sample,33.80281690140845
4,raw,single5,single,v4,g,prod,person,31.455399061032864
4,raw,single5,single,v4,g,prod,cluster,27.23004694835681
4,raw,single6,single,urdu,ng,member,sample,37.5
4,raw,single6,single,urdu,ng,member,person,23.076923076923073
4,raw,single6,single,urdu,ng,member,cluster,25.96153846153846
4,raw,single6,single,urdu,ng,prod,sample,25.96153846153846
4,raw,single6,single,urdu,ng,prod,person,15.384615384615385
4,raw,single6,single,urdu,ng,prod,cluster,19.23076923076923
4,raw,single6,single,urdu,g,member,sample,28.846153846153843
4,raw,single6,single,urdu,g,member,person,25.0
4,raw,single6,single,urdu,g,member,cluster,25.0
4,raw,single6,single,urdu,g,prod,sample,29.807692307692314
4,raw,single6,single,urdu,g,prod,person,23.076923076923073
4,raw,single6,single,urdu,g,prod,cluster,23.076923076923073
4,raw,single6,single,hindi,ng,member,sample,29.75206611570248
4,raw,single6,single,hindi,ng,member,person,22.6890756302521
4,raw,single6,single,hindi,ng,member,cluster,26.446280991735538
4,raw,single6,single,hindi,ng,prod,sample,23.96694214876033
4,raw,single6,single,hindi,ng,prod,person,24.793388429752067
4,raw,single6,single,hindi,ng,prod,cluster,25.6198347107438
4,raw,single6,single,english,ng,member,sample,32.49999999999999
4,raw,single6,single,english,ng,member,person,29.166666666666668
4,raw,single6,single,english,ng,member,cluster,26.249999999999996
4,raw,single6,single,english,ng,prod,sample,27.083333333333336
4,raw,single6,single,english,ng,prod,person,24.583333333333332
4,raw,single6,single,english,ng,prod,cluster,22.5
4,raw,single6,single,english,g,member,sample,39.583333333333336
4,raw,single6,single,english,g,member,person,33.75
4,raw,single6,single,english,g,member,cluster,35.416666666666664
4,raw,single6,single,english,g,prod,sample,36.25
4,raw,single6,single,english,g,prod,person,32.5
4,raw,single6,single,english,g,prod,cluster,34.166666666666664
4,raw,single6,single,v4,ng,member,sample,30.87557603686636
4,raw,single6,single,v4,ng,member,person,22.535211267605636
4,raw,single6,single,v4,ng,member,cluster,24.882629107981224
4,raw,single6,single,v4,ng,prod,sample,23.474178403755865
4,raw,single6,single,v4,ng,prod,person,15.02347417840375
4,raw,single6,single,v4,ng,prod,cluster,17.370892018779337
4,raw,single6,single,v4,g,member,sample,38.497652582159624
4,raw,single6,single,v4,g,member,person,37.558685446009385
4,raw,single6,single,v4,g,member,cluster,35.944700460829495
4,raw,single6,single,v4,g,prod,sample,36.61971830985915
4,raw,single6,single,v4,g,prod,person,31.797235023041477
4,raw,single6,single,v4,g,prod,cluster,30.414746543778804
4,raw,single7,single,urdu,ng,member,sample,33.65384615384615
4,raw,single7,single,urdu,ng,member,person,23.076923076923073
4,raw,single7,single,urdu,ng,member,cluster,24.03846153846154
4,raw,single7,single,urdu,ng,prod,sample,24.03846153846154
4,raw,single7,single,urdu,ng,prod,person,15.384615384615385
4,raw,single7,single,urdu,ng,prod,cluster,19.23076923076923
4,raw,single7,single,urdu,g,member,sample,32.69230769230769
4,raw,single7,single,urdu,g,member,person,30.76923076923077
4,raw,single7,single,urdu,g,member,cluster,30.76923076923077
4,raw,single7,single,urdu,g,prod,sample,31.73076923076923
4,raw,single7,single,urdu,g,prod,person,22.115384615384613
4,raw,single7,single,urdu,g,prod,cluster,22.115384615384613
4,raw,single7,single,hindi,ng,member,sample,30.252100840336137
4,raw,single7,single,hindi,ng,member,person,26.890756302521012
4,raw,single7,single,hindi,ng,member,cluster,29.411764705882348
4,raw,single7,single,hindi,ng,prod,sample,24.793388429752067
4,raw,single7,single,hindi,ng,prod,person,22.31404958677686
4,raw,single7,single,hindi,ng,prod,cluster,23.96694214876033
4,raw,single7,single,english,ng,member,sample,33.33333333333333
4,raw,single7,single,english,ng,member,person,26.66666666666667
4,raw,single7,single,english,ng,member,cluster,26.249999999999996
4,raw,single7,single,english,ng,prod,sample,27.916666666666668
4,raw,single7,single,english,ng,prod,person,23.33333333333333
4,raw,single7,single,english,ng,prod,cluster,24.166666666666668
4,raw,single7,single,english,g,member,sample,41.25
4,raw,single7,single,english,g,member,person,39.166666666666664
4,raw,single7,single,english,g,member,cluster,38.333333333333336
4,raw,single7,single,english,g,prod,sample,36.666666666666664
4,raw,single7,single,english,g,prod,person,33.75
4,raw,single7,single,english,g,prod,cluster,33.333333333333336
4,raw,single7,single,v4,ng,member,sample,29.953917050691242
4,raw,single7,single,v4,ng,member,person,22.535211267605636
4,raw,single7,single,v4,ng,member,cluster,24.88479262672811
4,raw,single7,single,v4,ng,prod,sample,23.04147465437788
4,raw,single7,single,v4,ng,prod,person,15.668202764976957
4,raw,single7,single,v4,ng,prod,cluster,18.309859154929576
4,raw,single7,single,v4,g,member,sample,37.78801843317972
4,raw,single7,single,v4,g,member,person,37.558685446009385
4,raw,single7,single,v4,g,member,cluster,37.08920187793427
4,raw,single7,single,v4,g,prod,sample,35.483870967741936
4,raw,single7,single,v4,g,prod,person,29.107981220657276
4,raw,single7,single,v4,g,prod,cluster,28.57142857142857
4,raw,single8,single,urdu,ng,member,sample,32.69230769230769
4,raw,single8,single,urdu,ng,member,person,30.76923076923077
4,raw,single8,single,urdu,ng,member,cluster,25.961538461538463
4,raw,single8,single,urdu,ng,prod,sample,23.076923076923077
4,raw,single8,single,urdu,ng,prod,person,16.346153846153847
4,raw,single8,single,urdu,ng,prod,cluster,19.230769230769234
4,raw,single8,single,urdu,g,member,sample,32.692307692307686
4,raw,single8,single,urdu,g,member,person,30.76923076923077
4,raw,single8,single,urdu,g,member,cluster,30.76923076923077
4,raw,single8,single,urdu,g,prod,sample,31.73076923076923
4,raw,single8,single,urdu,g,prod,person,23.076923076923073
4,raw,single8,single,urdu,g,prod,cluster,23.076923076923073
4,raw,single8,single,hindi,ng,member,sample,31.40495867768595
4,raw,single8,single,hindi,ng,member,person,27.73109243697479
4,raw,single8,single,hindi,ng,member,cluster,28.57142857142857
4,raw,single8,single,hindi,ng,prod,sample,25.6198347107438
4,raw,single8,single,hindi,ng,prod,person,23.140495867768596
4,raw,single8,single,hindi,ng,prod,cluster,23.96694214876033
4,raw,single8,single,english,ng,member,sample,32.916666666666664
4,raw,single8,single,english,ng,member,person,25.0
4,raw,single8,single,english,ng,member,cluster,26.249999999999996
4,raw,single8,single,english,ng,prod,sample,27.083333333333332
4,raw,single8,single,english,ng,prod,person,22.083333333333332
4,raw,single8,single,english,ng,prod,cluster,24.166666666666668
4,raw,single8,single,english,g,member,sample,40.416666666666664
4,raw,single8,single,english,g,member,person,40.0
4,raw,single8,single,english,g,member,cluster,39.58333333333333
4,raw,single8,single,english,g,prod,sample,36.25
4,raw,single8,single,english,g,prod,person,34.166666666666664
4,raw,single8,single,english,g,prod,cluster,33.333333333333336
4,raw,single8,single,v4,ng,member,sample,30.98591549295775
4,raw,single8,single,v4,ng,member,person,22.535211267605636
4,raw,single8,single,v4,ng,member,cluster,25.806451612903224
4,raw,single8,single,v4,ng,prod,sample,22.119815668202765
4,raw,single8,single,v4,ng,prod,person,15.02347417840375
4,raw,single8,single,v4,ng,prod,cluster,17.840375586854464
4,raw,single8,single,v4,g,member,sample,38.497652582159624
4,raw,single8,single,v4,g,member,person,36.61971830985915
4,raw,single8,single,v4,g,member,cluster,36.405529953917046
4,raw,single8,single,v4,g,prod,sample,34.56221198156682
4,raw,single8,single,v4,g,prod,person,29.107981220657276
4,raw,single8,single,v4,g,prod,cluster,26.291079812206576
4,raw,single9,single,urdu,ng,member,sample,36.53846153846154
4,raw,single9,single,urdu,ng,member,person,23.076923076923073
4,raw,single9,single,urdu,ng,member,cluster,25.96153846153846
4,raw,single9,single,urdu,ng,prod,sample,23.076923076923073
4,raw,single9,single,urdu,ng,prod,person,16.346153846153847
4,raw,single9,single,urdu,ng,prod,cluster,19.23076923076923
4,raw,single9,single,urdu,g,member,sample,35.57692307692308
4,raw,single9,single,urdu,g,member,person,30.76923076923077
4,raw,single9,single,urdu,g,member,cluster,30.76923076923077
4,raw,single9,single,urdu,g,prod,sample,34.61538461538461
4,raw,single9,single,urdu,g,prod,person,23.076923076923073
4,raw,single9,single,urdu,g,prod,cluster,23.076923076923073
4,raw,single9,single,hindi,ng,member,sample,28.92561983471074
4,raw,single9,single,hindi,ng,member,person,26.890756302521012
4,raw,single9,single,hindi,ng,member,cluster,25.6198347107438
4,raw,single9,single,hindi,ng,prod,sample,24.793388429752067
4,raw,single9,single,hindi,ng,prod,person,24.793388429752067
4,raw,single9,single,hindi,ng,prod,cluster,24.793388429752067
4,raw,single9,single,english,ng,member,sample,32.083333333333336
4,raw,single9,single,english,ng,member,person,28.749999999999996
4,raw,single9,single,english,ng,member,cluster,28.749999999999996
4,raw,single9,single,english,ng,prod,sample,27.083333333333332
4,raw,single9,single,english,ng,prod,person,22.916666666666664
4,raw,single9,single,english,ng,prod,cluster,22.916666666666664
4,raw,single9,single,english,g,member,sample,40.0
4,raw,single9,single,english,g,member,person,40.0
4,raw,single9,single,english,g,member,cluster,39.583333333333336
4,raw,single9,single,english,g,prod,sample,37.083333333333336
4,raw,single9,single,english,g,prod,person,34.583333333333336
4,raw,single9,single,english,g,prod,cluster,35.416666666666664
4,raw,single9,single,v4,ng,member,sample,30.414746543778804
4,raw,single9,single,v4,ng,member,person,25.806451612903224
4,raw,single9,single,v4,ng,member,cluster,28.110599078341014
4,raw,single9,single,v4,ng,prod,sample,24.4131455399061
4,raw,single9,single,v4,ng,prod,person,15.02347417840375
4,raw,single9,single,v4,ng,prod,cluster,18.309859154929576
4,raw,single9,single,v4,g,member,sample,37.327188940092164
4,raw,single9,single,v4,g,member,person,41.31455399061033
4,raw,single9,single,v4,g,member,cluster,40.375586854460096
4,raw,single9,single,v4,g,prod,sample,37.327188940092164
4,raw,single9,single,v4,g,prod,person,34.10138248847927
4,raw,single9,single,v4,g,prod,cluster,30.98591549295775
4,raw,ens5a,ens,urdu,ng,member,sample,34.61538461538461
4,raw,ens5a,ens,urdu,ng,member,person,21.153846153846157
4,raw,ens5a,ens,urdu,ng,member,cluster,25.0
4,raw,ens5a,ens,urdu,ng,prod,sample,26.923076923076923
4,raw,ens5a,ens,urdu,ng,prod,person,15.384615384615385
4,raw,ens5a,ens,urdu,ng,prod,cluster,19.23076923076923
4,raw,ens5a,ens,urdu,g,member,sample,30.76923076923077
4,raw,ens5a,ens,urdu,g,member,person,25.961538461538463
4,raw,ens5a,ens,urdu,g,member,cluster,25.961538461538463
4,raw,ens5a,ens,urdu,g,prod,sample,35.57692307692307
4,raw,ens5a,ens,urdu,g,prod,person,22.115384615384613
4,raw,ens5a,ens,urdu,g,prod,cluster,21.153846153846153
4,raw,ens5a,ens,hindi,ng,member,sample,30.252100840336137
4,raw,ens5a,ens,hindi,ng,member,person,26.890756302521012
4,raw,ens5a,ens,hindi,ng,member,cluster,28.92561983471074
4,raw,ens5a,ens,hindi,ng,prod,sample,25.210084033613445
4,raw,ens5a,ens,hindi,ng,prod,person,23.96694214876033
4,raw,ens5a,ens,hindi,ng,prod,cluster,23.96694214876033
4,raw,ens5a,ens,english,ng,member,sample,32.49999999999999
4,raw,ens5a,ens,english,ng,member,person,30.0
4,raw,ens5a,ens,english,ng,member,cluster,29.166666666666668
4,raw,ens5a,ens,english,ng,prod,sample,25.0
4,raw,ens5a,ens,english,ng,prod,person,24.583333333333332
4,raw,ens5a,ens,english,ng,prod,cluster,22.499999999999996
4,raw,ens5a,ens,english,g,member,sample,40.416666666666664
4,raw,ens5a,ens,english,g,member,person,34.583333333333336
4,raw,ens5a,ens,english,g,member,cluster,36.25
4,raw,ens5a,ens,english,g,prod,sample,35.0
4,raw,ens5a,ens,english,g,prod,person,34.166666666666664
4,raw,ens5a,ens,english,g,prod,cluster,34.166666666666664
4,raw,ens5a,ens,v4,ng,member,sample,30.414746543778804
4,raw,ens5a,ens,v4,ng,member,person,22.58064516129032
4,raw,ens5a,ens,v4,ng,member,cluster,23.963133640552993
4,raw,ens5a,ens,v4,ng,prod,sample,23.502304147465438
4,raw,ens5a,ens,v4,ng,prod,person,15.02347417840375
4,raw,ens5a,ens,v4,ng,prod,cluster,16.901408450704224
4,raw,ens5a,ens,v4,g,member,sample,37.78801843317972
4,raw,ens5a,ens,v4,g,member,person,36.86635944700461
4,raw,ens5a,ens,v4,g,member,cluster,36.405529953917046
4,raw,ens5a,ens,v4,g,prod,sample,35.68075117370893
4,raw,ens5a,ens,v4,g,prod,person,30.414746543778804
4,raw,ens5a,ens,v4,g,prod,cluster,28.638497652582164
4,raw,ens5b,ens,urdu,ng,member,sample,35.57692307692307
4,raw,ens5b,ens,urdu,ng,member,person,23.076923076923073
4,raw,ens5b,ens,urdu,ng,member,cluster,25.96153846153846
4,raw,ens5b,ens,urdu,ng,prod,sample,24.03846153846154
4,raw,ens5b,ens,urdu,ng,prod,person,15.384615384615385
4,raw,ens5b,ens,urdu,ng,prod,cluster,19.23076923076923
4,raw,ens5b,ens,urdu,g,member,sample,32.69230769230769
4,raw,ens5b,ens,urdu,g,member,person,26.923076923076923
4,raw,ens5b,ens,urdu,g,member,cluster,26.923076923076923
4,raw,ens5b,ens,urdu,g,prod,sample,30.76923076923077
4,raw,ens5b,ens,urdu,g,prod,person,23.076923076923073
4,raw,ens5b,ens,urdu,g,prod,cluster,23.076923076923073
4,raw,ens5b,ens,hindi,ng,member,sample,29.411764705882348
4,raw,ens5b,ens,hindi,ng,member,person,26.446280991735538
4,raw,ens5b,ens,hindi,ng,member,cluster,28.09917355371901
4,raw,ens5b,ens,hindi,ng,prod,sample,24.793388429752067
4,raw,ens5b,ens,hindi,ng,prod,person,24.793388429752067
4,raw,ens5b,ens,hindi,ng,prod,cluster,23.96694214876033
4,raw,ens5b,ens,english,ng,member,sample,31.666666666666664
4,raw,ens5b,ens,english,ng,member,person,26.66666666666667
4,raw,ens5b,ens,english,ng,member,cluster,26.25
4,raw,ens5b,ens,english,ng,prod,sample,26.666666666666668
4,raw,ens5b,ens,english,ng,prod,person,23.333333333333332
4,raw,ens5b,ens,english,ng,prod,cluster,22.916666666666664
4,raw,ens5b,ens,english,g,member,sample,39.58333333333333
4,raw,ens5b,ens,english,g,member,person,34.583333333333336
4,raw,ens5b,ens,english,g,member,cluster,33.333333333333336
4,raw,ens5b,ens,english,g,prod,sample,35.83333333333333
4,raw,ens5b,ens,english,g,prod,person,33.333333333333336
4,raw,ens5b,ens,english,g,prod,cluster,33.75
4,raw,ens5b,ens,v4,ng,member,sample,29.107981220657276
4,raw,ens5b,ens,v4,ng,member,person,25.34562211981567
4,raw,ens5b,ens,v4,ng,member,cluster,24.882629107981224
4,raw,ens5b,ens,v4,ng,prod,sample,23.04147465437788
4,raw,ens5b,ens,v4,ng,prod,person,15.02347417840375
4,raw,ens5b,ens,v4,ng,prod,cluster,17.51152073732719
4,raw,ens5b,ens,v4,g,member,sample,38.02816901408451
4,raw,ens5b,ens,v4,g,member,person,38.24884792626728
4,raw,ens5b,ens,v4,g,member,cluster,37.78801843317972
4,raw,ens5b,ens,v4,g,prod,sample,35.2112676056338
4,raw,ens5b,ens,v4,g,prod,person,30.87557603686636
4,raw,ens5b,ens,v4,g,prod,cluster,29.107981220657276
4,raw,ens10,ens,urdu,ng,member,sample,34.61538461538461
4,raw,ens10,ens,urdu,ng,member,person,22.115384615384613
4,raw,ens10,ens,urdu,ng,member,cluster,25.0
4,raw,ens10,ens,urdu,ng,prod,sample,25.96153846153846
4,raw,ens10,ens,urdu,ng,prod,person,15.384615384615385
4,raw,ens10,ens,urdu,ng,prod,cluster,19.23076923076923
4,raw,ens10,ens,urdu,g,member,sample,29.807692307692314
4,raw,ens10,ens,urdu,g,member,person,25.961538461538463
4,raw,ens10,ens,urdu,g,member,cluster,25.961538461538463
4,raw,ens10,ens,urdu,g,prod,sample,34.61538461538461
4,raw,ens10,ens,urdu,g,prod,person,23.076923076923073
4,raw,ens10,ens,urdu,g,prod,cluster,22.115384615384613
4,raw,ens10,ens,hindi,ng,member,sample,29.411764705882348
4,raw,ens10,ens,hindi,ng,member,person,26.446280991735538
4,raw,ens10,ens,hindi,ng,member,cluster,28.92561983471074
4,raw,ens10,ens,hindi,ng,prod,sample,24.793388429752067
4,raw,ens10,ens,hindi,ng,prod,person,23.96694214876033
4,raw,ens10,ens,hindi,ng,prod,cluster,23.96694214876033
4,raw,ens10,ens,english,ng,member,sample,32.083333333333336
4,raw,ens10,ens,english,ng,member,person,27.916666666666668
4,raw,ens10,ens,english,ng,member,cluster,27.500000000000004
4,raw,ens10,ens,english,ng,prod,sample,26.66666666666667
4,raw,ens10,ens,english,ng,prod,person,23.750000000000004
4,raw,ens10,ens,english,ng,prod,cluster,22.499999999999996
4,raw,ens10,ens,english,g,member,sample,40.0
4,raw,ens10,ens,english,g,member,person,34.583333333333336
4,raw,ens10,ens,english,g,member,cluster,35.0
4,raw,ens10,ens,english,g,prod,sample,35.416666666666664
4,raw,ens10,ens,english,g,prod,person,34.583333333333336
4,raw,ens10,ens,english,g,prod,cluster,34.166666666666664
4,raw,ens10,ens,v4,ng,member,sample,29.107981220657276
4,raw,ens10,ens,v4,ng,member,person,23.963133640552993
4,raw,ens10,ens,v4,ng,member,cluster,25.352112676056336
4,raw,ens10,ens,v4,ng,prod,sample,23.04147465437788
4,raw,ens10,ens,v4,ng,prod,person,15.02347417840375
4,raw,ens10,ens,v4,ng,prod,cluster,17.51152073732719
4,raw,ens10,ens,v4,g,member,sample,37.327188940092164
4,raw,ens10,ens,v4,g,member,person,36.86635944700461
4,raw,ens10,ens,v4,g,member,cluster,36.405529953917046
4,raw,ens10,ens,v4,g,prod,sample,35.483870967741936
4,raw,ens10,ens,v4,g,prod,person,30.414746543778804
4,raw,ens10,ens,v4,g,prod,cluster,28.57142857142857
4,avg,single0,single,urdu,ng,member,sample,35.57692307692308
4,avg,single0,single,urdu,ng,member,person,21.153846153846157
4,avg,single0,single,urdu,ng,member,cluster,22.115384615384613
4,avg,single0,single,urdu,ng,prod,sample,24.03846153846154
4,avg,single0,single,urdu,ng,prod,person,17.307692307692307
4,avg,single0,single,urdu,ng,prod,cluster,19.23076923076923
4,avg,single0,single,urdu,g,member,sample,32.69230769230769
4,avg,single0,single,urdu,g,member,person,26.923076923076923
4,avg,single0,single,urdu,g,member,cluster,24.03846153846154
4,avg,single0,single,urdu,g,prod,sample,35.57692307692307
4,avg,single0,single,urdu,g,prod,person,21.153846153846153
4,avg,single0,single,urdu,g,prod,cluster,21.153846153846153
4,avg,single0,single,hindi,ng,member,sample,30.57851239669421
4,avg,single0,single,hindi,ng,member,person,28.57142857142857
4,avg,single0,single,hindi,ng,member,cluster,28.57142857142857
4,avg,single0,single,hindi,ng,prod,sample,25.6198347107438
4,avg,single0,single,hindi,ng,prod,person,22.6890756302521
4,avg,single0,single,hindi,ng,prod,cluster,23.96694214876033
4,avg,single0,single,english,ng,member,sample,31.666666666666664
4,avg,single0,single,english,ng,member,person,27.500000000000004
4,avg,single0,single,english,ng,member,cluster,28.749999999999996
4,avg,single0,single,english,ng,prod,sample,25.416666666666664
4,avg,single0,single,english,ng,prod,person,22.5
4,avg,single0,single,english,ng,prod,cluster,22.916666666666664
4,avg,single0,single,english,g,member,sample,41.66666666666667
4,avg,single0,single,english,g,member,person,36.66666666666667
4,avg,single0,single,english,g,member,cluster,38.74999999999999
4,avg,single0,single,english,g,prod,sample,35.416666666666664
4,avg,single0,single,english,g,prod,person,35.41666666666667
4,avg,single0,single,english,g,prod,cluster,35.83333333333333
4,avg,single0,single,v4,ng,member,sample,30.046948356807512
4,avg,single0,single,v4,ng,member,person,21.5962441314554
4,avg,single0,single,v4,ng,member,cluster,24.42396313364055
4,avg,single0,single,v4,ng,prod,sample,23.04147465437788
4,avg,single0,single,v4,ng,prod,person,15.02347417840375
4,avg,single0,single,v4,ng,prod,cluster,17.050691244239633
4,avg,single0,single,v4,g,member,sample,39.1705069124424
4,avg,single0,single,v4,g,member,person,35.02304147465438
4,avg,single0,single,v4,g,member,cluster,34.27230046948356
4,avg,single0,single,v4,g,prod,sample,34.27230046948356
4,avg,single0,single,v4,g,prod,person,27.188940092165897
4,avg,single0,single,v4,g,prod,cluster,30.046948356807512
4,avg,single1,single,urdu,ng,member,sample,35.57692307692307
4,avg,single1,single,urdu,ng,member,person,23.076923076923073
4,avg,single1,single,urdu,ng,member,cluster,25.0
4,avg,single1,single,urdu,ng,prod,sample,27.884615384615387
4,avg,single1,single,urdu,ng,prod,person,15.384615384615385
4,avg,single1,single,urdu,ng,prod,cluster,19.23076923076923
4,avg,single1,single,urdu,g,member,sample,32.69230769230769
4,avg,single1,single,urdu,g,member,person,24.03846153846154
4,avg,single1,single,urdu,g,member,cluster,25.0
4,avg,single1,single,urdu,g,prod,sample,32.692307692307686
4,avg,single1,single,urdu,g,prod,person,23.076923076923073
4,avg,single1,single,urdu,g,prod,cluster,23.076923076923073
4,avg,single1,single,hindi,ng,member,sample,31.932773109243694
4,avg,single1,single,hindi,ng,member,person,26.890756302521012
4,avg,single1,single,hindi,ng,member,cluster,29.411764705882348
4,avg,single1,single,hindi,ng,prod,sample,24.793388429752067
4,avg,single1,single,hindi,ng,prod,person,23.96694214876033
4,avg,single1,single,hindi,ng,prod,cluster,24.793388429752067
4,avg,single1,single,english,ng,member,sample,32.49999999999999
4,avg,single1,single,english,ng,member,person,28.749999999999996
4,avg,single1,single,english,ng,member,cluster,27.916666666666668
4,avg,single1,single,english,ng,prod,sample,26.666666666666668
4,avg,single1,single,english,ng,prod,person,23.33333333333333
4,avg,single1,single,english,ng,prod,cluster,23.333333333333332
4,avg,single1,single,english,g,member,sample,40.0
4,avg,single1,single,english,g,member,person,37.083333333333336
4,avg,single1,single,english,g,member,cluster,36.666666666666664
4,avg,single1,single,english,g,prod,sample,34.583333333333336
4,avg,single1,single,english,g,prod,person,34.583333333333336
4,avg,single1,single,english,g,prod,cluster,33.333333333333336
4,avg,single1,single,v4,ng,member,sample,26.72811059907834
4,avg,single1,single,v4,ng,member,person,22.58064516129032
4,avg,single1,single,v4,ng,member,cluster,23.04147465437788
4,avg,single1,single,v4,ng,prod,sample,22.58064516129032
4,avg,single1,single,v4,ng,prod,person,15.02347417840375
4,avg,single1,single,v4,ng,prod,cluster,17.972350230414747
4,avg,single1,single,v4,g,member,sample,38.70967741935484
4,avg,single1,single,v4,g,member,person,38.70967741935484
4,avg,single1,single,v4,g,member,cluster,36.61971830985915
4,avg,single1,single,v4,g,prod,sample,35.02304147465438
4,avg,single1,single,v4,g,prod,person,33.17972350230415
4,avg,single1,single,v4,g,prod,cluster,33.17972350230415
4,avg,single2,single,urdu,ng,member,sample,37.5
4,avg,single2,single,urdu,ng,member,person,25.961538461538463
4,avg,single2,single,urdu,ng,member,cluster,25.96153846153846
4,avg,single2,single,urdu,ng,prod,sample,27.884615384615387
4,avg,single2,single,urdu,ng,prod,person,16.346153846153847
4,avg,single2,single,urdu,ng,prod,cluster,19.23076923076923
4,avg,single2,single,urdu,g,member,sample,33.65384615384615
4,avg,single2,single,urdu,g,member,person,28.846153846153843
4,avg,single2,single,urdu,g,member,cluster,25.0
4,avg,single2,single,urdu,g,prod,sample,34.61538461538461
4,avg,single2,single,urdu,g,prod,person,21.153846153846153
4,avg,single2,single,urdu,g,prod,cluster,22.115384615384613
4,avg,single2,single,hindi,ng,member,sample,30.57851239669421
4,avg,single2,single,hindi,ng,member,person,27.27272727272727
4,avg,single2,single,hindi,ng,member,cluster,28.92561983471074
4,avg,single2,single,hindi,ng,prod,sample,23.140495867768596
4,avg,single2,single,hindi,ng,prod,person,23.96694214876033
4,avg,single2,single,hindi,ng,prod,cluster,23.96694214876033
4,avg,single2,single,english,ng,member,sample,31.666666666666664
4,avg,single2,single,english,ng,member,person,28.749999999999996
4,avg,single2,single,english,ng,member,cluster,27.500000000000004
4,avg,single2,single,english,ng,prod,sample,26.25
4,avg,single2,single,english,ng,prod,person,22.916666666666664
4,avg,single2,single,english,ng,prod,cluster,22.499999999999996
4,avg,single2,single,english,g,member,sample,40.0
4,avg,single2,single,english,g,member,person,39.58333333333333
4,avg,single2,single,english,g,member,cluster,36.666666666666664
4,avg,single2,single,english,g,prod,sample,35.416666666666664
4,avg,single2,single,english,g,prod,person,36.666666666666664
4,avg,single2,single,english,g,prod,cluster,35.833333333333336
4,avg,single2,single,v4,ng,member,sample,30.87557603686636
4,avg,single2,single,v4,ng,member,person,22.535211267605636
4,avg,single2,single,v4,ng,member,cluster,21.126760563380287
4,avg,single2,single,v4,ng,prod,sample,23.502304147465438
4,avg,single2,single,v4,ng,prod,person,15.02347417840375
4,avg,single2,single,v4,ng,prod,cluster,16.901408450704224
4,avg,single2,single,v4,g,member,sample,40.09216589861751
4,avg,single2,single,v4,g,member,person,39.1705069124424
4,avg,single2,single,v4,g,member,cluster,38.96713615023474
4,avg,single2,single,v4,g,prod,sample,36.86635944700461
4,avg,single2,single,v4,g,prod,person,32.71889400921659
4,avg,single2,single,v4,g,prod,cluster,34.10138248847927
4,avg,single3,single,urdu,ng,member,sample,32.692307692307686
4,avg,single3,single,urdu,ng,member,person,23.076923076923077
4,avg,single3,single,urdu,ng,member,cluster,23.076923076923073
4,avg,single3,single,urdu,ng,prod,sample,25.0
4,avg,single3,single,urdu,ng,prod,person,15.384615384615385
4,avg,single3,single,urdu,ng,prod,cluster,19.23076923076923
4,avg,single3,single,urdu,g,member,sample,31.73076923076923
4,avg,single3,single,urdu,g,member,person,30.76923076923077
4,avg,single3,single,urdu,g,member,cluster,30.76923076923077
4,avg,single3,single,urdu,g,prod,sample,34.61538461538461
4,avg,single3,single,urdu,g,prod,person,23.076923076923073
4,avg,single3,single,urdu,g,prod,cluster,23.076923076923073
4,avg,single3,single,hindi,ng,member,sample,30.57851239669421
4,avg,single3,single,hindi,ng,member,person,29.75206611570248
4,avg,single3,single,hindi,ng,member,cluster,28.92561983471074
4,avg,single3,single,hindi,ng,prod,sample,25.210084033613445
4,avg,single3,single,hindi,ng,prod,person,23.140495867768596
4,avg,single3,single,hindi,ng,prod,cluster,23.96694214876033
4,avg,single3,single,english,ng,member,sample,35.41666666666667
4,avg,single3,single,english,ng,member,person,29.166666666666668
4,avg,single3,single,english,ng,member,cluster,30.833333333333336
4,avg,single3,single,english,ng,prod,sample,26.66666666666667
4,avg,single3,single,english,ng,prod,person,22.499999999999996
4,avg,single3,single,english,ng,prod,cluster,25.0
4,avg,single3,single,english,g,member,sample,43.333333333333336
4,avg,single3,single,english,g,member,person,33.75
4,avg,single3,single,english,g,member,cluster,35.833333333333336
4,avg,single3,single,english,g,prod,sample,37.083333333333336
4,avg,single3,single,english,g,prod,person,33.75
4,avg,single3,single,english,g,prod,cluster,33.75
4,avg,single3,single,v4,ng,member,sample,29.493087557603687
4,avg,single3,single,v4,ng,member,person,22.535211267605636
4,avg,single3,single,v4,ng,member,cluster,23.474178403755865
4,avg,single3,single,v4,ng,prod,sample,22.535211267605636
4,avg,single3,single,v4,ng,prod,person,15.02347417840375
4,avg,single3,single,v4,ng,prod,cluster,17.51152073732719
4,avg,single3,single,v4,g,member,sample,37.08920187793427
4,avg,single3,single,v4,g,member,person,37.08920187793427
4,avg,single3,single,v4,g,member,cluster,35.483870967741936
4,avg,single3,single,v4,g,prod,sample,36.15023474178404
4,avg,single3,single,v4,g,prod,person,29.493087557603687
4,avg,single3,single,v4,g,prod,cluster,28.169014084507037
4,avg,single4,single,urdu,ng,member,sample,37.5
4,avg,single4,single,urdu,ng,member,person,24.03846153846154
4,avg,single4,single,urdu,ng,member,cluster,27.884615384615387
4,avg,single4,single,urdu,ng,prod,sample,24.03846153846154
4,avg,single4,single,urdu,ng,prod,person,15.384615384615385
4,avg,single4,single,urdu,ng,prod,cluster,19.23076923076923
4,avg,single4,single,urdu,g,member,sample,32.69230769230769
4,avg,single4,single,urdu,g,member,person,25.0
4,avg,single4,single,urdu,g,member,cluster,25.961538461538463
4,avg,single4,single,urdu,g,prod,sample,33.65384615384615
4,avg,single4,single,urdu,g,prod,person,23.076923076923077
4,avg,single4,single,urdu,g,prod,cluster,23.076923076923073
4,avg,single4,single,hindi,ng,member,sample,30.57851239669421
4,avg,single4,single,hindi,ng,member,person,26.890756302521012
4,avg,single4,single,hindi,ng,member,cluster,27.27272727272727
4,avg,single4,single,hindi,ng,prod,sample,23.96694214876033
4,avg,single4,single,hindi,ng,prod,person,23.529411764705888
4,avg,single4,single,hindi,ng,prod,cluster,23.96694214876033
4,avg,single4,single,english,ng,member,sample,35.41666666666667
4,avg,single4,single,english,ng,member,person,30.000000000000004
4,avg,single4,single,english,ng,member,cluster,28.333333333333332
4,avg,single4,single,english,ng,prod,sample,27.500000000000004
4,avg,single4,single,english,ng,prod,person,23.33333333333333
4,avg,single4,single,english,ng,prod,cluster,23.75
4,avg,single4,single,english,g,member,sample,43.333333333333336
4,avg,single4,single,english,g,member,person,37.916666666666664
4,avg,single4,single,english,g,member,cluster,37.916666666666664
4,avg,single4,single,english,g,prod,sample,37.083333333333336
4,avg,single4,single,english,g,prod,person,33.75
4,avg,single4,single,english,g,prod,cluster,33.33333333333333
4,avg,single4,single,v4,ng,member,sample,32.25806451612903
4,avg,single4,single,v4,ng,member,person,22.065727699530512
4,avg,single4,single,v4,ng,member,cluster,22.58064516129032
4,avg,single4,single,v4,ng,prod,sample,23.943661971830988
4,avg,single4,single,v4,ng,prod,person,15.02347417840375
4,avg,single4,single,v4,ng,prod,cluster,17.51152073732719
4,avg,single4,single,v4,g,member,sample,36.405529953917046
4,avg,single4,single,v4,g,member,person,37.558685446009385
4,avg,single4,single,v4,g,member,cluster,36.15023474178404
4,avg,single4,single,v4,g,prod,sample,35.2112676056338
4,avg,single4,single,v4,g,prod,person,30.414746543778804
4,avg,single4,single,v4,g,prod,cluster,28.110599078341014
4,avg,single5,single,urdu,ng,member,sample,37.5
4,avg,single5,single,urdu,ng,member,person,21.153846153846153
4,avg,single5,single,urdu,ng,member,cluster,24.03846153846154
4,avg,single5,single,urdu,ng,prod,sample,25.961538461538463
4,avg,single5,single,urdu,ng,prod,person,15.384615384615385
4,avg,single5,single,urdu,ng,prod,cluster,17.307692307692314
4,avg,single5,single,urdu,g,member,sample,33.65384615384615
4,avg,single5,single,urdu,g,member,person,25.0
4,avg,single5,single,urdu,g,member,cluster,25.961538461538463
4,avg,single5,single,urdu,g,prod,sample,29.807692307692307
4,avg,single5,single,urdu,g,prod,person,23.076923076923073
4,avg,single5,single,urdu,g,prod,cluster,23.076923076923073
4,avg,single5,single,hindi,ng,member,sample,31.40495867768595
4,avg,single5,single,hindi,ng,member,person,28.09917355371901
4,avg,single5,single,hindi,ng,member,cluster,27.73109243697479
4,avg,single5,single,hindi,ng,prod,sample,25.210084033613445
4,avg,single5,single,hindi,ng,prod,person,25.6198347107438
4,avg,single5,single,hindi,ng,prod,cluster,25.6198347107438
4,avg,single5,single,english,ng,member,sample,33.75
4,avg,single5,single,english,ng,member,person,28.333333333333332
4,avg,single5,single,english,ng,member,cluster,27.083333333333336
4,avg,single5,single,english,ng,prod,sample,27.916666666666668
4,avg,single5,single,english,ng,prod,person,21.25
4,avg,single5,single,english,ng,prod,cluster,22.499999999999996
4,avg,single5,single,english,g,member,sample,40.833333333333336
4,avg,single5,single,english,g,member,person,39.16666666666667
4,avg,single5,single,english,g,member,cluster,37.5
4,avg,single5,single,english,g,prod,sample,36.25
4,avg,single5,single,english,g,prod,person,32.916666666666664
4,avg,single5,single,english,g,prod,cluster,33.333333333333336
4,avg,single5,single,v4,ng,member,sample,29.493087557603687
4,avg,single5,single,v4,ng,member,person,25.34562211981567
4,avg,single5,single,v4,ng,member,cluster,28.638497652582164
4,avg,single5,single,v4,ng,prod,sample,22.535211267605636
4,avg,single5,single,v4,ng,prod,person,15.02347417840375
4,avg,single5,single,v4,ng,prod,cluster,17.972350230414747
4,avg,single5,single,v4,g,member,sample,39.1705069124424
4,avg,single5,single,v4,g,member,person,39.906103286384976
4,avg,single5,single,v4,g,member,cluster,38.497652582159624
4,avg,single5,single,v4,g,prod,sample,34.10138248847927
4,avg,single5,single,v4,g,prod,person,31.336405529953915
4,avg,single5,single,v4,g,prod,cluster,27.23004694835681
4,avg,single6,single,urdu,ng,member,sample,36.53846153846154
4,avg,single6,single,urdu,ng,member,person,23.076923076923073
4,avg,single6,single,urdu,ng,member,cluster,25.0
4,avg,single6,single,urdu,ng,prod,sample,25.0
4,avg,single6,single,urdu,ng,prod,person,15.384615384615385
4,avg,single6,single,urdu,ng,prod,cluster,19.23076923076923
4,avg,single6,single,urdu,g,member,sample,30.76923076923077
4,avg,single6,single,urdu,g,member,person,25.0
4,avg,single6,single,urdu,g,member,cluster,25.0
4,avg,single6,single,urdu,g,prod,sample,29.807692307692314
4,avg,single6,single,urdu,g,prod,person,23.076923076923073
4,avg,single6,single,urdu,g,prod,cluster,23.076923076923073
4,avg,single6,single,hindi,ng,member,sample,30.252100840336137
4,avg,single6,single,hindi,ng,member,person,23.140495867768596
4,avg,single6,single,hindi,ng,member,cluster,26.446280991735538
4,avg,single6,single,hindi,ng,prod,sample,23.96694214876033
4,avg,single6,single,hindi,ng,prod,person,24.793388429752067
4,avg,single6,single,hindi,ng,prod,cluster,23.96694214876033
4,avg,single6,single,english,ng,member,sample,32.91666666666667
4,avg,single6,single,english,ng,member,person,29.166666666666668
4,avg,single6,single,english,ng,member,cluster,26.666666666666668
4,avg,single6,single,english,ng,prod,sample,27.083333333333336
4,avg,single6,single,english,ng,prod,person,24.583333333333332
4,avg,single6,single,english,ng,prod,cluster,22.499999999999996
4,avg,single6,single,english,g,member,sample,40.416666666666664
4,avg,single6,single,english,g,member,person,34.166666666666664
4,avg,single6,single,english,g,member,cluster,35.0
4,avg,single6,single,english,g,prod,sample,36.666666666666664
4,avg,single6,single,english,g,prod,person,32.916666666666664
4,avg,single6,single,english,g,prod,cluster,34.166666666666664
4,avg,single6,single,v4,ng,member,sample,30.87557603686636
4,avg,single6,single,v4,ng,member,person,23.474178403755865
4,avg,single6,single,v4,ng,member,cluster,25.352112676056336
4,avg,single6,single,v4,ng,prod,sample,23.004694835680752
4,avg,single6,single,v4,ng,prod,person,15.02347417840375
4,avg,single6,single,v4,ng,prod,cluster,17.370892018779337
4,avg,single6,single,v4,g,member,sample,38.497652582159624
4,avg,single6,single,v4,g,member,person,37.558685446009385
4,avg,single6,single,v4,g,member,cluster,36.61971830985915
4,avg,single6,single,v4,g,prod,sample,36.61971830985915
4,avg,single6,single,v4,g,prod,person,30.98591549295775
4,avg,single6,single,v4,g,prod,cluster,29.03225806451613
4,avg,single7,single,urdu,ng,member,sample,34.61538461538461
4,avg,single7,single,urdu,ng,member,person,23.076923076923073
4,avg,single7,single,urdu,ng,member,cluster,24.03846153846154
4,avg,single7,single,urdu,ng,prod,sample,24.03846153846154
4,avg,single7,single,urdu,ng,prod,person,15.384615384615385
4,avg,single7,single,urdu,ng,prod,cluster,19.23076923076923
4,avg,single7,single,urdu,g,member,sample,32.69230769230769
4,avg,single7,single,urdu,g,member,person,29.807692307692314
4,avg,single7,single,urdu,g,member,cluster,30.76923076923077
4,avg,single7,single,urdu,g,prod,sample,30.76923076923077
4,avg,single7,single,urdu,g,prod,person,23.076923076923073
4,avg,single7,single,urdu,g,prod,cluster,23.076923076923073
4,avg,single7,single,hindi,ng,member,sample,30.57851239669421
4,avg,single7,single,hindi,ng,member,person,26.890756302521012
4,avg,single7,single,hindi,ng,member,cluster,28.09917355371901
4,avg,single7,single,hindi,ng,prod,sample,24.793388429752067
4,avg,single7,single,hindi,ng,prod,person,22.31404958677686
4,avg,single7,single,hindi,ng,prod,cluster,23.96694214876033
4,avg,single7,single,english,ng,member,sample,33.33333333333333
4,avg,single7,single,english,ng,member,person,27.083333333333332
4,avg,single7,single,english,ng,member,cluster,26.66666666666667
4,avg,single7,single,english,ng,prod,sample,27.500000000000004
4,avg,single7,single,english,ng,prod,person,23.33333333333333
4,avg,single7,single,english,ng,prod,cluster,24.16666666666667
4,avg,single7,single,english,g,member,sample,40.416666666666664
4,avg,single7,single,english,g,member,person,39.166666666666664
4,avg,single7,single,english,g,member,cluster,37.5
4,avg,single7,single,english,g,prod,sample,36.666666666666664
4,avg,single7,single,english,g,prod,person,33.75
4,avg,single7,single,english,g,prod,cluster,33.333333333333336
4,avg,single7,single,v4,ng,member,sample,30.414746543778804
4,avg,single7,single,v4,ng,member,person,22.58064516129032
4,avg,single7,single,v4,ng,member,cluster,25.34562211981567
4,avg,single7,single,v4,ng,prod,sample,23.04147465437788
4,avg,single7,single,v4,ng,prod,person,15.668202764976957
4,avg,single7,single,v4,ng,prod,cluster,18.309859154929576
4,avg,single7,single,v4,g,member,sample,37.78801843317972
4,avg,single7,single,v4,g,member,person,37.558685446009385
4,avg,single7,single,v4,g,member,cluster,37.558685446009385
4,avg,single7,single,v4,g,prod,sample,35.483870967741936
4,avg,single7,single,v4,g,prod,person,29.5774647887324
4,avg,single7,single,v4,g,prod,cluster,29.03225806451613
4,avg,single8,single,urdu,ng,member,sample,32.69230769230769
4,avg,single8,single,urdu,ng,member,person,30.76923076923077
4,avg,single8,single,urdu,ng,member,cluster,25.961538461538463
4,avg,single8,single,urdu,ng,prod,sample,23.076923076923077
4,avg,single8,single,urdu,ng,prod,person,16.346153846153847
4,avg,single8,single,urdu,ng,prod,cluster,21.153846153846153
4,avg,single8,single,urdu,g,member,sample,31.73076923076923
4,avg,single8,single,urdu,g,member,person,30.76923076923077
4,avg,single8,single,urdu,g,member,cluster,30.76923076923077
4,avg,single8,single,urdu,g,prod,sample,31.73076923076923
4,avg,single8,single,urdu,g,prod,person,23.076923076923073
4,avg,single8,single,urdu,g,prod,cluster,23.076923076923073
4,avg,single8,single,hindi,ng,member,sample,31.40495867768595
4,avg,single8,single,hindi,ng,member,person,28.09917355371901
4,avg,single8,single,hindi,ng,member,cluster,28.57142857142857
4,avg,single8,single,hindi,ng,prod,sample,25.6198347107438
4,avg,single8,single,hindi,ng,prod,person,22.6890756302521
4,avg,single8,single,hindi,ng,prod,cluster,23.96694214876033
4,avg,single8,single,english,ng,member,sample,32.91666666666667
4,avg,single8,single,english,ng,member,person,25.0
4,avg,single8,single,english,ng,member,cluster,26.249999999999996
4,avg,single8,single,english,ng,prod,sample,27.083333333333332
4,avg,single8,single,english,ng,prod,person,22.083333333333332
4,avg,single8,single,english,ng,prod,cluster,24.583333333333332
4,avg,single8,single,english,g,member,sample,39.583333333333336
4,avg,single8,single,english,g,member,person,40.0
4,avg,single8,single,english,g,member,cluster,39.583333333333336
4,avg,single8,single,english,g,prod,sample,35.833333333333336
4,avg,single8,single,english,g,prod,person,33.75
4,avg,single8,single,english,g,prod,cluster,34.166666666666664
4,avg,single8,single,v4,ng,member,sample,30.98591549295775
4,avg,single8,single,v4,ng,member,person,23.502304147465438
4,avg,single8,single,v4,ng,member,cluster,26.26728110599078
4,avg,single8,single,v4,ng,prod,sample,22.535211267605636
4,avg,single8,single,v4,ng,prod,person,15.02347417840375
4,avg,single8,single,v4,ng,prod,cluster,17.840375586854464
4,avg,single8,single,v4,g,member,sample,38.02816901408451
4,avg,single8,single,v4,g,member,person,37.78801843317972
4,avg,single8,single,v4,g,member,cluster,36.61971830985915
4,avg,single8,single,v4,g,prod,sample,35.02304147465438
4,avg,single8,single,v4,g,prod,person,28.638497652582164
4,avg,single8,single,v4,g,prod,cluster,26.291079812206576
4,avg,single9,single,urdu,ng,member,sample,35.57692307692307
4,avg,single9,single,urdu,ng,member,person,23.076923076923073
4,avg,single9,single,urdu,ng,member,cluster,25.96153846153846
4,avg,single9,single,urdu,ng,prod,sample,23.076923076923073
4,avg,single9,single,urdu,ng,prod,person,16.346153846153847
4,avg,single9,single,urdu,ng,prod,cluster,19.23076923076923
4,avg,single9,single,urdu,g,member,sample,35.57692307692308
4,avg,single9,single,urdu,g,member,person,30.76923076923077
4,avg,single9,single,urdu,g,member,cluster,30.76923076923077
4,avg,single9,single,urdu,g,prod,sample,35.57692307692307
4,avg,single9,single,urdu,g,prod,person,23.076923076923073
4,avg,single9,single,urdu,g,prod,cluster,23.076923076923073
4,avg,single9,single,hindi,ng,member,sample,29.411764705882348
4,avg,single9,single,hindi,ng,member,person,26.446280991735538
4,avg,single9,single,hindi,ng,member,cluster,26.890756302521012
4,avg,single9,single,hindi,ng,prod,sample,24.793388429752067
4,avg,single9,single,hindi,ng,prod,person,24.793388429752067
4,avg,single9,single,hindi,ng,prod,cluster,24.793388429752067
4,avg,single9,single,english,ng,member,sample,32.083333333333336
4,avg,single9,single,english,ng,member,person,28.749999999999996
4,avg,single9,single,english,ng,member,cluster,28.333333333333332
4,avg,single9,single,english,ng,prod,sample,27.083333333333332
4,avg,single9,single,english,ng,prod,person,22.916666666666664
4,avg,single9,single,english,ng,prod,cluster,23.333333333333332
4,avg,single9,single,english,g,member,sample,40.0
4,avg,single9,single,english,g,member,person,40.0
4,avg,single9,single,english,g,member,cluster,38.74999999999999
4,avg,single9,single,english,g,prod,sample,36.666666666666664
4,avg,single9,single,english,g,prod,person,34.166666666666664
4,avg,single9,single,english,g,prod,cluster,36.25
4,avg,single9,single,v4,ng,member,sample,29.953917050691242
4,avg,single9,single,v4,ng,member,person,23.502304147465438
4,avg,single9,single,v4,ng,member,cluster,26.26728110599078
4,avg,single9,single,v4,ng,prod,sample,23.963133640552993
4,avg,single9,single,v4,ng,prod,person,15.02347417840375
4,avg,single9,single,v4,ng,prod,cluster,17.972350230414747
4,avg,single9,single,v4,g,member,sample,37.327188940092164
4,avg,single9,single,v4,g,member,person,41.31455399061033
4,avg,single9,single,v4,g,member,cluster,40.375586854460096
4,avg,single9,single,v4,g,prod,sample,37.558685446009385
4,avg,single9,single,v4,g,prod,person,33.333333333333336
4,avg,single9,single,v4,g,prod,cluster,30.046948356807512
4,avg,ens5a,ens,urdu,ng,member,sample,35.57692307692307
4,avg,ens5a,ens,urdu,ng,member,person,21.153846153846157
4,avg,ens5a,ens,urdu,ng,member,cluster,24.03846153846154
4,avg,ens5a,ens,urdu,ng,prod,sample,26.923076923076927
4,avg,ens5a,ens,urdu,ng,prod,person,15.384615384615385
4,avg,ens5a,ens,urdu,ng,prod,cluster,19.23076923076923
4,avg,ens5a,ens,urdu,g,member,sample,30.76923076923077
4,avg,ens5a,ens,urdu,g,member,person,25.961538461538463
4,avg,ens5a,ens,urdu,g,member,cluster,25.961538461538463
4,avg,ens5a,ens,urdu,g,prod,sample,35.57692307692307
4,avg,ens5a,ens,urdu,g,prod,person,21.153846153846153
4,avg,ens5a,ens,urdu,g,prod,cluster,21.153846153846153
4,avg,ens5a,ens,hindi,ng,member,sample,29.75206611570248
4,avg,ens5a,ens,hindi,ng,member,person,26.890756302521012
4,avg,ens5a,ens,hindi,ng,member,cluster,28.92561983471074
4,avg,ens5a,ens,hindi,ng,prod,sample,25.210084033613445
4,avg,ens5a,ens,hindi,ng,prod,person,23.96694214876033
4,avg,ens5a,ens,hindi,ng,prod,cluster,23.96694214876033
4,avg,ens5a,ens,english,ng,member,sample,32.083333333333336
4,avg,ens5a,ens,english,ng,member,person,30.416666666666664
4,avg,ens5a,ens,english,ng,member,cluster,30.416666666666664
4,avg,ens5a,ens,english,ng,prod,sample,25.0
4,avg,ens5a,ens,english,ng,prod,person,24.166666666666668
4,avg,ens5a,ens,english,ng,prod,cluster,22.499999999999996
4,avg,ens5a,ens,english,g,member,sample,40.833333333333336
4,avg,ens5a,ens,english,g,member,person,35.833333333333336
4,avg,ens5a,ens,english,g,member,cluster,35.83333333333333
4,avg,ens5a,ens,english,g,prod,sample,35.416666666666664
4,avg,ens5a,ens,english,g,prod,person,34.583333333333336
4,avg,ens5a,ens,english,g,prod,cluster,35.0
4,avg,ens5a,ens,v4,ng,member,sample,30.516431924882625
4,avg,ens5a,ens,v4,ng,member,person,22.58064516129032
4,avg,ens5a,ens,v4,ng,member,cluster,23.963133640552993
4,avg,ens5a,ens,v4,ng,prod,sample,23.04147465437788
4,avg,ens5a,ens,v4,ng,prod,person,15.02347417840375
4,avg,ens5a,ens,v4,ng,prod,cluster,16.901408450704224
4,avg,ens5a,ens,v4,g,member,sample,37.78801843317972
4,avg,ens5a,ens,v4,g,member,person,36.61971830985915
4,avg,ens5a,ens,v4,g,member,cluster,37.78801843317972
4,avg,ens5a,ens,v4,g,prod,sample,35.944700460829495
4,avg,ens5a,ens,v4,g,prod,person,30.87557603686636
4,avg,ens5a,ens,v4,g,prod,cluster,28.638497652582164
4,avg,ens5b,ens,urdu,ng,member,sample,33.65384615384615
4,avg,ens5b,ens,urdu,ng,member,person,23.076923076923073
4,avg,ens5b,ens,urdu,ng,member,cluster,25.96153846153846
4,avg,ens5b,ens,urdu,ng,prod,sample,24.03846153846154
4,avg,ens5b,ens,urdu,ng,prod,person,15.384615384615385
4,avg,ens5b,ens,urdu,ng,prod,cluster,19.23076923076923
4,avg,ens5b,ens,urdu,g,member,sample,32.692307692307686
4,avg,ens5b,ens,urdu,g,member,person,26.923076923076923
4,avg,ens5b,ens,urdu,g,member,cluster,26.923076923076923
4,avg,ens5b,ens,urdu,g,prod,sample,30.76923076923077
4,avg,ens5b,ens,urdu,g,prod,person,23.076923076923073
4,avg,ens5b,ens,urdu,g,prod,cluster,23.076923076923073
4,avg,ens5b,ens,hindi,ng,member,sample,29.411764705882348
4,avg,ens5b,ens,hindi,ng,member,person,26.446280991735538
4,avg,ens5b,ens,hindi,ng,member,cluster,28.09917355371901
4,avg,ens5b,ens,hindi,ng,prod,sample,24.793388429752067
4,avg,ens5b,ens,hindi,ng,prod,person,23.96694214876033
4,avg,ens5b,ens,hindi,ng,prod,cluster,23.96694214876033
4,avg,ens5b,ens,english,ng,member,sample,31.25
4,avg,ens5b,ens,english,ng,member,person,26.66666666666667
4,avg,ens5b,ens,english,ng,member,cluster,26.249999999999996
4,avg,ens5b,ens,english,ng,prod,sample,26.666666666666668
4,avg,ens5b,ens,english,ng,prod,person,23.333333333333332
4,avg,ens5b,ens,english,ng,prod,cluster,22.916666666666664
4,avg,ens5b,ens,english,g,member,sample,40.0
4,avg,ens5b,ens,english,g,member,person,34.583333333333336
4,avg,ens5b,ens,english,g,member,cluster,33.75
4,avg,ens5b,ens,english,g,prod,sample,35.0
4,avg,ens5b,ens,english,g,prod,person,33.333333333333336
4,avg,ens5b,ens,english,g,prod,cluster,33.75
4,avg,ens5b,ens,v4,ng,member,sample,29.107981220657276
4,avg,ens5b,ens,v4,ng,member,person,25.34562211981567
4,avg,ens5b,ens,v4,ng,member,cluster,24.88479262672811
4,avg,ens5b,ens,v4,ng,prod,sample,23.004694835680752
4,avg,ens5b,ens,v4,ng,prod,person,15.02347417840375
4,avg,ens5b,ens,v4,ng,prod,cluster,17.51152073732719
4,avg,ens5b,ens,v4,g,member,sample,38.02816901408451
4,avg,ens5b,ens,v4,g,member,person,38.70967741935484
4,avg,ens5b,ens,v4,g,member,cluster,37.78801843317972
4,avg,ens5b,ens,v4,g,prod,sample,34.74178403755869
4,avg,ens5b,ens,v4,g,prod,person,30.046948356807512
4,avg,ens5b,ens,v4,g,prod,cluster,28.57142857142857
4,avg,ens10,ens,urdu,ng,member,sample,34.61538461538461
4,avg,ens10,ens,urdu,ng,member,person,22.115384615384613
4,avg,ens10,ens,urdu,ng,member,cluster,25.0
4,avg,ens10,ens,urdu,ng,prod,sample,26.923076923076923
4,avg,ens10,ens,urdu,ng,prod,person,15.384615384615385
4,avg,ens10,ens,urdu,ng,prod,cluster,19.23076923076923
4,avg,ens10,ens,urdu,g,member,sample,29.807692307692314
4,avg,ens10,ens,urdu,g,member,person,25.961538461538463
4,avg,ens10,ens,urdu,g,member,cluster,25.961538461538463
4,avg,ens10,ens,urdu,g,prod,sample,34.61538461538461
4,avg,ens10,ens,urdu,g,prod,person,23.076923076923073
4,avg,ens10,ens,urdu,g,prod,cluster,22.115384615384613
4,avg,ens10,ens,hindi,ng,member,sample,28.92561983471074
4,avg,ens10,ens,hindi,ng,member,person,26.890756302521012
4,avg,ens10,ens,hindi,ng,member,cluster,28.92561983471074
4,avg,ens10,ens,hindi,ng,prod,sample,24.793388429752067
4,avg,ens10,ens,hindi,ng,prod,person,23.96694214876033
4,avg,ens10,ens,hindi,ng,prod,cluster,23.96694214876033
4,avg,ens10,ens,english,ng,member,sample,32.083333333333336
4,avg,ens10,ens,english,ng,member,person,28.333333333333332
4,avg,ens10,ens,english,ng,member,cluster,27.500000000000004
4,avg,ens10,ens,english,ng,prod,sample,26.666666666666668
4,avg,ens10,ens,english,ng,prod,person,23.750000000000004
4,avg,ens10,ens,english,ng,prod,cluster,22.499999999999996
4,avg,ens10,ens,english,g,member,sample,39.583333333333336
4,avg,ens10,ens,english,g,member,person,34.583333333333336
4,avg,ens10,ens,english,g,member,cluster,35.0
4,avg,ens10,ens,english,g,prod,sample,35.416666666666664
4,avg,ens10,ens,english,g,prod,person,34.583333333333336
4,avg,ens10,ens,english,g,prod,cluster,34.166666666666664
4,avg,ens10,ens,v4,ng,member,sample,29.107981220657276
4,avg,ens10,ens,v4,ng,member,person,23.943661971830988
4,avg,ens10,ens,v4,ng,member,cluster,25.352112676056336
4,avg,ens10,ens,v4,ng,prod,sample,23.04147465437788
4,avg,ens10,ens,v4,ng,prod,person,15.02347417840375
4,avg,ens10,ens,v4,ng,prod,cluster,17.51152073732719
4,avg,ens10,ens,v4,g,member,sample,37.327188940092164
4,avg,ens10,ens,v4,g,member,person,36.86635944700461
4,avg,ens10,ens,v4,g,member,cluster,37.78801843317972
4,avg,ens10,ens,v4,g,prod,sample,35.483870967741936
4,avg,ens10,ens,v4,g,prod,person,30.414746543778804
4,avg,ens10,ens,v4,g,prod,cluster,29.03225806451613
5,raw,single0,single,urdu,ng,member,sample,32.29166666666667
5,raw,single0,single,urdu,ng,member,person,28.125
5,raw,single0,single,urdu,ng,member,cluster,28.125
5,raw,single0,single,urdu,ng,prod,sample,21.875
5,raw,single0,single,urdu,ng,prod,person,16.666666666666664
5,raw,single0,single,urdu,ng,prod,cluster,18.75
5,raw,single0,single,urdu,g,member,sample,44.21052631578947
5,raw,single0,single,urdu,g,member,person,41.666666666666664
5,raw,single0,single,urdu,g,member,cluster,42.708333333333336
5,raw,single0,single,urdu,g,prod,sample,38.94736842105263
5,raw,single0,single,urdu,g,prod,person,28.421052631578945
5,raw,single0,single,urdu,g,prod,cluster,35.78947368421053
5,raw,single0,single,hindi,ng,member,sample,42.36111111111111
5,raw,single0,single,hindi,ng,member,person,33.333333333333336
5,raw,single0,single,hindi,ng,member,cluster,31.944444444444443
5,raw,single0,single,hindi,ng,prod,sample,29.86111111111111
5,raw,single0,single,hindi,ng,prod,person,18.055555555555557
5,raw,single0,single,hindi,ng,prod,cluster,20.833333333333336
5,raw,single0,single,english,ng,member,sample,36.75213675213676
5,raw,single0,single,english,ng,member,person,29.487179487179482
5,raw,single0,single,english,ng,member,cluster,26.49572649572649
5,raw,single0,single,english,ng,prod,sample,25.957446808510635
5,raw,single0,single,english,ng,prod,person,17.4468085106383
5,raw,single0,single,english,ng,prod,cluster,17.948717948717952
5,raw,single0,single,english,g,member,sample,47.23404255319149
5,raw,single0,single,english,g,member,person,44.25531914893617
5,raw,single0,single,english,g,member,cluster,45.1063829787234
5,raw,single0,single,english,g,prod,sample,37.87234042553192
5,raw,single0,single,english,g,prod,person,33.61702127659574
5,raw,single0,single,english,g,prod,cluster,32.340425531914896
5,raw,single0,single,v4,ng,member,sample,31.25
5,raw,single0,single,v4,ng,member,person,23.28767123287672
5,raw,single0,single,v4,ng,member,cluster,25.44642857142857
5,raw,single0,single,v4,ng,prod,sample,22.831050228310502
5,raw,single0,single,v4,ng,prod,person,16.43835616438356
5,raw,single0,single,v4,ng,prod,cluster,16.964285714285715
5,raw,single0,single,v4,g,member,sample,40.182648401826484
5,raw,single0,single,v4,g,member,person,34.82142857142857
5,raw,single0,single,v4,g,member,cluster,35.267857142857146
5,raw,single0,single,v4,g,prod,sample,31.963470319634702
5,raw,single0,single,v4,g,prod,person,28.125
5,raw,single0,single,v4,g,prod,cluster,27.853881278538818
5,raw,single1,single,urdu,ng,member,sample,32.291666666666664
5,raw,single1,single,urdu,ng,member,person,27.083333333333332
5,raw,single1,single,urdu,ng,member,cluster,28.125
5,raw,single1,single,urdu,ng,prod,sample,20.833333333333336
5,raw,single1,single,urdu,ng,prod,person,16.666666666666664
5,raw,single1,single,urdu,ng,prod,cluster,18.75
5,raw,single1,single,urdu,g,member,sample,44.791666666666664
5,raw,single1,single,urdu,g,member,person,44.791666666666664
5,raw,single1,single,urdu,g,member,cluster,42.708333333333336
5,raw,single1,single,urdu,g,prod,sample,37.5
5,raw,single1,single,urdu,g,prod,person,33.333333333333336
5,raw,single1,single,urdu,g,prod,cluster,35.78947368421053
5,raw,single1,single,hindi,ng,member,sample,41.66666666666667
5,raw,single1,single,hindi,ng,member,person,34.72222222222222
5,raw,single1,single,hindi,ng,member,cluster,34.02777777777778
5,raw,single1,single,hindi,ng,prod,sample,31.944444444444443
5,raw,single1,single,hindi,ng,prod,person,18.75
5,raw,single1,single,hindi,ng,prod,cluster,20.833333333333336
5,raw,single1,single,english,ng,member,sample,40.17094017094017
5,raw,single1,single,english,ng,member,person,28.936170212765955
5,raw,single1,single,english,ng,member,cluster,30.21276595744681
5,raw,single1,single,english,ng,prod,sample,26.80851063829787
5,raw,single1,single,english,ng,prod,person,17.872340425531917
5,raw,single1,single,english,ng,prod,cluster,19.148936170212767
5,raw,single1,single,english,g,member,sample,46.58119658119658
5,raw,single1,single,english,g,member,person,40.85106382978723
5,raw,single1,single,english,g,member,cluster,43.829787234042556
5,raw,single1,single,english,g,prod,sample,37.87234042553192
5,raw,single1,single,english,g,prod,person,32.05128205128205
5,raw,single1,single,english,g,prod,cluster,32.05128205128205
5,raw,single1,single,v4,ng,member,sample,31.05022831050228
5,raw,single1,single,v4,ng,member,person,23.28767123287672
5,raw,single1,single,v4,ng,member,cluster,25.44642857142857
5,raw,single1,single,v4,ng,prod,sample,22.767857142857142
5,raw,single1,single,v4,ng,prod,person,17.857142857142858
5,raw,single1,single,v4,ng,prod,cluster,18.721461187214615
5,raw,single1,single,v4,g,member,sample,39.726027397260275
5,raw,single1,single,v4,g,member,person,30.593607305936075
5,raw,single1,single,v4,g,member,cluster,30.357142857142854
5,raw,single1,single,v4,g,prod,sample,32.589285714285715
5,raw,single1,single,v4,g,prod,person,28.57142857142857
5,raw,single1,single,v4,g,prod,cluster,28.31050228310502
5,raw,single2,single,urdu,ng,member,sample,31.25
5,raw,single2,single,urdu,ng,member,person,28.125
5,raw,single2,single,urdu,ng,member,cluster,29.166666666666668
5,raw,single2,single,urdu,ng,prod,sample,18.75
5,raw,single2,single,urdu,ng,prod,person,16.666666666666664
5,raw,single2,single,urdu,ng,prod,cluster,18.75
5,raw,single2,single,urdu,g,member,sample,41.05263157894737
5,raw,single2,single,urdu,g,member,person,41.666666666666664
5,raw,single2,single,urdu,g,member,cluster,42.708333333333336
5,raw,single2,single,urdu,g,prod,sample,37.89473684210527
5,raw,single2,single,urdu,g,prod,person,28.421052631578945
5,raw,single2,single,urdu,g,prod,cluster,30.526315789473685
5,raw,single2,single,hindi,ng,member,sample,45.13888888888889
5,raw,single2,single,hindi,ng,member,person,36.11111111111111
5,raw,single2,single,hindi,ng,member,cluster,33.333333333333336
5,raw,single2,single,hindi,ng,prod,sample,30.555555555555557
5,raw,single2,single,hindi,ng,prod,person,18.75
5,raw,single2,single,hindi,ng,prod,cluster,20.833333333333336
5,raw,single2,single,english,ng,member,sample,37.60683760683761
5,raw,single2,single,english,ng,member,person,30.76923076923077
5,raw,single2,single,english,ng,member,cluster,32.47863247863248
5,raw,single2,single,english,ng,prod,sample,26.068376068376065
5,raw,single2,single,english,ng,prod,person,15.81196581196581
5,raw,single2,single,english,ng,prod,cluster,17.02127659574468
5,raw,single2,single,english,g,member,sample,46.58119658119658
5,raw,single2,single,english,g,member,person,44.680851063829785
5,raw,single2,single,english,g,member,cluster,46.58119658119658
5,raw,single2,single,english,g,prod,sample,37.02127659574468
5,raw,single2,single,english,g,prod,person,32.90598290598291
5,raw,single2,single,english,g,prod,cluster,34.04255319148936
5,raw,single2,single,v4,ng,member,sample,29.680365296803657
5,raw,single2,single,v4,ng,member,person,21.428571428571427
5,raw,single2,single,v4,ng,member,cluster,21.428571428571427
5,raw,single2,single,v4,ng,prod,sample,22.374429223744297
5,raw,single2,single,v4,ng,prod,person,16.964285714285715
5,raw,single2,single,v4,ng,prod,cluster,17.410714285714285
5,raw,single2,single,v4,g,member,sample,40.182648401826484
5,raw,single2,single,v4,g,member,person,31.69642857142857
5,raw,single2,single,v4,g,member,cluster,32.42009132420092
5,raw,single2,single,v4,g,prod,sample,33.482142857142854
5,raw,single2,single,v4,g,prod,person,27.397260273972602
5,raw,single2,single,v4,g,prod,cluster,27.232142857142854
5,raw,single3,single,urdu,ng,member,sample,34.375
5,raw,single3,single,urdu,ng,member,person,27.083333333333332
5,raw,single3,single,urdu,ng,member,cluster,29.166666666666668
5,raw,single3,single,urdu,ng,prod,sample,20.833333333333336
5,raw,single3,single,urdu,ng,prod,person,16.666666666666664
5,raw,single3,single,urdu,ng,prod,cluster,18.75
5,raw,single3,single,urdu,g,member,sample,44.21052631578947
5,raw,single3,single,urdu,g,member,person,41.666666666666664
5,raw,single3,single,urdu,g,member,cluster,42.708333333333336
5,raw,single3,single,urdu,g,prod,sample,36.458333333333336
5,raw,single3,single,urdu,g,prod,person,28.421052631578945
5,raw,single3,single,urdu,g,prod,cluster,30.526315789473685
5,raw,single3,single,hindi,ng,member,sample,39.583333333333336
5,raw,single3,single,hindi,ng,member,person,30.555555555555557
5,raw,single3,single,hindi,ng,member,cluster,34.02777777777778
5,raw,single3,single,hindi,ng,prod,sample,28.47222222222222
5,raw,single3,single,hindi,ng,prod,person,17.36111111111111
5,raw,single3,single,hindi,ng,prod,cluster,20.833333333333336
5,raw,single3,single,english,ng,member,sample,38.72340425531915
5,raw,single3,single,english,ng,member,person,30.76923076923077
5,raw,single3,single,english,ng,member,cluster,31.196581196581196
5,raw,single3,single,english,ng,prod,sample,26.80851063829787
5,raw,single3,single,english,ng,prod,person,15.81196581196581
5,raw,single3,single,english,ng,prod,cluster,17.02127659574468
5,raw,single3,single,english,g,member,sample,47.65957446808511
5,raw,single3,single,english,g,member,person,39.743589743589745
5,raw,single3,single,english,g,member,cluster,41.02564102564102
5,raw,single3,single,english,g,prod,sample,39.743589743589745
5,raw,single3,single,english,g,prod,person,31.06382978723404
5,raw,single3,single,english,g,prod,cluster,31.48936170212766
5,raw,single3,single,v4,ng,member,sample,30.357142857142854
5,raw,single3,single,v4,ng,member,person,23.28767123287672
5,raw,single3,single,v4,ng,member,cluster,24.65753424657534
5,raw,single3,single,v4,ng,prod,sample,23.74429223744292
5,raw,single3,single,v4,ng,prod,person,17.410714285714285
5,raw,single3,single,v4,ng,prod,cluster,18.721461187214615
5,raw,single3,single,v4,g,member,sample,38.839285714285715
5,raw,single3,single,v4,g,member,person,33.92857142857143
5,raw,single3,single,v4,g,member,cluster,33.92857142857143
5,raw,single3,single,v4,g,prod,sample,30.357142857142854
5,raw,single3,single,v4,g,prod,person,27.853881278538818
5,raw,single3,single,v4,g,prod,cluster,29.464285714285715
5,raw,single4,single,urdu,ng,member,sample,33.333333333333336
5,raw,single4,single,urdu,ng,member,person,29.166666666666668
5,raw,single4,single,urdu,ng,member,cluster,28.125
5,raw,single4,single,urdu,ng,prod,sample,21.875
5,raw,single4,single,urdu,ng,prod,person,16.666666666666664
5,raw,single4,single,urdu,ng,prod,cluster,18.75
5,raw,single4,single,urdu,g,member,sample,46.31578947368421
5,raw,single4,single,urdu,g,member,person,41.666666666666664
5,raw,single4,single,urdu,g,member,cluster,42.708333333333336
5,raw,single4,single,urdu,g,prod,sample,38.94736842105263
5,raw,single4,single,urdu,g,prod,person,32.291666666666664
5,raw,single4,single,urdu,g,prod,cluster,30.526315789473685
5,raw,single4,single,hindi,ng,member,sample,42.36111111111111
5,raw,single4,single,hindi,ng,member,person,35.41666666666667
5,raw,single4,single,hindi,ng,member,cluster,38.19444444444444
5,raw,single4,single,hindi,ng,prod,sample,31.25
5,raw,single4,single,hindi,ng,prod,person,20.13888888888889
5,raw,single4,single,hindi,ng,prod,cluster,20.833333333333336
5,raw,single4,single,english,ng,member,sample,39.148936170212764
5,raw,single4,single,english,ng,member,person,32.90598290598291
5,raw,single4,single,english,ng,member,cluster,33.191489361702125
5,raw,single4,single,english,ng,prod,sample,27.350427350427353
5,raw,single4,single,english,ng,prod,person,17.02127659574468
5,raw,single4,single,english,ng,prod,cluster,17.521367521367527
5,raw,single4,single,english,g,member,sample,47.43589743589743
5,raw,single4,single,english,g,member,person,44.44444444444444
5,raw,single4,single,english,g,member,cluster,47.008547008547005
5,raw,single4,single,english,g,prod,sample,37.87234042553192
5,raw,single4,single,english,g,prod,person,32.76595744680851
5,raw,single4,single,english,g,prod,cluster,34.04255319148936
5,raw,single4,single,v4,ng,member,sample,29.910714285714285
5,raw,single4,single,v4,ng,member,person,23.28767123287672
5,raw,single4,single,v4,ng,member,cluster,24.553571428571427
5,raw,single4,single,v4,ng,prod,sample,21.91780821917808
5,raw,single4,single,v4,ng,prod,person,17.857142857142858
5,raw,single4,single,v4,ng,prod,cluster,18.303571428571427
5,raw,single4,single,v4,g,member,sample,39.726027397260275
5,raw,single4,single,v4,g,member,person,30.593607305936075
5,raw,single4,single,v4,g,member,cluster,32.42009132420092
5,raw,single4,single,v4,g,prod,sample,30.593607305936075
5,raw,single4,single,v4,g,prod,person,29.464285714285715
5,raw,single4,single,v4,g,prod,cluster,29.22374429223744
5,raw,single5,single,urdu,ng,member,sample,32.29166666666667
5,raw,single5,single,urdu,ng,member,person,28.125
5,raw,single5,single,urdu,ng,member,cluster,27.083333333333336
5,raw,single5,single,urdu,ng,prod,sample,18.75
5,raw,single5,single,urdu,ng,prod,person,15.625
5,raw,single5,single,urdu,ng,prod,cluster,17.708333333333336
5,raw,single5,single,urdu,g,member,sample,42.708333333333336
5,raw,single5,single,urdu,g,member,person,41.666666666666664
5,raw,single5,single,urdu,g,member,cluster,42.708333333333336
5,raw,single5,single,urdu,g,prod,sample,36.458333333333336
5,raw,single5,single,urdu,g,prod,person,25.0
5,raw,single5,single,urdu,g,prod,cluster,29.166666666666664
5,raw,single5,single,hindi,ng,member,sample,44.44444444444444
5,raw,single5,single,hindi,ng,member,person,36.80555555555556
5,raw,single5,single,hindi,ng,member,cluster,34.72222222222222
5,raw,single5,single,hindi,ng,prod,sample,31.944444444444443
5,raw,single5,single,hindi,ng,prod,person,19.444444444444446
5,raw,single5,single,hindi,ng,prod,cluster,24.305555555555554
5,raw,single5,single,english,ng,member,sample,39.148936170212764
5,raw,single5,single,english,ng,member,person,33.191489361702125
5,raw,single5,single,english,ng,member,cluster,33.191489361702125
5,raw,single5,single,english,ng,prod,sample,25.957446808510635
5,raw,single5,single,english,ng,prod,person,17.872340425531917
5,raw,single5,single,english,ng,prod,cluster,20.0
5,raw,single5,single,english,g,member,sample,46.808510638297875
5,raw,single5,single,english,g,member,person,44.01709401709402
5,raw,single5,single,english,g,member,cluster,45.53191489361702
5,raw,single5,single,english,g,prod,sample,38.46153846153846
5,raw,single5,single,english,g,prod,person,33.191489361702125
5,raw,single5,single,english,g,prod,cluster,34.46808510638298
5,raw,single5,single,v4,ng,member,sample,28.125
5,raw,single5,single,v4,ng,member,person,21.875
5,raw,single5,single,v4,ng,member,cluster,22.374429223744297
5,raw,single5,single,v4,ng,prod,sample,22.321428571428573
5,raw,single5,single,v4,ng,prod,person,16.43835616438356
5,raw,single5,single,v4,ng,prod,cluster,17.410714285714285
5,raw,single5,single,v4,g,member,sample,38.392857142857146
5,raw,single5,single,v4,g,member,person,30.136986301369863
5,raw,single5,single,v4,g,member,cluster,30.593607305936075
5,raw,single5,single,v4,g,prod,sample,31.05022831050228
5,raw,single5,single,v4,g,prod,person,28.125
5,raw,single5,single,v4,g,prod,cluster,29.464285714285715
5,raw,single6,single,urdu,ng,member,sample,32.291666666666664
5,raw,single6,single,urdu,ng,member,person,32.29166666666667
5,raw,single6,single,urdu,ng,member,cluster,30.208333333333332
5,raw,single6,single,urdu,ng,prod,sample,19.791666666666664
5,raw,single6,single,urdu,ng,prod,person,16.666666666666664
5,raw,single6,single,urdu,ng,prod,cluster,17.708333333333336
5,raw,single6,single,urdu,g,member,sample,43.75
5,raw,single6,single,urdu,g,member,person,41.666666666666664
5,raw,single6,single,urdu,g,member,cluster,42.708333333333336
5,raw,single6,single,urdu,g,prod,sample,37.5
5,raw,single6,single,urdu,g,prod,person,28.421052631578945
5,raw,single6,single,urdu,g,prod,cluster,35.78947368421053
5,raw,single6,single,hindi,ng,member,sample,40.97222222222222
5,raw,single6,single,hindi,ng,member,person,38.19444444444444
5,raw,single6,single,hindi,ng,member,cluster,37.5
5,raw,single6,single,hindi,ng,prod,sample,30.555555555555557
5,raw,single6,single,hindi,ng,prod,person,16.666666666666664
5,raw,single6,single,hindi,ng,prod,cluster,17.36111111111111
5,raw,single6,single,english,ng,member,sample,39.57446808510638
5,raw,single6,single,english,ng,member,person,28.085106382978726
5,raw,single6,single,english,ng,member,cluster,29.059829059829056
5,raw,single6,single,english,ng,prod,sample,27.23404255319149
5,raw,single6,single,english,ng,prod,person,17.4468085106383
5,raw,single6,single,english,ng,prod,cluster,19.574468085106382
5,raw,single6,single,english,g,member,sample,47.008547008547005
5,raw,single6,single,english,g,member,person,41.702127659574465
5,raw,single6,single,english,g,member,cluster,42.97872340425532
5,raw,single6,single,english,g,prod,sample,37.60683760683761
5,raw,single6,single,english,g,prod,person,35.04273504273504
5,raw,single6,single,english,g,prod,cluster,36.17021276595745
5,raw,single6,single,v4,ng,member,sample,29.680365296803657
5,raw,single6,single,v4,ng,member,person,22.831050228310502
5,raw,single6,single,v4,ng,member,cluster,23.74429223744292
5,raw,single6,single,v4,ng,prod,sample,22.767857142857142
5,raw,single6,single,v4,ng,prod,person,16.964285714285715
5,raw,single6,single,v4,ng,prod,cluster,18.721461187214615
5,raw,single6,single,v4,g,member,sample,39.285714285714285
5,raw,single6,single,v4,g,member,person,30.593607305936075
5,raw,single6,single,v4,g,member,cluster,31.963470319634702
5,raw,single6,single,v4,g,prod,sample,30.80357142857143
5,raw,single6,single,v4,g,prod,person,27.397260273972602
5,raw,single6,single,v4,g,prod,cluster,26.940639269406397
5,raw,single7,single,urdu,ng,member,sample,36.45833333333333
5,raw,single7,single,urdu,ng,member,person,30.208333333333332
5,raw,single7,single,urdu,ng,member,cluster,29.166666666666668
5,raw,single7,single,urdu,ng,prod,sample,22.916666666666664
5,raw,single7,single,urdu,ng,prod,person,15.625
5,raw,single7,single,urdu,ng,prod,cluster,17.708333333333336
5,raw,single7,single,urdu,g,member,sample,46.875
5,raw,single7,single,urdu,g,member,person,41.666666666666664
5,raw,single7,single,urdu,g,member,cluster,42.708333333333336
5,raw,single7,single,urdu,g,prod,sample,35.78947368421053
5,raw,single7,single,urdu,g,prod,person,28.421052631578945
5,raw,single7,single,urdu,g,prod,cluster,30.208333333333336
5,raw,single7,single,hindi,ng,member,sample,39.58333333333333
5,raw,single7,single,hindi,ng,member,person,37.5
5,raw,single7,single,hindi,ng,member,cluster,34.02777777777778
5,raw,single7,single,hindi,ng,prod,sample,30.555555555555557
5,raw,single7,single,hindi,ng,prod,person,18.055555555555554
5,raw,single7,single,hindi,ng,prod,cluster,19.444444444444446
5,raw,single7,single,english,ng,member,sample,39.31623931623932
5,raw,single7,single,english,ng,member,person,33.76068376068376
5,raw,single7,single,english,ng,member,cluster,33.333333333333336
5,raw,single7,single,english,ng,prod,sample,26.923076923076927
5,raw,single7,single,english,ng,prod,person,17.4468085106383
5,raw,single7,single,english,ng,prod,cluster,18.803418803418804
5,raw,single7,single,english,g,member,sample,46.808510638297875
5,raw,single7,single,english,g,member,person,39.743589743589745
5,raw,single7,single,english,g,member,cluster,41.45299145299145
5,raw,single7,single,english,g,prod,sample,37.17948717948718
5,raw,single7,single,english,g,prod,person,32.47863247863248
5,raw,single7,single,english,g,prod,cluster,32.90598290598291
5,raw,single7,single,v4,ng,member,sample,29.910714285714285
5,raw,single7,single,v4,ng,member,person,21.428571428571427
5,raw,single7,single,v4,ng,member,cluster,22.321428571428573
5,raw,single7,single,v4,ng,prod,sample,23.660714285714285
5,raw,single7,single,v4,ng,prod,person,17.857142857142858
5,raw,single7,single,v4,ng,prod,cluster,18.721461187214615
5,raw,single7,single,v4,g,member,sample,38.35616438356164
5,raw,single7,single,v4,g,member,person,33.482142857142854
5,raw,single7,single,v4,g,member,cluster,34.82142857142857
5,raw,single7,single,v4,g,prod,sample,32.589285714285715
5,raw,single7,single,v4,g,prod,person,29.017857142857146
5,raw,single7,single,v4,g,prod,cluster,29.464285714285715
5,raw,single8,single,urdu,ng,member,sample,33.333333333333336
5,raw,single8,single,urdu,ng,member,person,30.208333333333332
5,raw,single8,single,urdu,ng,member,cluster,29.166666666666668
5,raw,single8,single,urdu,ng,prod,sample,18.75
5,raw,single8,single,urdu,ng,prod,person,16.666666666666664
5,raw,single8,single,urdu,ng,prod,cluster,18.75
5,raw,single8,single,urdu,g,member,sample,46.31578947368421
5,raw,single8,single,urdu,g,member,person,42.10526315789473
5,raw,single8,single,urdu,g,member,cluster,42.708333333333336
5,raw,single8,single,urdu,g,prod,sample,37.5
5,raw,single8,single,urdu,g,prod,person,30.526315789473685
5,raw,single8,single,urdu,g,prod,cluster,29.47368421052631
5,raw,single8,single,hindi,ng,member,sample,45.13888888888889
5,raw,single8,single,hindi,ng,member,person,35.41666666666667
5,raw,single8,single,hindi,ng,member,cluster,34.72222222222222
5,raw,single8,single,hindi,ng,prod,sample,31.944444444444443
5,raw,single8,single,hindi,ng,prod,person,20.833333333333336
5,raw,single8,single,hindi,ng,prod,cluster,20.833333333333336
5,raw,single8,single,english,ng,member,sample,37.87234042553192
5,raw,single8,single,english,ng,member,person,32.76595744680851
5,raw,single8,single,english,ng,member,cluster,32.340425531914896
5,raw,single8,single,english,ng,prod,sample,26.923076923076927
5,raw,single8,single,english,ng,prod,person,17.4468085106383
5,raw,single8,single,english,ng,prod,cluster,18.803418803418804
5,raw,single8,single,english,g,member,sample,45.95744680851064
5,raw,single8,single,english,g,member,person,43.162393162393165
5,raw,single8,single,english,g,member,cluster,44.44444444444444
5,raw,single8,single,english,g,prod,sample,38.297872340425535
5,raw,single8,single,english,g,prod,person,31.62393162393162
5,raw,single8,single,english,g,prod,cluster,33.61702127659574
5,raw,single8,single,v4,ng,member,sample,31.69642857142857
5,raw,single8,single,v4,ng,member,person,21.91780821917808
5,raw,single8,single,v4,ng,member,cluster,23.74429223744292
5,raw,single8,single,v4,ng,prod,sample,23.660714285714285
5,raw,single8,single,v4,ng,prod,person,18.75
5,raw,single8,single,v4,ng,prod,cluster,20.089285714285715
5,raw,single8,single,v4,g,member,sample,37.5
5,raw,single8,single,v4,g,member,person,33.333333333333336
5,raw,single8,single,v4,g,member,cluster,34.375
5,raw,single8,single,v4,g,prod,sample,32.142857142857146
5,raw,single8,single,v4,g,prod,person,26.027397260273975
5,raw,single8,single,v4,g,prod,cluster,25.570776255707763
5,raw,single9,single,urdu,ng,member,sample,33.33333333333333
5,raw,single9,single,urdu,ng,member,person,26.041666666666668
5,raw,single9,single,urdu,ng,member,cluster,27.083333333333336
5,raw,single9,single,urdu,ng,prod,sample,20.833333333333336
5,raw,single9,single,urdu,ng,prod,person,16.666666666666664
5,raw,single9,single,urdu,ng,prod,cluster,18.75
5,raw,single9,single,urdu,g,member,sample,47.916666666666664
5,raw,single9,single,urdu,g,member,person,41.666666666666664
5,raw,single9,single,urdu,g,member,cluster,42.708333333333336
5,raw,single9,single,urdu,g,prod,sample,37.89473684210527
5,raw,single9,single,urdu,g,prod,person,28.421052631578945
5,raw,single9,single,urdu,g,prod,cluster,29.166666666666664
5,raw,single9,single,hindi,ng,member,sample,43.05555555555556
5,raw,single9,single,hindi,ng,member,person,38.88888888888889
5,raw,single9,single,hindi,ng,member,cluster,34.72222222222222
5,raw,single9,single,hindi,ng,prod,sample,31.944444444444443
5,raw,single9,single,hindi,ng,prod,person,18.055555555555554
5,raw,single9,single,hindi,ng,prod,cluster,21.52777777777778
5,raw,single9,single,english,ng,member,sample,36.59574468085106
5,raw,single9,single,english,ng,member,person,31.06382978723404
5,raw,single9,single,english,ng,member,cluster,30.341880341880344
5,raw,single9,single,english,ng,prod,sample,26.068376068376065
5,raw,single9,single,english,ng,prod,person,17.4468085106383
5,raw,single9,single,english,ng,prod,cluster,19.574468085106382
5,raw,single9,single,english,g,member,sample,50.212765957446805
5,raw,single9,single,english,g,member,person,43.58974358974359
5,raw,single9,single,english,g,member,cluster,45.95744680851064
5,raw,single9,single,english,g,prod,sample,38.888888888888886
5,raw,single9,single,english,g,prod,person,35.319148936170215
5,raw,single9,single,english,g,prod,cluster,34.46808510638298
5,raw,single9,single,v4,ng,member,sample,28.57142857142857
5,raw,single9,single,v4,ng,member,person,22.321428571428573
5,raw,single9,single,v4,ng,member,cluster,23.214285714285715
5,raw,single9,single,v4,ng,prod,sample,22.831050228310502
5,raw,single9,single,v4,ng,prod,person,17.857142857142858
5,raw,single9,single,v4,ng,prod,cluster,18.721461187214615
5,raw,single9,single,v4,g,member,sample,36.5296803652968
5,raw,single9,single,v4,g,member,person,30.80357142857143
5,raw,single9,single,v4,g,member,cluster,31.69642857142857
5,raw,single9,single,v4,g,prod,sample,31.506849315068497
5,raw,single9,single,v4,g,prod,person,25.44642857142857
5,raw,single9,single,v4,g,prod,cluster,26.48401826484018
5,raw,ens5a,ens,urdu,ng,member,sample,32.29166666666667
5,raw,ens5a,ens,urdu,ng,member,person,28.125
5,raw,ens5a,ens,urdu,ng,member,cluster,29.166666666666668
5,raw,ens5a,ens,urdu,ng,prod,sample,20.833333333333336
5,raw,ens5a,ens,urdu,ng,prod,person,16.666666666666664
5,raw,ens5a,ens,urdu,ng,prod,cluster,18.75
5,raw,ens5a,ens,urdu,g,member,sample,43.75
5,raw,ens5a,ens,urdu,g,member,person,41.666666666666664
5,raw,ens5a,ens,urdu,g,member,cluster,42.708333333333336
5,raw,ens5a,ens,urdu,g,prod,sample,36.84210526315789
5,raw,ens5a,ens,urdu,g,prod,person,28.421052631578945
5,raw,ens5a,ens,urdu,g,prod,cluster,32.631578947368425
5,raw,ens5a,ens,hindi,ng,member,sample,40.97222222222222
5,raw,ens5a,ens,hindi,ng,member,person,36.11111111111111
5,raw,ens5a,ens,hindi,ng,member,cluster,34.02777777777778
5,raw,ens5a,ens,hindi,ng,prod,sample,30.555555555555557
5,raw,ens5a,ens,hindi,ng,prod,person,17.36111111111111
5,raw,ens5a,ens,hindi,ng,prod,cluster,20.833333333333336
5,raw,ens5a,ens,english,ng,member,sample,38.72340425531915
5,raw,ens5a,ens,english,ng,member,person,28.936170212765955
5,raw,ens5a,ens,english,ng,member,cluster,29.91452991452992
5,raw,ens5a,ens,english,ng,prod,sample,25.106382978723403
5,raw,ens5a,ens,english,ng,prod,person,16.170212765957448
5,raw,ens5a,ens,english,ng,prod,cluster,17.4468085106383
5,raw,ens5a,ens,english,g,member,sample,46.808510638297875
5,raw,ens5a,ens,english,g,member,person,43.40425531914894
5,raw,ens5a,ens,english,g,member,cluster,45.299145299145295
5,raw,ens5a,ens,english,g,prod,sample,38.297872340425535
5,raw,ens5a,ens,english,g,prod,person,32.90598290598291
5,raw,ens5a,ens,english,g,prod,cluster,32.76595744680851
5,raw,ens5a,ens,v4,ng,member,sample,30.80357142857143
5,raw,ens5a,ens,v4,ng,member,person,23.28767123287672
5,raw,ens5a,ens,v4,ng,member,cluster,24.65753424657534
5,raw,ens5a,ens,v4,ng,prod,sample,22.767857142857142
5,raw,ens5a,ens,v4,ng,prod,person,17.410714285714285
5,raw,ens5a,ens,v4,ng,prod,cluster,18.721461187214615
5,raw,ens5a,ens,v4,g,member,sample,37.44292237442922
5,raw,ens5a,ens,v4,g,member,person,30.593607305936075
5,raw,ens5a,ens,v4,g,member,cluster,32.42009132420092
5,raw,ens5a,ens,v4,g,prod,sample,31.25
5,raw,ens5a,ens,v4,g,prod,person,27.67857142857143
5,raw,ens5a,ens,v4,g,prod,cluster,28.31050228310502
5,raw,ens5b,ens,urdu,ng,member,sample,33.33333333333333
5,raw,ens5b,ens,urdu,ng,member,person,29.166666666666668
5,raw,ens5b,ens,urdu,ng,member,cluster,29.166666666666668
5,raw,ens5b,ens,urdu,ng,prod,sample,19.791666666666664
5,raw,ens5b,ens,urdu,ng,prod,person,16.666666666666664
5,raw,ens5b,ens,urdu,ng,prod,cluster,18.75
5,raw,ens5b,ens,urdu,g,member,sample,44.21052631578947
5,raw,ens5b,ens,urdu,g,member,person,41.666666666666664
5,raw,ens5b,ens,urdu,g,member,cluster,42.708333333333336
5,raw,ens5b,ens,urdu,g,prod,sample,35.78947368421053
5,raw,ens5b,ens,urdu,g,prod,person,28.421052631578945
5,raw,ens5b,ens,urdu,g,prod,cluster,30.526315789473685
5,raw,ens5b,ens,hindi,ng,member,sample,43.05555555555556
5,raw,ens5b,ens,hindi,ng,member,person,36.80555555555556
5,raw,ens5b,ens,hindi,ng,member,cluster,33.333333333333336
5,raw,ens5b,ens,hindi,ng,prod,sample,31.944444444444443
5,raw,ens5b,ens,hindi,ng,prod,person,18.055555555555554
5,raw,ens5b,ens,hindi,ng,prod,cluster,20.833333333333336
5,raw,ens5b,ens,english,ng,member,sample,38.46153846153846
5,raw,ens5b,ens,english,ng,member,person,32.340425531914896
5,raw,ens5b,ens,english,ng,member,cluster,31.914893617021278
5,raw,ens5b,ens,english,ng,prod,sample,26.923076923076927
5,raw,ens5b,ens,english,ng,prod,person,17.4468085106383
5,raw,ens5b,ens,english,ng,prod,cluster,18.803418803418804
5,raw,ens5b,ens,english,g,member,sample,46.58119658119658
5,raw,ens5b,ens,english,g,member,person,43.162393162393165
5,raw,ens5b,ens,english,g,member,cluster,44.44444444444444
5,raw,ens5b,ens,english,g,prod,sample,38.46153846153846
5,raw,ens5b,ens,english,g,prod,person,33.61702127659574
5,raw,ens5b,ens,english,g,prod,cluster,33.191489361702125
5,raw,ens5b,ens,v4,ng,member,sample,29.017857142857146
5,raw,ens5b,ens,v4,ng,member,person,21.875
5,raw,ens5b,ens,v4,ng,member,cluster,22.831050228310502
5,raw,ens5b,ens,v4,ng,prod,sample,22.831050228310502
5,raw,ens5b,ens,v4,ng,prod,person,17.857142857142858
5,raw,ens5b,ens,v4,ng,prod,cluster,18.721461187214615
5,raw,ens5b,ens,v4,g,member,sample,38.81278538812786
5,raw,ens5b,ens,v4,g,member,person,30.593607305936075
5,raw,ens5b,ens,v4,g,member,cluster,31.25
5,raw,ens5b,ens,v4,g,prod,sample,30.136986301369863
5,raw,ens5b,ens,v4,g,prod,person,25.570776255707763
5,raw,ens5b,ens,v4,g,prod,cluster,27.232142857142854
5,raw,ens10,ens,urdu,ng,member,sample,32.29166666666667
5,raw,ens10,ens,urdu,ng,member,person,29.166666666666668
5,raw,ens10,ens,urdu,ng,member,cluster,28.125
5,raw,ens10,ens,urdu,ng,prod,sample,19.791666666666664
5,raw,ens10,ens,urdu,ng,prod,person,16.666666666666664
5,raw,ens10,ens,urdu,ng,prod,cluster,18.75
5,raw,ens10,ens,urdu,g,member,sample,43.15789473684211
5,raw,ens10,ens,urdu,g,member,person,41.666666666666664
5,raw,ens10,ens,urdu,g,member,cluster,42.708333333333336
5,raw,ens10,ens,urdu,g,prod,sample,36.84210526315789
5,raw,ens10,ens,urdu,g,prod,person,28.421052631578945
5,raw,ens10,ens,urdu,g,prod,cluster,32.291666666666664
5,raw,ens10,ens,hindi,ng,member,sample,41.66666666666667
5,raw,ens10,ens,hindi,ng,member,person,37.5
5,raw,ens10,ens,hindi,ng,member,cluster,34.02777777777778
5,raw,ens10,ens,hindi,ng,prod,sample,31.25
5,raw,ens10,ens,hindi,ng,prod,person,18.055555555555554
5,raw,ens10,ens,hindi,ng,prod,cluster,20.833333333333336
5,raw,ens10,ens,english,ng,member,sample,37.60683760683761
5,raw,ens10,ens,english,ng,member,person,30.76923076923077
5,raw,ens10,ens,english,ng,member,cluster,30.21276595744681
5,raw,ens10,ens,english,ng,prod,sample,26.49572649572649
5,raw,ens10,ens,english,ng,prod,person,17.02127659574468
5,raw,ens10,ens,english,ng,prod,cluster,19.148936170212767
5,raw,ens10,ens,english,g,member,sample,46.808510638297875
5,raw,ens10,ens,english,g,member,person,43.162393162393165
5,raw,ens10,ens,english,g,member,cluster,44.44444444444444
5,raw,ens10,ens,english,g,prod,sample,38.297872340425535
5,raw,ens10,ens,english,g,prod,person,32.76595744680851
5,raw,ens10,ens,english,g,prod,cluster,32.76595744680851
5,raw,ens10,ens,v4,ng,member,sample,30.357142857142854
5,raw,ens10,ens,v4,ng,member,person,23.28767123287672
5,raw,ens10,ens,v4,ng,member,cluster,24.65753424657534
5,raw,ens10,ens,v4,ng,prod,sample,23.214285714285715
5,raw,ens10,ens,v4,ng,prod,person,18.75
5,raw,ens10,ens,v4,ng,prod,cluster,18.721461187214615
5,raw,ens10,ens,v4,g,member,sample,37.94642857142857
5,raw,ens10,ens,v4,g,member,person,28.767123287671236
5,raw,ens10,ens,v4,g,member,cluster,30.593607305936075
5,raw,ens10,ens,v4,g,prod,sample,30.80357142857143
5,raw,ens10,ens,v4,g,prod,person,26.339285714285715
5,raw,ens10,ens,v4,g,prod,cluster,27.853881278538818
5,avg,single0,single,urdu,ng,member,sample,33.33333333333333
5,avg,single0,single,urdu,ng,member,person,28.125
5,avg,single0,single,urdu,ng,member,cluster,28.125
5,avg,single0,single,urdu,ng,prod,sample,21.875
5,avg,single0,single,urdu,ng,prod,person,16.666666666666664
5,avg,single0,single,urdu,ng,prod,cluster,18.75
5,avg,single0,single,urdu,g,member,sample,44.21052631578947
5,avg,single0,single,urdu,g,member,person,41.666666666666664
5,avg,single0,single,urdu,g,member,cluster,42.708333333333336
5,avg,single0,single,urdu,g,prod,sample,38.94736842105263
5,avg,single0,single,urdu,g,prod,person,28.421052631578945
5,avg,single0,single,urdu,g,prod,cluster,35.78947368421053
5,avg,single0,single,hindi,ng,member,sample,41.66666666666667
5,avg,single0,single,hindi,ng,member,person,33.33333333333333
5,avg,single0,single,hindi,ng,member,cluster,31.944444444444443
5,avg,single0,single,hindi,ng,prod,sample,29.861111111111114
5,avg,single0,single,hindi,ng,prod,person,18.75
5,avg,single0,single,hindi,ng,prod,cluster,20.13888888888889
5,avg,single0,single,english,ng,member,sample,37.4468085106383
5,avg,single0,single,english,ng,member,person,29.361702127659573
5,avg,single0,single,english,ng,member,cluster,27.350427350427353
5,avg,single0,single,english,ng,prod,sample,26.068376068376065
5,avg,single0,single,english,ng,prod,person,17.4468085106383
5,avg,single0,single,english,ng,prod,cluster,18.29787234042553
5,avg,single0,single,english,g,member,sample,47.43589743589743
5,avg,single0,single,english,g,member,person,43.58974358974359
5,avg,single0,single,english,g,member,cluster,44.87179487179487
5,avg,single0,single,english,g,prod,sample,37.60683760683761
5,avg,single0,single,english,g,prod,person,32.76595744680851
5,avg,single0,single,english,g,prod,cluster,33.191489361702125
5,avg,single0,single,v4,ng,member,sample,31.69642857142857
5,avg,single0,single,v4,ng,member,person,23.28767123287672
5,avg,single0,single,v4,ng,member,cluster,24.553571428571427
5,avg,single0,single,v4,ng,prod,sample,22.831050228310502
5,avg,single0,single,v4,ng,prod,person,16.43835616438356
5,avg,single0,single,v4,ng,prod,cluster,16.964285714285715
5,avg,single0,single,v4,g,member,sample,40.17857142857143
5,avg,single0,single,v4,g,member,person,34.82142857142857
5,avg,single0,single,v4,g,member,cluster,35.61643835616438
5,avg,single0,single,v4,g,prod,sample,31.963470319634702
5,avg,single0,single,v4,g,prod,person,28.125
5,avg,single0,single,v4,g,prod,cluster,27.853881278538818
5,avg,single1,single,urdu,ng,member,sample,32.291666666666664
5,avg,single1,single,urdu,ng,member,person,29.166666666666668
5,avg,single1,single,urdu,ng,member,cluster,28.125
5,avg,single1,single,urdu,ng,prod,sample,20.833333333333336
5,avg,single1,single,urdu,ng,prod,person,16.666666666666664
5,avg,single1,single,urdu,ng,prod,cluster,18.75
5,avg,single1,single,urdu,g,member,sample,45.26315789473684
5,avg,single1,single,urdu,g,member,person,45.26315789473684
5,avg,single1,single,urdu,g,member,cluster,42.708333333333336
5,avg,single1,single,urdu,g,prod,sample,37.5
5,avg,single1,single,urdu,g,prod,person,33.333333333333336
5,avg,single1,single,urdu,g,prod,cluster,35.78947368421053
5,avg,single1,single,hindi,ng,member,sample,41.666666666666664
5,avg,single1,single,hindi,ng,member,person,34.02777777777778
5,avg,single1,single,hindi,ng,member,cluster,34.02777777777778
5,avg,single1,single,hindi,ng,prod,sample,31.944444444444443
5,avg,single1,single,hindi,ng,prod,person,18.75
5,avg,single1,single,hindi,ng,prod,cluster,21.52777777777778
5,avg,single1,single,english,ng,member,sample,40.17094017094017
5,avg,single1,single,english,ng,member,person,29.78723404255319
5,avg,single1,single,english,ng,member,cluster,30.638297872340424
5,avg,single1,single,english,ng,prod,sample,26.923076923076927
5,avg,single1,single,english,ng,prod,person,17.872340425531917
5,avg,single1,single,english,ng,prod,cluster,18.803418803418804
5,avg,single1,single,english,g,member,sample,47.23404255319149
5,avg,single1,single,english,g,member,person,42.12765957446808
5,avg,single1,single,english,g,member,cluster,43.829787234042556
5,avg,single1,single,english,g,prod,sample,38.034188034188034
5,avg,single1,single,english,g,prod,person,32.05128205128205
5,avg,single1,single,english,g,prod,cluster,32.05128205128205
5,avg,single1,single,v4,ng,member,sample,31.506849315068497
5,avg,single1,single,v4,ng,member,person,23.28767123287672
5,avg,single1,single,v4,ng,member,cluster,25.114155251141558
5,avg,single1,single,v4,ng,prod,sample,22.767857142857142
5,avg,single1,single,v4,ng,prod,person,18.2648401826484
5,avg,single1,single,v4,ng,prod,cluster,18.721461187214615
5,avg,single1,single,v4,g,member,sample,39.285714285714285
5,avg,single1,single,v4,g,member,person,32.87671232876712
5,avg,single1,single,v4,g,member,cluster,33.035714285714285
5,avg,single1,single,v4,g,prod,sample,32.87671232876712
5,avg,single1,single,v4,g,prod,person,28.767123287671236
5,avg,single1,single,v4,g,prod,cluster,28.31050228310502
5,avg,single2,single,urdu,ng,member,sample,30.208333333333336
5,avg,single2,single,urdu,ng,member,person,28.125
5,avg,single2,single,urdu,ng,member,cluster,29.166666666666668
5,avg,single2,single,urdu,ng,prod,sample,18.75
5,avg,single2,single,urdu,ng,prod,person,16.666666666666664
5,avg,single2,single,urdu,ng,prod,cluster,18.75
5,avg,single2,single,urdu,g,member,sample,40.625
5,avg,single2,single,urdu,g,member,person,41.666666666666664
5,avg,single2,single,urdu,g,member,cluster,42.708333333333336
5,avg,single2,single,urdu,g,prod,sample,38.541666666666664
5,avg,single2,single,urdu,g,prod,person,28.125
5,avg,single2,single,urdu,g,prod,cluster,31.57894736842105
5,avg,single2,single,hindi,ng,member,sample,44.44444444444444
5,avg,single2,single,hindi,ng,member,person,36.80555555555556
5,avg,single2,single,hindi,ng,member,cluster,34.72222222222222
5,avg,single2,single,hindi,ng,prod,sample,30.555555555555557
5,avg,single2,single,hindi,ng,prod,person,18.75
5,avg,single2,single,hindi,ng,prod,cluster,20.833333333333336
5,avg,single2,single,english,ng,member,sample,37.17948717948718
5,avg,single2,single,english,ng,member,person,30.76923076923077
5,avg,single2,single,english,ng,member,cluster,32.47863247863248
5,avg,single2,single,english,ng,prod,sample,26.49572649572649
5,avg,single2,single,english,ng,prod,person,15.81196581196581
5,avg,single2,single,english,ng,prod,cluster,17.02127659574468
5,avg,single2,single,english,g,member,sample,45.95744680851064
5,avg,single2,single,english,g,member,person,44.25531914893617
5,avg,single2,single,english,g,member,cluster,45.53191489361702
5,avg,single2,single,english,g,prod,sample,37.02127659574468
5,avg,single2,single,english,g,prod,person,33.191489361702125
5,avg,single2,single,english,g,prod,cluster,34.46808510638298
5,avg,single2,single,v4,ng,member,sample,30.136986301369863
5,avg,single2,single,v4,ng,member,person,21.875
5,avg,single2,single,v4,ng,member,cluster,21.875
5,avg,single2,single,v4,ng,prod,sample,22.374429223744297
5,avg,single2,single,v4,ng,prod,person,17.808219178082197
5,avg,single2,single,v4,ng,prod,cluster,17.857142857142858
5,avg,single2,single,v4,g,member,sample,40.182648401826484
5,avg,single2,single,v4,g,member,person,32.142857142857146
5,avg,single2,single,v4,g,member,cluster,32.42009132420092
5,avg,single2,single,v4,g,prod,sample,33.035714285714285
5,avg,single2,single,v4,g,prod,person,27.67857142857143
5,avg,single2,single,v4,g,prod,cluster,28.125
5,avg,single3,single,urdu,ng,member,sample,34.375
5,avg,single3,single,urdu,ng,member,person,27.083333333333332
5,avg,single3,single,urdu,ng,member,cluster,29.166666666666668
5,avg,single3,single,urdu,ng,prod,sample,20.833333333333336
5,avg,single3,single,urdu,ng,prod,person,16.666666666666664
5,avg,single3,single,urdu,ng,prod,cluster,18.75
5,avg,single3,single,urdu,g,member,sample,44.21052631578947
5,avg,single3,single,urdu,g,member,person,41.666666666666664
5,avg,single3,single,urdu,g,member,cluster,42.708333333333336
5,avg,single3,single,urdu,g,prod,sample,36.458333333333336
5,avg,single3,single,urdu,g,prod,person,28.421052631578945
5,avg,single3,single,urdu,g,prod,cluster,32.631578947368425
5,avg,single3,single,hindi,ng,member,sample,40.27777777777778
5,avg,single3,single,hindi,ng,member,person,32.63888888888889
5,avg,single3,single,hindi,ng,member,cluster,34.02777777777778
5,avg,single3,single,hindi,ng,prod,sample,28.47222222222222
5,avg,single3,single,hindi,ng,prod,person,16.666666666666664
5,avg,single3,single,hindi,ng,prod,cluster,20.833333333333336
5,avg,single3,single,english,ng,member,sample,38.297872340425535
5,avg,single3,single,english,ng,member,person,30.76923076923077
5,avg,single3,single,english,ng,member,cluster,31.06382978723404
5,avg,single3,single,english,ng,prod,sample,26.923076923076927
5,avg,single3,single,english,ng,prod,person,16.170212765957448
5,avg,single3,single,english,ng,prod,cluster,16.595744680851062
5,avg,single3,single,english,g,member,sample,47.23404255319149
5,avg,single3,single,english,g,member,person,39.743589743589745
5,avg,single3,single,english,g,member,cluster,41.02564102564102
5,avg,single3,single,english,g,prod,sample,39.743589743589745
5,avg,single3,single,english,g,prod,person,31.48936170212766
5,avg,single3,single,english,g,prod,cluster,31.48936170212766
5,avg,single3,single,v4,ng,member,sample,30.357142857142854
5,avg,single3,single,v4,ng,member,person,24.107142857142858
5,avg,single3,single,v4,ng,member,cluster,24.65753424657534
5,avg,single3,single,v4,ng,prod,sample,23.28767123287672
5,avg,single3,single,v4,ng,prod,person,16.43835616438356
5,avg,single3,single,v4,ng,prod,cluster,17.808219178082197
5,avg,single3,single,v4,g,member,sample,39.732142857142854
5,avg,single3,single,v4,g,member,person,33.789954337899545
5,avg,single3,single,v4,g,member,cluster,32.87671232876712
5,avg,single3,single,v4,g,prod,sample,30.593607305936075
5,avg,single3,single,v4,g,prod,person,27.397260273972602
5,avg,single3,single,v4,g,prod,cluster,29.017857142857146
5,avg,single4,single,urdu,ng,member,sample,33.333333333333336
5,avg,single4,single,urdu,ng,member,person,29.166666666666668
5,avg,single4,single,urdu,ng,member,cluster,29.166666666666664
5,avg,single4,single,urdu,ng,prod,sample,21.875
5,avg,single4,single,urdu,ng,prod,person,16.666666666666664
5,avg,single4,single,urdu,ng,prod,cluster,18.75
5,avg,single4,single,urdu,g,member,sample,46.31578947368421
5,avg,single4,single,urdu,g,member,person,41.666666666666664
5,avg,single4,single,urdu,g,member,cluster,42.708333333333336
5,avg,single4,single,urdu,g,prod,sample,38.94736842105263
5,avg,single4,single,urdu,g,prod,person,33.333333333333336
5,avg,single4,single,urdu,g,prod,cluster,30.526315789473685
5,avg,single4,single,hindi,ng,member,sample,41.66666666666667
5,avg,single4,single,hindi,ng,member,person,34.72222222222222
5,avg,single4,single,hindi,ng,member,cluster,38.19444444444444
5,avg,single4,single,hindi,ng,prod,sample,31.25
5,avg,single4,single,hindi,ng,prod,person,20.13888888888889
5,avg,single4,single,hindi,ng,prod,cluster,20.833333333333336
5,avg,single4,single,english,ng,member,sample,39.743589743589745
5,avg,single4,single,english,ng,member,person,32.340425531914896
5,avg,single4,single,english,ng,member,cluster,32.76595744680851
5,avg,single4,single,english,ng,prod,sample,27.659574468085108
5,avg,single4,single,english,ng,prod,person,16.666666666666664
5,avg,single4,single,english,ng,prod,cluster,17.521367521367527
5,avg,single4,single,english,g,member,sample,47.86324786324786
5,avg,single4,single,english,g,member,person,44.44444444444444
5,avg,single4,single,english,g,member,cluster,46.38297872340426
5,avg,single4,single,english,g,prod,sample,38.46153846153846
5,avg,single4,single,english,g,prod,person,33.191489361702125
5,avg,single4,single,english,g,prod,cluster,34.04255319148936
5,avg,single4,single,v4,ng,member,sample,29.680365296803657
5,avg,single4,single,v4,ng,member,person,23.28767123287672
5,avg,single4,single,v4,ng,member,cluster,23.660714285714285
5,avg,single4,single,v4,ng,prod,sample,22.374429223744297
5,avg,single4,single,v4,ng,prod,person,17.857142857142858
5,avg,single4,single,v4,ng,prod,cluster,18.303571428571427
5,avg,single4,single,v4,g,member,sample,40.17857142857143
5,avg,single4,single,v4,g,member,person,30.593607305936075
5,avg,single4,single,v4,g,member,cluster,32.42009132420092
5,avg,single4,single,v4,g,prod,sample,30.357142857142854
5,avg,single4,single,v4,g,prod,person,29.22374429223744
5,avg,single4,single,v4,g,prod,cluster,29.22374429223744
5,avg,single5,single,urdu,ng,member,sample,32.291666666666664
5,avg,single5,single,urdu,ng,member,person,30.208333333333332
5,avg,single5,single,urdu,ng,member,cluster,29.166666666666668
5,avg,single5,single,urdu,ng,prod,sample,18.75
5,avg,single5,single,urdu,ng,prod,person,15.625
5,avg,single5,single,urdu,ng,prod,cluster,17.708333333333336
5,avg,single5,single,urdu,g,member,sample,42.10526315789473
5,avg,single5,single,urdu,g,member,person,41.666666666666664
5,avg,single5,single,urdu,g,member,cluster,42.708333333333336
5,avg,single5,single,urdu,g,prod,sample,35.416666666666664
5,avg,single5,single,urdu,g,prod,person,25.0
5,avg,single5,single,urdu,g,prod,cluster,29.166666666666664
5,avg,single5,single,hindi,ng,member,sample,44.44444444444444
5,avg,single5,single,hindi,ng,member,person,36.80555555555556
5,avg,single5,single,hindi,ng,member,cluster,34.72222222222222
5,avg,single5,single,hindi,ng,prod,sample,31.944444444444443
5,avg,single5,single,hindi,ng,prod,person,18.75
5,avg,single5,single,hindi,ng,prod,cluster,23.611111111111114
5,avg,single5,single,english,ng,member,sample,38.888888888888886
5,avg,single5,single,english,ng,member,person,32.76595744680851
5,avg,single5,single,english,ng,member,cluster,32.90598290598291
5,avg,single5,single,english,ng,prod,sample,26.49572649572649
5,avg,single5,single,english,ng,prod,person,17.948717948717952
5,avg,single5,single,english,ng,prod,cluster,20.0
5,avg,single5,single,english,g,member,sample,46.808510638297875
5,avg,single5,single,english,g,member,person,44.44444444444444
5,avg,single5,single,english,g,member,cluster,46.58119658119658
5,avg,single5,single,english,g,prod,sample,38.72340425531915
5,avg,single5,single,english,g,prod,person,32.90598290598291
5,avg,single5,single,english,g,prod,cluster,34.46808510638298
5,avg,single5,single,v4,ng,member,sample,28.31050228310502
5,avg,single5,single,v4,ng,member,person,21.875
5,avg,single5,single,v4,ng,member,cluster,22.374429223744297
5,avg,single5,single,v4,ng,prod,sample,22.767857142857142
5,avg,single5,single,v4,ng,prod,person,16.43835616438356
5,avg,single5,single,v4,ng,prod,cluster,17.410714285714285
5,avg,single5,single,v4,g,member,sample,38.392857142857146
5,avg,single5,single,v4,g,member,person,31.963470319634702
5,avg,single5,single,v4,g,member,cluster,31.963470319634702
5,avg,single5,single,v4,g,prod,sample,31.69642857142857
5,avg,single5,single,v4,g,prod,person,28.57142857142857
5,avg,single5,single,v4,g,prod,cluster,29.017857142857146
5,avg,single6,single,urdu,ng,member,sample,32.29166666666667
5,avg,single6,single,urdu,ng,member,person,32.29166666666667
5,avg,single6,single,urdu,ng,member,cluster,30.208333333333336
5,avg,single6,single,urdu,ng,prod,sample,20.833333333333336
5,avg,single6,single,urdu,ng,prod,person,16.666666666666664
5,avg,single6,single,urdu,ng,prod,cluster,17.708333333333336
5,avg,single6,single,urdu,g,member,sample,43.75
5,avg,single6,single,urdu,g,member,person,42.10526315789473
5,avg,single6,single,urdu,g,member,cluster,42.708333333333336
5,avg,single6,single,urdu,g,prod,sample,37.5
5,avg,single6,single,urdu,g,prod,person,28.421052631578945
5,avg,single6,single,urdu,g,prod,cluster,34.73684210526316
5,avg,single6,single,hindi,ng,member,sample,40.27777777777778
5,avg,single6,single,hindi,ng,member,person,37.5
5,avg,single6,single,hindi,ng,member,cluster,34.72222222222222
5,avg,single6,single,hindi,ng,prod,sample,31.25
5,avg,single6,single,hindi,ng,prod,person,17.36111111111111
5,avg,single6,single,hindi,ng,prod,cluster,17.36111111111111
5,avg,single6,single,english,ng,member,sample,39.57446808510638
5,avg,single6,single,english,ng,member,person,27.350427350427353
5,avg,single6,single,english,ng,member,cluster,29.059829059829056
5,avg,single6,single,english,ng,prod,sample,27.23404255319149
5,avg,single6,single,english,ng,prod,person,17.4468085106383
5,avg,single6,single,english,ng,prod,cluster,19.23076923076923
5,avg,single6,single,english,g,member,sample,47.65957446808511
5,avg,single6,single,english,g,member,person,41.702127659574465
5,avg,single6,single,english,g,member,cluster,43.162393162393165
5,avg,single6,single,english,g,prod,sample,37.60683760683761
5,avg,single6,single,english,g,prod,person,35.04273504273504
5,avg,single6,single,english,g,prod,cluster,36.17021276595745
5,avg,single6,single,v4,ng,member,sample,30.593607305936075
5,avg,single6,single,v4,ng,member,person,23.28767123287672
5,avg,single6,single,v4,ng,member,cluster,24.107142857142858
5,avg,single6,single,v4,ng,prod,sample,22.767857142857142
5,avg,single6,single,v4,ng,prod,person,16.43835616438356
5,avg,single6,single,v4,ng,prod,cluster,18.721461187214615
5,avg,single6,single,v4,g,member,sample,38.839285714285715
5,avg,single6,single,v4,g,member,person,30.593607305936075
5,avg,single6,single,v4,g,member,cluster,31.963470319634702
5,avg,single6,single,v4,g,prod,sample,31.25
5,avg,single6,single,v4,g,prod,person,27.397260273972602
5,avg,single6,single,v4,g,prod,cluster,26.940639269406397
5,avg,single7,single,urdu,ng,member,sample,36.458333333333336
5,avg,single7,single,urdu,ng,member,person,32.29166666666667
5,avg,single7,single,urdu,ng,member,cluster,29.166666666666668
5,avg,single7,single,urdu,ng,prod,sample,21.875
5,avg,single7,single,urdu,ng,prod,person,15.625
5,avg,single7,single,urdu,ng,prod,cluster,17.708333333333336
5,avg,single7,single,urdu,g,member,sample,47.916666666666664
5,avg,single7,single,urdu,g,member,person,41.666666666666664
5,avg,single7,single,urdu,g,member,cluster,42.708333333333336
5,avg,single7,single,urdu,g,prod,sample,35.78947368421053
5,avg,single7,single,urdu,g,prod,person,28.421052631578945
5,avg,single7,single,urdu,g,prod,cluster,29.47368421052631
5,avg,single7,single,hindi,ng,member,sample,39.58333333333333
5,avg,single7,single,hindi,ng,member,person,36.11111111111111
5,avg,single7,single,hindi,ng,member,cluster,34.02777777777778
5,avg,single7,single,hindi,ng,prod,sample,30.555555555555557
5,avg,single7,single,hindi,ng,prod,person,18.055555555555554
5,avg,single7,single,hindi,ng,prod,cluster,20.13888888888889
5,avg,single7,single,english,ng,member,sample,38.888888888888886
5,avg,single7,single,english,ng,member,person,33.61702127659574
5,avg,single7,single,english,ng,member,cluster,33.333333333333336
5,avg,single7,single,english,ng,prod,sample,26.80851063829787
5,avg,single7,single,english,ng,prod,person,17.02127659574468
5,avg,single7,single,english,ng,prod,cluster,18.803418803418804
5,avg,single7,single,english,g,member,sample,47.008547008547005
5,avg,single7,single,english,g,member,person,40.42553191489361
5,avg,single7,single,english,g,member,cluster,41.45299145299145
5,avg,single7,single,english,g,prod,sample,37.17948717948718
5,avg,single7,single,english,g,prod,person,31.62393162393162
5,avg,single7,single,english,g,prod,cluster,32.90598290598291
5,avg,single7,single,v4,ng,member,sample,29.910714285714285
5,avg,single7,single,v4,ng,member,person,21.875
5,avg,single7,single,v4,ng,member,cluster,22.767857142857142
5,avg,single7,single,v4,ng,prod,sample,23.660714285714285
5,avg,single7,single,v4,ng,prod,person,17.857142857142858
5,avg,single7,single,v4,ng,prod,cluster,18.721461187214615
5,avg,single7,single,v4,g,member,sample,38.392857142857146
5,avg,single7,single,v4,g,member,person,33.035714285714285
5,avg,single7,single,v4,g,member,cluster,33.92857142857143
5,avg,single7,single,v4,g,prod,sample,33.035714285714285
5,avg,single7,single,v4,g,prod,person,29.017857142857146
5,avg,single7,single,v4,g,prod,cluster,29.22374429223744
5,avg,single8,single,urdu,ng,member,sample,33.333333333333336
5,avg,single8,single,urdu,ng,member,person,30.208333333333332
5,avg,single8,single,urdu,ng,member,cluster,29.166666666666668
5,avg,single8,single,urdu,ng,prod,sample,18.75
5,avg,single8,single,urdu,ng,prod,person,16.666666666666664
5,avg,single8,single,urdu,ng,prod,cluster,18.75
5,avg,single8,single,urdu,g,member,sample,45.833333333333336
5,avg,single8,single,urdu,g,member,person,42.10526315789473
5,avg,single8,single,urdu,g,member,cluster,42.708333333333336
5,avg,single8,single,urdu,g,prod,sample,37.5
5,avg,single8,single,urdu,g,prod,person,29.47368421052631
5,avg,single8,single,urdu,g,prod,cluster,30.208333333333336
5,avg,single8,single,hindi,ng,member,sample,45.83333333333333
5,avg,single8,single,hindi,ng,member,person,36.80555555555556
5,avg,single8,single,hindi,ng,member,cluster,34.72222222222222
5,avg,single8,single,hindi,ng,prod,sample,31.25
5,avg,single8,single,hindi,ng,prod,person,20.833333333333336
5,avg,single8,single,hindi,ng,prod,cluster,20.833333333333336
5,avg,single8,single,english,ng,member,sample,37.60683760683761
5,avg,single8,single,english,ng,member,person,33.61702127659574
5,avg,single8,single,english,ng,member,cluster,33.61702127659574
5,avg,single8,single,english,ng,prod,sample,26.49572649572649
5,avg,single8,single,english,ng,prod,person,17.4468085106383
5,avg,single8,single,english,ng,prod,cluster,18.803418803418804
5,avg,single8,single,english,g,member,sample,45.72649572649573
5,avg,single8,single,english,g,member,person,43.162393162393165
5,avg,single8,single,english,g,member,cluster,44.44444444444444
5,avg,single8,single,english,g,prod,sample,38.297872340425535
5,avg,single8,single,english,g,prod,person,31.62393162393162
5,avg,single8,single,english,g,prod,cluster,33.61702127659574
5,avg,single8,single,v4,ng,member,sample,31.963470319634702
5,avg,single8,single,v4,ng,member,person,21.91780821917808
5,avg,single8,single,v4,ng,member,cluster,23.74429223744292
5,avg,single8,single,v4,ng,prod,sample,23.28767123287672
5,avg,single8,single,v4,ng,prod,person,18.75
5,avg,single8,single,v4,ng,prod,cluster,20.089285714285715
5,avg,single8,single,v4,g,member,sample,36.986301369863014
5,avg,single8,single,v4,g,member,person,34.375
5,avg,single8,single,v4,g,member,cluster,35.267857142857146
5,avg,single8,single,v4,g,prod,sample,31.69642857142857
5,avg,single8,single,v4,g,prod,person,26.027397260273975
5,avg,single8,single,v4,g,prod,cluster,26.027397260273975
5,avg,single9,single,urdu,ng,member,sample,33.33333333333333
5,avg,single9,single,urdu,ng,member,person,26.041666666666668
5,avg,single9,single,urdu,ng,member,cluster,27.083333333333336
5,avg,single9,single,urdu,ng,prod,sample,20.833333333333336
5,avg,single9,single,urdu,ng,prod,person,16.666666666666664
5,avg,single9,single,urdu,ng,prod,cluster,18.75
5,avg,single9,single,urdu,g,member,sample,47.916666666666664
5,avg,single9,single,urdu,g,member,person,41.666666666666664
5,avg,single9,single,urdu,g,member,cluster,42.708333333333336
5,avg,single9,single,urdu,g,prod,sample,38.94736842105263
5,avg,single9,single,urdu,g,prod,person,28.421052631578945
5,avg,single9,single,urdu,g,prod,cluster,29.166666666666664
5,avg,single9,single,hindi,ng,member,sample,43.05555555555556
5,avg,single9,single,hindi,ng,member,person,37.5
5,avg,single9,single,hindi,ng,member,cluster,34.72222222222222
5,avg,single9,single,hindi,ng,prod,sample,31.25
5,avg,single9,single,hindi,ng,prod,person,18.055555555555554
5,avg,single9,single,hindi,ng,prod,cluster,21.52777777777778
5,avg,single9,single,english,ng,member,sample,37.02127659574468
5,avg,single9,single,english,ng,member,person,31.196581196581196
5,avg,single9,single,english,ng,member,cluster,30.638297872340424
5,avg,single9,single,english,ng,prod,sample,26.49572649572649
5,avg,single9,single,english,ng,prod,person,17.02127659574468
5,avg,single9,single,english,ng,prod,cluster,19.148936170212767
5,avg,single9,single,english,g,member,sample,50.212765957446805
5,avg,single9,single,english,g,member,person,42.97872340425532
5,avg,single9,single,english,g,member,cluster,46.38297872340426
5,avg,single9,single,english,g,prod,sample,38.888888888888886
5,avg,single9,single,english,g,prod,person,36.17021276595745
5,avg,single9,single,english,g,prod,cluster,35.319148936170215
5,avg,single9,single,v4,ng,member,sample,28.57142857142857
5,avg,single9,single,v4,ng,member,person,22.321428571428573
5,avg,single9,single,v4,ng,member,cluster,23.214285714285715
5,avg,single9,single,v4,ng,prod,sample,23.214285714285715
5,avg,single9,single,v4,ng,prod,person,17.857142857142858
5,avg,single9,single,v4,ng,prod,cluster,18.721461187214615
5,avg,single9,single,v4,g,member,sample,35.61643835616438
5,avg,single9,single,v4,g,member,person,31.25
5,avg,single9,single,v4,g,member,cluster,32.589285714285715
5,avg,single9,single,v4,g,prod,sample,31.69642857142857
5,avg,single9,single,v4,g,prod,person,25.44642857142857
5,avg,single9,single,v4,g,prod,cluster,26.339285714285715
5,avg,ens5a,ens,urdu,ng,member,sample,32.29166666666667
5,avg,ens5a,ens,urdu,ng,member,person,28.125
5,avg,ens5a,ens,urdu,ng,member,cluster,29.166666666666668
5,avg,ens5a,ens,urdu,ng,prod,sample,20.833333333333336
5,avg,ens5a,ens,urdu,ng,prod,person,16.666666666666664
5,avg,ens5a,ens,urdu,ng,prod,cluster,18.75
5,avg,ens5a,ens,urdu,g,member,sample,43.75
5,avg,ens5a,ens,urdu,g,member,person,41.666666666666664
5,avg,ens5a,ens,urdu,g,member,cluster,42.708333333333336
5,avg,ens5a,ens,urdu,g,prod,sample,35.78947368421053
5,avg,ens5a,ens,urdu,g,prod,person,29.47368421052631
5,avg,ens5a,ens,urdu,g,prod,cluster,32.631578947368425
5,avg,ens5a,ens,hindi,ng,member,sample,40.97222222222222
5,avg,ens5a,ens,hindi,ng,member,person,36.11111111111111
5,avg,ens5a,ens,hindi,ng,member,cluster,34.02777777777778
5,avg,ens5a,ens,hindi,ng,prod,sample,30.555555555555557
5,avg,ens5a,ens,hindi,ng,prod,person,17.36111111111111
5,avg,ens5a,ens,hindi,ng,prod,cluster,20.833333333333336
5,avg,ens5a,ens,english,ng,member,sample,38.72340425531915
5,avg,ens5a,ens,english,ng,member,person,28.936170212765955
5,avg,ens5a,ens,english,ng,member,cluster,29.91452991452992
5,avg,ens5a,ens,english,ng,prod,sample,25.106382978723403
5,avg,ens5a,ens,english,ng,prod,person,16.170212765957448
5,avg,ens5a,ens,english,ng,prod,cluster,17.872340425531917
5,avg,ens5a,ens,english,g,member,sample,46.808510638297875
5,avg,ens5a,ens,english,g,member,person,43.162393162393165
5,avg,ens5a,ens,english,g,member,cluster,45.53191489361702
5,avg,ens5a,ens,english,g,prod,sample,38.297872340425535
5,avg,ens5a,ens,english,g,prod,person,32.90598290598291
5,avg,ens5a,ens,english,g,prod,cluster,32.76595744680851
5,avg,ens5a,ens,v4,ng,member,sample,30.593607305936075
5,avg,ens5a,ens,v4,ng,member,person,23.28767123287672
5,avg,ens5a,ens,v4,ng,member,cluster,24.65753424657534
5,avg,ens5a,ens,v4,ng,prod,sample,22.831050228310502
5,avg,ens5a,ens,v4,ng,prod,person,17.857142857142858
5,avg,ens5a,ens,v4,ng,prod,cluster,18.721461187214615
5,avg,ens5a,ens,v4,g,member,sample,37.5
5,avg,ens5a,ens,v4,g,member,person,30.593607305936075
5,avg,ens5a,ens,v4,g,member,cluster,32.42009132420092
5,avg,ens5a,ens,v4,g,prod,sample,31.506849315068497
5,avg,ens5a,ens,v4,g,prod,person,27.67857142857143
5,avg,ens5a,ens,v4,g,prod,cluster,28.31050228310502
5,avg,ens5b,ens,urdu,ng,member,sample,33.33333333333333
5,avg,ens5b,ens,urdu,ng,member,person,30.208333333333332
5,avg,ens5b,ens,urdu,ng,member,cluster,29.166666666666668
5,avg,ens5b,ens,urdu,ng,prod,sample,19.791666666666664
5,avg,ens5b,ens,urdu,ng,prod,person,16.666666666666664
5,avg,ens5b,ens,urdu,ng,prod,cluster,18.75
5,avg,ens5b,ens,urdu,g,member,sample,44.791666666666664
5,avg,ens5b,ens,urdu,g,member,person,41.666666666666664
5,avg,ens5b,ens,urdu,g,member,cluster,42.708333333333336
5,avg,ens5b,ens,urdu,g,prod,sample,35.416666666666664
5,avg,ens5b,ens,urdu,g,prod,person,28.421052631578945
5,avg,ens5b,ens,urdu,g,prod,cluster,29.166666666666664
5,avg,ens5b,ens,hindi,ng,member,sample,42.36111111111111
5,avg,ens5b,ens,hindi,ng,member,person,36.80555555555556
5,avg,ens5b,ens,hindi,ng,member,cluster,33.333333333333336
5,avg,ens5b,ens,hindi,ng,prod,sample,31.944444444444443
5,avg,ens5b,ens,hindi,ng,prod,person,18.055555555555554
5,avg,ens5b,ens,hindi,ng,prod,cluster,20.833333333333336
5,avg,ens5b,ens,english,ng,member,sample,38.297872340425535
5,avg,ens5b,ens,english,ng,member,person,32.76595744680851
5,avg,ens5b,ens,english,ng,member,cluster,32.340425531914896
5,avg,ens5b,ens,english,ng,prod,sample,26.923076923076927
5,avg,ens5b,ens,english,ng,prod,person,17.4468085106383
5,avg,ens5b,ens,english,ng,prod,cluster,18.803418803418804
5,avg,ens5b,ens,english,g,member,sample,46.58119658119658
5,avg,ens5b,ens,english,g,member,person,43.162393162393165
5,avg,ens5b,ens,english,g,member,cluster,44.44444444444444
5,avg,ens5b,ens,english,g,prod,sample,38.46153846153846
5,avg,ens5b,ens,english,g,prod,person,33.191489361702125
5,avg,ens5b,ens,english,g,prod,cluster,33.191489361702125
5,avg,ens5b,ens,v4,ng,member,sample,29.017857142857146
5,avg,ens5b,ens,v4,ng,member,person,21.875
5,avg,ens5b,ens,v4,ng,member,cluster,22.831050228310502
5,avg,ens5b,ens,v4,ng,prod,sample,23.214285714285715
5,avg,ens5b,ens,v4,ng,prod,person,17.857142857142858
5,avg,ens5b,ens,v4,ng,prod,cluster,18.721461187214615
5,avg,ens5b,ens,v4,g,member,sample,38.839285714285715
5,avg,ens5b,ens,v4,g,member,person,29.22374429223744
5,avg,ens5b,ens,v4,g,member,cluster,30.80357142857143
5,avg,ens5b,ens,v4,g,prod,sample,30.593607305936075
5,avg,ens5b,ens,v4,g,prod,person,25.570776255707763
5,avg,ens5b,ens,v4,g,prod,cluster,27.232142857142854
5,avg,ens10,ens,urdu,ng,member,sample,32.29166666666667
5,avg,ens10,ens,urdu,ng,member,person,30.208333333333332
5,avg,ens10,ens,urdu,ng,member,cluster,29.166666666666668
5,avg,ens10,ens,urdu,ng,prod,sample,19.791666666666664
5,avg,ens10,ens,urdu,ng,prod,person,16.666666666666664
5,avg,ens10,ens,urdu,ng,prod,cluster,18.75
5,avg,ens10,ens,urdu,g,member,sample,43.15789473684211
5,avg,ens10,ens,urdu,g,member,person,41.666666666666664
5,avg,ens10,ens,urdu,g,member,cluster,42.708333333333336
5,avg,ens10,ens,urdu,g,prod,sample,35.78947368421053
5,avg,ens10,ens,urdu,g,prod,person,28.421052631578945
5,avg,ens10,ens,urdu,g,prod,cluster,32.291666666666664
5,avg,ens10,ens,hindi,ng,member,sample,41.666666666666664
5,avg,ens10,ens,hindi,ng,member,person,37.5
5,avg,ens10,ens,hindi,ng,member,cluster,34.02777777777778
5,avg,ens10,ens,hindi,ng,prod,sample,31.25
5,avg,ens10,ens,hindi,ng,prod,person,18.055555555555554
5,avg,ens10,ens,hindi,ng,prod,cluster,20.833333333333336
5,avg,ens10,ens,english,ng,member,sample,38.034188034188034
5,avg,ens10,ens,english,ng,member,person,31.06382978723404
5,avg,ens10,ens,english,ng,member,cluster,30.638297872340424
5,avg,ens10,ens,english,ng,prod,sample,26.49572649572649
5,avg,ens10,ens,english,ng,prod,person,17.02127659574468
5,avg,ens10,ens,english,ng,prod,cluster,18.803418803418804
5,avg,ens10,ens,english,g,member,sample,46.58119658119658
5,avg,ens10,ens,english,g,member,person,43.162393162393165
5,avg,ens10,ens,english,g,member,cluster,44.44444444444444
5,avg,ens10,ens,english,g,prod,sample,38.297872340425535
5,avg,ens10,ens,english,g,prod,person,32.76595744680851
5,avg,ens10,ens,english,g,prod,cluster,32.76595744680851
5,avg,ens10,ens,v4,ng,member,sample,30.357142857142854
5,avg,ens10,ens,v4,ng,member,person,23.28767123287672
5,avg,ens10,ens,v4,ng,member,cluster,24.65753424657534
5,avg,ens10,ens,v4,ng,prod,sample,23.28767123287672
5,avg,ens10,ens,v4,ng,prod,person,18.75
5,avg,ens10,ens,v4,ng,prod,cluster,18.721461187214615
5,avg,ens10,ens,v4,g,member,sample,37.89954337899544
5,avg,ens10,ens,v4,g,member,person,28.767123287671236
5,avg,ens10,ens,v4,g,member,cluster,30.593607305936075
5,avg,ens10,ens,v4,g,prod,sample,31.506849315068497
5,avg,ens10,ens,v4,g,prod,person,26.027397260273975
5,avg,ens10,ens,v4,g,prod,cluster,28.125
