split,scenario,protocol,rep,n,pos_rate,persons,true_top_share,thr_voice,thr_voice_adaptive,voice_clusters_adaptive,auto,rows,face_clusters,voice_clusters,voice_face_ratio,face_median_size,voice_median_size,face_singletons,voice_singletons,largest_share,arm,eer
1,m1,ng,0,30,0.5,30,0.033,0.7,0.7,28,indep,30,29,28,0.966,1.0,1.0,28,26,0.067,L0,6.666666666666667
1,m1,ng,0,30,0.5,30,0.033,0.7,0.7,28,indep,30,29,28,0.966,1.0,1.0,28,26,0.067,L1,6.666666666666667
1,m1,ng,0,30,0.5,30,0.033,0.7,0.7,28,indep,30,29,28,0.966,1.0,1.0,28,26,0.067,L2,6.666666666666667
1,m1,ng,0,30,0.5,30,0.033,0.7,0.7,28,indep,30,29,28,0.966,1.0,1.0,28,26,0.067,L2a,6.666666666666667
1,m1,ng,0,30,0.5,30,0.033,0.7,0.7,28,indep,30,29,28,0.966,1.0,1.0,28,26,0.067,L2o,6.666666666666667
1,m1,ng,0,30,0.5,30,0.033,0.7,0.7,28,indep,30,29,28,0.966,1.0,1.0,28,26,0.067,AUTO,6.666666666666667
1,m1,ng,1,30,0.667,30,0.033,0.7,0.6499999999999999,30,indep,30,30,29,0.967,1.0,1.0,30,28,0.067,L0,15.000000000000002
1,m1,ng,1,30,0.667,30,0.033,0.7,0.6499999999999999,30,indep,30,30,29,0.967,1.0,1.0,30,28,0.067,L1,15.000000000000002
1,m1,ng,1,30,0.667,30,0.033,0.7,0.6499999999999999,30,indep,30,30,29,0.967,1.0,1.0,30,28,0.067,L2,15.000000000000002
1,m1,ng,1,30,0.667,30,0.033,0.7,0.6499999999999999,30,indep,30,30,29,0.967,1.0,1.0,30,28,0.067,L2a,15.000000000000002
1,m1,ng,1,30,0.667,30,0.033,0.7,0.6499999999999999,30,indep,30,30,29,0.967,1.0,1.0,30,28,0.067,L2o,15.000000000000002
1,m1,ng,1,30,0.667,30,0.033,0.7,0.6499999999999999,30,indep,30,30,29,0.967,1.0,1.0,30,28,0.067,AUTO,15.000000000000002
1,m1,g,0,30,0.533,30,0.033,0.7,0.55,30,indep,30,30,29,0.967,1.0,1.0,30,28,0.067,L0,28.57142857142857
1,m1,g,0,30,0.533,30,0.033,0.7,0.55,30,indep,30,30,29,0.967,1.0,1.0,30,28,0.067,L1,31.25
1,m1,g,0,30,0.533,30,0.033,0.7,0.55,30,indep,30,30,29,0.967,1.0,1.0,30,28,0.067,L2,31.25
1,m1,g,0,30,0.533,30,0.033,0.7,0.55,30,indep,30,30,29,0.967,1.0,1.0,30,28,0.067,L2a,31.25
1,m1,g,0,30,0.533,30,0.033,0.7,0.55,30,indep,30,30,29,0.967,1.0,1.0,30,28,0.067,L2o,31.25
1,m1,g,0,30,0.533,30,0.033,0.7,0.55,30,indep,30,30,29,0.967,1.0,1.0,30,28,0.067,AUTO,28.57142857142857
1,m1,g,1,30,0.6,30,0.033,0.7,0.5,30,indep,30,30,29,0.967,1.0,1.0,30,28,0.067,L0,25.0
1,m1,g,1,30,0.6,30,0.033,0.7,0.5,30,indep,30,30,29,0.967,1.0,1.0,30,28,0.067,L1,16.666666666666664
1,m1,g,1,30,0.6,30,0.033,0.7,0.5,30,indep,30,30,29,0.967,1.0,1.0,30,28,0.067,L2,16.666666666666664
1,m1,g,1,30,0.6,30,0.033,0.7,0.5,30,indep,30,30,29,0.967,1.0,1.0,30,28,0.067,L2a,16.666666666666664
1,m1,g,1,30,0.6,30,0.033,0.7,0.5,30,indep,30,30,29,0.967,1.0,1.0,30,28,0.067,L2o,16.666666666666664
1,m1,g,1,30,0.6,30,0.033,0.7,0.5,30,indep,30,30,29,0.967,1.0,1.0,30,28,0.067,AUTO,25.0
1,m2,ng,0,59,0.508,30,0.034,0.7,0.7,30,set13,59,30,30,1.0,2.0,2.0,1,3,0.051,L0,17.24137931034483
1,m2,ng,0,59,0.508,30,0.034,0.7,0.7,30,set13,59,30,30,1.0,2.0,2.0,1,3,0.051,L1,17.24137931034483
1,m2,ng,0,59,0.508,30,0.034,0.7,0.7,30,set13,59,30,30,1.0,2.0,2.0,1,3,0.051,L2,13.793103448275861
1,m2,ng,0,59,0.508,30,0.034,0.7,0.7,30,set13,59,30,30,1.0,2.0,2.0,1,3,0.051,L2a,13.793103448275861
1,m2,ng,0,59,0.508,30,0.034,0.7,0.7,30,set13,59,30,30,1.0,2.0,2.0,1,3,0.051,L2o,13.793103448275861
1,m2,ng,0,59,0.508,30,0.034,0.7,0.7,30,set13,59,30,30,1.0,2.0,2.0,1,3,0.051,AUTO,13.793103448275861
1,m2,ng,1,59,0.492,30,0.034,0.7,0.6,32,set13,59,31,29,0.935,2.0,2.0,3,2,0.068,L0,13.333333333333334
1,m2,ng,1,59,0.492,30,0.034,0.7,0.6,32,set13,59,31,29,0.935,2.0,2.0,3,2,0.068,L1,13.333333333333334
1,m2,ng,1,59,0.492,30,0.034,0.7,0.6,32,set13,59,31,29,0.935,2.0,2.0,3,2,0.068,L2,16.666666666666664
1,m2,ng,1,59,0.492,30,0.034,0.7,0.6,32,set13,59,31,29,0.935,2.0,2.0,3,2,0.068,L2a,16.666666666666664
1,m2,ng,1,59,0.492,30,0.034,0.7,0.6,32,set13,59,31,29,0.935,2.0,2.0,3,2,0.068,L2o,16.666666666666664
1,m2,ng,1,59,0.492,30,0.034,0.7,0.6,32,set13,59,31,29,0.935,2.0,2.0,3,2,0.068,AUTO,16.666666666666664
1,m2,g,0,59,0.492,30,0.034,0.7,0.7,30,set13,59,30,30,1.0,2.0,2.0,1,2,0.051,L0,37.93103448275862
1,m2,g,0,59,0.492,30,0.034,0.7,0.7,30,set13,59,30,30,1.0,2.0,2.0,1,2,0.051,L1,33.33333333333333
1,m2,g,0,59,0.492,30,0.034,0.7,0.7,30,set13,59,30,30,1.0,2.0,2.0,1,2,0.051,L2,30.0
1,m2,g,0,59,0.492,30,0.034,0.7,0.7,30,set13,59,30,30,1.0,2.0,2.0,1,2,0.051,L2a,30.0
1,m2,g,0,59,0.492,30,0.034,0.7,0.7,30,set13,59,30,30,1.0,2.0,2.0,1,2,0.051,L2o,30.0
1,m2,g,0,59,0.492,30,0.034,0.7,0.7,30,set13,59,30,30,1.0,2.0,2.0,1,2,0.051,AUTO,30.0
1,m2,g,1,59,0.492,30,0.034,0.7,0.7,31,set13,59,30,31,1.033,2.0,2.0,1,4,0.051,L0,24.13793103448276
1,m2,g,1,59,0.492,30,0.034,0.7,0.7,31,set13,59,30,31,1.033,2.0,2.0,1,4,0.051,L1,24.13793103448276
1,m2,g,1,59,0.492,30,0.034,0.7,0.7,31,set13,59,30,31,1.033,2.0,2.0,1,4,0.051,L2,17.24137931034483
1,m2,g,1,59,0.492,30,0.034,0.7,0.7,31,set13,59,30,31,1.033,2.0,2.0,1,4,0.051,L2a,17.24137931034483
1,m2,g,1,59,0.492,30,0.034,0.7,0.7,31,set13,59,30,31,1.033,2.0,2.0,1,4,0.051,L2o,20.0
1,m2,g,1,59,0.492,30,0.034,0.7,0.7,31,set13,59,30,31,1.033,2.0,2.0,1,4,0.051,AUTO,17.24137931034483
1,m4,ng,0,117,0.496,30,0.034,0.7,0.75,30,set13,117,30,31,1.033,4.0,4.0,1,3,0.06,L0,18.64406779661017
1,m4,ng,0,117,0.496,30,0.034,0.7,0.75,30,set13,117,30,31,1.033,4.0,4.0,1,3,0.06,L1,18.64406779661017
1,m4,ng,0,117,0.496,30,0.034,0.7,0.75,30,set13,117,30,31,1.033,4.0,4.0,1,3,0.06,L2,8.47457627118644
1,m4,ng,0,117,0.496,30,0.034,0.7,0.75,30,set13,117,30,31,1.033,4.0,4.0,1,3,0.06,L2a,8.47457627118644
1,m4,ng,0,117,0.496,30,0.034,0.7,0.75,30,set13,117,30,31,1.033,4.0,4.0,1,3,0.06,L2o,10.16949152542373
1,m4,ng,0,117,0.496,30,0.034,0.7,0.75,30,set13,117,30,31,1.033,4.0,4.0,1,3,0.06,AUTO,8.47457627118644
1,m4,ng,1,117,0.504,30,0.034,0.7,0.75,29,set13,117,30,33,1.1,4.0,4.0,1,4,0.034,L0,18.96551724137931
1,m4,ng,1,117,0.504,30,0.034,0.7,0.75,29,set13,117,30,33,1.1,4.0,4.0,1,4,0.034,L1,17.24137931034483
1,m4,ng,1,117,0.504,30,0.034,0.7,0.75,29,set13,117,30,33,1.1,4.0,4.0,1,4,0.034,L2,16.94915254237288
1,m4,ng,1,117,0.504,30,0.034,0.7,0.75,29,set13,117,30,33,1.1,4.0,4.0,1,4,0.034,L2a,18.644067796610166
1,m4,ng,1,117,0.504,30,0.034,0.7,0.75,29,set13,117,30,33,1.1,4.0,4.0,1,4,0.034,L2o,18.96551724137931
1,m4,ng,1,117,0.504,30,0.034,0.7,0.75,29,set13,117,30,33,1.1,4.0,4.0,1,4,0.034,AUTO,16.94915254237288
1,m4,g,0,116,0.5,30,0.034,0.7,0.6,32,set13,116,32,28,0.875,4.0,4.0,3,1,0.069,L0,34.48275862068966
1,m4,g,0,116,0.5,30,0.034,0.7,0.6,32,set13,116,32,28,0.875,4.0,4.0,3,1,0.069,L1,34.48275862068966
1,m4,g,0,116,0.5,30,0.034,0.7,0.6,32,set13,116,32,28,0.875,4.0,4.0,3,1,0.069,L2,31.034482758620683
1,m4,g,0,116,0.5,30,0.034,0.7,0.6,32,set13,116,32,28,0.875,4.0,4.0,3,1,0.069,L2a,32.758620689655174
1,m4,g,0,116,0.5,30,0.034,0.7,0.6,32,set13,116,32,28,0.875,4.0,4.0,3,1,0.069,L2o,31.034482758620683
1,m4,g,0,116,0.5,30,0.034,0.7,0.6,32,set13,116,32,28,0.875,4.0,4.0,3,1,0.069,AUTO,31.034482758620683
1,m4,g,1,117,0.496,30,0.034,0.7,0.7,33,set13,117,31,33,1.065,4.0,4.0,2,4,0.051,L0,32.758620689655174
1,m4,g,1,117,0.496,30,0.034,0.7,0.7,33,set13,117,31,33,1.065,4.0,4.0,2,4,0.051,L1,32.20338983050847
1,m4,g,1,117,0.496,30,0.034,0.7,0.7,33,set13,117,31,33,1.065,4.0,4.0,2,4,0.051,L2,31.034482758620683
1,m4,g,1,117,0.496,30,0.034,0.7,0.7,33,set13,117,31,33,1.065,4.0,4.0,2,4,0.051,L2a,31.034482758620683
1,m4,g,1,117,0.496,30,0.034,0.7,0.7,33,set13,117,31,33,1.065,4.0,4.0,2,4,0.051,L2o,31.034482758620683
1,m4,g,1,117,0.496,30,0.034,0.7,0.7,33,set13,117,31,33,1.065,4.0,4.0,2,4,0.051,AUTO,31.034482758620683
1,m8,ng,0,232,0.5,30,0.034,0.7,0.7,33,set13,232,32,33,1.031,8.0,8.0,3,3,0.034,L0,21.551724137931032
1,m8,ng,0,232,0.5,30,0.034,0.7,0.7,33,set13,232,32,33,1.031,8.0,8.0,3,3,0.034,L1,20.68965517241379
1,m8,ng,0,232,0.5,30,0.034,0.7,0.7,33,set13,232,32,33,1.031,8.0,8.0,3,3,0.034,L2,15.517241379310342
1,m8,ng,0,232,0.5,30,0.034,0.7,0.7,33,set13,232,32,33,1.031,8.0,8.0,3,3,0.034,L2a,15.517241379310342
1,m8,ng,0,232,0.5,30,0.034,0.7,0.7,33,set13,232,32,33,1.031,8.0,8.0,3,3,0.034,L2o,13.793103448275868
1,m8,ng,0,232,0.5,30,0.034,0.7,0.7,33,set13,232,32,33,1.031,8.0,8.0,3,3,0.034,AUTO,15.517241379310342
1,m8,ng,1,232,0.5,30,0.034,0.7,0.6499999999999999,33,set13,232,33,32,0.97,8.0,8.0,3,4,0.069,L0,20.689655172413794
1,m8,ng,1,232,0.5,30,0.034,0.7,0.6499999999999999,33,set13,232,33,32,0.97,8.0,8.0,3,4,0.069,L1,22.413793103448278
1,m8,ng,1,232,0.5,30,0.034,0.7,0.6499999999999999,33,set13,232,33,32,0.97,8.0,8.0,3,4,0.069,L2,21.551724137931032
1,m8,ng,1,232,0.5,30,0.034,0.7,0.6499999999999999,33,set13,232,33,32,0.97,8.0,8.0,3,4,0.069,L2a,22.413793103448278
1,m8,ng,1,232,0.5,30,0.034,0.7,0.6499999999999999,33,set13,232,33,32,0.97,8.0,8.0,3,4,0.069,L2o,20.689655172413794
1,m8,ng,1,232,0.5,30,0.034,0.7,0.6499999999999999,33,set13,232,33,32,0.97,8.0,8.0,3,4,0.069,AUTO,21.551724137931032
1,m8,g,0,231,0.502,30,0.035,0.7,0.75,31,set13,231,31,33,1.065,8.0,8.0,2,3,0.035,L0,26.724137931034488
1,m8,g,0,231,0.502,30,0.035,0.7,0.75,31,set13,231,31,33,1.065,8.0,8.0,2,3,0.035,L1,26.08695652173913
1,m8,g,0,231,0.502,30,0.035,0.7,0.75,31,set13,231,31,33,1.065,8.0,8.0,2,3,0.035,L2,22.608695652173914
1,m8,g,0,231,0.502,30,0.035,0.7,0.75,31,set13,231,31,33,1.065,8.0,8.0,2,3,0.035,L2a,23.47826086956522
1,m8,g,0,231,0.502,30,0.035,0.7,0.75,31,set13,231,31,33,1.065,8.0,8.0,2,3,0.035,L2o,23.47826086956522
1,m8,g,0,231,0.502,30,0.035,0.7,0.75,31,set13,231,31,33,1.065,8.0,8.0,2,3,0.035,AUTO,22.608695652173914
1,m8,g,1,232,0.5,30,0.034,0.7,0.75,32,set13,232,31,35,1.129,8.0,8.0,2,6,0.06,L0,26.724137931034488
1,m8,g,1,232,0.5,30,0.034,0.7,0.75,32,set13,232,31,35,1.129,8.0,8.0,2,6,0.06,L1,27.586206896551722
1,m8,g,1,232,0.5,30,0.034,0.7,0.75,32,set13,232,31,35,1.129,8.0,8.0,2,6,0.06,L2,25.0
1,m8,g,1,232,0.5,30,0.034,0.7,0.75,32,set13,232,31,35,1.129,8.0,8.0,2,6,0.06,L2a,25.0
1,m8,g,1,232,0.5,30,0.034,0.7,0.75,32,set13,232,31,35,1.129,8.0,8.0,2,6,0.06,L2o,25.0
1,m8,g,1,232,0.5,30,0.034,0.7,0.75,32,set13,232,31,35,1.129,8.0,8.0,2,6,0.06,AUTO,25.0
1,m16,ng,0,448,0.502,30,0.036,0.7,0.7,35,set13,448,33,35,1.061,16.0,16.0,3,6,0.071,L0,17.040358744394617
1,m16,ng,0,448,0.502,30,0.036,0.7,0.7,35,set13,448,33,35,1.061,16.0,16.0,3,6,0.071,L1,18.385650224215247
1,m16,ng,0,448,0.502,30,0.036,0.7,0.7,35,set13,448,33,35,1.061,16.0,16.0,3,6,0.071,L2,15.555555555555555
1,m16,ng,0,448,0.502,30,0.036,0.7,0.7,35,set13,448,33,35,1.061,16.0,16.0,3,6,0.071,L2a,15.555555555555555
1,m16,ng,0,448,0.502,30,0.036,0.7,0.7,35,set13,448,33,35,1.061,16.0,16.0,3,6,0.071,L2o,14.222222222222225
1,m16,ng,0,448,0.502,30,0.036,0.7,0.7,35,set13,448,33,35,1.061,16.0,16.0,3,6,0.071,AUTO,15.555555555555555
1,m16,ng,1,448,0.502,30,0.036,0.7,0.75,32,set13,448,32,33,1.031,16.0,16.0,3,4,0.038,L0,17.937219730941703
1,m16,ng,1,448,0.502,30,0.036,0.7,0.75,32,set13,448,32,33,1.031,16.0,16.0,3,4,0.038,L1,17.333333333333336
1,m16,ng,1,448,0.502,30,0.036,0.7,0.75,32,set13,448,32,33,1.031,16.0,16.0,3,4,0.038,L2,13.452914798206278
1,m16,ng,1,448,0.502,30,0.036,0.7,0.75,32,set13,448,32,33,1.031,16.0,16.0,3,4,0.038,L2a,13.004484304932735
1,m16,ng,1,448,0.502,30,0.036,0.7,0.75,32,set13,448,32,33,1.031,16.0,16.0,3,4,0.038,L2o,13.452914798206278
1,m16,ng,1,448,0.502,30,0.036,0.7,0.75,32,set13,448,32,33,1.031,16.0,16.0,3,4,0.038,AUTO,13.452914798206278
1,m16,g,0,448,0.5,30,0.036,0.7,0.7,35,set13,448,33,35,1.061,16.0,16.0,3,5,0.036,L0,32.589285714285715
1,m16,g,0,448,0.5,30,0.036,0.7,0.7,35,set13,448,33,35,1.061,16.0,16.0,3,5,0.036,L1,30.80357142857143
1,m16,g,0,448,0.5,30,0.036,0.7,0.7,35,set13,448,33,35,1.061,16.0,16.0,3,5,0.036,L2,22.32142857142857
1,m16,g,0,448,0.5,30,0.036,0.7,0.7,35,set13,448,33,35,1.061,16.0,16.0,3,5,0.036,L2a,22.32142857142857
1,m16,g,0,448,0.5,30,0.036,0.7,0.7,35,set13,448,33,35,1.061,16.0,16.0,3,5,0.036,L2o,21.42857142857143
1,m16,g,0,448,0.5,30,0.036,0.7,0.7,35,set13,448,33,35,1.061,16.0,16.0,3,5,0.036,AUTO,22.32142857142857
1,m16,g,1,448,0.5,30,0.036,0.7,0.7,33,set13,448,32,33,1.031,16.0,16.0,3,3,0.038,L0,32.14285714285714
1,m16,g,1,448,0.5,30,0.036,0.7,0.7,33,set13,448,32,33,1.031,16.0,16.0,3,3,0.038,L1,33.03571428571429
1,m16,g,1,448,0.5,30,0.036,0.7,0.7,33,set13,448,32,33,1.031,16.0,16.0,3,3,0.038,L2,21.875
1,m16,g,1,448,0.5,30,0.036,0.7,0.7,33,set13,448,32,33,1.031,16.0,16.0,3,3,0.038,L2a,21.875
1,m16,g,1,448,0.5,30,0.036,0.7,0.7,33,set13,448,32,33,1.031,16.0,16.0,3,3,0.038,L2o,21.42857142857143
1,m16,g,1,448,0.5,30,0.036,0.7,0.7,33,set13,448,32,33,1.031,16.0,16.0,3,3,0.038,AUTO,21.875
1,m32,ng,0,810,0.5,30,0.04,0.7,0.7999999999999999,30,set13,810,32,39,1.219,32.0,32.0,2,8,0.072,L0,21.7283950617284
1,m32,ng,0,810,0.5,30,0.04,0.7,0.7999999999999999,30,set13,810,32,39,1.219,32.0,32.0,2,8,0.072,L1,21.728395061728396
1,m32,ng,0,810,0.5,30,0.04,0.7,0.7999999999999999,30,set13,810,32,39,1.219,32.0,32.0,2,8,0.072,L2,13.827160493827162
1,m32,ng,0,810,0.5,30,0.04,0.7,0.7999999999999999,30,set13,810,32,39,1.219,32.0,32.0,2,8,0.072,L2a,13.827160493827162
1,m32,ng,0,810,0.5,30,0.04,0.7,0.7999999999999999,30,set13,810,32,39,1.219,32.0,32.0,2,8,0.072,L2o,13.333333333333334
1,m32,ng,0,810,0.5,30,0.04,0.7,0.7999999999999999,30,set13,810,32,39,1.219,32.0,32.0,2,8,0.072,AUTO,13.827160493827162
1,m32,ng,1,811,0.499,30,0.039,0.7,0.7,35,set13,811,34,35,1.029,32.0,32.0,4,4,0.041,L0,20.24691358024692
1,m32,ng,1,811,0.499,30,0.039,0.7,0.7,35,set13,811,34,35,1.029,32.0,32.0,4,4,0.041,L1,19.259259259259252
1,m32,ng,1,811,0.499,30,0.039,0.7,0.7,35,set13,811,34,35,1.029,32.0,32.0,4,4,0.041,L2,13.054187192118228
1,m32,ng,1,811,0.499,30,0.039,0.7,0.7,35,set13,811,34,35,1.029,32.0,32.0,4,4,0.041,L2a,13.054187192118228
1,m32,ng,1,811,0.499,30,0.039,0.7,0.7,35,set13,811,34,35,1.029,32.0,32.0,4,4,0.041,L2o,12.098765432098768
1,m32,ng,1,811,0.499,30,0.039,0.7,0.7,35,set13,811,34,35,1.029,32.0,32.0,4,4,0.041,AUTO,13.054187192118228
1,m32,g,0,810,0.5,30,0.04,0.7,0.75,34,set13,810,32,38,1.188,32.0,32.0,2,7,0.041,L0,31.11111111111111
1,m32,g,0,810,0.5,30,0.04,0.7,0.75,34,set13,810,32,38,1.188,32.0,32.0,2,7,0.041,L1,30.617283950617285
1,m32,g,0,810,0.5,30,0.04,0.7,0.75,34,set13,810,32,38,1.188,32.0,32.0,2,7,0.041,L2,21.48148148148148
1,m32,g,0,810,0.5,30,0.04,0.7,0.75,34,set13,810,32,38,1.188,32.0,32.0,2,7,0.041,L2a,21.48148148148148
1,m32,g,0,810,0.5,30,0.04,0.7,0.75,34,set13,810,32,38,1.188,32.0,32.0,2,7,0.041,L2o,20.98765432098766
1,m32,g,0,810,0.5,30,0.04,0.7,0.75,34,set13,810,32,38,1.188,32.0,32.0,2,7,0.041,AUTO,21.48148148148148
1,m32,g,1,811,0.499,30,0.039,0.7,0.75,33,set13,811,32,35,1.094,32.0,32.0,2,3,0.039,L0,28.817733990147783
1,m32,g,1,811,0.499,30,0.039,0.7,0.75,33,set13,811,32,35,1.094,32.0,32.0,2,3,0.039,L1,27.654320987654323
1,m32,g,1,811,0.499,30,0.039,0.7,0.75,33,set13,811,32,35,1.094,32.0,32.0,2,3,0.039,L2,22.22222222222222
1,m32,g,1,811,0.499,30,0.039,0.7,0.75,33,set13,811,32,35,1.094,32.0,32.0,2,3,0.039,L2a,22.22222222222222
1,m32,g,1,811,0.499,30,0.039,0.7,0.75,33,set13,811,32,35,1.094,32.0,32.0,2,3,0.039,L2o,20.98765432098766
1,m32,g,1,811,0.499,30,0.039,0.7,0.75,33,set13,811,32,35,1.094,32.0,32.0,2,3,0.039,AUTO,22.22222222222222
1,pos20,ng,0,448,0.188,30,0.036,0.7,0.7999999999999999,29,set13,448,31,37,1.194,16.0,16.0,2,7,0.036,L0,23.9010989010989
1,pos20,ng,0,448,0.188,30,0.036,0.7,0.7999999999999999,29,set13,448,31,37,1.194,16.0,16.0,2,7,0.036,L1,23.809523809523814
1,pos20,ng,0,448,0.188,30,0.036,0.7,0.7999999999999999,29,set13,448,31,37,1.194,16.0,16.0,2,7,0.036,L2,17.307692307692307
1,pos20,ng,0,448,0.188,30,0.036,0.7,0.7999999999999999,29,set13,448,31,37,1.194,16.0,16.0,2,7,0.036,L2a,17.582417582417584
1,pos20,ng,0,448,0.188,30,0.036,0.7,0.7999999999999999,29,set13,448,31,37,1.194,16.0,16.0,2,7,0.036,L2o,17.032967032967033
1,pos20,ng,0,448,0.188,30,0.036,0.7,0.7999999999999999,29,set13,448,31,37,1.194,16.0,16.0,2,7,0.036,AUTO,17.307692307692307
1,pos20,ng,1,448,0.19,30,0.036,0.7,0.75,31,set13,448,32,35,1.094,16.0,16.0,2,4,0.042,L0,23.415977961432507
1,pos20,ng,1,448,0.19,30,0.036,0.7,0.75,31,set13,448,32,35,1.094,16.0,16.0,2,4,0.042,L1,23.529411764705888
1,pos20,ng,1,448,0.19,30,0.036,0.7,0.75,31,set13,448,32,35,1.094,16.0,16.0,2,4,0.042,L2,16.804407713498623
1,pos20,ng,1,448,0.19,30,0.036,0.7,0.75,31,set13,448,32,35,1.094,16.0,16.0,2,4,0.042,L2a,17.355371900826448
1,pos20,ng,1,448,0.19,30,0.036,0.7,0.75,31,set13,448,32,35,1.094,16.0,16.0,2,4,0.042,L2o,16.528925619834713
1,pos20,ng,1,448,0.19,30,0.036,0.7,0.75,31,set13,448,32,35,1.094,16.0,16.0,2,4,0.042,AUTO,16.804407713498623
1,pos20,g,0,448,0.19,30,0.036,0.7,0.7999999999999999,32,set13,448,31,39,1.258,16.0,16.0,1,8,0.036,L0,31.68044077134986
1,pos20,g,0,448,0.19,30,0.036,0.7,0.7999999999999999,32,set13,448,31,39,1.258,16.0,16.0,1,8,0.036,L1,31.76470588235294
1,pos20,g,0,448,0.19,30,0.036,0.7,0.7999999999999999,32,set13,448,31,39,1.258,16.0,16.0,1,8,0.036,L2,23.69146005509642
1,pos20,g,0,448,0.19,30,0.036,0.7,0.7999999999999999,32,set13,448,31,39,1.258,16.0,16.0,1,8,0.036,L2a,25.6198347107438
1,pos20,g,0,448,0.19,30,0.036,0.7,0.7999999999999999,32,set13,448,31,39,1.258,16.0,16.0,1,8,0.036,L2o,24.517906336088156
1,pos20,g,0,448,0.19,30,0.036,0.7,0.7999999999999999,32,set13,448,31,39,1.258,16.0,16.0,1,8,0.036,AUTO,23.69146005509642
1,pos20,g,1,448,0.19,30,0.036,0.7,0.75,32,set13,448,31,34,1.097,16.0,16.0,1,4,0.038,L0,28.37465564738292
1,pos20,g,1,448,0.19,30,0.036,0.7,0.75,32,set13,448,31,34,1.097,16.0,16.0,1,4,0.038,L1,29.411764705882348
1,pos20,g,1,448,0.19,30,0.036,0.7,0.75,32,set13,448,31,34,1.097,16.0,16.0,1,4,0.038,L2,22.352941176470587
1,pos20,g,1,448,0.19,30,0.036,0.7,0.75,32,set13,448,31,34,1.097,16.0,16.0,1,4,0.038,L2a,22.352941176470587
1,pos20,g,1,448,0.19,30,0.036,0.7,0.75,32,set13,448,31,34,1.097,16.0,16.0,1,4,0.038,L2o,21.176470588235297
1,pos20,g,1,448,0.19,30,0.036,0.7,0.75,32,set13,448,31,34,1.097,16.0,16.0,1,4,0.038,AUTO,22.352941176470587
1,dom,ng,0,321,0.498,30,0.302,0.7,0.7,31,indep,321,33,31,0.939,8.0,8.0,2,3,0.293,L0,22.981366459627328
1,dom,ng,0,321,0.498,30,0.302,0.7,0.7,31,indep,321,33,31,0.939,8.0,8.0,2,3,0.293,L1,20.625000000000004
1,dom,ng,0,321,0.498,30,0.302,0.7,0.7,31,indep,321,33,31,0.939,8.0,8.0,2,3,0.293,L2,16.874999999999996
1,dom,ng,0,321,0.498,30,0.302,0.7,0.7,31,indep,321,33,31,0.939,8.0,8.0,2,3,0.293,L2a,16.874999999999996
1,dom,ng,0,321,0.498,30,0.302,0.7,0.7,31,indep,321,33,31,0.939,8.0,8.0,2,3,0.293,L2o,11.801242236024844
1,dom,ng,0,321,0.498,30,0.302,0.7,0.7,31,indep,321,33,31,0.939,8.0,8.0,2,3,0.293,AUTO,22.981366459627328
1,dom,ng,1,321,0.502,30,0.302,0.7,0.7,33,set13,321,33,33,1.0,8.0,8.0,2,5,0.234,L0,26.25
1,dom,ng,1,321,0.502,30,0.302,0.7,0.7,33,set13,321,33,33,1.0,8.0,8.0,2,5,0.234,L1,24.22360248447205
1,dom,ng,1,321,0.502,30,0.302,0.7,0.7,33,set13,321,33,33,1.0,8.0,8.0,2,5,0.234,L2,15.527950310559003
1,dom,ng,1,321,0.502,30,0.302,0.7,0.7,33,set13,321,33,33,1.0,8.0,8.0,2,5,0.234,L2a,15.527950310559003
1,dom,ng,1,321,0.502,30,0.302,0.7,0.7,33,set13,321,33,33,1.0,8.0,8.0,2,5,0.234,L2o,8.75
1,dom,ng,1,321,0.502,30,0.302,0.7,0.7,33,set13,321,33,33,1.0,8.0,8.0,2,5,0.234,AUTO,15.527950310559003
1,dom,g,0,317,0.505,30,0.293,0.7,0.7,33,indep,317,32,33,1.031,8.0,8.0,2,5,0.284,L0,36.25000000000001
1,dom,g,0,317,0.505,30,0.293,0.7,0.7,33,indep,317,32,33,1.031,8.0,8.0,2,5,0.284,L1,34.394904458598724
1,dom,g,0,317,0.505,30,0.293,0.7,0.7,33,indep,317,32,33,1.031,8.0,8.0,2,5,0.284,L2,23.56687898089172
1,dom,g,0,317,0.505,30,0.293,0.7,0.7,33,indep,317,32,33,1.031,8.0,8.0,2,5,0.284,L2a,23.56687898089172
1,dom,g,0,317,0.505,30,0.293,0.7,0.7,33,indep,317,32,33,1.031,8.0,8.0,2,5,0.284,L2o,26.751592356687897
1,dom,g,0,317,0.505,30,0.293,0.7,0.7,33,indep,317,32,33,1.031,8.0,8.0,2,5,0.284,AUTO,36.25000000000001
1,dom,g,1,316,0.506,30,0.291,0.7,0.75,32,indep,316,31,34,1.097,8.0,8.0,1,4,0.282,L0,30.128205128205128
1,dom,g,1,316,0.506,30,0.291,0.7,0.75,32,indep,316,31,34,1.097,8.0,8.0,1,4,0.282,L1,32.69230769230769
1,dom,g,1,316,0.506,30,0.291,0.7,0.75,32,indep,316,31,34,1.097,8.0,8.0,1,4,0.282,L2,24.358974358974358
1,dom,g,1,316,0.506,30,0.291,0.7,0.75,32,indep,316,31,34,1.097,8.0,8.0,1,4,0.282,L2a,24.358974358974358
1,dom,g,1,316,0.506,30,0.291,0.7,0.75,32,indep,316,31,34,1.097,8.0,8.0,1,4,0.282,L2o,27.564102564102566
1,dom,g,1,316,0.506,30,0.291,0.7,0.75,32,indep,316,31,34,1.097,8.0,8.0,1,4,0.282,AUTO,30.128205128205128
1,p5,ng,0,73,0.493,5,0.219,0.7,0.8499999999999999,5,set13,73,5,6,1.2,16.0,16.0,0,1,0.219,L0,13.513513513513514
1,p5,ng,0,73,0.493,5,0.219,0.7,0.8499999999999999,5,set13,73,5,6,1.2,16.0,16.0,0,1,0.219,L1,13.888888888888884
1,p5,ng,0,73,0.493,5,0.219,0.7,0.8499999999999999,5,set13,73,5,6,1.2,16.0,16.0,0,1,0.219,L2,2.7027027027027026
1,p5,ng,0,73,0.493,5,0.219,0.7,0.8499999999999999,5,set13,73,5,6,1.2,16.0,16.0,0,1,0.219,L2a,0.0
1,p5,ng,0,73,0.493,5,0.219,0.7,0.8499999999999999,5,set13,73,5,6,1.2,16.0,16.0,0,1,0.219,L2o,0.0
1,p5,ng,0,73,0.493,5,0.219,0.7,0.8499999999999999,5,set13,73,5,6,1.2,16.0,16.0,0,1,0.219,AUTO,2.7027027027027026
1,p5,ng,1,80,0.5,5,0.2,0.7,0.7,5,set13,80,5,5,1.0,16.0,16.0,0,0,0.2,L0,25.0
1,p5,ng,1,80,0.5,5,0.2,0.7,0.7,5,set13,80,5,5,1.0,16.0,16.0,0,0,0.2,L1,20.0
1,p5,ng,1,80,0.5,5,0.2,0.7,0.7,5,set13,80,5,5,1.0,16.0,16.0,0,0,0.2,L2,19.999999999999996
1,p5,ng,1,80,0.5,5,0.2,0.7,0.7,5,set13,80,5,5,1.0,16.0,16.0,0,0,0.2,L2a,19.999999999999996
1,p5,ng,1,80,0.5,5,0.2,0.7,0.7,5,set13,80,5,5,1.0,16.0,16.0,0,0,0.2,L2o,19.999999999999996
1,p5,ng,1,80,0.5,5,0.2,0.7,0.7,5,set13,80,5,5,1.0,16.0,16.0,0,0,0.2,AUTO,19.999999999999996
1,p5,g,0,79,0.506,5,0.203,0.7,0.75,5,set13,79,5,6,1.2,16.0,16.0,0,1,0.203,L0,23.076923076923077
1,p5,g,0,79,0.506,5,0.203,0.7,0.75,5,set13,79,5,6,1.2,16.0,16.0,0,1,0.203,L1,17.94871794871795
1,p5,g,0,79,0.506,5,0.203,0.7,0.75,5,set13,79,5,6,1.2,16.0,16.0,0,1,0.203,L2,7.6923076923076925
1,p5,g,0,79,0.506,5,0.203,0.7,0.75,5,set13,79,5,6,1.2,16.0,16.0,0,1,0.203,L2a,7.6923076923076925
1,p5,g,0,79,0.506,5,0.203,0.7,0.75,5,set13,79,5,6,1.2,16.0,16.0,0,1,0.203,L2o,7.6923076923076925
1,p5,g,0,79,0.506,5,0.203,0.7,0.75,5,set13,79,5,6,1.2,16.0,16.0,0,1,0.203,AUTO,7.6923076923076925
1,p5,g,1,80,0.5,5,0.2,0.7,0.9499999999999998,5,set13,80,5,7,1.4,16.0,16.0,0,1,0.2,L0,15.0
1,p5,g,1,80,0.5,5,0.2,0.7,0.9499999999999998,5,set13,80,5,7,1.4,16.0,16.0,0,1,0.2,L1,12.5
1,p5,g,1,80,0.5,5,0.2,0.7,0.9499999999999998,5,set13,80,5,7,1.4,16.0,16.0,0,1,0.2,L2,12.5
1,p5,g,1,80,0.5,5,0.2,0.7,0.9499999999999998,5,set13,80,5,7,1.4,16.0,16.0,0,1,0.2,L2a,12.5
1,p5,g,1,80,0.5,5,0.2,0.7,0.9499999999999998,5,set13,80,5,7,1.4,16.0,16.0,0,1,0.2,L2o,10.0
1,p5,g,1,80,0.5,5,0.2,0.7,0.9499999999999998,5,set13,80,5,7,1.4,16.0,16.0,0,1,0.2,AUTO,12.5
1,p10,ng,0,153,0.497,10,0.105,0.7,0.7,11,set13,153,11,11,1.0,16.0,16.0,0,1,0.105,L0,25.97402597402597
1,p10,ng,0,153,0.497,10,0.105,0.7,0.7,11,set13,153,11,11,1.0,16.0,16.0,0,1,0.105,L1,23.376623376623375
1,p10,ng,0,153,0.497,10,0.105,0.7,0.7,11,set13,153,11,11,1.0,16.0,16.0,0,1,0.105,L2,10.526315789473683
1,p10,ng,0,153,0.497,10,0.105,0.7,0.7,11,set13,153,11,11,1.0,16.0,16.0,0,1,0.105,L2a,10.526315789473683
1,p10,ng,0,153,0.497,10,0.105,0.7,0.7,11,set13,153,11,11,1.0,16.0,16.0,0,1,0.105,L2o,10.526315789473683
1,p10,ng,0,153,0.497,10,0.105,0.7,0.7,11,set13,153,11,11,1.0,16.0,16.0,0,1,0.105,AUTO,10.526315789473683
1,p10,ng,1,128,0.5,10,0.125,0.7,0.7999999999999999,12,set13,128,12,16,1.333,16.0,15.0,3,7,0.125,L0,15.625
1,p10,ng,1,128,0.5,10,0.125,0.7,0.7999999999999999,12,set13,128,12,16,1.333,16.0,15.0,3,7,0.125,L1,15.625
1,p10,ng,1,128,0.5,10,0.125,0.7,0.7999999999999999,12,set13,128,12,16,1.333,16.0,15.0,3,7,0.125,L2,12.5
1,p10,ng,1,128,0.5,10,0.125,0.7,0.7999999999999999,12,set13,128,12,16,1.333,16.0,15.0,3,7,0.125,L2a,12.5
1,p10,ng,1,128,0.5,10,0.125,0.7,0.7999999999999999,12,set13,128,12,16,1.333,16.0,15.0,3,7,0.125,L2o,14.0625
1,p10,ng,1,128,0.5,10,0.125,0.7,0.7999999999999999,12,set13,128,12,16,1.333,16.0,15.0,3,7,0.125,AUTO,12.5
1,p10,g,0,138,0.493,10,0.116,0.7,0.75,10,set13,138,10,11,1.1,16.0,16.0,1,1,0.116,L0,36.76470588235294
1,p10,g,0,138,0.493,10,0.116,0.7,0.75,10,set13,138,10,11,1.1,16.0,16.0,1,1,0.116,L1,32.35294117647059
1,p10,g,0,138,0.493,10,0.116,0.7,0.75,10,set13,138,10,11,1.1,16.0,16.0,1,1,0.116,L2,22.857142857142858
1,p10,g,0,138,0.493,10,0.116,0.7,0.75,10,set13,138,10,11,1.1,16.0,16.0,1,1,0.116,L2a,23.529411764705888
1,p10,g,0,138,0.493,10,0.116,0.7,0.75,10,set13,138,10,11,1.1,16.0,16.0,1,1,0.116,L2o,23.529411764705888
1,p10,g,0,138,0.493,10,0.116,0.7,0.75,10,set13,138,10,11,1.1,16.0,16.0,1,1,0.116,AUTO,22.857142857142858
1,p10,g,1,144,0.507,10,0.111,0.7,0.7999999999999999,10,set13,144,10,13,1.3,16.0,16.0,1,3,0.111,L0,28.169014084507044
1,p10,g,1,144,0.507,10,0.111,0.7,0.7999999999999999,10,set13,144,10,13,1.3,16.0,16.0,1,3,0.111,L1,27.397260273972602
1,p10,g,1,144,0.507,10,0.111,0.7,0.7999999999999999,10,set13,144,10,13,1.3,16.0,16.0,1,3,0.111,L2,16.901408450704224
1,p10,g,1,144,0.507,10,0.111,0.7,0.7999999999999999,10,set13,144,10,13,1.3,16.0,16.0,1,3,0.111,L2a,14.084507042253522
1,p10,g,1,144,0.507,10,0.111,0.7,0.7999999999999999,10,set13,144,10,13,1.3,16.0,16.0,1,3,0.111,L2o,16.901408450704224
1,p10,g,1,144,0.507,10,0.111,0.7,0.7999999999999999,10,set13,144,10,13,1.3,16.0,16.0,1,3,0.111,AUTO,16.901408450704224
2,m1,ng,0,30,0.467,30,0.033,0.7,0.7,29,indep,30,29,29,1.0,1.0,1.0,28,28,0.067,L0,31.25
2,m1,ng,0,30,0.467,30,0.033,0.7,0.7,29,indep,30,29,29,1.0,1.0,1.0,28,28,0.067,L1,31.25
2,m1,ng,0,30,0.467,30,0.033,0.7,0.7,29,indep,30,29,29,1.0,1.0,1.0,28,28,0.067,L2,31.25
2,m1,ng,0,30,0.467,30,0.033,0.7,0.7,29,indep,30,29,29,1.0,1.0,1.0,28,28,0.067,L2a,31.25
2,m1,ng,0,30,0.467,30,0.033,0.7,0.7,29,indep,30,29,29,1.0,1.0,1.0,28,28,0.067,L2o,31.25
2,m1,ng,0,30,0.467,30,0.033,0.7,0.7,29,indep,30,29,29,1.0,1.0,1.0,28,28,0.067,AUTO,31.25
2,m1,ng,1,30,0.667,30,0.033,0.7,0.6499999999999999,29,indep,30,29,28,0.966,1.0,1.0,28,26,0.067,L0,40.0
2,m1,ng,1,30,0.667,30,0.033,0.7,0.6499999999999999,29,indep,30,29,28,0.966,1.0,1.0,28,26,0.067,L1,20.0
2,m1,ng,1,30,0.667,30,0.033,0.7,0.6499999999999999,29,indep,30,29,28,0.966,1.0,1.0,28,26,0.067,L2,20.0
2,m1,ng,1,30,0.667,30,0.033,0.7,0.6499999999999999,29,indep,30,29,28,0.966,1.0,1.0,28,26,0.067,L2a,20.0
2,m1,ng,1,30,0.667,30,0.033,0.7,0.6499999999999999,29,indep,30,29,28,0.966,1.0,1.0,28,26,0.067,L2o,20.0
2,m1,ng,1,30,0.667,30,0.033,0.7,0.6499999999999999,29,indep,30,29,28,0.966,1.0,1.0,28,26,0.067,AUTO,40.0
2,m1,g,0,30,0.433,30,0.033,0.7,0.6,29,indep,30,29,28,0.966,1.0,1.0,28,26,0.067,L0,35.294117647058826
2,m1,g,0,30,0.433,30,0.033,0.7,0.6,29,indep,30,29,28,0.966,1.0,1.0,28,26,0.067,L1,38.46153846153846
2,m1,g,0,30,0.433,30,0.033,0.7,0.6,29,indep,30,29,28,0.966,1.0,1.0,28,26,0.067,L2,38.46153846153846
2,m1,g,0,30,0.433,30,0.033,0.7,0.6,29,indep,30,29,28,0.966,1.0,1.0,28,26,0.067,L2a,38.46153846153846
2,m1,g,0,30,0.433,30,0.033,0.7,0.6,29,indep,30,29,28,0.966,1.0,1.0,28,26,0.067,L2o,38.46153846153846
2,m1,g,0,30,0.433,30,0.033,0.7,0.6,29,indep,30,29,28,0.966,1.0,1.0,28,26,0.067,AUTO,35.294117647058826
2,m1,g,1,30,0.567,30,0.033,0.7,0.7,29,indep,30,29,29,1.0,1.0,1.0,28,28,0.067,L0,38.46153846153847
2,m1,g,1,30,0.567,30,0.033,0.7,0.7,29,indep,30,29,29,1.0,1.0,1.0,28,28,0.067,L1,29.411764705882348
2,m1,g,1,30,0.567,30,0.033,0.7,0.7,29,indep,30,29,29,1.0,1.0,1.0,28,28,0.067,L2,23.529411764705888
2,m1,g,1,30,0.567,30,0.033,0.7,0.7,29,indep,30,29,29,1.0,1.0,1.0,28,28,0.067,L2a,23.529411764705888
2,m1,g,1,30,0.567,30,0.033,0.7,0.7,29,indep,30,29,29,1.0,1.0,1.0,28,28,0.067,L2o,29.411764705882348
2,m1,g,1,30,0.567,30,0.033,0.7,0.7,29,indep,30,29,29,1.0,1.0,1.0,28,28,0.067,AUTO,38.46153846153847
2,m2,ng,0,60,0.5,30,0.033,0.7,0.7999999999999999,30,set13,60,30,33,1.1,2.0,2.0,2,10,0.067,L0,30.0
2,m2,ng,0,60,0.5,30,0.033,0.7,0.7999999999999999,30,set13,60,30,33,1.1,2.0,2.0,2,10,0.067,L1,26.66666666666667
2,m2,ng,0,60,0.5,30,0.033,0.7,0.7999999999999999,30,set13,60,30,33,1.1,2.0,2.0,2,10,0.067,L2,26.66666666666667
2,m2,ng,0,60,0.5,30,0.033,0.7,0.7999999999999999,30,set13,60,30,33,1.1,2.0,2.0,2,10,0.067,L2a,26.66666666666667
2,m2,ng,0,60,0.5,30,0.033,0.7,0.7999999999999999,30,set13,60,30,33,1.1,2.0,2.0,2,10,0.067,L2o,23.33333333333333
2,m2,ng,0,60,0.5,30,0.033,0.7,0.7999999999999999,30,set13,60,30,33,1.1,2.0,2.0,2,10,0.067,AUTO,26.66666666666667
2,m2,ng,1,60,0.5,30,0.033,0.7,0.7,30,set13,60,30,30,1.0,2.0,2.0,2,2,0.067,L0,26.666666666666668
2,m2,ng,1,60,0.5,30,0.033,0.7,0.7,30,set13,60,30,30,1.0,2.0,2.0,2,2,0.067,L1,13.333333333333334
2,m2,ng,1,60,0.5,30,0.033,0.7,0.7,30,set13,60,30,30,1.0,2.0,2.0,2,2,0.067,L2,16.666666666666664
2,m2,ng,1,60,0.5,30,0.033,0.7,0.7,30,set13,60,30,30,1.0,2.0,2.0,2,2,0.067,L2a,16.666666666666664
2,m2,ng,1,60,0.5,30,0.033,0.7,0.7,30,set13,60,30,30,1.0,2.0,2.0,2,2,0.067,L2o,16.666666666666664
2,m2,ng,1,60,0.5,30,0.033,0.7,0.7,30,set13,60,30,30,1.0,2.0,2.0,2,2,0.067,AUTO,16.666666666666664
2,m2,g,0,59,0.508,30,0.034,0.7,0.7,29,set13,59,29,29,1.0,2.0,2.0,1,1,0.068,L0,31.03448275862069
2,m2,g,0,59,0.508,30,0.034,0.7,0.7,29,set13,59,29,29,1.0,2.0,2.0,1,1,0.068,L1,20.689655172413794
2,m2,g,0,59,0.508,30,0.034,0.7,0.7,29,set13,59,29,29,1.0,2.0,2.0,1,1,0.068,L2,20.689655172413794
2,m2,g,0,59,0.508,30,0.034,0.7,0.7,29,set13,59,29,29,1.0,2.0,2.0,1,1,0.068,L2a,20.689655172413794
2,m2,g,0,59,0.508,30,0.034,0.7,0.7,29,set13,59,29,29,1.0,2.0,2.0,1,1,0.068,L2o,20.689655172413794
2,m2,g,0,59,0.508,30,0.034,0.7,0.7,29,set13,59,29,29,1.0,2.0,2.0,1,1,0.068,AUTO,20.689655172413794
2,m2,g,1,60,0.5,30,0.033,0.7,0.7,31,set13,60,29,31,1.069,2.0,2.0,0,4,0.067,L0,30.0
2,m2,g,1,60,0.5,30,0.033,0.7,0.7,31,set13,60,29,31,1.069,2.0,2.0,0,4,0.067,L1,33.33333333333333
2,m2,g,1,60,0.5,30,0.033,0.7,0.7,31,set13,60,29,31,1.069,2.0,2.0,0,4,0.067,L2,33.333333333333336
2,m2,g,1,60,0.5,30,0.033,0.7,0.7,31,set13,60,29,31,1.069,2.0,2.0,0,4,0.067,L2a,33.333333333333336
2,m2,g,1,60,0.5,30,0.033,0.7,0.7,31,set13,60,29,31,1.069,2.0,2.0,0,4,0.067,L2o,30.000000000000004
2,m2,g,1,60,0.5,30,0.033,0.7,0.7,31,set13,60,29,31,1.069,2.0,2.0,0,4,0.067,AUTO,33.333333333333336
2,m4,ng,0,120,0.5,30,0.033,0.7,0.7999999999999999,28,set13,120,29,32,1.103,4.0,4.0,0,2,0.067,L0,35.0
2,m4,ng,0,120,0.5,30,0.033,0.7,0.7999999999999999,28,set13,120,29,32,1.103,4.0,4.0,0,2,0.067,L1,28.333333333333332
2,m4,ng,0,120,0.5,30,0.033,0.7,0.7999999999999999,28,set13,120,29,32,1.103,4.0,4.0,0,2,0.067,L2,21.666666666666668
2,m4,ng,0,120,0.5,30,0.033,0.7,0.7999999999999999,28,set13,120,29,32,1.103,4.0,4.0,0,2,0.067,L2a,21.666666666666668
2,m4,ng,0,120,0.5,30,0.033,0.7,0.7999999999999999,28,set13,120,29,32,1.103,4.0,4.0,0,2,0.067,L2o,21.666666666666668
2,m4,ng,0,120,0.5,30,0.033,0.7,0.7999999999999999,28,set13,120,29,32,1.103,4.0,4.0,0,2,0.067,AUTO,21.666666666666668
2,m4,ng,1,120,0.5,30,0.033,0.7,0.7999999999999999,28,set13,120,29,36,1.241,4.0,4.0,0,3,0.075,L0,21.666666666666668
2,m4,ng,1,120,0.5,30,0.033,0.7,0.7999999999999999,28,set13,120,29,36,1.241,4.0,4.0,0,3,0.075,L1,21.666666666666668
2,m4,ng,1,120,0.5,30,0.033,0.7,0.7999999999999999,28,set13,120,29,36,1.241,4.0,4.0,0,3,0.075,L2,18.333333333333332
2,m4,ng,1,120,0.5,30,0.033,0.7,0.7999999999999999,28,set13,120,29,36,1.241,4.0,4.0,0,3,0.075,L2a,18.333333333333332
2,m4,ng,1,120,0.5,30,0.033,0.7,0.7999999999999999,28,set13,120,29,36,1.241,4.0,4.0,0,3,0.075,L2o,16.666666666666664
2,m4,ng,1,120,0.5,30,0.033,0.7,0.7999999999999999,28,set13,120,29,36,1.241,4.0,4.0,0,3,0.075,AUTO,18.333333333333332
2,m4,g,0,120,0.5,30,0.033,0.7,0.7999999999999999,27,set13,120,29,32,1.103,4.0,4.0,0,2,0.067,L0,31.666666666666664
2,m4,g,0,120,0.5,30,0.033,0.7,0.7999999999999999,27,set13,120,29,32,1.103,4.0,4.0,0,2,0.067,L1,33.333333333333336
2,m4,g,0,120,0.5,30,0.033,0.7,0.7999999999999999,27,set13,120,29,32,1.103,4.0,4.0,0,2,0.067,L2,30.000000000000004
2,m4,g,0,120,0.5,30,0.033,0.7,0.7999999999999999,27,set13,120,29,32,1.103,4.0,4.0,0,2,0.067,L2a,31.666666666666664
2,m4,g,0,120,0.5,30,0.033,0.7,0.7999999999999999,27,set13,120,29,32,1.103,4.0,4.0,0,2,0.067,L2o,30.0
2,m4,g,0,120,0.5,30,0.033,0.7,0.7999999999999999,27,set13,120,29,32,1.103,4.0,4.0,0,2,0.067,AUTO,30.000000000000004
2,m4,g,1,120,0.5,30,0.033,0.7,0.7999999999999999,28,set13,120,29,32,1.103,4.0,4.0,0,1,0.067,L0,33.33333333333333
2,m4,g,1,120,0.5,30,0.033,0.7,0.7999999999999999,28,set13,120,29,32,1.103,4.0,4.0,0,1,0.067,L1,36.666666666666664
2,m4,g,1,120,0.5,30,0.033,0.7,0.7999999999999999,28,set13,120,29,32,1.103,4.0,4.0,0,1,0.067,L2,26.666666666666668
2,m4,g,1,120,0.5,30,0.033,0.7,0.7999999999999999,28,set13,120,29,32,1.103,4.0,4.0,0,1,0.067,L2a,25.0
2,m4,g,1,120,0.5,30,0.033,0.7,0.7999999999999999,28,set13,120,29,32,1.103,4.0,4.0,0,1,0.067,L2o,26.66666666666667
2,m4,g,1,120,0.5,30,0.033,0.7,0.7999999999999999,28,set13,120,29,32,1.103,4.0,4.0,0,1,0.067,AUTO,26.666666666666668
2,m8,ng,0,236,0.5,30,0.034,0.7,0.7999999999999999,29,set13,236,30,38,1.267,8.0,8.0,1,3,0.068,L0,20.33898305084746
2,m8,ng,0,236,0.5,30,0.034,0.7,0.7999999999999999,29,set13,236,30,38,1.267,8.0,8.0,1,3,0.068,L1,22.88135593220339
2,m8,ng,0,236,0.5,30,0.034,0.7,0.7999999999999999,29,set13,236,30,38,1.267,8.0,8.0,1,3,0.068,L2,18.644067796610166
2,m8,ng,0,236,0.5,30,0.034,0.7,0.7999999999999999,29,set13,236,30,38,1.267,8.0,8.0,1,3,0.068,L2a,16.94915254237288
2,m8,ng,0,236,0.5,30,0.034,0.7,0.7999999999999999,29,set13,236,30,38,1.267,8.0,8.0,1,3,0.068,L2o,16.94915254237288
2,m8,ng,0,236,0.5,30,0.034,0.7,0.7999999999999999,29,set13,236,30,38,1.267,8.0,8.0,1,3,0.068,AUTO,18.644067796610166
2,m8,ng,1,236,0.5,30,0.034,0.7,0.7999999999999999,32,set13,236,30,40,1.333,8.0,8.0,1,7,0.068,L0,21.1864406779661
2,m8,ng,1,236,0.5,30,0.034,0.7,0.7999999999999999,32,set13,236,30,40,1.333,8.0,8.0,1,7,0.068,L1,20.33898305084746
2,m8,ng,1,236,0.5,30,0.034,0.7,0.7999999999999999,32,set13,236,30,40,1.333,8.0,8.0,1,7,0.068,L2,19.491525423728813
2,m8,ng,1,236,0.5,30,0.034,0.7,0.7999999999999999,32,set13,236,30,40,1.333,8.0,8.0,1,7,0.068,L2a,19.491525423728813
2,m8,ng,1,236,0.5,30,0.034,0.7,0.7999999999999999,32,set13,236,30,40,1.333,8.0,8.0,1,7,0.068,L2o,18.64406779661017
2,m8,ng,1,236,0.5,30,0.034,0.7,0.7999999999999999,32,set13,236,30,40,1.333,8.0,8.0,1,7,0.068,AUTO,19.491525423728813
2,m8,g,0,236,0.5,30,0.034,0.7,0.7999999999999999,30,set13,236,30,36,1.2,8.0,8.0,1,4,0.068,L0,30.508474576271187
2,m8,g,0,236,0.5,30,0.034,0.7,0.7999999999999999,30,set13,236,30,36,1.2,8.0,8.0,1,4,0.068,L1,32.20338983050847
2,m8,g,0,236,0.5,30,0.034,0.7,0.7999999999999999,30,set13,236,30,36,1.2,8.0,8.0,1,4,0.068,L2,27.118644067796616
2,m8,g,0,236,0.5,30,0.034,0.7,0.7999999999999999,30,set13,236,30,36,1.2,8.0,8.0,1,4,0.068,L2a,27.11864406779661
2,m8,g,0,236,0.5,30,0.034,0.7,0.7999999999999999,30,set13,236,30,36,1.2,8.0,8.0,1,4,0.068,L2o,26.27118644067797
2,m8,g,0,236,0.5,30,0.034,0.7,0.7999999999999999,30,set13,236,30,36,1.2,8.0,8.0,1,4,0.068,AUTO,27.118644067796616
2,m8,g,1,236,0.5,30,0.034,0.7,0.75,31,set13,236,30,35,1.167,8.0,8.0,1,4,0.068,L0,33.89830508474576
2,m8,g,1,236,0.5,30,0.034,0.7,0.75,31,set13,236,30,35,1.167,8.0,8.0,1,4,0.068,L1,35.59322033898305
2,m8,g,1,236,0.5,30,0.034,0.7,0.75,31,set13,236,30,35,1.167,8.0,8.0,1,4,0.068,L2,31.35593220338983
2,m8,g,1,236,0.5,30,0.034,0.7,0.75,31,set13,236,30,35,1.167,8.0,8.0,1,4,0.068,L2a,31.355932203389834
2,m8,g,1,236,0.5,30,0.034,0.7,0.75,31,set13,236,30,35,1.167,8.0,8.0,1,4,0.068,L2o,29.66101694915254
2,m8,g,1,236,0.5,30,0.034,0.7,0.75,31,set13,236,30,35,1.167,8.0,8.0,1,4,0.068,AUTO,31.35593220338983
2,m16,ng,0,443,0.501,30,0.036,0.7,0.7999999999999999,32,set13,443,31,39,1.258,16.0,16.0,2,6,0.072,L0,21.171171171171167
2,m16,ng,0,443,0.501,30,0.036,0.7,0.7999999999999999,32,set13,443,31,39,1.258,16.0,16.0,2,6,0.072,L1,19.004524886877828
2,m16,ng,0,443,0.501,30,0.036,0.7,0.7999999999999999,32,set13,443,31,39,1.258,16.0,16.0,2,6,0.072,L2,15.384615384615385
2,m16,ng,0,443,0.501,30,0.036,0.7,0.7999999999999999,32,set13,443,31,39,1.258,16.0,16.0,2,6,0.072,L2a,17.647058823529413
2,m16,ng,0,443,0.501,30,0.036,0.7,0.7999999999999999,32,set13,443,31,39,1.258,16.0,16.0,2,6,0.072,L2o,15.837104072398189
2,m16,ng,0,443,0.501,30,0.036,0.7,0.7999999999999999,32,set13,443,31,39,1.258,16.0,16.0,2,6,0.072,AUTO,15.384615384615385
2,m16,ng,1,443,0.501,30,0.036,0.7,0.7999999999999999,29,set13,443,31,39,1.258,16.0,16.0,2,6,0.072,L0,22.522522522522525
2,m16,ng,1,443,0.501,30,0.036,0.7,0.7999999999999999,29,set13,443,31,39,1.258,16.0,16.0,2,6,0.072,L1,21.71945701357466
2,m16,ng,1,443,0.501,30,0.036,0.7,0.7999999999999999,29,set13,443,31,39,1.258,16.0,16.0,2,6,0.072,L2,15.384615384615385
2,m16,ng,1,443,0.501,30,0.036,0.7,0.7999999999999999,29,set13,443,31,39,1.258,16.0,16.0,2,6,0.072,L2a,16.289592760180994
2,m16,ng,1,443,0.501,30,0.036,0.7,0.7999999999999999,29,set13,443,31,39,1.258,16.0,16.0,2,6,0.072,L2o,15.837104072398189
2,m16,ng,1,443,0.501,30,0.036,0.7,0.7999999999999999,29,set13,443,31,39,1.258,16.0,16.0,2,6,0.072,AUTO,15.384615384615385
2,m16,g,0,443,0.501,30,0.036,0.7,0.7999999999999999,29,set13,443,29,36,1.241,16.0,16.0,0,3,0.074,L0,32.126696832579185
2,m16,g,0,443,0.501,30,0.036,0.7,0.7999999999999999,29,set13,443,29,36,1.241,16.0,16.0,0,3,0.074,L1,33.78378378378378
2,m16,g,0,443,0.501,30,0.036,0.7,0.7999999999999999,29,set13,443,29,36,1.241,16.0,16.0,0,3,0.074,L2,31.981981981981978
2,m16,g,0,443,0.501,30,0.036,0.7,0.7999999999999999,29,set13,443,29,36,1.241,16.0,16.0,0,3,0.074,L2a,32.432432432432435
2,m16,g,0,443,0.501,30,0.036,0.7,0.7999999999999999,29,set13,443,29,36,1.241,16.0,16.0,0,3,0.074,L2o,29.86425339366516
2,m16,g,0,443,0.501,30,0.036,0.7,0.7999999999999999,29,set13,443,29,36,1.241,16.0,16.0,0,3,0.074,AUTO,31.981981981981978
2,m16,g,1,443,0.501,30,0.036,0.7,0.7999999999999999,30,set13,443,32,40,1.25,16.0,16.0,3,5,0.072,L0,33.78378378378378
2,m16,g,1,443,0.501,30,0.036,0.7,0.7999999999999999,30,set13,443,32,40,1.25,16.0,16.0,3,5,0.072,L1,34.23423423423423
2,m16,g,1,443,0.501,30,0.036,0.7,0.7999999999999999,30,set13,443,32,40,1.25,16.0,16.0,3,5,0.072,L2,33.03167420814479
2,m16,g,1,443,0.501,30,0.036,0.7,0.7999999999999999,30,set13,443,32,40,1.25,16.0,16.0,3,5,0.072,L2a,31.53153153153153
2,m16,g,1,443,0.501,30,0.036,0.7,0.7999999999999999,30,set13,443,32,40,1.25,16.0,16.0,3,5,0.072,L2o,30.630630630630627
2,m16,g,1,443,0.501,30,0.036,0.7,0.7999999999999999,30,set13,443,32,40,1.25,16.0,16.0,3,5,0.072,AUTO,33.03167420814479
2,m32,ng,0,784,0.5,30,0.041,0.7,0.7999999999999999,28,set13,784,30,35,1.167,32.0,32.0,0,2,0.082,L0,21.93877551020408
2,m32,ng,0,784,0.5,30,0.041,0.7,0.7999999999999999,28,set13,784,30,35,1.167,32.0,32.0,0,2,0.082,L1,20.918367346938773
2,m32,ng,0,784,0.5,30,0.041,0.7,0.7999999999999999,28,set13,784,30,35,1.167,32.0,32.0,0,2,0.082,L2,15.816326530612246
2,m32,ng,0,784,0.5,30,0.041,0.7,0.7999999999999999,28,set13,784,30,35,1.167,32.0,32.0,0,2,0.082,L2a,15.306122448979592
2,m32,ng,0,784,0.5,30,0.041,0.7,0.7999999999999999,28,set13,784,30,35,1.167,32.0,32.0,0,2,0.082,L2o,16.071428571428573
2,m32,ng,0,784,0.5,30,0.041,0.7,0.7999999999999999,28,set13,784,30,35,1.167,32.0,32.0,0,2,0.082,AUTO,15.816326530612246
2,m32,ng,1,784,0.5,30,0.041,0.7,0.7999999999999999,30,set13,784,31,36,1.161,32.0,32.0,2,3,0.082,L0,22.70408163265306
2,m32,ng,1,784,0.5,30,0.041,0.7,0.7999999999999999,30,set13,784,31,36,1.161,32.0,32.0,2,3,0.082,L1,21.938775510204078
2,m32,ng,1,784,0.5,30,0.041,0.7,0.7999999999999999,30,set13,784,31,36,1.161,32.0,32.0,2,3,0.082,L2,17.091836734693878
2,m32,ng,1,784,0.5,30,0.041,0.7,0.7999999999999999,30,set13,784,31,36,1.161,32.0,32.0,2,3,0.082,L2a,16.071428571428573
2,m32,ng,1,784,0.5,30,0.041,0.7,0.7999999999999999,30,set13,784,31,36,1.161,32.0,32.0,2,3,0.082,L2o,17.857142857142858
2,m32,ng,1,784,0.5,30,0.041,0.7,0.7999999999999999,30,set13,784,31,36,1.161,32.0,32.0,2,3,0.082,AUTO,17.091836734693878
2,m32,g,0,784,0.5,30,0.041,0.7,0.7999999999999999,32,set13,784,31,43,1.387,32.0,31.0,2,7,0.082,L0,33.92857142857143
2,m32,g,0,784,0.5,30,0.041,0.7,0.7999999999999999,32,set13,784,31,43,1.387,32.0,31.0,2,7,0.082,L1,34.94897959183674
2,m32,g,0,784,0.5,30,0.041,0.7,0.7999999999999999,32,set13,784,31,43,1.387,32.0,31.0,2,7,0.082,L2,33.41836734693878
2,m32,g,0,784,0.5,30,0.041,0.7,0.7999999999999999,32,set13,784,31,43,1.387,32.0,31.0,2,7,0.082,L2a,32.14285714285714
2,m32,g,0,784,0.5,30,0.041,0.7,0.7999999999999999,32,set13,784,31,43,1.387,32.0,31.0,2,7,0.082,L2o,32.6530612244898
2,m32,g,0,784,0.5,30,0.041,0.7,0.7999999999999999,32,set13,784,31,43,1.387,32.0,31.0,2,7,0.082,AUTO,33.41836734693878
2,m32,g,1,784,0.5,30,0.041,0.7,0.7999999999999999,31,set13,784,31,43,1.387,32.0,31.0,2,8,0.082,L0,30.612244897959183
2,m32,g,1,784,0.5,30,0.041,0.7,0.7999999999999999,31,set13,784,31,43,1.387,32.0,31.0,2,8,0.082,L1,30.102040816326532
2,m32,g,1,784,0.5,30,0.041,0.7,0.7999999999999999,31,set13,784,31,43,1.387,32.0,31.0,2,8,0.082,L2,27.806122448979593
2,m32,g,1,784,0.5,30,0.041,0.7,0.7999999999999999,31,set13,784,31,43,1.387,32.0,31.0,2,8,0.082,L2a,25.765306122448983
2,m32,g,1,784,0.5,30,0.041,0.7,0.7999999999999999,31,set13,784,31,43,1.387,32.0,31.0,2,8,0.082,L2o,25.510204081632654
2,m32,g,1,784,0.5,30,0.041,0.7,0.7999999999999999,31,set13,784,31,43,1.387,32.0,31.0,2,8,0.082,AUTO,27.806122448979593
2,pos20,ng,0,443,0.19,30,0.036,0.7,0.75,34,set13,443,32,39,1.219,16.0,16.0,2,5,0.072,L0,21.42857142857143
2,pos20,ng,0,443,0.19,30,0.036,0.7,0.75,34,set13,443,32,39,1.219,16.0,16.0,2,5,0.072,L1,20.055710306406684
2,pos20,ng,0,443,0.19,30,0.036,0.7,0.75,34,set13,443,32,39,1.219,16.0,16.0,2,5,0.072,L2,17.85714285714286
2,pos20,ng,0,443,0.19,30,0.036,0.7,0.75,34,set13,443,32,39,1.219,16.0,16.0,2,5,0.072,L2a,18.94150417827298
2,pos20,ng,0,443,0.19,30,0.036,0.7,0.75,34,set13,443,32,39,1.219,16.0,16.0,2,5,0.072,L2o,17.85714285714286
2,pos20,ng,0,443,0.19,30,0.036,0.7,0.75,34,set13,443,32,39,1.219,16.0,16.0,2,5,0.072,AUTO,17.85714285714286
2,pos20,ng,1,443,0.19,30,0.036,0.7,0.7999999999999999,29,set13,443,29,35,1.207,16.0,16.0,0,2,0.072,L0,25.0
2,pos20,ng,1,443,0.19,30,0.036,0.7,0.7999999999999999,29,set13,443,29,35,1.207,16.0,16.0,0,2,0.072,L1,24.233983286908078
2,pos20,ng,1,443,0.19,30,0.036,0.7,0.7999999999999999,29,set13,443,29,35,1.207,16.0,16.0,0,2,0.072,L2,18.384401114206128
2,pos20,ng,1,443,0.19,30,0.036,0.7,0.7999999999999999,29,set13,443,29,35,1.207,16.0,16.0,0,2,0.072,L2a,18.94150417827298
2,pos20,ng,1,443,0.19,30,0.036,0.7,0.7999999999999999,29,set13,443,29,35,1.207,16.0,16.0,0,2,0.072,L2o,18.662952646239557
2,pos20,ng,1,443,0.19,30,0.036,0.7,0.7999999999999999,29,set13,443,29,35,1.207,16.0,16.0,0,2,0.072,AUTO,18.384401114206128
2,pos20,g,0,443,0.19,30,0.036,0.7,0.8499999999999999,27,set13,443,29,39,1.345,16.0,16.0,0,6,0.072,L0,34.81894150417828
2,pos20,g,0,443,0.19,30,0.036,0.7,0.8499999999999999,27,set13,443,29,39,1.345,16.0,16.0,0,6,0.072,L1,33.70473537604457
2,pos20,g,0,443,0.19,30,0.036,0.7,0.8499999999999999,27,set13,443,29,39,1.345,16.0,16.0,0,6,0.072,L2,30.952380952380953
2,pos20,g,0,443,0.19,30,0.036,0.7,0.8499999999999999,27,set13,443,29,39,1.345,16.0,16.0,0,6,0.072,L2a,31.197771587743734
2,pos20,g,0,443,0.19,30,0.036,0.7,0.8499999999999999,27,set13,443,29,39,1.345,16.0,16.0,0,6,0.072,L2o,29.526462395543174
2,pos20,g,0,443,0.19,30,0.036,0.7,0.8499999999999999,27,set13,443,29,39,1.345,16.0,16.0,0,6,0.072,AUTO,30.952380952380953
2,pos20,g,1,443,0.19,30,0.036,0.7,0.7999999999999999,31,set13,443,29,42,1.448,16.0,16.0,0,8,0.072,L0,32.86908077994429
2,pos20,g,1,443,0.19,30,0.036,0.7,0.7999999999999999,31,set13,443,29,42,1.448,16.0,16.0,0,8,0.072,L1,31.75487465181058
2,pos20,g,1,443,0.19,30,0.036,0.7,0.7999999999999999,31,set13,443,29,42,1.448,16.0,16.0,0,8,0.072,L2,27.57660167130919
2,pos20,g,1,443,0.19,30,0.036,0.7,0.7999999999999999,31,set13,443,29,42,1.448,16.0,16.0,0,8,0.072,L2a,28.412256267409468
2,pos20,g,1,443,0.19,30,0.036,0.7,0.7999999999999999,31,set13,443,29,42,1.448,16.0,16.0,0,8,0.072,L2o,27.380952380952383
2,pos20,g,1,443,0.19,30,0.036,0.7,0.7999999999999999,31,set13,443,29,42,1.448,16.0,16.0,0,8,0.072,AUTO,27.57660167130919
2,dom,ng,0,341,0.499,30,0.331,0.7,0.7999999999999999,28,indep,341,29,37,1.276,8.0,8.0,0,3,0.355,L0,17.05882352941176
2,dom,ng,0,341,0.499,30,0.331,0.7,0.7999999999999999,28,indep,341,29,37,1.276,8.0,8.0,0,3,0.355,L1,16.95906432748538
2,dom,ng,0,341,0.499,30,0.331,0.7,0.7999999999999999,28,indep,341,29,37,1.276,8.0,8.0,0,3,0.355,L2,13.529411764705879
2,dom,ng,0,341,0.499,30,0.331,0.7,0.7999999999999999,28,indep,341,29,37,1.276,8.0,8.0,0,3,0.355,L2a,12.941176470588234
2,dom,ng,0,341,0.499,30,0.331,0.7,0.7999999999999999,28,indep,341,29,37,1.276,8.0,8.0,0,3,0.355,L2o,11.11111111111111
2,dom,ng,0,341,0.499,30,0.331,0.7,0.7999999999999999,28,indep,341,29,37,1.276,8.0,8.0,0,3,0.355,AUTO,17.05882352941176
2,dom,ng,1,341,0.499,30,0.331,0.7,0.7999999999999999,28,indep,341,30,40,1.333,8.0,8.0,0,4,0.349,L0,19.883040935672515
2,dom,ng,1,341,0.499,30,0.331,0.7,0.7999999999999999,28,indep,341,30,40,1.333,8.0,8.0,0,4,0.349,L1,19.298245614035086
2,dom,ng,1,341,0.499,30,0.331,0.7,0.7999999999999999,28,indep,341,30,40,1.333,8.0,8.0,0,4,0.349,L2,15.204678362573098
2,dom,ng,1,341,0.499,30,0.331,0.7,0.7999999999999999,28,indep,341,30,40,1.333,8.0,8.0,0,4,0.349,L2a,17.05882352941176
2,dom,ng,1,341,0.499,30,0.331,0.7,0.7999999999999999,28,indep,341,30,40,1.333,8.0,8.0,0,4,0.349,L2o,14.619883040935672
2,dom,ng,1,341,0.499,30,0.331,0.7,0.7999999999999999,28,indep,341,30,40,1.333,8.0,8.0,0,4,0.349,AUTO,19.883040935672515
2,dom,g,0,323,0.526,30,0.294,0.7,0.75,33,indep,323,30,38,1.267,8.0,8.0,1,3,0.319,L0,32.35294117647059
2,dom,g,0,323,0.526,30,0.294,0.7,0.75,33,indep,323,30,38,1.267,8.0,8.0,1,3,0.319,L1,29.411764705882355
2,dom,g,0,323,0.526,30,0.294,0.7,0.75,33,indep,323,30,38,1.267,8.0,8.0,1,3,0.319,L2,24.836601307189543
2,dom,g,0,323,0.526,30,0.294,0.7,0.75,33,indep,323,30,38,1.267,8.0,8.0,1,3,0.319,L2a,25.294117647058822
2,dom,g,0,323,0.526,30,0.294,0.7,0.75,33,indep,323,30,38,1.267,8.0,8.0,1,3,0.319,L2o,22.941176470588232
2,dom,g,0,323,0.526,30,0.294,0.7,0.75,33,indep,323,30,38,1.267,8.0,8.0,1,3,0.319,AUTO,32.35294117647059
2,dom,g,1,324,0.525,30,0.296,0.7,0.7999999999999999,27,indep,324,29,39,1.345,8.0,8.0,0,5,0.321,L0,32.94117647058824
2,dom,g,1,324,0.525,30,0.296,0.7,0.7999999999999999,27,indep,324,29,39,1.345,8.0,8.0,0,5,0.321,L1,31.818181818181817
2,dom,g,1,324,0.525,30,0.296,0.7,0.7999999999999999,27,indep,324,29,39,1.345,8.0,8.0,0,5,0.321,L2,31.818181818181817
2,dom,g,1,324,0.525,30,0.296,0.7,0.7999999999999999,27,indep,324,29,39,1.345,8.0,8.0,0,5,0.321,L2a,35.064935064935064
2,dom,g,1,324,0.525,30,0.296,0.7,0.7999999999999999,27,indep,324,29,39,1.345,8.0,8.0,0,5,0.321,L2o,31.176470588235293
2,dom,g,1,324,0.525,30,0.296,0.7,0.7999999999999999,27,indep,324,29,39,1.345,8.0,8.0,0,5,0.321,AUTO,32.94117647058824
2,p5,ng,0,70,0.514,5,0.229,0.7,0.8499999999999999,5,set13,70,5,6,1.2,15.0,15.0,0,1,0.229,L0,14.705882352941178
2,p5,ng,0,70,0.514,5,0.229,0.7,0.8499999999999999,5,set13,70,5,6,1.2,15.0,15.0,0,1,0.229,L1,11.76470588235294
2,p5,ng,0,70,0.514,5,0.229,0.7,0.8499999999999999,5,set13,70,5,6,1.2,15.0,15.0,0,1,0.229,L2,0.0
2,p5,ng,0,70,0.514,5,0.229,0.7,0.8499999999999999,5,set13,70,5,6,1.2,15.0,15.0,0,1,0.229,L2a,0.0
2,p5,ng,0,70,0.514,5,0.229,0.7,0.8499999999999999,5,set13,70,5,6,1.2,15.0,15.0,0,1,0.229,L2o,0.0
2,p5,ng,0,70,0.514,5,0.229,0.7,0.8499999999999999,5,set13,70,5,6,1.2,15.0,15.0,0,1,0.229,AUTO,0.0
2,p5,ng,1,72,0.5,5,0.222,0.7,0.75,5,set13,72,5,7,1.4,16.0,16.0,0,0,0.222,L0,22.22222222222222
2,p5,ng,1,72,0.5,5,0.222,0.7,0.75,5,set13,72,5,7,1.4,16.0,16.0,0,0,0.222,L1,25.0
2,p5,ng,1,72,0.5,5,0.222,0.7,0.75,5,set13,72,5,7,1.4,16.0,16.0,0,0,0.222,L2,22.22222222222222
2,p5,ng,1,72,0.5,5,0.222,0.7,0.75,5,set13,72,5,7,1.4,16.0,16.0,0,0,0.222,L2a,19.444444444444446
2,p5,ng,1,72,0.5,5,0.222,0.7,0.75,5,set13,72,5,7,1.4,16.0,16.0,0,0,0.222,L2o,19.444444444444446
2,p5,ng,1,72,0.5,5,0.222,0.7,0.75,5,set13,72,5,7,1.4,16.0,16.0,0,0,0.222,AUTO,22.22222222222222
2,p5,g,0,71,0.563,5,0.225,0.7,0.9499999999999998,5,set13,71,5,7,1.4,16.0,15.0,0,2,0.225,L0,29.03225806451613
2,p5,g,0,71,0.563,5,0.225,0.7,0.9499999999999998,5,set13,71,5,7,1.4,16.0,15.0,0,2,0.225,L1,22.58064516129032
2,p5,g,0,71,0.563,5,0.225,0.7,0.9499999999999998,5,set13,71,5,7,1.4,16.0,15.0,0,2,0.225,L2,19.999999999999996
2,p5,g,0,71,0.563,5,0.225,0.7,0.9499999999999998,5,set13,71,5,7,1.4,16.0,15.0,0,2,0.225,L2a,19.999999999999996
2,p5,g,0,71,0.563,5,0.225,0.7,0.9499999999999998,5,set13,71,5,7,1.4,16.0,15.0,0,2,0.225,L2o,19.999999999999996
2,p5,g,0,71,0.563,5,0.225,0.7,0.9499999999999998,5,set13,71,5,7,1.4,16.0,15.0,0,2,0.225,AUTO,19.999999999999996
2,p5,g,1,78,0.513,5,0.205,0.7,0.8999999999999999,5,set13,78,5,6,1.2,16.0,16.0,0,1,0.205,L0,26.31578947368421
2,p5,g,1,78,0.513,5,0.205,0.7,0.8999999999999999,5,set13,78,5,6,1.2,16.0,16.0,0,1,0.205,L1,18.421052631578945
2,p5,g,1,78,0.513,5,0.205,0.7,0.8999999999999999,5,set13,78,5,6,1.2,16.0,16.0,0,1,0.205,L2,15.789473684210526
2,p5,g,1,78,0.513,5,0.205,0.7,0.8999999999999999,5,set13,78,5,6,1.2,16.0,16.0,0,1,0.205,L2a,15.789473684210526
2,p5,g,1,78,0.513,5,0.205,0.7,0.8999999999999999,5,set13,78,5,6,1.2,16.0,16.0,0,1,0.205,L2o,15.789473684210526
2,p5,g,1,78,0.513,5,0.205,0.7,0.8999999999999999,5,set13,78,5,6,1.2,16.0,16.0,0,1,0.205,AUTO,15.789473684210526
2,p10,ng,0,151,0.503,10,0.106,0.7,0.8499999999999999,12,set13,151,11,18,1.636,16.0,16.0,1,4,0.106,L0,28.947368421052634
2,p10,ng,0,151,0.503,10,0.106,0.7,0.8499999999999999,12,set13,151,11,18,1.636,16.0,16.0,1,4,0.106,L1,24.0
2,p10,ng,0,151,0.503,10,0.106,0.7,0.8499999999999999,12,set13,151,11,18,1.636,16.0,16.0,1,4,0.106,L2,21.333333333333336
2,p10,ng,0,151,0.503,10,0.106,0.7,0.8499999999999999,12,set13,151,11,18,1.636,16.0,16.0,1,4,0.106,L2a,21.333333333333336
2,p10,ng,0,151,0.503,10,0.106,0.7,0.8499999999999999,12,set13,151,11,18,1.636,16.0,16.0,1,4,0.106,L2o,20.0
2,p10,ng,0,151,0.503,10,0.106,0.7,0.8499999999999999,12,set13,151,11,18,1.636,16.0,16.0,1,4,0.106,AUTO,21.333333333333336
2,p10,ng,1,144,0.5,10,0.111,0.7,0.8999999999999999,10,set13,144,10,15,1.5,16.0,16.0,0,1,0.111,L0,19.444444444444446
2,p10,ng,1,144,0.5,10,0.111,0.7,0.8999999999999999,10,set13,144,10,15,1.5,16.0,16.0,0,1,0.111,L1,19.444444444444443
2,p10,ng,1,144,0.5,10,0.111,0.7,0.8999999999999999,10,set13,144,10,15,1.5,16.0,16.0,0,1,0.111,L2,18.055555555555554
2,p10,ng,1,144,0.5,10,0.111,0.7,0.8999999999999999,10,set13,144,10,15,1.5,16.0,16.0,0,1,0.111,L2a,16.666666666666664
2,p10,ng,1,144,0.5,10,0.111,0.7,0.8999999999999999,10,set13,144,10,15,1.5,16.0,16.0,0,1,0.111,L2o,16.666666666666664
2,p10,ng,1,144,0.5,10,0.111,0.7,0.8999999999999999,10,set13,144,10,15,1.5,16.0,16.0,0,1,0.111,AUTO,18.055555555555554
2,p10,g,0,159,0.503,10,0.101,0.7,0.8499999999999999,10,set13,159,10,15,1.5,16.0,16.0,0,4,0.101,L0,31.645569620253166
2,p10,g,0,159,0.503,10,0.101,0.7,0.8499999999999999,10,set13,159,10,15,1.5,16.0,16.0,0,4,0.101,L1,29.11392405063291
2,p10,g,0,159,0.503,10,0.101,0.7,0.8499999999999999,10,set13,159,10,15,1.5,16.0,16.0,0,4,0.101,L2,20.253164556962027
2,p10,g,0,159,0.503,10,0.101,0.7,0.8499999999999999,10,set13,159,10,15,1.5,16.0,16.0,0,4,0.101,L2a,15.000000000000002
2,p10,g,0,159,0.503,10,0.101,0.7,0.8499999999999999,10,set13,159,10,15,1.5,16.0,16.0,0,4,0.101,L2o,15.000000000000002
2,p10,g,0,159,0.503,10,0.101,0.7,0.8499999999999999,10,set13,159,10,15,1.5,16.0,16.0,0,4,0.101,AUTO,20.253164556962027
2,p10,g,1,152,0.5,10,0.105,0.7,0.75,10,set13,152,10,11,1.1,16.0,16.0,0,0,0.105,L0,23.684210526315788
2,p10,g,1,152,0.5,10,0.105,0.7,0.75,10,set13,152,10,11,1.1,16.0,16.0,0,0,0.105,L1,23.684210526315788
2,p10,g,1,152,0.5,10,0.105,0.7,0.75,10,set13,152,10,11,1.1,16.0,16.0,0,0,0.105,L2,18.421052631578945
2,p10,g,1,152,0.5,10,0.105,0.7,0.75,10,set13,152,10,11,1.1,16.0,16.0,0,0,0.105,L2a,18.421052631578945
2,p10,g,1,152,0.5,10,0.105,0.7,0.75,10,set13,152,10,11,1.1,16.0,16.0,0,0,0.105,L2o,21.052631578947366
2,p10,g,1,152,0.5,10,0.105,0.7,0.75,10,set13,152,10,11,1.1,16.0,16.0,0,0,0.105,AUTO,18.421052631578945
3,m1,ng,0,29,0.379,29,0.034,0.7,0.5,29,indep,29,29,27,0.931,1.0,1.0,29,25,0.069,L0,27.27272727272727
3,m1,ng,0,29,0.379,29,0.034,0.7,0.5,29,indep,29,29,27,0.931,1.0,1.0,29,25,0.069,L1,27.77777777777778
3,m1,ng,0,29,0.379,29,0.034,0.7,0.5,29,indep,29,29,27,0.931,1.0,1.0,29,25,0.069,L2,27.27272727272727
3,m1,ng,0,29,0.379,29,0.034,0.7,0.5,29,indep,29,29,27,0.931,1.0,1.0,29,25,0.069,L2a,27.77777777777778
3,m1,ng,0,29,0.379,29,0.034,0.7,0.5,29,indep,29,29,27,0.931,1.0,1.0,29,25,0.069,L2o,27.77777777777778
3,m1,ng,0,29,0.379,29,0.034,0.7,0.5,29,indep,29,29,27,0.931,1.0,1.0,29,25,0.069,AUTO,27.27272727272727
3,m1,ng,1,30,0.567,30,0.033,0.7,0.6,30,indep,30,30,28,0.933,1.0,1.0,30,26,0.067,L0,30.76923076923077
3,m1,ng,1,30,0.567,30,0.033,0.7,0.6,30,indep,30,30,28,0.933,1.0,1.0,30,26,0.067,L1,23.076923076923077
3,m1,ng,1,30,0.567,30,0.033,0.7,0.6,30,indep,30,30,28,0.933,1.0,1.0,30,26,0.067,L2,23.529411764705888
3,m1,ng,1,30,0.567,30,0.033,0.7,0.6,30,indep,30,30,28,0.933,1.0,1.0,30,26,0.067,L2a,23.076923076923077
3,m1,ng,1,30,0.567,30,0.033,0.7,0.6,30,indep,30,30,28,0.933,1.0,1.0,30,26,0.067,L2o,23.076923076923077
3,m1,ng,1,30,0.567,30,0.033,0.7,0.6,30,indep,30,30,28,0.933,1.0,1.0,30,26,0.067,AUTO,30.76923076923077
3,m1,g,0,30,0.433,30,0.033,0.7,0.6499999999999999,30,indep,30,30,29,0.967,1.0,1.0,30,28,0.067,L0,23.076923076923073
3,m1,g,0,30,0.433,30,0.033,0.7,0.6499999999999999,30,indep,30,30,29,0.967,1.0,1.0,30,28,0.067,L1,35.294117647058826
3,m1,g,0,30,0.433,30,0.033,0.7,0.6499999999999999,30,indep,30,30,29,0.967,1.0,1.0,30,28,0.067,L2,35.294117647058826
3,m1,g,0,30,0.433,30,0.033,0.7,0.6499999999999999,30,indep,30,30,29,0.967,1.0,1.0,30,28,0.067,L2a,35.294117647058826
3,m1,g,0,30,0.433,30,0.033,0.7,0.6499999999999999,30,indep,30,30,29,0.967,1.0,1.0,30,28,0.067,L2o,35.294117647058826
3,m1,g,0,30,0.433,30,0.033,0.7,0.6499999999999999,30,indep,30,30,29,0.967,1.0,1.0,30,28,0.067,AUTO,23.076923076923073
3,m1,g,1,30,0.5,30,0.033,0.7,0.6499999999999999,30,indep,30,30,28,0.933,1.0,1.0,30,26,0.067,L0,40.0
3,m1,g,1,30,0.5,30,0.033,0.7,0.6499999999999999,30,indep,30,30,28,0.933,1.0,1.0,30,26,0.067,L1,40.0
3,m1,g,1,30,0.5,30,0.033,0.7,0.6499999999999999,30,indep,30,30,28,0.933,1.0,1.0,30,26,0.067,L2,40.0
3,m1,g,1,30,0.5,30,0.033,0.7,0.6499999999999999,30,indep,30,30,28,0.933,1.0,1.0,30,26,0.067,L2a,40.0
3,m1,g,1,30,0.5,30,0.033,0.7,0.6499999999999999,30,indep,30,30,28,0.933,1.0,1.0,30,26,0.067,L2o,40.0
3,m1,g,1,30,0.5,30,0.033,0.7,0.6499999999999999,30,indep,30,30,28,0.933,1.0,1.0,30,26,0.067,AUTO,40.0
3,m2,ng,0,60,0.5,30,0.033,0.7,0.75,33,set13,60,31,34,1.097,2.0,2.0,2,8,0.033,L0,23.33333333333333
3,m2,ng,0,60,0.5,30,0.033,0.7,0.75,33,set13,60,31,34,1.097,2.0,2.0,2,8,0.033,L1,23.33333333333333
3,m2,ng,0,60,0.5,30,0.033,0.7,0.75,33,set13,60,31,34,1.097,2.0,2.0,2,8,0.033,L2,23.33333333333333
3,m2,ng,0,60,0.5,30,0.033,0.7,0.75,33,set13,60,31,34,1.097,2.0,2.0,2,8,0.033,L2a,23.33333333333333
3,m2,ng,0,60,0.5,30,0.033,0.7,0.75,33,set13,60,31,34,1.097,2.0,2.0,2,8,0.033,L2o,20.0
3,m2,ng,0,60,0.5,30,0.033,0.7,0.75,33,set13,60,31,34,1.097,2.0,2.0,2,8,0.033,AUTO,23.33333333333333
3,m2,ng,1,60,0.5,30,0.033,0.7,0.75,30,set13,60,31,34,1.097,2.0,2.0,2,10,0.05,L0,20.0
3,m2,ng,1,60,0.5,30,0.033,0.7,0.75,30,set13,60,31,34,1.097,2.0,2.0,2,10,0.05,L1,19.999999999999996
3,m2,ng,1,60,0.5,30,0.033,0.7,0.75,30,set13,60,31,34,1.097,2.0,2.0,2,10,0.05,L2,26.666666666666668
3,m2,ng,1,60,0.5,30,0.033,0.7,0.75,30,set13,60,31,34,1.097,2.0,2.0,2,10,0.05,L2a,26.666666666666668
3,m2,ng,1,60,0.5,30,0.033,0.7,0.75,30,set13,60,31,34,1.097,2.0,2.0,2,10,0.05,L2o,26.666666666666668
3,m2,ng,1,60,0.5,30,0.033,0.7,0.75,30,set13,60,31,34,1.097,2.0,2.0,2,10,0.05,AUTO,26.666666666666668
3,m2,g,0,60,0.5,30,0.033,0.7,0.75,29,set13,60,30,34,1.133,2.0,2.0,0,8,0.033,L0,26.66666666666667
3,m2,g,0,60,0.5,30,0.033,0.7,0.75,29,set13,60,30,34,1.133,2.0,2.0,0,8,0.033,L1,30.000000000000004
3,m2,g,0,60,0.5,30,0.033,0.7,0.75,29,set13,60,30,34,1.133,2.0,2.0,0,8,0.033,L2,33.33333333333333
3,m2,g,0,60,0.5,30,0.033,0.7,0.75,29,set13,60,30,34,1.133,2.0,2.0,0,8,0.033,L2a,33.333333333333336
3,m2,g,0,60,0.5,30,0.033,0.7,0.75,29,set13,60,30,34,1.133,2.0,2.0,0,8,0.033,L2o,33.333333333333336
3,m2,g,0,60,0.5,30,0.033,0.7,0.75,29,set13,60,30,34,1.133,2.0,2.0,0,8,0.033,AUTO,33.33333333333333
3,m2,g,1,60,0.5,30,0.033,0.7,0.75,31,set13,60,30,33,1.1,2.0,2.0,0,7,0.05,L0,33.333333333333336
3,m2,g,1,60,0.5,30,0.033,0.7,0.75,31,set13,60,30,33,1.1,2.0,2.0,0,7,0.05,L1,26.666666666666668
3,m2,g,1,60,0.5,30,0.033,0.7,0.75,31,set13,60,30,33,1.1,2.0,2.0,0,7,0.05,L2,26.666666666666668
3,m2,g,1,60,0.5,30,0.033,0.7,0.75,31,set13,60,30,33,1.1,2.0,2.0,0,7,0.05,L2a,26.66666666666667
3,m2,g,1,60,0.5,30,0.033,0.7,0.75,31,set13,60,30,33,1.1,2.0,2.0,0,7,0.05,L2o,23.33333333333333
3,m2,g,1,60,0.5,30,0.033,0.7,0.75,31,set13,60,30,33,1.1,2.0,2.0,0,7,0.05,AUTO,26.666666666666668
3,m4,ng,0,120,0.5,30,0.033,0.7,0.7999999999999999,33,set13,120,32,40,1.25,4.0,4.0,2,8,0.042,L0,30.000000000000004
3,m4,ng,0,120,0.5,30,0.033,0.7,0.7999999999999999,33,set13,120,32,40,1.25,4.0,4.0,2,8,0.042,L1,25.0
3,m4,ng,0,120,0.5,30,0.033,0.7,0.7999999999999999,33,set13,120,32,40,1.25,4.0,4.0,2,8,0.042,L2,23.333333333333332
3,m4,ng,0,120,0.5,30,0.033,0.7,0.7999999999999999,33,set13,120,32,40,1.25,4.0,4.0,2,8,0.042,L2a,21.666666666666668
3,m4,ng,0,120,0.5,30,0.033,0.7,0.7999999999999999,33,set13,120,32,40,1.25,4.0,4.0,2,8,0.042,L2o,20.0
3,m4,ng,0,120,0.5,30,0.033,0.7,0.7999999999999999,33,set13,120,32,40,1.25,4.0,4.0,2,8,0.042,AUTO,23.333333333333332
3,m4,ng,1,120,0.5,30,0.033,0.7,0.75,31,set13,120,33,36,1.091,4.0,4.0,2,7,0.058,L0,28.333333333333332
3,m4,ng,1,120,0.5,30,0.033,0.7,0.75,31,set13,120,33,36,1.091,4.0,4.0,2,7,0.058,L1,26.66666666666667
3,m4,ng,1,120,0.5,30,0.033,0.7,0.75,31,set13,120,33,36,1.091,4.0,4.0,2,7,0.058,L2,23.333333333333332
3,m4,ng,1,120,0.5,30,0.033,0.7,0.75,31,set13,120,33,36,1.091,4.0,4.0,2,7,0.058,L2a,23.333333333333332
3,m4,ng,1,120,0.5,30,0.033,0.7,0.75,31,set13,120,33,36,1.091,4.0,4.0,2,7,0.058,L2o,21.666666666666668
3,m4,ng,1,120,0.5,30,0.033,0.7,0.75,31,set13,120,33,36,1.091,4.0,4.0,2,7,0.058,AUTO,23.333333333333332
3,m4,g,0,120,0.5,30,0.033,0.7,0.7999999999999999,30,set13,120,30,36,1.2,4.0,4.0,0,7,0.067,L0,38.33333333333333
3,m4,g,0,120,0.5,30,0.033,0.7,0.7999999999999999,30,set13,120,30,36,1.2,4.0,4.0,0,7,0.067,L1,35.0
3,m4,g,0,120,0.5,30,0.033,0.7,0.7999999999999999,30,set13,120,30,36,1.2,4.0,4.0,0,7,0.067,L2,35.0
3,m4,g,0,120,0.5,30,0.033,0.7,0.7999999999999999,30,set13,120,30,36,1.2,4.0,4.0,0,7,0.067,L2a,36.66666666666667
3,m4,g,0,120,0.5,30,0.033,0.7,0.7999999999999999,30,set13,120,30,36,1.2,4.0,4.0,0,7,0.067,L2o,33.333333333333336
3,m4,g,0,120,0.5,30,0.033,0.7,0.7999999999999999,30,set13,120,30,36,1.2,4.0,4.0,0,7,0.067,AUTO,35.0
3,m4,g,1,120,0.5,30,0.033,0.7,0.75,33,set13,120,30,35,1.167,4.0,4.0,0,5,0.067,L0,38.333333333333336
3,m4,g,1,120,0.5,30,0.033,0.7,0.75,33,set13,120,30,35,1.167,4.0,4.0,0,5,0.067,L1,36.66666666666667
3,m4,g,1,120,0.5,30,0.033,0.7,0.75,33,set13,120,30,35,1.167,4.0,4.0,0,5,0.067,L2,30.0
3,m4,g,1,120,0.5,30,0.033,0.7,0.75,33,set13,120,30,35,1.167,4.0,4.0,0,5,0.067,L2a,30.000000000000004
3,m4,g,1,120,0.5,30,0.033,0.7,0.75,33,set13,120,30,35,1.167,4.0,4.0,0,5,0.067,L2o,31.666666666666664
3,m4,g,1,120,0.5,30,0.033,0.7,0.75,33,set13,120,30,35,1.167,4.0,4.0,0,5,0.067,AUTO,30.0
3,m8,ng,0,237,0.502,30,0.034,0.7,0.75,34,set13,237,34,38,1.118,8.0,8.0,4,5,0.034,L0,27.966101694915253
3,m8,ng,0,237,0.502,30,0.034,0.7,0.75,34,set13,237,34,38,1.118,8.0,8.0,4,5,0.034,L1,24.369747899159666
3,m8,ng,0,237,0.502,30,0.034,0.7,0.75,34,set13,237,34,38,1.118,8.0,8.0,4,5,0.034,L2,22.6890756302521
3,m8,ng,0,237,0.502,30,0.034,0.7,0.75,34,set13,237,34,38,1.118,8.0,8.0,4,5,0.034,L2a,22.6890756302521
3,m8,ng,0,237,0.502,30,0.034,0.7,0.75,34,set13,237,34,38,1.118,8.0,8.0,4,5,0.034,L2o,21.1864406779661
3,m8,ng,0,237,0.502,30,0.034,0.7,0.75,34,set13,237,34,38,1.118,8.0,8.0,4,5,0.034,AUTO,22.6890756302521
3,m8,ng,1,237,0.502,30,0.034,0.7,0.75,34,set13,237,32,38,1.188,8.0,8.0,2,3,0.034,L0,22.6890756302521
3,m8,ng,1,237,0.502,30,0.034,0.7,0.75,34,set13,237,32,38,1.188,8.0,8.0,2,3,0.034,L1,22.88135593220339
3,m8,ng,1,237,0.502,30,0.034,0.7,0.75,34,set13,237,32,38,1.188,8.0,8.0,2,3,0.034,L2,16.94915254237288
3,m8,ng,1,237,0.502,30,0.034,0.7,0.75,34,set13,237,32,38,1.188,8.0,8.0,2,3,0.034,L2a,17.796610169491526
3,m8,ng,1,237,0.502,30,0.034,0.7,0.75,34,set13,237,32,38,1.188,8.0,8.0,2,3,0.034,L2o,16.94915254237288
3,m8,ng,1,237,0.502,30,0.034,0.7,0.75,34,set13,237,32,38,1.188,8.0,8.0,2,3,0.034,AUTO,16.94915254237288
3,m8,g,0,237,0.502,30,0.034,0.7,0.75,36,set13,237,32,41,1.281,8.0,8.0,2,7,0.046,L0,37.28813559322034
3,m8,g,0,237,0.502,30,0.034,0.7,0.75,36,set13,237,32,41,1.281,8.0,8.0,2,7,0.046,L1,34.45378151260504
3,m8,g,0,237,0.502,30,0.034,0.7,0.75,36,set13,237,32,41,1.281,8.0,8.0,2,7,0.046,L2,33.89830508474576
3,m8,g,0,237,0.502,30,0.034,0.7,0.75,36,set13,237,32,41,1.281,8.0,8.0,2,7,0.046,L2a,34.74576271186441
3,m8,g,0,237,0.502,30,0.034,0.7,0.75,36,set13,237,32,41,1.281,8.0,8.0,2,7,0.046,L2o,30.252100840336137
3,m8,g,0,237,0.502,30,0.034,0.7,0.75,36,set13,237,32,41,1.281,8.0,8.0,2,7,0.046,AUTO,33.89830508474576
3,m8,g,1,237,0.502,30,0.034,0.7,0.75,36,set13,237,35,39,1.114,8.0,8.0,5,7,0.068,L0,39.83050847457627
3,m8,g,1,237,0.502,30,0.034,0.7,0.75,36,set13,237,35,39,1.114,8.0,8.0,5,7,0.068,L1,42.01680672268907
3,m8,g,1,237,0.502,30,0.034,0.7,0.75,36,set13,237,35,39,1.114,8.0,8.0,5,7,0.068,L2,33.05084745762712
3,m8,g,1,237,0.502,30,0.034,0.7,0.75,36,set13,237,35,39,1.114,8.0,8.0,5,7,0.068,L2a,33.05084745762712
3,m8,g,1,237,0.502,30,0.034,0.7,0.75,36,set13,237,35,39,1.114,8.0,8.0,5,7,0.068,L2o,33.61344537815126
3,m8,g,1,237,0.502,30,0.034,0.7,0.75,36,set13,237,35,39,1.114,8.0,8.0,5,7,0.068,AUTO,33.05084745762712
3,m16,ng,0,459,0.503,30,0.035,0.7,0.75,38,set13,459,36,40,1.111,16.0,16.0,4,6,0.07,L0,24.561403508771928
3,m16,ng,0,459,0.503,30,0.035,0.7,0.75,38,set13,459,36,40,1.111,16.0,16.0,4,6,0.07,L1,22.36842105263158
3,m16,ng,0,459,0.503,30,0.035,0.7,0.75,38,set13,459,36,40,1.111,16.0,16.0,4,6,0.07,L2,20.175438596491226
3,m16,ng,0,459,0.503,30,0.035,0.7,0.75,38,set13,459,36,40,1.111,16.0,16.0,4,6,0.07,L2a,20.175438596491226
3,m16,ng,0,459,0.503,30,0.035,0.7,0.75,38,set13,459,36,40,1.111,16.0,16.0,4,6,0.07,L2o,19.298245614035086
3,m16,ng,0,459,0.503,30,0.035,0.7,0.75,38,set13,459,36,40,1.111,16.0,16.0,4,6,0.07,AUTO,20.175438596491226
3,m16,ng,1,459,0.503,30,0.035,0.7,0.75,36,set13,459,36,40,1.111,16.0,16.0,5,4,0.035,L0,21.052631578947366
3,m16,ng,1,459,0.503,30,0.035,0.7,0.75,36,set13,459,36,40,1.111,16.0,16.0,5,4,0.035,L1,19.298245614035086
3,m16,ng,1,459,0.503,30,0.035,0.7,0.75,36,set13,459,36,40,1.111,16.0,16.0,5,4,0.035,L2,16.666666666666664
3,m16,ng,1,459,0.503,30,0.035,0.7,0.75,36,set13,459,36,40,1.111,16.0,16.0,5,4,0.035,L2a,17.105263157894736
3,m16,ng,1,459,0.503,30,0.035,0.7,0.75,36,set13,459,36,40,1.111,16.0,16.0,5,4,0.035,L2o,15.58441558441559
3,m16,ng,1,459,0.503,30,0.035,0.7,0.75,36,set13,459,36,40,1.111,16.0,16.0,5,4,0.035,AUTO,16.666666666666664
3,m16,g,0,459,0.503,30,0.035,0.7,0.75,37,set13,459,35,43,1.229,16.0,16.0,3,9,0.037,L0,36.40350877192983
3,m16,g,0,459,0.503,30,0.035,0.7,0.75,37,set13,459,35,43,1.229,16.0,16.0,3,9,0.037,L1,35.497835497835496
3,m16,g,0,459,0.503,30,0.035,0.7,0.75,37,set13,459,35,43,1.229,16.0,16.0,3,9,0.037,L2,31.601731601731597
3,m16,g,0,459,0.503,30,0.035,0.7,0.75,37,set13,459,35,43,1.229,16.0,16.0,3,9,0.037,L2a,32.03463203463204
3,m16,g,0,459,0.503,30,0.035,0.7,0.75,37,set13,459,35,43,1.229,16.0,16.0,3,9,0.037,L2o,32.45614035087719
3,m16,g,0,459,0.503,30,0.035,0.7,0.75,37,set13,459,35,43,1.229,16.0,16.0,3,9,0.037,AUTO,31.601731601731597
3,m16,g,1,459,0.503,30,0.035,0.7,0.75,36,set13,459,36,45,1.25,16.0,16.0,5,8,0.035,L0,37.22943722943724
3,m16,g,1,459,0.503,30,0.035,0.7,0.75,36,set13,459,36,45,1.25,16.0,16.0,5,8,0.035,L1,35.497835497835496
3,m16,g,1,459,0.503,30,0.035,0.7,0.75,36,set13,459,36,45,1.25,16.0,16.0,5,8,0.035,L2,28.50877192982456
3,m16,g,1,459,0.503,30,0.035,0.7,0.75,36,set13,459,36,45,1.25,16.0,16.0,5,8,0.035,L2a,28.50877192982456
3,m16,g,1,459,0.503,30,0.035,0.7,0.75,36,set13,459,36,45,1.25,16.0,16.0,5,8,0.035,L2o,26.75438596491228
3,m16,g,1,459,0.503,30,0.035,0.7,0.75,36,set13,459,36,45,1.25,16.0,16.0,5,8,0.035,AUTO,28.50877192982456
3,m32,ng,0,832,0.5,30,0.038,0.7,0.7,40,set13,832,40,40,1.0,32.0,32.0,6,4,0.047,L0,25.721153846153843
3,m32,ng,0,832,0.5,30,0.038,0.7,0.7,40,set13,832,40,40,1.0,32.0,32.0,6,4,0.047,L1,23.557692307692314
3,m32,ng,0,832,0.5,30,0.038,0.7,0.7,40,set13,832,40,40,1.0,32.0,32.0,6,4,0.047,L2,15.865384615384615
3,m32,ng,0,832,0.5,30,0.038,0.7,0.7,40,set13,832,40,40,1.0,32.0,32.0,6,4,0.047,L2a,15.865384615384615
3,m32,ng,0,832,0.5,30,0.038,0.7,0.7,40,set13,832,40,40,1.0,32.0,32.0,6,4,0.047,L2o,15.14423076923077
3,m32,ng,0,832,0.5,30,0.038,0.7,0.7,40,set13,832,40,40,1.0,32.0,32.0,6,4,0.047,AUTO,15.865384615384615
3,m32,ng,1,832,0.5,30,0.038,0.7,0.75,39,set13,832,40,43,1.075,32.0,32.0,4,7,0.038,L0,24.03846153846154
3,m32,ng,1,832,0.5,30,0.038,0.7,0.75,39,set13,832,40,43,1.075,32.0,32.0,4,7,0.038,L1,23.076923076923073
3,m32,ng,1,832,0.5,30,0.038,0.7,0.75,39,set13,832,40,43,1.075,32.0,32.0,4,7,0.038,L2,17.307692307692314
3,m32,ng,1,832,0.5,30,0.038,0.7,0.75,39,set13,832,40,43,1.075,32.0,32.0,4,7,0.038,L2a,17.067307692307693
3,m32,ng,1,832,0.5,30,0.038,0.7,0.75,39,set13,832,40,43,1.075,32.0,32.0,4,7,0.038,L2o,16.346153846153847
3,m32,ng,1,832,0.5,30,0.038,0.7,0.75,39,set13,832,40,43,1.075,32.0,32.0,4,7,0.038,AUTO,17.307692307692314
3,m32,g,0,832,0.5,30,0.038,0.7,0.7,40,set13,832,39,40,1.026,32.0,32.0,5,2,0.042,L0,34.61538461538461
3,m32,g,0,832,0.5,30,0.038,0.7,0.7,40,set13,832,39,40,1.026,32.0,32.0,5,2,0.042,L1,33.41346153846153
3,m32,g,0,832,0.5,30,0.038,0.7,0.7,40,set13,832,39,40,1.026,32.0,32.0,5,2,0.042,L2,26.442307692307686
3,m32,g,0,832,0.5,30,0.038,0.7,0.7,40,set13,832,39,40,1.026,32.0,32.0,5,2,0.042,L2a,26.442307692307686
3,m32,g,0,832,0.5,30,0.038,0.7,0.7,40,set13,832,39,40,1.026,32.0,32.0,5,2,0.042,L2o,24.519230769230766
3,m32,g,0,832,0.5,30,0.038,0.7,0.7,40,set13,832,39,40,1.026,32.0,32.0,5,2,0.042,AUTO,26.442307692307686
3,m32,g,1,832,0.5,30,0.038,0.7,0.75,43,set13,832,38,46,1.211,32.0,32.0,2,10,0.046,L0,35.09615384615385
3,m32,g,1,832,0.5,30,0.038,0.7,0.75,43,set13,832,38,46,1.211,32.0,32.0,2,10,0.046,L1,34.855769230769226
3,m32,g,1,832,0.5,30,0.038,0.7,0.75,43,set13,832,38,46,1.211,32.0,32.0,2,10,0.046,L2,28.365384615384613
3,m32,g,1,832,0.5,30,0.038,0.7,0.75,43,set13,832,38,46,1.211,32.0,32.0,2,10,0.046,L2a,28.846153846153843
3,m32,g,1,832,0.5,30,0.038,0.7,0.75,43,set13,832,38,46,1.211,32.0,32.0,2,10,0.046,L2o,27.64423076923077
3,m32,g,1,832,0.5,30,0.038,0.7,0.75,43,set13,832,38,46,1.211,32.0,32.0,2,10,0.046,AUTO,28.365384615384613
3,pos20,ng,0,459,0.187,30,0.035,0.7,0.7,40,set13,459,38,40,1.053,16.0,16.0,7,3,0.046,L0,24.932975871313673
3,pos20,ng,0,459,0.187,30,0.035,0.7,0.7,40,set13,459,38,40,1.053,16.0,16.0,7,3,0.046,L1,20.93023255813954
3,pos20,ng,0,459,0.187,30,0.035,0.7,0.7,40,set13,459,38,40,1.053,16.0,16.0,7,3,0.046,L2,17.158176943699733
3,pos20,ng,0,459,0.187,30,0.035,0.7,0.7,40,set13,459,38,40,1.053,16.0,16.0,7,3,0.046,L2a,17.158176943699733
3,pos20,ng,0,459,0.187,30,0.035,0.7,0.7,40,set13,459,38,40,1.053,16.0,16.0,7,3,0.046,L2o,15.281501340482572
3,pos20,ng,0,459,0.187,30,0.035,0.7,0.7,40,set13,459,38,40,1.053,16.0,16.0,7,3,0.046,AUTO,17.158176943699733
3,pos20,ng,1,459,0.187,30,0.035,0.7,0.75,37,set13,459,37,46,1.243,16.0,16.0,5,7,0.035,L0,27.906976744186053
3,pos20,ng,1,459,0.187,30,0.035,0.7,0.75,37,set13,459,37,46,1.243,16.0,16.0,5,7,0.035,L1,26.74418604651163
3,pos20,ng,1,459,0.187,30,0.035,0.7,0.75,37,set13,459,37,46,1.243,16.0,16.0,5,7,0.035,L2,15.81769436997319
3,pos20,ng,1,459,0.187,30,0.035,0.7,0.75,37,set13,459,37,46,1.243,16.0,16.0,5,7,0.035,L2a,16.621983914209114
3,pos20,ng,1,459,0.187,30,0.035,0.7,0.75,37,set13,459,37,46,1.243,16.0,16.0,5,7,0.035,L2o,15.013404825737265
3,pos20,ng,1,459,0.187,30,0.035,0.7,0.75,37,set13,459,37,46,1.243,16.0,16.0,5,7,0.035,AUTO,15.81769436997319
3,pos20,g,0,459,0.187,30,0.035,0.7,0.7999999999999999,31,set13,459,33,42,1.273,16.0,16.0,1,7,0.044,L0,29.06976744186046
3,pos20,g,0,459,0.187,30,0.035,0.7,0.7999999999999999,31,set13,459,33,42,1.273,16.0,16.0,1,7,0.044,L1,34.584450402144775
3,pos20,g,0,459,0.187,30,0.035,0.7,0.7999999999999999,31,set13,459,33,42,1.273,16.0,16.0,1,7,0.044,L2,30.02680965147453
3,pos20,g,0,459,0.187,30,0.035,0.7,0.7999999999999999,31,set13,459,33,42,1.273,16.0,16.0,1,7,0.044,L2a,30.23255813953488
3,pos20,g,0,459,0.187,30,0.035,0.7,0.7999999999999999,31,set13,459,33,42,1.273,16.0,16.0,1,7,0.044,L2o,29.06976744186046
3,pos20,g,0,459,0.187,30,0.035,0.7,0.7999999999999999,31,set13,459,33,42,1.273,16.0,16.0,1,7,0.044,AUTO,30.02680965147453
3,pos20,g,1,459,0.187,30,0.035,0.7,0.7,41,set13,459,39,41,1.051,16.0,16.0,8,4,0.035,L0,38.372093023255815
3,pos20,g,1,459,0.187,30,0.035,0.7,0.7,41,set13,459,39,41,1.051,16.0,16.0,8,4,0.035,L1,38.372093023255815
3,pos20,g,1,459,0.187,30,0.035,0.7,0.7,41,set13,459,39,41,1.051,16.0,16.0,8,4,0.035,L2,27.882037533512065
3,pos20,g,1,459,0.187,30,0.035,0.7,0.7,41,set13,459,39,41,1.051,16.0,16.0,8,4,0.035,L2a,27.882037533512065
3,pos20,g,1,459,0.187,30,0.035,0.7,0.7,41,set13,459,39,41,1.051,16.0,16.0,8,4,0.035,L2o,26.74418604651163
3,pos20,g,1,459,0.187,30,0.035,0.7,0.7,41,set13,459,39,41,1.051,16.0,16.0,8,4,0.035,AUTO,27.882037533512065
3,dom,ng,0,326,0.5,30,0.298,0.7,0.75,35,set13,326,36,41,1.139,8.0,8.0,2,5,0.212,L0,29.447852760736193
3,dom,ng,0,326,0.5,30,0.298,0.7,0.75,35,set13,326,36,41,1.139,8.0,8.0,2,5,0.212,L1,22.08588957055214
3,dom,ng,0,326,0.5,30,0.298,0.7,0.75,35,set13,326,36,41,1.139,8.0,8.0,2,5,0.212,L2,16.56441717791411
3,dom,ng,0,326,0.5,30,0.298,0.7,0.75,35,set13,326,36,41,1.139,8.0,8.0,2,5,0.212,L2a,17.791411042944784
3,dom,ng,0,326,0.5,30,0.298,0.7,0.75,35,set13,326,36,41,1.139,8.0,8.0,2,5,0.212,L2o,14.11042944785276
3,dom,ng,0,326,0.5,30,0.298,0.7,0.75,35,set13,326,36,41,1.139,8.0,8.0,2,5,0.212,AUTO,16.56441717791411
3,dom,ng,1,324,0.503,30,0.293,0.7,0.7,42,set13,324,40,42,1.05,8.0,8.0,7,7,0.191,L0,26.08695652173913
3,dom,ng,1,324,0.503,30,0.293,0.7,0.7,42,set13,324,40,42,1.05,8.0,8.0,7,7,0.191,L1,23.926380368098155
3,dom,ng,1,324,0.503,30,0.293,0.7,0.7,42,set13,324,40,42,1.05,8.0,8.0,7,7,0.191,L2,18.633540372670808
3,dom,ng,1,324,0.503,30,0.293,0.7,0.7,42,set13,324,40,42,1.05,8.0,8.0,7,7,0.191,L2a,18.633540372670808
3,dom,ng,1,324,0.503,30,0.293,0.7,0.7,42,set13,324,40,42,1.05,8.0,8.0,7,7,0.191,L2o,14.285714285714285
3,dom,ng,1,324,0.503,30,0.293,0.7,0.7,42,set13,324,40,42,1.05,8.0,8.0,7,7,0.191,AUTO,18.633540372670808
3,dom,g,0,326,0.5,30,0.298,0.7,0.75,35,set13,326,35,42,1.2,8.0,8.0,3,5,0.218,L0,34.96932515337423
3,dom,g,0,326,0.5,30,0.298,0.7,0.75,35,set13,326,35,42,1.2,8.0,8.0,3,5,0.218,L1,34.96932515337423
3,dom,g,0,326,0.5,30,0.298,0.7,0.75,35,set13,326,35,42,1.2,8.0,8.0,3,5,0.218,L2,31.901840490797547
3,dom,g,0,326,0.5,30,0.298,0.7,0.75,35,set13,326,35,42,1.2,8.0,8.0,3,5,0.218,L2a,31.901840490797547
3,dom,g,0,326,0.5,30,0.298,0.7,0.75,35,set13,326,35,42,1.2,8.0,8.0,3,5,0.218,L2o,24.5398773006135
3,dom,g,0,326,0.5,30,0.298,0.7,0.75,35,set13,326,35,42,1.2,8.0,8.0,3,5,0.218,AUTO,31.901840490797547
3,dom,g,1,321,0.508,30,0.287,0.7,0.7,36,set13,321,37,36,0.973,8.0,8.0,5,1,0.215,L0,36.809815950920246
3,dom,g,1,321,0.508,30,0.287,0.7,0.7,36,set13,321,37,36,0.973,8.0,8.0,5,1,0.215,L1,33.54430379746836
3,dom,g,1,321,0.508,30,0.287,0.7,0.7,36,set13,321,37,36,0.973,8.0,8.0,5,1,0.215,L2,33.742331288343564
3,dom,g,1,321,0.508,30,0.287,0.7,0.7,36,set13,321,37,36,0.973,8.0,8.0,5,1,0.215,L2a,33.742331288343564
3,dom,g,1,321,0.508,30,0.287,0.7,0.7,36,set13,321,37,36,0.973,8.0,8.0,5,1,0.215,L2o,24.5398773006135
3,dom,g,1,321,0.508,30,0.287,0.7,0.7,36,set13,321,37,36,0.973,8.0,8.0,5,1,0.215,AUTO,33.742331288343564
3,p5,ng,0,79,0.506,5,0.203,0.7,0.7,10,set13,79,10,10,1.0,16.0,16.0,3,2,0.203,L0,30.000000000000004
3,p5,ng,0,79,0.506,5,0.203,0.7,0.7,10,set13,79,10,10,1.0,16.0,16.0,3,2,0.203,L1,30.000000000000004
3,p5,ng,0,79,0.506,5,0.203,0.7,0.7,10,set13,79,10,10,1.0,16.0,16.0,3,2,0.203,L2,17.500000000000004
3,p5,ng,0,79,0.506,5,0.203,0.7,0.7,10,set13,79,10,10,1.0,16.0,16.0,3,2,0.203,L2a,17.500000000000004
3,p5,ng,0,79,0.506,5,0.203,0.7,0.7,10,set13,79,10,10,1.0,16.0,16.0,3,2,0.203,L2o,19.999999999999996
3,p5,ng,0,79,0.506,5,0.203,0.7,0.7,10,set13,79,10,10,1.0,16.0,16.0,3,2,0.203,AUTO,17.500000000000004
3,p5,ng,1,80,0.5,5,0.2,0.7,0.8999999999999999,7,set13,80,7,11,1.571,16.0,15.0,0,2,0.2,L0,35.0
3,p5,ng,1,80,0.5,5,0.2,0.7,0.8999999999999999,7,set13,80,7,11,1.571,16.0,15.0,0,2,0.2,L1,35.0
3,p5,ng,1,80,0.5,5,0.2,0.7,0.8999999999999999,7,set13,80,7,11,1.571,16.0,15.0,0,2,0.2,L2,20.0
3,p5,ng,1,80,0.5,5,0.2,0.7,0.8999999999999999,7,set13,80,7,11,1.571,16.0,15.0,0,2,0.2,L2a,22.5
3,p5,ng,1,80,0.5,5,0.2,0.7,0.8999999999999999,7,set13,80,7,11,1.571,16.0,15.0,0,2,0.2,L2o,19.999999999999996
3,p5,ng,1,80,0.5,5,0.2,0.7,0.8999999999999999,7,set13,80,7,11,1.571,16.0,15.0,0,2,0.2,AUTO,20.0
3,p5,g,0,80,0.5,5,0.2,0.7,0.8499999999999999,6,set13,80,6,9,1.5,16.0,16.0,0,0,0.2,L0,35.0
3,p5,g,0,80,0.5,5,0.2,0.7,0.8499999999999999,6,set13,80,6,9,1.5,16.0,16.0,0,0,0.2,L1,42.50000000000001
3,p5,g,0,80,0.5,5,0.2,0.7,0.8499999999999999,6,set13,80,6,9,1.5,16.0,16.0,0,0,0.2,L2,52.5
3,p5,g,0,80,0.5,5,0.2,0.7,0.8499999999999999,6,set13,80,6,9,1.5,16.0,16.0,0,0,0.2,L2a,44.99999999999999
3,p5,g,0,80,0.5,5,0.2,0.7,0.8499999999999999,6,set13,80,6,9,1.5,16.0,16.0,0,0,0.2,L2o,52.5
3,p5,g,0,80,0.5,5,0.2,0.7,0.8499999999999999,6,set13,80,6,9,1.5,16.0,16.0,0,0,0.2,AUTO,52.5
3,p5,g,1,62,0.565,5,0.258,0.7,0.6499999999999999,11,indep,62,11,10,0.909,8.0,7.0,4,0,0.258,L0,31.428571428571427
3,p5,g,1,62,0.565,5,0.258,0.7,0.6499999999999999,11,indep,62,11,10,0.909,8.0,7.0,4,0,0.258,L1,22.857142857142854
3,p5,g,1,62,0.565,5,0.258,0.7,0.6499999999999999,11,indep,62,11,10,0.909,8.0,7.0,4,0,0.258,L2,14.28571428571429
3,p5,g,1,62,0.565,5,0.258,0.7,0.6499999999999999,11,indep,62,11,10,0.909,8.0,7.0,4,0,0.258,L2a,14.28571428571429
3,p5,g,1,62,0.565,5,0.258,0.7,0.6499999999999999,11,indep,62,11,10,0.909,8.0,7.0,4,0,0.258,L2o,14.814814814814813
3,p5,g,1,62,0.565,5,0.258,0.7,0.6499999999999999,11,indep,62,11,10,0.909,8.0,7.0,4,0,0.258,AUTO,31.428571428571427
3,p10,ng,0,150,0.507,10,0.107,0.7,0.7,13,set13,150,14,13,0.929,16.0,16.0,2,0,0.107,L0,31.57894736842105
3,p10,ng,0,150,0.507,10,0.107,0.7,0.7,13,set13,150,14,13,0.929,16.0,16.0,2,0,0.107,L1,28.947368421052634
3,p10,ng,0,150,0.507,10,0.107,0.7,0.7,13,set13,150,14,13,0.929,16.0,16.0,2,0,0.107,L2,21.62162162162162
3,p10,ng,0,150,0.507,10,0.107,0.7,0.7,13,set13,150,14,13,0.929,16.0,16.0,2,0,0.107,L2a,21.62162162162162
3,p10,ng,0,150,0.507,10,0.107,0.7,0.7,13,set13,150,14,13,0.929,16.0,16.0,2,0,0.107,L2o,18.91891891891892
3,p10,ng,0,150,0.507,10,0.107,0.7,0.7,13,set13,150,14,13,0.929,16.0,16.0,2,0,0.107,AUTO,21.62162162162162
3,p10,ng,1,159,0.503,10,0.101,0.7,0.75,11,set13,159,11,12,1.091,16.0,16.0,1,2,0.101,L0,30.37974683544304
3,p10,ng,1,159,0.503,10,0.101,0.7,0.75,11,set13,159,11,12,1.091,16.0,16.0,1,2,0.101,L1,25.0
3,p10,ng,1,159,0.503,10,0.101,0.7,0.75,11,set13,159,11,12,1.091,16.0,16.0,1,2,0.101,L2,18.75
3,p10,ng,1,159,0.503,10,0.101,0.7,0.75,11,set13,159,11,12,1.091,16.0,16.0,1,2,0.101,L2a,18.75
3,p10,ng,1,159,0.503,10,0.101,0.7,0.75,11,set13,159,11,12,1.091,16.0,16.0,1,2,0.101,L2o,18.9873417721519
3,p10,ng,1,159,0.503,10,0.101,0.7,0.75,11,set13,159,11,12,1.091,16.0,16.0,1,2,0.101,AUTO,18.75
3,p10,g,0,158,0.506,10,0.101,0.7,0.6499999999999999,16,set13,158,16,15,0.938,16.0,16.0,5,2,0.101,L0,30.76923076923077
3,p10,g,0,158,0.506,10,0.101,0.7,0.6499999999999999,16,set13,158,16,15,0.938,16.0,16.0,5,2,0.101,L1,27.500000000000004
3,p10,g,0,158,0.506,10,0.101,0.7,0.6499999999999999,16,set13,158,16,15,0.938,16.0,16.0,5,2,0.101,L2,19.999999999999996
3,p10,g,0,158,0.506,10,0.101,0.7,0.6499999999999999,16,set13,158,16,15,0.938,16.0,16.0,5,2,0.101,L2a,19.999999999999996
3,p10,g,0,158,0.506,10,0.101,0.7,0.6499999999999999,16,set13,158,16,15,0.938,16.0,16.0,5,2,0.101,L2o,21.250000000000004
3,p10,g,0,158,0.506,10,0.101,0.7,0.6499999999999999,16,set13,158,16,15,0.938,16.0,16.0,5,2,0.101,AUTO,19.999999999999996
3,p10,g,1,141,0.504,10,0.113,0.7,0.8999999999999999,10,set13,141,11,16,1.455,16.0,15.0,1,2,0.113,L0,34.285714285714285
3,p10,g,1,141,0.504,10,0.113,0.7,0.8999999999999999,10,set13,141,11,16,1.455,16.0,15.0,1,2,0.113,L1,35.2112676056338
3,p10,g,1,141,0.504,10,0.113,0.7,0.8999999999999999,10,set13,141,11,16,1.455,16.0,15.0,1,2,0.113,L2,25.71428571428571
3,p10,g,1,141,0.504,10,0.113,0.7,0.8999999999999999,10,set13,141,11,16,1.455,16.0,15.0,1,2,0.113,L2a,28.57142857142857
3,p10,g,1,141,0.504,10,0.113,0.7,0.8999999999999999,10,set13,141,11,16,1.455,16.0,15.0,1,2,0.113,L2o,28.169014084507037
3,p10,g,1,141,0.504,10,0.113,0.7,0.8999999999999999,10,set13,141,11,16,1.455,16.0,15.0,1,2,0.113,AUTO,25.71428571428571
4,m1,ng,0,30,0.6,30,0.033,0.7,0.6,30,indep,30,30,28,0.933,1.0,1.0,30,26,0.067,L0,25.0
4,m1,ng,0,30,0.6,30,0.033,0.7,0.6,30,indep,30,30,28,0.933,1.0,1.0,30,26,0.067,L1,22.22222222222222
4,m1,ng,0,30,0.6,30,0.033,0.7,0.6,30,indep,30,30,28,0.933,1.0,1.0,30,26,0.067,L2,16.666666666666664
4,m1,ng,0,30,0.6,30,0.033,0.7,0.6,30,indep,30,30,28,0.933,1.0,1.0,30,26,0.067,L2a,22.22222222222222
4,m1,ng,0,30,0.6,30,0.033,0.7,0.6,30,indep,30,30,28,0.933,1.0,1.0,30,26,0.067,L2o,22.22222222222222
4,m1,ng,0,30,0.6,30,0.033,0.7,0.6,30,indep,30,30,28,0.933,1.0,1.0,30,26,0.067,AUTO,25.0
4,m1,ng,1,30,0.5,30,0.033,0.7,0.6499999999999999,30,indep,30,30,29,0.967,1.0,1.0,30,28,0.067,L0,26.666666666666668
4,m1,ng,1,30,0.5,30,0.033,0.7,0.6499999999999999,30,indep,30,30,29,0.967,1.0,1.0,30,28,0.067,L1,20.0
4,m1,ng,1,30,0.5,30,0.033,0.7,0.6499999999999999,30,indep,30,30,29,0.967,1.0,1.0,30,28,0.067,L2,20.0
4,m1,ng,1,30,0.5,30,0.033,0.7,0.6499999999999999,30,indep,30,30,29,0.967,1.0,1.0,30,28,0.067,L2a,20.0
4,m1,ng,1,30,0.5,30,0.033,0.7,0.6499999999999999,30,indep,30,30,29,0.967,1.0,1.0,30,28,0.067,L2o,20.0
4,m1,ng,1,30,0.5,30,0.033,0.7,0.6499999999999999,30,indep,30,30,29,0.967,1.0,1.0,30,28,0.067,AUTO,26.666666666666668
4,m1,g,0,29,0.69,29,0.034,0.7,0.6,29,indep,29,29,28,0.966,1.0,1.0,29,27,0.069,L0,40.0
4,m1,g,0,29,0.69,29,0.034,0.7,0.6,29,indep,29,29,28,0.966,1.0,1.0,29,27,0.069,L1,33.33333333333333
4,m1,g,0,29,0.69,29,0.034,0.7,0.6,29,indep,29,29,28,0.966,1.0,1.0,29,27,0.069,L2,33.33333333333333
4,m1,g,0,29,0.69,29,0.034,0.7,0.6,29,indep,29,29,28,0.966,1.0,1.0,29,27,0.069,L2a,33.33333333333333
4,m1,g,0,29,0.69,29,0.034,0.7,0.6,29,indep,29,29,28,0.966,1.0,1.0,29,27,0.069,L2o,33.33333333333333
4,m1,g,0,29,0.69,29,0.034,0.7,0.6,29,indep,29,29,28,0.966,1.0,1.0,29,27,0.069,AUTO,40.0
4,m1,g,1,30,0.333,30,0.033,0.7,0.6,30,indep,30,30,27,0.9,1.0,1.0,30,24,0.067,L0,30.000000000000004
4,m1,g,1,30,0.333,30,0.033,0.7,0.6,30,indep,30,30,27,0.9,1.0,1.0,30,24,0.067,L1,40.0
4,m1,g,1,30,0.333,30,0.033,0.7,0.6,30,indep,30,30,27,0.9,1.0,1.0,30,24,0.067,L2,35.0
4,m1,g,1,30,0.333,30,0.033,0.7,0.6,30,indep,30,30,27,0.9,1.0,1.0,30,24,0.067,L2a,40.0
4,m1,g,1,30,0.333,30,0.033,0.7,0.6,30,indep,30,30,27,0.9,1.0,1.0,30,24,0.067,L2o,40.0
4,m1,g,1,30,0.333,30,0.033,0.7,0.6,30,indep,30,30,27,0.9,1.0,1.0,30,24,0.067,AUTO,30.000000000000004
4,m2,ng,0,58,0.5,30,0.034,0.7,0.75,30,set13,58,30,33,1.1,2.0,2.0,2,8,0.034,L0,20.689655172413794
4,m2,ng,0,58,0.5,30,0.034,0.7,0.75,30,set13,58,30,33,1.1,2.0,2.0,2,8,0.034,L1,20.689655172413794
4,m2,ng,0,58,0.5,30,0.034,0.7,0.75,30,set13,58,30,33,1.1,2.0,2.0,2,8,0.034,L2,17.24137931034483
4,m2,ng,0,58,0.5,30,0.034,0.7,0.75,30,set13,58,30,33,1.1,2.0,2.0,2,8,0.034,L2a,17.24137931034483
4,m2,ng,0,58,0.5,30,0.034,0.7,0.75,30,set13,58,30,33,1.1,2.0,2.0,2,8,0.034,L2o,17.24137931034483
4,m2,ng,0,58,0.5,30,0.034,0.7,0.75,30,set13,58,30,33,1.1,2.0,2.0,2,8,0.034,AUTO,17.24137931034483
4,m2,ng,1,58,0.5,30,0.034,0.7,0.7,32,set13,58,32,32,1.0,2.0,2.0,6,8,0.069,L0,34.48275862068966
4,m2,ng,1,58,0.5,30,0.034,0.7,0.7,32,set13,58,32,32,1.0,2.0,2.0,6,8,0.069,L1,31.034482758620683
4,m2,ng,1,58,0.5,30,0.034,0.7,0.7,32,set13,58,32,32,1.0,2.0,2.0,6,8,0.069,L2,34.48275862068966
4,m2,ng,1,58,0.5,30,0.034,0.7,0.7,32,set13,58,32,32,1.0,2.0,2.0,6,8,0.069,L2a,34.48275862068966
4,m2,ng,1,58,0.5,30,0.034,0.7,0.7,32,set13,58,32,32,1.0,2.0,2.0,6,8,0.069,L2o,27.586206896551722
4,m2,ng,1,58,0.5,30,0.034,0.7,0.7,32,set13,58,32,32,1.0,2.0,2.0,6,8,0.069,AUTO,34.48275862068966
4,m2,g,0,58,0.483,30,0.034,0.7,0.75,32,set13,58,32,36,1.125,2.0,2.0,6,14,0.034,L0,32.14285714285714
4,m2,g,0,58,0.483,30,0.034,0.7,0.75,32,set13,58,32,36,1.125,2.0,2.0,6,14,0.034,L1,26.666666666666668
4,m2,g,0,58,0.483,30,0.034,0.7,0.75,32,set13,58,32,36,1.125,2.0,2.0,6,14,0.034,L2,26.666666666666668
4,m2,g,0,58,0.483,30,0.034,0.7,0.75,32,set13,58,32,36,1.125,2.0,2.0,6,14,0.034,L2a,26.666666666666668
4,m2,g,0,58,0.483,30,0.034,0.7,0.75,32,set13,58,32,36,1.125,2.0,2.0,6,14,0.034,L2o,28.57142857142857
4,m2,g,0,58,0.483,30,0.034,0.7,0.75,32,set13,58,32,36,1.125,2.0,2.0,6,14,0.034,AUTO,26.666666666666668
4,m2,g,1,58,0.483,30,0.034,0.7,0.7,33,set13,58,32,33,1.031,2.0,2.0,6,10,0.069,L0,30.0
4,m2,g,1,58,0.483,30,0.034,0.7,0.7,33,set13,58,32,33,1.031,2.0,2.0,6,10,0.069,L1,26.666666666666668
4,m2,g,1,58,0.483,30,0.034,0.7,0.7,33,set13,58,32,33,1.031,2.0,2.0,6,10,0.069,L2,30.0
4,m2,g,1,58,0.483,30,0.034,0.7,0.7,33,set13,58,32,33,1.031,2.0,2.0,6,10,0.069,L2a,30.0
4,m2,g,1,58,0.483,30,0.034,0.7,0.7,33,set13,58,32,33,1.031,2.0,2.0,6,10,0.069,L2o,28.57142857142857
4,m2,g,1,58,0.483,30,0.034,0.7,0.7,33,set13,58,32,33,1.031,2.0,2.0,6,10,0.069,AUTO,30.0
4,m4,ng,0,114,0.5,30,0.035,0.7,0.7,34,set13,114,33,34,1.03,4.0,4.0,5,5,0.035,L0,26.31578947368421
4,m4,ng,0,114,0.5,30,0.035,0.7,0.7,34,set13,114,33,34,1.03,4.0,4.0,5,5,0.035,L1,26.31578947368421
4,m4,ng,0,114,0.5,30,0.035,0.7,0.7,34,set13,114,33,34,1.03,4.0,4.0,5,5,0.035,L2,21.052631578947366
4,m4,ng,0,114,0.5,30,0.035,0.7,0.7,34,set13,114,33,34,1.03,4.0,4.0,5,5,0.035,L2a,21.052631578947366
4,m4,ng,0,114,0.5,30,0.035,0.7,0.7,34,set13,114,33,34,1.03,4.0,4.0,5,5,0.035,L2o,21.052631578947366
4,m4,ng,0,114,0.5,30,0.035,0.7,0.7,34,set13,114,33,34,1.03,4.0,4.0,5,5,0.035,AUTO,21.052631578947366
4,m4,ng,1,114,0.5,30,0.035,0.7,0.75,33,set13,114,30,36,1.2,4.0,4.0,2,8,0.035,L0,22.807017543859647
4,m4,ng,1,114,0.5,30,0.035,0.7,0.75,33,set13,114,30,36,1.2,4.0,4.0,2,8,0.035,L1,21.052631578947366
4,m4,ng,1,114,0.5,30,0.035,0.7,0.75,33,set13,114,30,36,1.2,4.0,4.0,2,8,0.035,L2,17.543859649122805
4,m4,ng,1,114,0.5,30,0.035,0.7,0.75,33,set13,114,30,36,1.2,4.0,4.0,2,8,0.035,L2a,17.543859649122805
4,m4,ng,1,114,0.5,30,0.035,0.7,0.75,33,set13,114,30,36,1.2,4.0,4.0,2,8,0.035,L2o,17.543859649122805
4,m4,ng,1,114,0.5,30,0.035,0.7,0.75,33,set13,114,30,36,1.2,4.0,4.0,2,8,0.035,AUTO,17.543859649122805
4,m4,g,0,114,0.5,30,0.035,0.7,0.75,32,set13,114,32,36,1.125,4.0,4.0,4,7,0.07,L0,35.08771929824561
4,m4,g,0,114,0.5,30,0.035,0.7,0.75,32,set13,114,32,36,1.125,4.0,4.0,4,7,0.07,L1,33.33333333333333
4,m4,g,0,114,0.5,30,0.035,0.7,0.75,32,set13,114,32,36,1.125,4.0,4.0,4,7,0.07,L2,31.57894736842105
4,m4,g,0,114,0.5,30,0.035,0.7,0.75,32,set13,114,32,36,1.125,4.0,4.0,4,7,0.07,L2a,31.57894736842105
4,m4,g,0,114,0.5,30,0.035,0.7,0.75,32,set13,114,32,36,1.125,4.0,4.0,4,7,0.07,L2o,28.07017543859649
4,m4,g,0,114,0.5,30,0.035,0.7,0.75,32,set13,114,32,36,1.125,4.0,4.0,4,7,0.07,AUTO,31.57894736842105
4,m4,g,1,114,0.5,30,0.035,0.7,0.75,33,set13,114,33,36,1.091,4.0,4.0,5,7,0.035,L0,38.59649122807017
4,m4,g,1,114,0.5,30,0.035,0.7,0.75,33,set13,114,33,36,1.091,4.0,4.0,5,7,0.035,L1,31.57894736842105
4,m4,g,1,114,0.5,30,0.035,0.7,0.75,33,set13,114,33,36,1.091,4.0,4.0,5,7,0.035,L2,31.57894736842105
4,m4,g,1,114,0.5,30,0.035,0.7,0.75,33,set13,114,33,36,1.091,4.0,4.0,5,7,0.035,L2a,29.824561403508774
4,m4,g,1,114,0.5,30,0.035,0.7,0.75,33,set13,114,33,36,1.091,4.0,4.0,5,7,0.035,L2o,29.82456140350877
4,m4,g,1,114,0.5,30,0.035,0.7,0.75,33,set13,114,33,36,1.091,4.0,4.0,5,7,0.035,AUTO,31.57894736842105
4,m8,ng,0,222,0.495,30,0.036,0.7,0.7,36,set13,222,38,36,0.947,8.0,8.0,9,2,0.036,L0,23.636363636363633
4,m8,ng,0,222,0.495,30,0.036,0.7,0.7,36,set13,222,38,36,0.947,8.0,8.0,9,2,0.036,L1,24.107142857142858
4,m8,ng,0,222,0.495,30,0.036,0.7,0.7,36,set13,222,38,36,0.947,8.0,8.0,9,2,0.036,L2,16.964285714285715
4,m8,ng,0,222,0.495,30,0.036,0.7,0.7,36,set13,222,38,36,0.947,8.0,8.0,9,2,0.036,L2a,16.964285714285715
4,m8,ng,0,222,0.495,30,0.036,0.7,0.7,36,set13,222,38,36,0.947,8.0,8.0,9,2,0.036,L2o,16.071428571428573
4,m8,ng,0,222,0.495,30,0.036,0.7,0.7,36,set13,222,38,36,0.947,8.0,8.0,9,2,0.036,AUTO,16.964285714285715
4,m8,ng,1,222,0.495,30,0.036,0.7,0.75,34,set13,222,32,35,1.094,8.0,8.0,3,3,0.041,L0,27.67857142857143
4,m8,ng,1,222,0.495,30,0.036,0.7,0.75,34,set13,222,32,35,1.094,8.0,8.0,3,3,0.041,L1,29.464285714285715
4,m8,ng,1,222,0.495,30,0.036,0.7,0.75,34,set13,222,32,35,1.094,8.0,8.0,3,3,0.041,L2,25.892857142857146
4,m8,ng,1,222,0.495,30,0.036,0.7,0.75,34,set13,222,32,35,1.094,8.0,8.0,3,3,0.041,L2a,24.545454545454547
4,m8,ng,1,222,0.495,30,0.036,0.7,0.75,34,set13,222,32,35,1.094,8.0,8.0,3,3,0.041,L2o,25.454545454545453
4,m8,ng,1,222,0.495,30,0.036,0.7,0.75,34,set13,222,32,35,1.094,8.0,8.0,3,3,0.041,AUTO,25.892857142857146
4,m8,g,0,222,0.5,30,0.036,0.7,0.75,37,set13,222,35,40,1.143,8.0,8.0,6,8,0.036,L0,30.630630630630627
4,m8,g,0,222,0.5,30,0.036,0.7,0.75,37,set13,222,35,40,1.143,8.0,8.0,6,8,0.036,L1,31.53153153153153
4,m8,g,0,222,0.5,30,0.036,0.7,0.75,37,set13,222,35,40,1.143,8.0,8.0,6,8,0.036,L2,26.126126126126124
4,m8,g,0,222,0.5,30,0.036,0.7,0.75,37,set13,222,35,40,1.143,8.0,8.0,6,8,0.036,L2a,26.126126126126124
4,m8,g,0,222,0.5,30,0.036,0.7,0.75,37,set13,222,35,40,1.143,8.0,8.0,6,8,0.036,L2o,25.225225225225223
4,m8,g,0,222,0.5,30,0.036,0.7,0.75,37,set13,222,35,40,1.143,8.0,8.0,6,8,0.036,AUTO,26.126126126126124
4,m8,g,1,223,0.498,30,0.036,0.7,0.7,35,set13,223,35,35,1.0,8.0,8.0,6,4,0.036,L0,31.53153153153153
4,m8,g,1,223,0.498,30,0.036,0.7,0.7,35,set13,223,35,35,1.0,8.0,8.0,6,4,0.036,L1,32.432432432432435
4,m8,g,1,223,0.498,30,0.036,0.7,0.7,35,set13,223,35,35,1.0,8.0,8.0,6,4,0.036,L2,32.142857142857146
4,m8,g,1,223,0.498,30,0.036,0.7,0.7,35,set13,223,35,35,1.0,8.0,8.0,6,4,0.036,L2a,32.142857142857146
4,m8,g,1,223,0.498,30,0.036,0.7,0.7,35,set13,223,35,35,1.0,8.0,8.0,6,4,0.036,L2o,31.25
4,m8,g,1,223,0.498,30,0.036,0.7,0.7,35,set13,223,35,35,1.0,8.0,8.0,6,4,0.036,AUTO,32.142857142857146
4,m16,ng,0,430,0.498,30,0.037,0.7,0.75,37,set13,430,36,39,1.083,16.0,16.0,5,4,0.056,L0,26.38888888888889
4,m16,ng,0,430,0.498,30,0.037,0.7,0.75,37,set13,430,36,39,1.083,16.0,16.0,5,4,0.056,L1,24.766355140186914
4,m16,ng,0,430,0.498,30,0.037,0.7,0.75,37,set13,430,36,39,1.083,16.0,16.0,5,4,0.056,L2,21.296296296296298
4,m16,ng,0,430,0.498,30,0.037,0.7,0.75,37,set13,430,36,39,1.083,16.0,16.0,5,4,0.056,L2a,21.296296296296298
4,m16,ng,0,430,0.498,30,0.037,0.7,0.75,37,set13,430,36,39,1.083,16.0,16.0,5,4,0.056,L2o,20.833333333333336
4,m16,ng,0,430,0.498,30,0.037,0.7,0.75,37,set13,430,36,39,1.083,16.0,16.0,5,4,0.056,AUTO,21.296296296296298
4,m16,ng,1,430,0.498,30,0.037,0.7,0.75,36,set13,430,36,40,1.111,16.0,16.0,4,5,0.037,L0,24.537037037037038
4,m16,ng,1,430,0.498,30,0.037,0.7,0.75,36,set13,430,36,40,1.111,16.0,16.0,4,5,0.037,L1,23.61111111111111
4,m16,ng,1,430,0.498,30,0.037,0.7,0.75,36,set13,430,36,40,1.111,16.0,16.0,4,5,0.037,L2,16.82242990654206
4,m16,ng,1,430,0.498,30,0.037,0.7,0.75,36,set13,430,36,40,1.111,16.0,16.0,4,5,0.037,L2a,16.666666666666664
4,m16,ng,1,430,0.498,30,0.037,0.7,0.75,36,set13,430,36,40,1.111,16.0,16.0,4,5,0.037,L2o,16.666666666666664
4,m16,ng,1,430,0.498,30,0.037,0.7,0.75,36,set13,430,36,40,1.111,16.0,16.0,4,5,0.037,AUTO,16.82242990654206
4,m16,g,0,430,0.502,30,0.037,0.7,0.7,41,set13,430,39,41,1.051,16.0,16.0,8,6,0.037,L0,35.046728971962615
4,m16,g,0,430,0.502,30,0.037,0.7,0.7,41,set13,430,39,41,1.051,16.0,16.0,8,6,0.037,L1,34.112149532710276
4,m16,g,0,430,0.502,30,0.037,0.7,0.7,41,set13,430,39,41,1.051,16.0,16.0,8,6,0.037,L2,31.481481481481477
4,m16,g,0,430,0.502,30,0.037,0.7,0.7,41,set13,430,39,41,1.051,16.0,16.0,8,6,0.037,L2a,31.481481481481477
4,m16,g,0,430,0.502,30,0.037,0.7,0.7,41,set13,430,39,41,1.051,16.0,16.0,8,6,0.037,L2o,28.504672897196258
4,m16,g,0,430,0.502,30,0.037,0.7,0.7,41,set13,430,39,41,1.051,16.0,16.0,8,6,0.037,AUTO,31.481481481481477
4,m16,g,1,430,0.498,30,0.037,0.7,0.7,38,set13,430,39,38,0.974,16.0,16.0,9,4,0.037,L0,38.78504672897196
4,m16,g,1,430,0.498,30,0.037,0.7,0.7,38,set13,430,39,38,0.974,16.0,16.0,9,4,0.037,L1,38.425925925925924
4,m16,g,1,430,0.498,30,0.037,0.7,0.7,38,set13,430,39,38,0.974,16.0,16.0,9,4,0.037,L2,29.166666666666668
4,m16,g,1,430,0.498,30,0.037,0.7,0.7,38,set13,430,39,38,0.974,16.0,16.0,9,4,0.037,L2a,29.166666666666668
4,m16,g,1,430,0.498,30,0.037,0.7,0.7,38,set13,430,39,38,0.974,16.0,16.0,9,4,0.037,L2o,27.314814814814813
4,m16,g,1,430,0.498,30,0.037,0.7,0.7,38,set13,430,39,38,0.974,16.0,16.0,9,4,0.037,AUTO,29.166666666666668
4,m32,ng,0,769,0.499,30,0.042,0.7,0.75,40,set13,769,41,46,1.122,32.0,30.0,8,9,0.042,L0,24.21875
4,m32,ng,0,769,0.499,30,0.042,0.7,0.75,40,set13,769,41,46,1.122,32.0,30.0,8,9,0.042,L1,24.935064935064936
4,m32,ng,0,769,0.499,30,0.042,0.7,0.75,40,set13,769,41,46,1.122,32.0,30.0,8,9,0.042,L2,21.09375
4,m32,ng,0,769,0.499,30,0.042,0.7,0.75,40,set13,769,41,46,1.122,32.0,30.0,8,9,0.042,L2a,21.09375
4,m32,ng,0,769,0.499,30,0.042,0.7,0.75,40,set13,769,41,46,1.122,32.0,30.0,8,9,0.042,L2o,20.572916666666664
4,m32,ng,0,769,0.499,30,0.042,0.7,0.75,40,set13,769,41,46,1.122,32.0,30.0,8,9,0.042,AUTO,21.09375
4,m32,ng,1,769,0.502,30,0.042,0.7,0.7,43,set13,769,40,43,1.075,32.0,30.0,8,4,0.052,L0,24.02088772845953
4,m32,ng,1,769,0.502,30,0.042,0.7,0.7,43,set13,769,40,43,1.075,32.0,30.0,8,4,0.052,L1,24.281984334203656
4,m32,ng,1,769,0.502,30,0.042,0.7,0.7,43,set13,769,40,43,1.075,32.0,30.0,8,4,0.052,L2,19.843342036553523
4,m32,ng,1,769,0.502,30,0.042,0.7,0.7,43,set13,769,40,43,1.075,32.0,30.0,8,4,0.052,L2a,19.843342036553523
4,m32,ng,1,769,0.502,30,0.042,0.7,0.7,43,set13,769,40,43,1.075,32.0,30.0,8,4,0.052,L2o,18.79895561357702
4,m32,ng,1,769,0.502,30,0.042,0.7,0.7,43,set13,769,40,43,1.075,32.0,30.0,8,4,0.052,AUTO,19.843342036553523
4,m32,g,0,767,0.501,30,0.042,0.7,0.7,47,set13,767,45,47,1.044,32.0,30.0,13,7,0.042,L0,37.33681462140992
4,m32,g,0,767,0.501,30,0.042,0.7,0.7,47,set13,767,45,47,1.044,32.0,30.0,13,7,0.042,L1,37.239583333333336
4,m32,g,0,767,0.501,30,0.042,0.7,0.7,47,set13,767,45,47,1.044,32.0,30.0,13,7,0.042,L2,32.375979112271544
4,m32,g,0,767,0.501,30,0.042,0.7,0.7,47,set13,767,45,47,1.044,32.0,30.0,13,7,0.042,L2a,32.375979112271544
4,m32,g,0,767,0.501,30,0.042,0.7,0.7,47,set13,767,45,47,1.044,32.0,30.0,13,7,0.042,L2o,29.50391644908616
4,m32,g,0,767,0.501,30,0.042,0.7,0.7,47,set13,767,45,47,1.044,32.0,30.0,13,7,0.042,AUTO,32.375979112271544
4,m32,g,1,769,0.501,30,0.042,0.7,0.6499999999999999,47,set13,769,46,41,0.891,32.0,32.0,13,7,0.042,L0,35.84415584415584
4,m32,g,1,769,0.501,30,0.042,0.7,0.6499999999999999,47,set13,769,46,41,0.891,32.0,32.0,13,7,0.042,L1,36.36363636363637
4,m32,g,1,769,0.501,30,0.042,0.7,0.6499999999999999,47,set13,769,46,41,0.891,32.0,32.0,13,7,0.042,L2,32.55208333333333
4,m32,g,1,769,0.501,30,0.042,0.7,0.6499999999999999,47,set13,769,46,41,0.891,32.0,32.0,13,7,0.042,L2a,32.20779220779221
4,m32,g,1,769,0.501,30,0.042,0.7,0.6499999999999999,47,set13,769,46,41,0.891,32.0,32.0,13,7,0.042,L2o,29.09090909090909
4,m32,g,1,769,0.501,30,0.042,0.7,0.6499999999999999,47,set13,769,46,41,0.891,32.0,32.0,13,7,0.042,AUTO,32.55208333333333
4,pos20,ng,0,430,0.188,30,0.037,0.7,0.75,36,set13,430,35,41,1.171,16.0,16.0,4,7,0.037,L0,25.92592592592593
4,pos20,ng,0,430,0.188,30,0.037,0.7,0.75,36,set13,430,35,41,1.171,16.0,16.0,4,7,0.037,L1,25.92592592592593
4,pos20,ng,0,430,0.188,30,0.037,0.7,0.75,36,set13,430,35,41,1.171,16.0,16.0,4,7,0.037,L2,20.98765432098766
4,pos20,ng,0,430,0.188,30,0.037,0.7,0.75,36,set13,430,35,41,1.171,16.0,16.0,4,7,0.037,L2a,20.98765432098766
4,pos20,ng,0,430,0.188,30,0.037,0.7,0.75,36,set13,430,35,41,1.171,16.0,16.0,4,7,0.037,L2o,18.518518518518523
4,pos20,ng,0,430,0.188,30,0.037,0.7,0.75,36,set13,430,35,41,1.171,16.0,16.0,4,7,0.037,AUTO,20.98765432098766
4,pos20,ng,1,430,0.188,30,0.037,0.7,0.7,39,set13,430,37,39,1.054,16.0,16.0,5,6,0.044,L0,23.456790123456795
4,pos20,ng,1,430,0.188,30,0.037,0.7,0.7,39,set13,430,37,39,1.054,16.0,16.0,5,6,0.044,L1,24.068767908309454
4,pos20,ng,1,430,0.188,30,0.037,0.7,0.7,39,set13,430,37,39,1.054,16.0,16.0,5,6,0.044,L2,20.98765432098766
4,pos20,ng,1,430,0.188,30,0.037,0.7,0.7,39,set13,430,37,39,1.054,16.0,16.0,5,6,0.044,L2a,20.98765432098766
4,pos20,ng,1,430,0.188,30,0.037,0.7,0.7,39,set13,430,37,39,1.054,16.0,16.0,5,6,0.044,L2o,18.518518518518523
4,pos20,ng,1,430,0.188,30,0.037,0.7,0.7,39,set13,430,37,39,1.054,16.0,16.0,5,6,0.044,AUTO,20.98765432098766
4,pos20,g,0,430,0.188,30,0.037,0.7,0.75,37,set13,430,38,42,1.105,16.0,16.0,9,7,0.037,L0,35.802469135802475
4,pos20,g,0,430,0.188,30,0.037,0.7,0.75,37,set13,430,38,42,1.105,16.0,16.0,9,7,0.037,L1,35.53008595988539
4,pos20,g,0,430,0.188,30,0.037,0.7,0.75,37,set13,430,38,42,1.105,16.0,16.0,9,7,0.037,L2,30.864197530864203
4,pos20,g,0,430,0.188,30,0.037,0.7,0.75,37,set13,430,38,42,1.105,16.0,16.0,9,7,0.037,L2a,29.629629629629626
4,pos20,g,0,430,0.188,30,0.037,0.7,0.75,37,set13,430,38,42,1.105,16.0,16.0,9,7,0.037,L2o,30.37249283667622
4,pos20,g,0,430,0.188,30,0.037,0.7,0.75,37,set13,430,38,42,1.105,16.0,16.0,9,7,0.037,AUTO,30.864197530864203
4,pos20,g,1,430,0.188,30,0.037,0.7,0.7,41,set13,430,39,41,1.051,16.0,16.0,7,7,0.037,L0,38.27160493827161
4,pos20,g,1,430,0.188,30,0.037,0.7,0.7,41,set13,430,39,41,1.051,16.0,16.0,7,7,0.037,L1,39.25501432664756
4,pos20,g,1,430,0.188,30,0.037,0.7,0.7,41,set13,430,39,41,1.051,16.0,16.0,7,7,0.037,L2,30.37249283667622
4,pos20,g,1,430,0.188,30,0.037,0.7,0.7,41,set13,430,39,41,1.051,16.0,16.0,7,7,0.037,L2a,30.37249283667622
4,pos20,g,1,430,0.188,30,0.037,0.7,0.7,41,set13,430,39,41,1.051,16.0,16.0,7,7,0.037,L2o,28.36676217765043
4,pos20,g,1,430,0.188,30,0.037,0.7,0.7,41,set13,430,39,41,1.051,16.0,16.0,7,7,0.037,AUTO,30.37249283667622
4,dom,ng,0,312,0.494,30,0.311,0.7,0.7,41,set13,312,39,41,1.051,8.0,8.0,9,8,0.215,L0,29.87012987012987
4,dom,ng,0,312,0.494,30,0.311,0.7,0.7,41,set13,312,39,41,1.051,8.0,8.0,9,8,0.215,L1,29.11392405063291
4,dom,ng,0,312,0.494,30,0.311,0.7,0.7,41,set13,312,39,41,1.051,8.0,8.0,9,8,0.215,L2,25.97402597402597
4,dom,ng,0,312,0.494,30,0.311,0.7,0.7,41,set13,312,39,41,1.051,8.0,8.0,9,8,0.215,L2a,25.97402597402597
4,dom,ng,0,312,0.494,30,0.311,0.7,0.7,41,set13,312,39,41,1.051,8.0,8.0,9,8,0.215,L2o,18.181818181818176
4,dom,ng,0,312,0.494,30,0.311,0.7,0.7,41,set13,312,39,41,1.051,8.0,8.0,9,8,0.215,AUTO,25.97402597402597
4,dom,ng,1,312,0.494,30,0.311,0.7,0.7,40,set13,312,41,40,0.976,8.0,8.0,9,5,0.231,L0,27.848101265822784
4,dom,ng,1,312,0.494,30,0.311,0.7,0.7,40,set13,312,41,40,0.976,8.0,8.0,9,5,0.231,L1,26.623376623376625
4,dom,ng,1,312,0.494,30,0.311,0.7,0.7,40,set13,312,41,40,0.976,8.0,8.0,9,5,0.231,L2,22.077922077922075
4,dom,ng,1,312,0.494,30,0.311,0.7,0.7,40,set13,312,41,40,0.976,8.0,8.0,9,5,0.231,L2a,22.077922077922075
4,dom,ng,1,312,0.494,30,0.311,0.7,0.7,40,set13,312,41,40,0.976,8.0,8.0,9,5,0.231,L2o,16.455696202531644
4,dom,ng,1,312,0.494,30,0.311,0.7,0.7,40,set13,312,41,40,0.976,8.0,8.0,9,5,0.231,AUTO,22.077922077922075
4,dom,g,0,311,0.498,30,0.309,0.7,0.7,41,set13,311,41,41,1.0,8.0,8.0,8,5,0.183,L0,33.54838709677419
4,dom,g,0,311,0.498,30,0.309,0.7,0.7,41,set13,311,41,41,1.0,8.0,8.0,8,5,0.183,L1,37.41935483870967
4,dom,g,0,311,0.498,30,0.309,0.7,0.7,41,set13,311,41,41,1.0,8.0,8.0,8,5,0.183,L2,33.54838709677419
4,dom,g,0,311,0.498,30,0.309,0.7,0.7,41,set13,311,41,41,1.0,8.0,8.0,8,5,0.183,L2a,33.54838709677419
4,dom,g,0,311,0.498,30,0.309,0.7,0.7,41,set13,311,41,41,1.0,8.0,8.0,8,5,0.183,L2o,35.256410256410255
4,dom,g,0,311,0.498,30,0.309,0.7,0.7,41,set13,311,41,41,1.0,8.0,8.0,8,5,0.183,AUTO,33.54838709677419
4,dom,g,1,311,0.498,30,0.309,0.7,0.7,39,set13,311,38,39,1.026,8.0,8.0,8,5,0.219,L0,31.612903225806456
4,dom,g,1,311,0.498,30,0.309,0.7,0.7,39,set13,311,38,39,1.026,8.0,8.0,8,5,0.219,L1,36.7741935483871
4,dom,g,1,311,0.498,30,0.309,0.7,0.7,39,set13,311,38,39,1.026,8.0,8.0,8,5,0.219,L2,27.564102564102566
4,dom,g,1,311,0.498,30,0.309,0.7,0.7,39,set13,311,38,39,1.026,8.0,8.0,8,5,0.219,L2a,27.564102564102566
4,dom,g,1,311,0.498,30,0.309,0.7,0.7,39,set13,311,38,39,1.026,8.0,8.0,8,5,0.219,L2o,25.64102564102564
4,dom,g,1,311,0.498,30,0.309,0.7,0.7,39,set13,311,38,39,1.026,8.0,8.0,8,5,0.219,AUTO,27.564102564102566
4,p5,ng,0,65,0.492,5,0.246,0.7,0.7,9,set13,65,9,9,1.0,15.0,14.0,5,3,0.246,L0,25.0
4,p5,ng,0,65,0.492,5,0.246,0.7,0.7,9,set13,65,9,9,1.0,15.0,14.0,5,3,0.246,L1,21.21212121212121
4,p5,ng,0,65,0.492,5,0.246,0.7,0.7,9,set13,65,9,9,1.0,15.0,14.0,5,3,0.246,L2,21.21212121212121
4,p5,ng,0,65,0.492,5,0.246,0.7,0.7,9,set13,65,9,9,1.0,15.0,14.0,5,3,0.246,L2a,21.21212121212121
4,p5,ng,0,65,0.492,5,0.246,0.7,0.7,9,set13,65,9,9,1.0,15.0,14.0,5,3,0.246,L2o,15.151515151515152
4,p5,ng,0,65,0.492,5,0.246,0.7,0.7,9,set13,65,9,9,1.0,15.0,14.0,5,3,0.246,AUTO,21.21212121212121
4,p5,ng,1,54,0.5,5,0.296,0.7,0.75,5,indep,54,5,7,1.4,16.0,8.0,1,1,0.296,L0,7.4074074074074066
4,p5,ng,1,54,0.5,5,0.296,0.7,0.75,5,indep,54,5,7,1.4,16.0,8.0,1,1,0.296,L1,11.11111111111111
4,p5,ng,1,54,0.5,5,0.296,0.7,0.75,5,indep,54,5,7,1.4,16.0,8.0,1,1,0.296,L2,7.4074074074074066
4,p5,ng,1,54,0.5,5,0.296,0.7,0.75,5,indep,54,5,7,1.4,16.0,8.0,1,1,0.296,L2a,7.4074074074074066
4,p5,ng,1,54,0.5,5,0.296,0.7,0.75,5,indep,54,5,7,1.4,16.0,8.0,1,1,0.296,L2o,7.4074074074074066
4,p5,ng,1,54,0.5,5,0.296,0.7,0.75,5,indep,54,5,7,1.4,16.0,8.0,1,1,0.296,AUTO,7.4074074074074066
4,p5,g,0,61,0.557,5,0.262,0.7,0.75,6,indep,61,6,7,1.167,16.0,16.0,0,0,0.262,L0,38.23529411764706
4,p5,g,0,61,0.557,5,0.262,0.7,0.75,6,indep,61,6,7,1.167,16.0,16.0,0,0,0.262,L1,22.22222222222222
4,p5,g,0,61,0.557,5,0.262,0.7,0.75,6,indep,61,6,7,1.167,16.0,16.0,0,0,0.262,L2,11.764705882352944
4,p5,g,0,61,0.557,5,0.262,0.7,0.75,6,indep,61,6,7,1.167,16.0,16.0,0,0,0.262,L2a,11.764705882352944
4,p5,g,0,61,0.557,5,0.262,0.7,0.75,6,indep,61,6,7,1.167,16.0,16.0,0,0,0.262,L2o,7.4074074074074066
4,p5,g,0,61,0.557,5,0.262,0.7,0.75,6,indep,61,6,7,1.167,16.0,16.0,0,0,0.262,AUTO,38.23529411764706
4,p5,g,1,71,0.563,5,0.225,0.7,0.7,6,set13,71,6,6,1.0,15.0,15.0,1,1,0.225,L0,32.49999999999999
4,p5,g,1,71,0.563,5,0.225,0.7,0.7,6,set13,71,6,6,1.0,15.0,15.0,1,1,0.225,L1,30.000000000000004
4,p5,g,1,71,0.563,5,0.225,0.7,0.7,6,set13,71,6,6,1.0,15.0,15.0,1,1,0.225,L2,40.0
4,p5,g,1,71,0.563,5,0.225,0.7,0.7,6,set13,71,6,6,1.0,15.0,15.0,1,1,0.225,L2a,40.0
4,p5,g,1,71,0.563,5,0.225,0.7,0.7,6,set13,71,6,6,1.0,15.0,15.0,1,1,0.225,L2o,40.0
4,p5,g,1,71,0.563,5,0.225,0.7,0.7,6,set13,71,6,6,1.0,15.0,15.0,1,1,0.225,AUTO,40.0
4,p10,ng,0,141,0.496,10,0.113,0.7,0.7,16,set13,141,16,16,1.0,16.0,14.0,3,1,0.113,L0,27.142857142857146
4,p10,ng,0,141,0.496,10,0.113,0.7,0.7,16,set13,141,16,16,1.0,16.0,14.0,3,1,0.113,L1,22.857142857142854
4,p10,ng,0,141,0.496,10,0.113,0.7,0.7,16,set13,141,16,16,1.0,16.0,14.0,3,1,0.113,L2,14.28571428571429
4,p10,ng,0,141,0.496,10,0.113,0.7,0.7,16,set13,141,16,16,1.0,16.0,14.0,3,1,0.113,L2a,14.28571428571429
4,p10,ng,0,141,0.496,10,0.113,0.7,0.7,16,set13,141,16,16,1.0,16.0,14.0,3,1,0.113,L2o,11.428571428571432
4,p10,ng,0,141,0.496,10,0.113,0.7,0.7,16,set13,141,16,16,1.0,16.0,14.0,3,1,0.113,AUTO,14.28571428571429
4,p10,ng,1,151,0.503,10,0.106,0.7,0.8999999999999999,11,set13,151,11,12,1.091,16.0,16.0,1,1,0.106,L0,22.666666666666664
4,p10,ng,1,151,0.503,10,0.106,0.7,0.8999999999999999,11,set13,151,11,12,1.091,16.0,16.0,1,1,0.106,L1,20.0
4,p10,ng,1,151,0.503,10,0.106,0.7,0.8999999999999999,11,set13,151,11,12,1.091,16.0,16.0,1,1,0.106,L2,17.333333333333336
4,p10,ng,1,151,0.503,10,0.106,0.7,0.8999999999999999,11,set13,151,11,12,1.091,16.0,16.0,1,1,0.106,L2a,17.105263157894733
4,p10,ng,1,151,0.503,10,0.106,0.7,0.8999999999999999,11,set13,151,11,12,1.091,16.0,16.0,1,1,0.106,L2o,21.052631578947366
4,p10,ng,1,151,0.503,10,0.106,0.7,0.8999999999999999,11,set13,151,11,12,1.091,16.0,16.0,1,1,0.106,AUTO,17.333333333333336
4,p10,g,0,118,0.525,10,0.136,0.7,0.7999999999999999,11,set13,118,11,12,1.091,16.0,16.0,2,2,0.136,L0,39.285714285714285
4,p10,g,0,118,0.525,10,0.136,0.7,0.7999999999999999,11,set13,118,11,12,1.091,16.0,16.0,2,2,0.136,L1,30.645161290322577
4,p10,g,0,118,0.525,10,0.136,0.7,0.7999999999999999,11,set13,118,11,12,1.091,16.0,16.0,2,2,0.136,L2,25.806451612903224
4,p10,g,0,118,0.525,10,0.136,0.7,0.7999999999999999,11,set13,118,11,12,1.091,16.0,16.0,2,2,0.136,L2a,23.214285714285715
4,p10,g,0,118,0.525,10,0.136,0.7,0.7999999999999999,11,set13,118,11,12,1.091,16.0,16.0,2,2,0.136,L2o,25.806451612903224
4,p10,g,0,118,0.525,10,0.136,0.7,0.7999999999999999,11,set13,118,11,12,1.091,16.0,16.0,2,2,0.136,AUTO,25.806451612903224
4,p10,g,1,158,0.506,10,0.101,0.7,0.75,12,set13,158,12,13,1.083,16.0,16.0,1,1,0.101,L0,34.61538461538461
4,p10,g,1,158,0.506,10,0.101,0.7,0.75,12,set13,158,12,13,1.083,16.0,16.0,1,1,0.101,L1,35.8974358974359
4,p10,g,1,158,0.506,10,0.101,0.7,0.75,12,set13,158,12,13,1.083,16.0,16.0,1,1,0.101,L2,30.76923076923077
4,p10,g,1,158,0.506,10,0.101,0.7,0.75,12,set13,158,12,13,1.083,16.0,16.0,1,1,0.101,L2a,30.76923076923077
4,p10,g,1,158,0.506,10,0.101,0.7,0.75,12,set13,158,12,13,1.083,16.0,16.0,1,1,0.101,L2o,30.000000000000004
4,p10,g,1,158,0.506,10,0.101,0.7,0.75,12,set13,158,12,13,1.083,16.0,16.0,1,1,0.101,AUTO,30.76923076923077
5,m1,ng,0,30,0.6,30,0.033,0.7,0.7,30,indep,30,30,30,1.0,1.0,1.0,30,30,0.033,L0,33.33333333333333
5,m1,ng,0,30,0.6,30,0.033,0.7,0.7,30,indep,30,30,30,1.0,1.0,1.0,30,30,0.033,L1,33.33333333333333
5,m1,ng,0,30,0.6,30,0.033,0.7,0.7,30,indep,30,30,30,1.0,1.0,1.0,30,30,0.033,L2,33.33333333333333
5,m1,ng,0,30,0.6,30,0.033,0.7,0.7,30,indep,30,30,30,1.0,1.0,1.0,30,30,0.033,L2a,33.33333333333333
5,m1,ng,0,30,0.6,30,0.033,0.7,0.7,30,indep,30,30,30,1.0,1.0,1.0,30,30,0.033,L2o,33.33333333333333
5,m1,ng,0,30,0.6,30,0.033,0.7,0.7,30,indep,30,30,30,1.0,1.0,1.0,30,30,0.033,AUTO,33.33333333333333
5,m1,ng,1,29,0.655,29,0.034,0.7,0.7,29,indep,29,29,29,1.0,1.0,1.0,29,29,0.034,L0,50.0
5,m1,ng,1,29,0.655,29,0.034,0.7,0.7,29,indep,29,29,29,1.0,1.0,1.0,29,29,0.034,L1,31.57894736842105
5,m1,ng,1,29,0.655,29,0.034,0.7,0.7,29,indep,29,29,29,1.0,1.0,1.0,29,29,0.034,L2,31.57894736842105
5,m1,ng,1,29,0.655,29,0.034,0.7,0.7,29,indep,29,29,29,1.0,1.0,1.0,29,29,0.034,L2a,31.57894736842105
5,m1,ng,1,29,0.655,29,0.034,0.7,0.7,29,indep,29,29,29,1.0,1.0,1.0,29,29,0.034,L2o,31.57894736842105
5,m1,ng,1,29,0.655,29,0.034,0.7,0.7,29,indep,29,29,29,1.0,1.0,1.0,29,29,0.034,AUTO,50.0
5,m1,g,0,30,0.533,30,0.033,0.7,0.6499999999999999,30,indep,30,30,29,0.967,1.0,1.0,30,28,0.067,L0,28.57142857142857
5,m1,g,0,30,0.533,30,0.033,0.7,0.6499999999999999,30,indep,30,30,29,0.967,1.0,1.0,30,28,0.067,L1,14.285714285714285
5,m1,g,0,30,0.533,30,0.033,0.7,0.6499999999999999,30,indep,30,30,29,0.967,1.0,1.0,30,28,0.067,L2,21.428571428571427
5,m1,g,0,30,0.533,30,0.033,0.7,0.6499999999999999,30,indep,30,30,29,0.967,1.0,1.0,30,28,0.067,L2a,14.285714285714285
5,m1,g,0,30,0.533,30,0.033,0.7,0.6499999999999999,30,indep,30,30,29,0.967,1.0,1.0,30,28,0.067,L2o,14.285714285714285
5,m1,g,0,30,0.533,30,0.033,0.7,0.6499999999999999,30,indep,30,30,29,0.967,1.0,1.0,30,28,0.067,AUTO,28.57142857142857
5,m1,g,1,30,0.567,30,0.033,0.7,0.6499999999999999,30,indep,30,30,29,0.967,1.0,1.0,30,28,0.067,L0,23.076923076923077
5,m1,g,1,30,0.567,30,0.033,0.7,0.6499999999999999,30,indep,30,30,29,0.967,1.0,1.0,30,28,0.067,L1,17.647058823529417
5,m1,g,1,30,0.567,30,0.033,0.7,0.6499999999999999,30,indep,30,30,29,0.967,1.0,1.0,30,28,0.067,L2,17.647058823529417
5,m1,g,1,30,0.567,30,0.033,0.7,0.6499999999999999,30,indep,30,30,29,0.967,1.0,1.0,30,28,0.067,L2a,17.647058823529417
5,m1,g,1,30,0.567,30,0.033,0.7,0.6499999999999999,30,indep,30,30,29,0.967,1.0,1.0,30,28,0.067,L2o,17.647058823529417
5,m1,g,1,30,0.567,30,0.033,0.7,0.6499999999999999,30,indep,30,30,29,0.967,1.0,1.0,30,28,0.067,AUTO,23.076923076923077
5,m2,ng,0,60,0.5,30,0.033,0.7,0.7,30,set13,60,30,30,1.0,2.0,2.0,0,0,0.033,L0,23.333333333333332
5,m2,ng,0,60,0.5,30,0.033,0.7,0.7,30,set13,60,30,30,1.0,2.0,2.0,0,0,0.033,L1,16.666666666666664
5,m2,ng,0,60,0.5,30,0.033,0.7,0.7,30,set13,60,30,30,1.0,2.0,2.0,0,0,0.033,L2,20.0
5,m2,ng,0,60,0.5,30,0.033,0.7,0.7,30,set13,60,30,30,1.0,2.0,2.0,0,0,0.033,L2a,20.0
5,m2,ng,0,60,0.5,30,0.033,0.7,0.7,30,set13,60,30,30,1.0,2.0,2.0,0,0,0.033,L2o,20.0
5,m2,ng,0,60,0.5,30,0.033,0.7,0.7,30,set13,60,30,30,1.0,2.0,2.0,0,0,0.033,AUTO,20.0
5,m2,ng,1,60,0.5,30,0.033,0.7,0.75,30,set13,60,30,31,1.033,2.0,2.0,0,2,0.033,L0,13.333333333333334
5,m2,ng,1,60,0.5,30,0.033,0.7,0.75,30,set13,60,30,31,1.033,2.0,2.0,0,2,0.033,L1,20.0
5,m2,ng,1,60,0.5,30,0.033,0.7,0.75,30,set13,60,30,31,1.033,2.0,2.0,0,2,0.033,L2,20.0
5,m2,ng,1,60,0.5,30,0.033,0.7,0.75,30,set13,60,30,31,1.033,2.0,2.0,0,2,0.033,L2a,20.0
5,m2,ng,1,60,0.5,30,0.033,0.7,0.75,30,set13,60,30,31,1.033,2.0,2.0,0,2,0.033,L2o,20.0
5,m2,ng,1,60,0.5,30,0.033,0.7,0.75,30,set13,60,30,31,1.033,2.0,2.0,0,2,0.033,AUTO,20.0
5,m2,g,0,60,0.5,30,0.033,0.7,0.7,30,set13,60,31,30,0.968,2.0,2.0,2,4,0.067,L0,36.66666666666667
5,m2,g,0,60,0.5,30,0.033,0.7,0.7,30,set13,60,31,30,0.968,2.0,2.0,2,4,0.067,L1,26.66666666666667
5,m2,g,0,60,0.5,30,0.033,0.7,0.7,30,set13,60,31,30,0.968,2.0,2.0,2,4,0.067,L2,33.333333333333336
5,m2,g,0,60,0.5,30,0.033,0.7,0.7,30,set13,60,31,30,0.968,2.0,2.0,2,4,0.067,L2a,33.333333333333336
5,m2,g,0,60,0.5,30,0.033,0.7,0.7,30,set13,60,31,30,0.968,2.0,2.0,2,4,0.067,L2o,33.33333333333333
5,m2,g,0,60,0.5,30,0.033,0.7,0.7,30,set13,60,31,30,0.968,2.0,2.0,2,4,0.067,AUTO,33.333333333333336
5,m2,g,1,60,0.5,30,0.033,0.7,0.7,31,set13,60,30,31,1.033,2.0,2.0,0,4,0.067,L0,30.000000000000004
5,m2,g,1,60,0.5,30,0.033,0.7,0.7,31,set13,60,30,31,1.033,2.0,2.0,0,4,0.067,L1,30.000000000000004
5,m2,g,1,60,0.5,30,0.033,0.7,0.7,31,set13,60,30,31,1.033,2.0,2.0,0,4,0.067,L2,40.0
5,m2,g,1,60,0.5,30,0.033,0.7,0.7,31,set13,60,30,31,1.033,2.0,2.0,0,4,0.067,L2a,40.0
5,m2,g,1,60,0.5,30,0.033,0.7,0.7,31,set13,60,30,31,1.033,2.0,2.0,0,4,0.067,L2o,36.666666666666664
5,m2,g,1,60,0.5,30,0.033,0.7,0.7,31,set13,60,30,31,1.033,2.0,2.0,0,4,0.067,AUTO,40.0
5,m4,ng,0,119,0.504,30,0.034,0.7,0.75,32,set13,119,31,34,1.097,4.0,4.0,1,1,0.034,L0,22.033898305084744
5,m4,ng,0,119,0.504,30,0.034,0.7,0.75,32,set13,119,31,34,1.097,4.0,4.0,1,1,0.034,L1,18.64406779661017
5,m4,ng,0,119,0.504,30,0.034,0.7,0.75,32,set13,119,31,34,1.097,4.0,4.0,1,1,0.034,L2,19.999999999999996
5,m4,ng,0,119,0.504,30,0.034,0.7,0.75,32,set13,119,31,34,1.097,4.0,4.0,1,1,0.034,L2a,18.333333333333336
5,m4,ng,0,119,0.504,30,0.034,0.7,0.75,32,set13,119,31,34,1.097,4.0,4.0,1,1,0.034,L2o,16.666666666666664
5,m4,ng,0,119,0.504,30,0.034,0.7,0.75,32,set13,119,31,34,1.097,4.0,4.0,1,1,0.034,AUTO,19.999999999999996
5,m4,ng,1,120,0.5,30,0.033,0.7,0.75,32,set13,120,31,35,1.129,4.0,4.0,1,5,0.033,L0,18.333333333333336
5,m4,ng,1,120,0.5,30,0.033,0.7,0.75,32,set13,120,31,35,1.129,4.0,4.0,1,5,0.033,L1,21.666666666666668
5,m4,ng,1,120,0.5,30,0.033,0.7,0.75,32,set13,120,31,35,1.129,4.0,4.0,1,5,0.033,L2,19.999999999999996
5,m4,ng,1,120,0.5,30,0.033,0.7,0.75,32,set13,120,31,35,1.129,4.0,4.0,1,5,0.033,L2a,20.0
5,m4,ng,1,120,0.5,30,0.033,0.7,0.75,32,set13,120,31,35,1.129,4.0,4.0,1,5,0.033,L2o,18.333333333333336
5,m4,ng,1,120,0.5,30,0.033,0.7,0.75,32,set13,120,31,35,1.129,4.0,4.0,1,5,0.033,AUTO,19.999999999999996
5,m4,g,0,120,0.5,30,0.033,0.7,0.75,32,set13,120,31,33,1.065,4.0,4.0,1,3,0.033,L0,31.666666666666664
5,m4,g,0,120,0.5,30,0.033,0.7,0.75,32,set13,120,31,33,1.065,4.0,4.0,1,3,0.033,L1,31.666666666666664
5,m4,g,0,120,0.5,30,0.033,0.7,0.75,32,set13,120,31,33,1.065,4.0,4.0,1,3,0.033,L2,35.0
5,m4,g,0,120,0.5,30,0.033,0.7,0.75,32,set13,120,31,33,1.065,4.0,4.0,1,3,0.033,L2a,35.0
5,m4,g,0,120,0.5,30,0.033,0.7,0.75,32,set13,120,31,33,1.065,4.0,4.0,1,3,0.033,L2o,35.0
5,m4,g,0,120,0.5,30,0.033,0.7,0.75,32,set13,120,31,33,1.065,4.0,4.0,1,3,0.033,AUTO,35.0
5,m4,g,1,120,0.5,30,0.033,0.7,0.7,32,set13,120,31,32,1.032,4.0,4.0,1,0,0.033,L0,23.333333333333332
5,m4,g,1,120,0.5,30,0.033,0.7,0.7,32,set13,120,31,32,1.032,4.0,4.0,1,0,0.033,L1,26.666666666666668
5,m4,g,1,120,0.5,30,0.033,0.7,0.7,32,set13,120,31,32,1.032,4.0,4.0,1,0,0.033,L2,23.33333333333333
5,m4,g,1,120,0.5,30,0.033,0.7,0.7,32,set13,120,31,32,1.032,4.0,4.0,1,0,0.033,L2a,23.33333333333333
5,m4,g,1,120,0.5,30,0.033,0.7,0.7,32,set13,120,31,32,1.032,4.0,4.0,1,0,0.033,L2o,23.333333333333332
5,m4,g,1,120,0.5,30,0.033,0.7,0.7,32,set13,120,31,32,1.032,4.0,4.0,1,0,0.033,AUTO,23.33333333333333
5,m8,ng,0,236,0.5,30,0.034,0.7,0.75,32,set13,236,31,33,1.065,8.0,8.0,1,1,0.034,L0,19.491525423728813
5,m8,ng,0,236,0.5,30,0.034,0.7,0.75,32,set13,236,31,33,1.065,8.0,8.0,1,1,0.034,L1,15.254237288135593
5,m8,ng,0,236,0.5,30,0.034,0.7,0.75,32,set13,236,31,33,1.065,8.0,8.0,1,1,0.034,L2,14.40677966101695
5,m8,ng,0,236,0.5,30,0.034,0.7,0.75,32,set13,236,31,33,1.065,8.0,8.0,1,1,0.034,L2a,14.40677966101695
5,m8,ng,0,236,0.5,30,0.034,0.7,0.75,32,set13,236,31,33,1.065,8.0,8.0,1,1,0.034,L2o,13.559322033898304
5,m8,ng,0,236,0.5,30,0.034,0.7,0.75,32,set13,236,31,33,1.065,8.0,8.0,1,1,0.034,AUTO,14.40677966101695
5,m8,ng,1,236,0.5,30,0.034,0.7,0.7999999999999999,30,set13,236,31,36,1.161,8.0,8.0,1,3,0.034,L0,22.881355932203384
5,m8,ng,1,236,0.5,30,0.034,0.7,0.7999999999999999,30,set13,236,31,36,1.161,8.0,8.0,1,3,0.034,L1,22.88135593220339
5,m8,ng,1,236,0.5,30,0.034,0.7,0.7999999999999999,30,set13,236,31,36,1.161,8.0,8.0,1,3,0.034,L2,17.796610169491522
5,m8,ng,1,236,0.5,30,0.034,0.7,0.7999999999999999,30,set13,236,31,36,1.161,8.0,8.0,1,3,0.034,L2a,20.33898305084746
5,m8,ng,1,236,0.5,30,0.034,0.7,0.7999999999999999,30,set13,236,31,36,1.161,8.0,8.0,1,3,0.034,L2o,17.796610169491526
5,m8,ng,1,236,0.5,30,0.034,0.7,0.7999999999999999,30,set13,236,31,36,1.161,8.0,8.0,1,3,0.034,AUTO,17.796610169491522
5,m8,g,0,235,0.502,30,0.034,0.7,0.75,32,set13,235,31,33,1.065,8.0,8.0,1,2,0.034,L0,39.31623931623932
5,m8,g,0,235,0.502,30,0.034,0.7,0.75,32,set13,235,31,33,1.065,8.0,8.0,1,2,0.034,L1,34.7457627118644
5,m8,g,0,235,0.502,30,0.034,0.7,0.75,32,set13,235,31,33,1.065,8.0,8.0,1,2,0.034,L2,33.89830508474576
5,m8,g,0,235,0.502,30,0.034,0.7,0.75,32,set13,235,31,33,1.065,8.0,8.0,1,2,0.034,L2a,33.89830508474576
5,m8,g,0,235,0.502,30,0.034,0.7,0.75,32,set13,235,31,33,1.065,8.0,8.0,1,2,0.034,L2o,33.33333333333333
5,m8,g,0,235,0.502,30,0.034,0.7,0.75,32,set13,235,31,33,1.065,8.0,8.0,1,2,0.034,AUTO,33.89830508474576
5,m8,g,1,236,0.5,30,0.034,0.7,0.75,33,set13,236,31,34,1.097,8.0,8.0,1,3,0.034,L0,34.74576271186441
5,m8,g,1,236,0.5,30,0.034,0.7,0.75,33,set13,236,31,34,1.097,8.0,8.0,1,3,0.034,L1,32.20338983050848
5,m8,g,1,236,0.5,30,0.034,0.7,0.75,33,set13,236,31,34,1.097,8.0,8.0,1,3,0.034,L2,28.8135593220339
5,m8,g,1,236,0.5,30,0.034,0.7,0.75,33,set13,236,31,34,1.097,8.0,8.0,1,3,0.034,L2a,28.8135593220339
5,m8,g,1,236,0.5,30,0.034,0.7,0.75,33,set13,236,31,34,1.097,8.0,8.0,1,3,0.034,L2o,28.8135593220339
5,m8,g,1,236,0.5,30,0.034,0.7,0.75,33,set13,236,31,34,1.097,8.0,8.0,1,3,0.034,AUTO,28.8135593220339
5,m16,ng,0,443,0.501,30,0.036,0.7,0.75,33,set13,443,32,35,1.094,16.0,16.0,2,1,0.036,L0,23.076923076923077
5,m16,ng,0,443,0.501,30,0.036,0.7,0.75,33,set13,443,32,35,1.094,16.0,16.0,2,1,0.036,L1,23.873873873873876
5,m16,ng,0,443,0.501,30,0.036,0.7,0.75,33,set13,443,32,35,1.094,16.0,16.0,2,1,0.036,L2,18.099547511312217
5,m16,ng,0,443,0.501,30,0.036,0.7,0.75,33,set13,443,32,35,1.094,16.0,16.0,2,1,0.036,L2a,18.099547511312217
5,m16,ng,0,443,0.501,30,0.036,0.7,0.75,33,set13,443,32,35,1.094,16.0,16.0,2,1,0.036,L2o,18.099547511312217
5,m16,ng,0,443,0.501,30,0.036,0.7,0.75,33,set13,443,32,35,1.094,16.0,16.0,2,1,0.036,AUTO,18.099547511312217
5,m16,ng,1,443,0.501,30,0.036,0.7,0.75,33,set13,443,34,36,1.059,16.0,16.0,2,3,0.036,L0,20.81447963800905
5,m16,ng,1,443,0.501,30,0.036,0.7,0.75,33,set13,443,34,36,1.059,16.0,16.0,2,3,0.036,L1,19.819819819819816
5,m16,ng,1,443,0.501,30,0.036,0.7,0.75,33,set13,443,34,36,1.059,16.0,16.0,2,3,0.036,L2,14.93212669683258
5,m16,ng,1,443,0.501,30,0.036,0.7,0.75,33,set13,443,34,36,1.059,16.0,16.0,2,3,0.036,L2a,14.027149321266968
5,m16,ng,1,443,0.501,30,0.036,0.7,0.75,33,set13,443,34,36,1.059,16.0,16.0,2,3,0.036,L2o,14.479638009049776
5,m16,ng,1,443,0.501,30,0.036,0.7,0.75,33,set13,443,34,36,1.059,16.0,16.0,2,3,0.036,AUTO,14.93212669683258
5,m16,g,0,443,0.501,30,0.036,0.7,0.7999999999999999,30,set13,443,32,37,1.156,16.0,16.0,1,4,0.036,L0,34.38914027149321
5,m16,g,0,443,0.501,30,0.036,0.7,0.7999999999999999,30,set13,443,32,37,1.156,16.0,16.0,1,4,0.036,L1,34.38914027149321
5,m16,g,0,443,0.501,30,0.036,0.7,0.7999999999999999,30,set13,443,32,37,1.156,16.0,16.0,1,4,0.036,L2,27.927927927927932
5,m16,g,0,443,0.501,30,0.036,0.7,0.7999999999999999,30,set13,443,32,37,1.156,16.0,16.0,1,4,0.036,L2a,29.86425339366516
5,m16,g,0,443,0.501,30,0.036,0.7,0.7999999999999999,30,set13,443,32,37,1.156,16.0,16.0,1,4,0.036,L2o,28.054298642533936
5,m16,g,0,443,0.501,30,0.036,0.7,0.7999999999999999,30,set13,443,32,37,1.156,16.0,16.0,1,4,0.036,AUTO,27.927927927927932
5,m16,g,1,442,0.502,30,0.036,0.7,0.75,31,set13,442,31,34,1.097,16.0,16.0,1,1,0.036,L0,37.387387387387385
5,m16,g,1,442,0.502,30,0.036,0.7,0.75,31,set13,442,31,34,1.097,16.0,16.0,1,1,0.036,L1,34.68468468468468
5,m16,g,1,442,0.502,30,0.036,0.7,0.75,31,set13,442,31,34,1.097,16.0,16.0,1,1,0.036,L2,26.36363636363636
5,m16,g,1,442,0.502,30,0.036,0.7,0.75,31,set13,442,31,34,1.097,16.0,16.0,1,1,0.036,L2a,27.027027027027028
5,m16,g,1,442,0.502,30,0.036,0.7,0.75,31,set13,442,31,34,1.097,16.0,16.0,1,1,0.036,L2o,27.027027027027028
5,m16,g,1,442,0.502,30,0.036,0.7,0.75,31,set13,442,31,34,1.097,16.0,16.0,1,1,0.036,AUTO,26.36363636363636
5,m32,ng,0,777,0.499,30,0.041,0.7,0.75,31,set13,777,32,34,1.062,32.0,32.0,1,0,0.041,L0,20.308483290488432
5,m32,ng,0,777,0.499,30,0.041,0.7,0.75,31,set13,777,32,34,1.062,32.0,32.0,1,0,0.041,L1,20.051413881748072
5,m32,ng,0,777,0.499,30,0.041,0.7,0.75,31,set13,777,32,34,1.062,32.0,32.0,1,0,0.041,L2,17.223650385604113
5,m32,ng,0,777,0.499,30,0.041,0.7,0.75,31,set13,777,32,34,1.062,32.0,32.0,1,0,0.041,L2a,16.452442159383033
5,m32,ng,0,777,0.499,30,0.041,0.7,0.75,31,set13,777,32,34,1.062,32.0,32.0,1,0,0.041,L2o,15.979381443298967
5,m32,ng,0,777,0.499,30,0.041,0.7,0.75,31,set13,777,32,34,1.062,32.0,32.0,1,0,0.041,AUTO,17.223650385604113
5,m32,ng,1,777,0.499,30,0.041,0.7,0.75,32,set13,777,33,37,1.121,32.0,32.0,2,1,0.041,L0,24.226804123711343
5,m32,ng,1,777,0.499,30,0.041,0.7,0.75,32,set13,777,33,37,1.121,32.0,32.0,2,1,0.041,L1,22.938144329896904
5,m32,ng,1,777,0.499,30,0.041,0.7,0.75,32,set13,777,33,37,1.121,32.0,32.0,2,1,0.041,L2,18.76606683804627
5,m32,ng,1,777,0.499,30,0.041,0.7,0.75,32,set13,777,33,37,1.121,32.0,32.0,2,1,0.041,L2a,18.50899742930591
5,m32,ng,1,777,0.499,30,0.041,0.7,0.75,32,set13,777,33,37,1.121,32.0,32.0,2,1,0.041,L2o,17.737789203084834
5,m32,ng,1,777,0.499,30,0.041,0.7,0.75,32,set13,777,33,37,1.121,32.0,32.0,2,1,0.041,AUTO,18.76606683804627
5,m32,g,0,777,0.499,30,0.041,0.7,0.75,35,set13,777,33,37,1.121,32.0,32.0,2,4,0.041,L0,35.2185089974293
5,m32,g,0,777,0.499,30,0.041,0.7,0.75,35,set13,777,33,37,1.121,32.0,32.0,2,4,0.041,L1,35.30927835051546
5,m32,g,0,777,0.499,30,0.041,0.7,0.75,35,set13,777,33,37,1.121,32.0,32.0,2,4,0.041,L2,27.835051546391753
5,m32,g,0,777,0.499,30,0.041,0.7,0.75,35,set13,777,33,37,1.121,32.0,32.0,2,4,0.041,L2a,27.835051546391753
5,m32,g,0,777,0.499,30,0.041,0.7,0.75,35,set13,777,33,37,1.121,32.0,32.0,2,4,0.041,L2o,28.020565552699228
5,m32,g,0,777,0.499,30,0.041,0.7,0.75,35,set13,777,33,37,1.121,32.0,32.0,2,4,0.041,AUTO,27.835051546391753
5,m32,g,1,777,0.499,30,0.041,0.7,0.7,36,set13,777,35,36,1.029,32.0,32.0,2,1,0.041,L0,33.67609254498715
5,m32,g,1,777,0.499,30,0.041,0.7,0.7,36,set13,777,35,36,1.029,32.0,32.0,2,1,0.041,L1,32.904884318766065
5,m32,g,1,777,0.499,30,0.041,0.7,0.7,36,set13,777,35,36,1.029,32.0,32.0,2,1,0.041,L2,28.53470437017995
5,m32,g,1,777,0.499,30,0.041,0.7,0.7,36,set13,777,35,36,1.029,32.0,32.0,2,1,0.041,L2a,28.53470437017995
5,m32,g,1,777,0.499,30,0.041,0.7,0.7,36,set13,777,35,36,1.029,32.0,32.0,2,1,0.041,L2o,28.60824742268041
5,m32,g,1,777,0.499,30,0.041,0.7,0.7,36,set13,777,35,36,1.029,32.0,32.0,2,1,0.041,AUTO,28.53470437017995
5,pos20,ng,0,443,0.19,30,0.036,0.7,0.7999999999999999,29,set13,443,30,36,1.2,16.0,16.0,0,2,0.038,L0,25.069637883008355
5,pos20,ng,0,443,0.19,30,0.036,0.7,0.7999999999999999,29,set13,443,30,36,1.2,16.0,16.0,0,2,0.038,L1,22.284122562674096
5,pos20,ng,0,443,0.19,30,0.036,0.7,0.7999999999999999,29,set13,443,30,36,1.2,16.0,16.0,0,2,0.038,L2,19.498607242339833
5,pos20,ng,0,443,0.19,30,0.036,0.7,0.7999999999999999,29,set13,443,30,36,1.2,16.0,16.0,0,2,0.038,L2a,20.055710306406684
5,pos20,ng,0,443,0.19,30,0.036,0.7,0.7999999999999999,29,set13,443,30,36,1.2,16.0,16.0,0,2,0.038,L2o,19.498607242339833
5,pos20,ng,0,443,0.19,30,0.036,0.7,0.7999999999999999,29,set13,443,30,36,1.2,16.0,16.0,0,2,0.038,AUTO,19.498607242339833
5,pos20,ng,1,443,0.19,30,0.036,0.7,0.7999999999999999,30,set13,443,30,37,1.233,16.0,16.0,0,4,0.036,L0,22.841225626740947
5,pos20,ng,1,443,0.19,30,0.036,0.7,0.7999999999999999,30,set13,443,30,37,1.233,16.0,16.0,0,4,0.036,L1,27.019498607242337
5,pos20,ng,1,443,0.19,30,0.036,0.7,0.7999999999999999,30,set13,443,30,37,1.233,16.0,16.0,0,4,0.036,L2,21.16991643454039
5,pos20,ng,1,443,0.19,30,0.036,0.7,0.7999999999999999,30,set13,443,30,37,1.233,16.0,16.0,0,4,0.036,L2a,21.16991643454039
5,pos20,ng,1,443,0.19,30,0.036,0.7,0.7999999999999999,30,set13,443,30,37,1.233,16.0,16.0,0,4,0.036,L2o,20.334261838440113
5,pos20,ng,1,443,0.19,30,0.036,0.7,0.7999999999999999,30,set13,443,30,37,1.233,16.0,16.0,0,4,0.036,AUTO,21.16991643454039
5,pos20,g,0,442,0.19,30,0.036,0.7,0.7999999999999999,31,set13,442,30,36,1.2,16.0,16.0,0,4,0.036,L0,33.798882681564244
5,pos20,g,0,442,0.19,30,0.036,0.7,0.7999999999999999,31,set13,442,30,36,1.2,16.0,16.0,0,4,0.036,L1,33.5195530726257
5,pos20,g,0,442,0.19,30,0.036,0.7,0.7999999999999999,31,set13,442,30,36,1.2,16.0,16.0,0,4,0.036,L2,28.57142857142857
5,pos20,g,0,442,0.19,30,0.036,0.7,0.7999999999999999,31,set13,442,30,36,1.2,16.0,16.0,0,4,0.036,L2a,29.88826815642458
5,pos20,g,0,442,0.19,30,0.036,0.7,0.7999999999999999,31,set13,442,30,36,1.2,16.0,16.0,0,4,0.036,L2o,28.57142857142857
5,pos20,g,0,442,0.19,30,0.036,0.7,0.7999999999999999,31,set13,442,30,36,1.2,16.0,16.0,0,4,0.036,AUTO,28.57142857142857
5,pos20,g,1,443,0.19,30,0.036,0.7,0.7999999999999999,30,set13,443,31,35,1.129,16.0,16.0,1,1,0.036,L0,34.81894150417828
5,pos20,g,1,443,0.19,30,0.036,0.7,0.7999999999999999,30,set13,443,31,35,1.129,16.0,16.0,1,1,0.036,L1,34.26183844011142
5,pos20,g,1,443,0.19,30,0.036,0.7,0.7999999999999999,30,set13,443,31,35,1.129,16.0,16.0,1,1,0.036,L2,26.18384401114206
5,pos20,g,1,443,0.19,30,0.036,0.7,0.7999999999999999,30,set13,443,31,35,1.129,16.0,16.0,1,1,0.036,L2a,27.380952380952383
5,pos20,g,1,443,0.19,30,0.036,0.7,0.7999999999999999,30,set13,443,31,35,1.129,16.0,16.0,1,1,0.036,L2o,28.57142857142857
5,pos20,g,1,443,0.19,30,0.036,0.7,0.7999999999999999,30,set13,443,31,35,1.129,16.0,16.0,1,1,0.036,AUTO,26.18384401114206
5,dom,ng,0,325,0.498,30,0.298,0.7,0.75,33,indep,325,32,37,1.156,8.0,8.0,2,3,0.292,L0,28.395061728395067
5,dom,ng,0,325,0.498,30,0.298,0.7,0.75,33,indep,325,32,37,1.156,8.0,8.0,2,3,0.292,L1,26.993865030674847
5,dom,ng,0,325,0.498,30,0.298,0.7,0.75,33,indep,325,32,37,1.156,8.0,8.0,2,3,0.292,L2,16.666666666666664
5,dom,ng,0,325,0.498,30,0.298,0.7,0.75,33,indep,325,32,37,1.156,8.0,8.0,2,3,0.292,L2a,14.814814814814813
5,dom,ng,0,325,0.498,30,0.298,0.7,0.75,33,indep,325,32,37,1.156,8.0,8.0,2,3,0.292,L2o,9.876543209876543
5,dom,ng,0,325,0.498,30,0.298,0.7,0.75,33,indep,325,32,37,1.156,8.0,8.0,2,3,0.292,AUTO,28.395061728395067
5,dom,ng,1,325,0.498,30,0.298,0.7,0.75,33,set13,325,33,37,1.121,8.0,8.0,1,3,0.222,L0,28.395061728395067
5,dom,ng,1,325,0.498,30,0.298,0.7,0.75,33,set13,325,33,37,1.121,8.0,8.0,1,3,0.222,L1,22.22222222222222
5,dom,ng,1,325,0.498,30,0.298,0.7,0.75,33,set13,325,33,37,1.121,8.0,8.0,1,3,0.222,L2,17.901234567901238
5,dom,ng,1,325,0.498,30,0.298,0.7,0.75,33,set13,325,33,37,1.121,8.0,8.0,1,3,0.222,L2a,17.28395061728395
5,dom,ng,1,325,0.498,30,0.298,0.7,0.75,33,set13,325,33,37,1.121,8.0,8.0,1,3,0.222,L2o,9.876543209876543
5,dom,ng,1,325,0.498,30,0.298,0.7,0.75,33,set13,325,33,37,1.121,8.0,8.0,1,3,0.222,AUTO,17.901234567901238
5,dom,g,0,323,0.502,30,0.294,0.7,0.75,33,indep,323,33,36,1.091,8.0,8.0,2,2,0.282,L0,34.78260869565217
5,dom,g,0,323,0.502,30,0.294,0.7,0.75,33,indep,323,33,36,1.091,8.0,8.0,2,2,0.282,L1,34.161490683229815
5,dom,g,0,323,0.502,30,0.294,0.7,0.75,33,indep,323,33,36,1.091,8.0,8.0,2,2,0.282,L2,21.73913043478261
5,dom,g,0,323,0.502,30,0.294,0.7,0.75,33,indep,323,33,36,1.091,8.0,8.0,2,2,0.282,L2a,21.604938271604933
5,dom,g,0,323,0.502,30,0.294,0.7,0.75,33,indep,323,33,36,1.091,8.0,8.0,2,2,0.282,L2o,25.465838509316768
5,dom,g,0,323,0.502,30,0.294,0.7,0.75,33,indep,323,33,36,1.091,8.0,8.0,2,2,0.282,AUTO,34.78260869565217
5,dom,g,1,324,0.5,30,0.299,0.7,0.75,34,indep,324,34,35,1.029,8.0,8.0,3,2,0.287,L0,32.098765432098766
5,dom,g,1,324,0.5,30,0.299,0.7,0.75,34,indep,324,34,35,1.029,8.0,8.0,3,2,0.287,L1,37.03703703703704
5,dom,g,1,324,0.5,30,0.299,0.7,0.75,34,indep,324,34,35,1.029,8.0,8.0,3,2,0.287,L2,25.925925925925924
5,dom,g,1,324,0.5,30,0.299,0.7,0.75,34,indep,324,34,35,1.029,8.0,8.0,3,2,0.287,L2a,25.308641975308642
5,dom,g,1,324,0.5,30,0.299,0.7,0.75,34,indep,324,34,35,1.029,8.0,8.0,3,2,0.287,L2o,25.925925925925924
5,dom,g,1,324,0.5,30,0.299,0.7,0.75,34,indep,324,34,35,1.029,8.0,8.0,3,2,0.287,AUTO,32.098765432098766
5,p5,ng,0,71,0.507,5,0.225,0.7,0.7,5,set13,71,5,5,1.0,15.0,15.0,0,0,0.225,L0,25.71428571428571
5,p5,ng,0,71,0.507,5,0.225,0.7,0.7,5,set13,71,5,5,1.0,15.0,15.0,0,0,0.225,L1,19.444444444444443
5,p5,ng,0,71,0.507,5,0.225,0.7,0.7,5,set13,71,5,5,1.0,15.0,15.0,0,0,0.225,L2,20.0
5,p5,ng,0,71,0.507,5,0.225,0.7,0.7,5,set13,71,5,5,1.0,15.0,15.0,0,0,0.225,L2a,20.0
5,p5,ng,0,71,0.507,5,0.225,0.7,0.7,5,set13,71,5,5,1.0,15.0,15.0,0,0,0.225,L2o,20.0
5,p5,ng,0,71,0.507,5,0.225,0.7,0.7,5,set13,71,5,5,1.0,15.0,15.0,0,0,0.225,AUTO,20.0
5,p5,ng,1,72,0.5,5,0.222,0.7,0.75,5,set13,72,5,6,1.2,16.0,16.0,0,0,0.222,L0,33.33333333333333
5,p5,ng,1,72,0.5,5,0.222,0.7,0.75,5,set13,72,5,6,1.2,16.0,16.0,0,0,0.222,L1,38.888888888888886
5,p5,ng,1,72,0.5,5,0.222,0.7,0.75,5,set13,72,5,6,1.2,16.0,16.0,0,0,0.222,L2,30.555555555555557
5,p5,ng,1,72,0.5,5,0.222,0.7,0.75,5,set13,72,5,6,1.2,16.0,16.0,0,0,0.222,L2a,22.22222222222222
5,p5,ng,1,72,0.5,5,0.222,0.7,0.75,5,set13,72,5,6,1.2,16.0,16.0,0,0,0.222,L2o,22.22222222222222
5,p5,ng,1,72,0.5,5,0.222,0.7,0.75,5,set13,72,5,6,1.2,16.0,16.0,0,0,0.222,AUTO,30.555555555555557
5,p5,g,0,71,0.563,5,0.225,0.7,0.7999999999999999,5,set13,71,5,6,1.2,16.0,15.0,0,0,0.225,L0,37.5
5,p5,g,0,71,0.563,5,0.225,0.7,0.7999999999999999,5,set13,71,5,6,1.2,16.0,15.0,0,0,0.225,L1,32.25806451612903
5,p5,g,0,71,0.563,5,0.225,0.7,0.7999999999999999,5,set13,71,5,6,1.2,16.0,15.0,0,0,0.225,L2,38.70967741935484
5,p5,g,0,71,0.563,5,0.225,0.7,0.7999999999999999,5,set13,71,5,6,1.2,16.0,15.0,0,0,0.225,L2a,38.70967741935484
5,p5,g,0,71,0.563,5,0.225,0.7,0.7999999999999999,5,set13,71,5,6,1.2,16.0,15.0,0,0,0.225,L2o,38.70967741935484
5,p5,g,0,71,0.563,5,0.225,0.7,0.7999999999999999,5,set13,71,5,6,1.2,16.0,15.0,0,0,0.225,AUTO,38.70967741935484
5,p5,g,1,78,0.513,5,0.205,0.7,0.7,6,set13,78,6,6,1.0,16.0,15.0,1,1,0.205,L0,42.50000000000001
5,p5,g,1,78,0.513,5,0.205,0.7,0.7,6,set13,78,6,6,1.0,16.0,15.0,1,1,0.205,L1,37.5
5,p5,g,1,78,0.513,5,0.205,0.7,0.7,6,set13,78,6,6,1.0,16.0,15.0,1,1,0.205,L2,28.947368421052634
5,p5,g,1,78,0.513,5,0.205,0.7,0.7,6,set13,78,6,6,1.0,16.0,15.0,1,1,0.205,L2a,28.947368421052634
5,p5,g,1,78,0.513,5,0.205,0.7,0.7,6,set13,78,6,6,1.0,16.0,15.0,1,1,0.205,L2o,31.57894736842105
5,p5,g,1,78,0.513,5,0.205,0.7,0.7,6,set13,78,6,6,1.0,16.0,15.0,1,1,0.205,AUTO,28.947368421052634
5,p10,ng,0,152,0.5,10,0.105,0.7,0.75,12,set13,152,12,14,1.167,16.0,16.0,1,0,0.105,L0,25.0
5,p10,ng,0,152,0.5,10,0.105,0.7,0.75,12,set13,152,12,14,1.167,16.0,16.0,1,0,0.105,L1,19.736842105263154
5,p10,ng,0,152,0.5,10,0.105,0.7,0.75,12,set13,152,12,14,1.167,16.0,16.0,1,0,0.105,L2,9.210526315789473
5,p10,ng,0,152,0.5,10,0.105,0.7,0.75,12,set13,152,12,14,1.167,16.0,16.0,1,0,0.105,L2a,7.8947368421052655
5,p10,ng,0,152,0.5,10,0.105,0.7,0.75,12,set13,152,12,14,1.167,16.0,16.0,1,0,0.105,L2o,7.894736842105263
5,p10,ng,0,152,0.5,10,0.105,0.7,0.75,12,set13,152,12,14,1.167,16.0,16.0,1,0,0.105,AUTO,9.210526315789473
5,p10,ng,1,152,0.5,10,0.105,0.7,0.75,13,set13,152,12,15,1.25,16.0,16.0,2,3,0.105,L0,22.36842105263158
5,p10,ng,1,152,0.5,10,0.105,0.7,0.75,13,set13,152,12,15,1.25,16.0,16.0,2,3,0.105,L1,22.36842105263158
5,p10,ng,1,152,0.5,10,0.105,0.7,0.75,13,set13,152,12,15,1.25,16.0,16.0,2,3,0.105,L2,18.421052631578945
5,p10,ng,1,152,0.5,10,0.105,0.7,0.75,13,set13,152,12,15,1.25,16.0,16.0,2,3,0.105,L2a,18.42105263157895
5,p10,ng,1,152,0.5,10,0.105,0.7,0.75,13,set13,152,12,15,1.25,16.0,16.0,2,3,0.105,L2o,19.736842105263158
5,p10,ng,1,152,0.5,10,0.105,0.7,0.75,13,set13,152,12,15,1.25,16.0,16.0,2,3,0.105,AUTO,18.421052631578945
5,p10,g,0,136,0.529,10,0.118,0.7,0.7999999999999999,10,set13,136,10,12,1.2,16.0,16.0,0,1,0.118,L0,29.6875
5,p10,g,0,136,0.529,10,0.118,0.7,0.7999999999999999,10,set13,136,10,12,1.2,16.0,16.0,0,1,0.118,L1,22.22222222222222
5,p10,g,0,136,0.529,10,0.118,0.7,0.7999999999999999,10,set13,136,10,12,1.2,16.0,16.0,0,1,0.118,L2,12.5
5,p10,g,0,136,0.529,10,0.118,0.7,0.7999999999999999,10,set13,136,10,12,1.2,16.0,16.0,0,1,0.118,L2a,12.5
5,p10,g,0,136,0.529,10,0.118,0.7,0.7999999999999999,10,set13,136,10,12,1.2,16.0,16.0,0,1,0.118,L2o,12.5
5,p10,g,0,136,0.529,10,0.118,0.7,0.7999999999999999,10,set13,136,10,12,1.2,16.0,16.0,0,1,0.118,AUTO,12.5
5,p10,g,1,148,0.5,10,0.108,0.7,0.8499999999999999,10,set13,148,10,13,1.3,16.0,16.0,0,1,0.108,L0,52.702702702702695
5,p10,g,1,148,0.5,10,0.108,0.7,0.8499999999999999,10,set13,148,10,13,1.3,16.0,16.0,0,1,0.108,L1,47.297297297297305
5,p10,g,1,148,0.5,10,0.108,0.7,0.8499999999999999,10,set13,148,10,13,1.3,16.0,16.0,0,1,0.108,L2,36.486486486486484
5,p10,g,1,148,0.5,10,0.108,0.7,0.8499999999999999,10,set13,148,10,13,1.3,16.0,16.0,0,1,0.108,L2a,33.78378378378378
5,p10,g,1,148,0.5,10,0.108,0.7,0.8499999999999999,10,set13,148,10,13,1.3,16.0,16.0,0,1,0.108,L2o,33.78378378378378
5,p10,g,1,148,0.5,10,0.108,0.7,0.8499999999999999,10,set13,148,10,13,1.3,16.0,16.0,0,1,0.108,AUTO,36.486486486486484
