split,lang,spk,name,sr,ch,bps,dur
train,English,id067,train_set/train_set/voices/English/id067/01815.wav,16000,1,16,3.24
train,English,id067,train_set/train_set/voices/English/id067/03284.wav,16000,1,16,7.36
train,English,id067,train_set/train_set/voices/English/id067/06180.wav,16000,1,16,4.8
train,English,id067,train_set/train_set/voices/English/id067/01498.wav,16000,1,16,4.0
train,English,id067,train_set/train_set/voices/English/id067/00661.wav,16000,1,16,6.64
train,English,id067,train_set/train_set/voices/English/id067/05343.wav,16000,1,16,2.24
train,English,id067,train_set/train_set/voices/English/id067/02104.wav,16000,1,16,14.2
train,English,id067,train_set/train_set/voices/English/id067/00650.wav,16000,1,16,14.2
train,English,id067,train_set/train_set/voices/English/id067/00299.wav,16000,1,16,6.04
train,English,id067,train_set/train_set/voices/English/id067/02677.wav,16000,1,16,7.48
train,English,id067,train_set/train_set/voices/English/id067/06338.wav,16000,1,16,8.44
train,English,id067,train_set/train_set/voices/English/id067/03018.wav,16000,1,16,8.44
train,English,id067,train_set/train_set/voices/English/id067/06075.wav,16000,1,16,9.8
train,English,id067,train_set/train_set/voices/English/id067/02897.wav,16000,1,16,9.8
train,English,id067,train_set/train_set/voices/English/id067/01054.wav,16000,1,16,2.28
train,English,id067,train_set/train_set/voices/English/id067/00397.wav,16000,1,16,3.44
train,English,id067,train_set/train_set/voices/English/id067/01916.wav,16000,1,16,5.4
train,English,id067,train_set/train_set/voices/English/id067/01639.wav,16000,1,16,9.84
train,English,id067,train_set/train_set/voices/English/id067/05421.wav,16000,1,16,2.16
train,English,id067,train_set/train_set/voices/English/id067/03984.wav,16000,1,16,4.76
train,English,id067,train_set/train_set/voices/English/id067/05162.wav,16000,1,16,5.2
train,English,id067,train_set/train_set/voices/English/id067/04587.wav,16000,1,16,4.28
train,English,id067,train_set/train_set/voices/English/id067/05844.wav,16000,1,16,4.28
train,English,id067,train_set/train_set/voices/English/id067/00562.wav,16000,1,16,4.24
train,English,id067,train_set/train_set/voices/English/id067/04125.wav,16000,1,16,5.36
train,English,id067,train_set/train_set/voices/English/id067/05511.wav,16000,1,16,3.44
train,English,id067,train_set/train_set/voices/English/id067/03224.wav,16000,1,16,4.32
train,English,id067,train_set/train_set/voices/English/id067/00380.wav,16000,1,16,3.68
train,English,id067,train_set/train_set/voices/English/id067/05747.wav,16000,1,16,2.4
train,English,id067,train_set/train_set/voices/English/id067/00173.wav,16000,1,16,5.88
train,English,id067,train_set/train_set/voices/English/id067/01738.wav,16000,1,16,3.96
train,English,id067,train_set/train_set/voices/English/id067/06070.wav,16000,1,16,2.72
train,English,id067,train_set/train_set/voices/English/id067/01883.wav,16000,1,16,5.04
train,English,id067,train_set/train_set/voices/English/id067/05464.wav,16000,1,16,2.12
train,English,id067,train_set/train_set/voices/English/id067/03604.wav,16000,1,16,3.8
train,English,id067,train_set/train_set/voices/English/id067/00204.wav,16000,1,16,4.12
train,English,id067,train_set/train_set/voices/English/id067/05781.wav,16000,1,16,2.92
train,English,id067,train_set/train_set/voices/English/id067/01193.wav,16000,1,16,2.84
train,English,id067,train_set/train_set/voices/English/id067/03314.wav,16000,1,16,2.4
train,English,id067,train_set/train_set/voices/English/id067/00685.wav,16000,1,16,2.4
train,English,id067,train_set/train_set/voices/English/id067/04891.wav,16000,1,16,3.56
train,English,id067,train_set/train_set/voices/English/id067/00786.wav,16000,1,16,2.12
train,English,id067,train_set/train_set/voices/English/id067/01834.wav,16000,1,16,10.52
train,English,id067,train_set/train_set/voices/English/id067/02531.wav,16000,1,16,10.52
train,English,id067,train_set/train_set/voices/English/id067/01208.wav,16000,1,16,7.36
train,English,id067,train_set/train_set/voices/English/id067/04690.wav,16000,1,16,11.2
train,English,id067,train_set/train_set/voices/English/id067/03645.wav,16000,1,16,11.2
train,English,id067,train_set/train_set/voices/English/id067/00921.wav,16000,1,16,8.0
train,English,id067,train_set/train_set/voices/English/id067/03796.wav,16000,1,16,6.32
train,English,id067,train_set/train_set/voices/English/id067/03910.wav,16000,1,16,9.36
train,English,id067,train_set/train_set/voices/English/id067/05512.wav,16000,1,16,9.36
train,English,id067,train_set/train_set/voices/English/id067/00407.wav,16000,1,16,8.0
train,English,id067,train_set/train_set/voices/English/id067/04383.wav,16000,1,16,5.16
train,English,id067,train_set/train_set/voices/English/id067/02232.wav,16000,1,16,9.72
train,English,id067,train_set/train_set/voices/English/id067/00656.wav,16000,1,16,6.16
train,English,id067,train_set/train_set/voices/English/id067/02988.wav,16000,1,16,6.2
train,English,id067,train_set/train_set/voices/English/id067/06003.wav,16000,1,16,7.96
train,English,id067,train_set/train_set/voices/English/id067/05987.wav,16000,1,16,14.12
train,English,id067,train_set/train_set/voices/English/id067/00738.wav,16000,1,16,27.2
train,English,id067,train_set/train_set/voices/English/id067/03414.wav,16000,1,16,27.2
train,English,id067,train_set/train_set/voices/English/id067/03056.wav,16000,1,16,7.8
train,English,id067,train_set/train_set/voices/English/id067/03098.wav,16000,1,16,16.24
train,English,id067,train_set/train_set/voices/English/id067/03029.wav,16000,1,16,16.24
train,English,id067,train_set/train_set/voices/English/id067/05336.wav,16000,1,16,8.24
train,English,id067,train_set/train_set/voices/English/id067/03938.wav,16000,1,16,9.92
train,English,id067,train_set/train_set/voices/English/id067/06222.wav,16000,1,16,6.2
train,English,id067,train_set/train_set/voices/English/id067/03525.wav,16000,1,16,3.84
train,English,id067,train_set/train_set/voices/English/id067/03379.wav,16000,1,16,3.84
train,English,id067,train_set/train_set/voices/English/id067/00302.wav,16000,1,16,7.0
train,English,id067,train_set/train_set/voices/English/id067/04208.wav,16000,1,16,2.72
train,English,id067,train_set/train_set/voices/English/id067/03114.wav,16000,1,16,7.12
train,English,id067,train_set/train_set/voices/English/id067/05361.wav,16000,1,16,7.12
train,English,id067,train_set/train_set/voices/English/id067/03215.wav,16000,1,16,12.12
train,English,id067,train_set/train_set/voices/English/id067/04493.wav,16000,1,16,4.12
train,English,id067,train_set/train_set/voices/English/id067/03028.wav,16000,1,16,5.52
train,English,id067,train_set/train_set/voices/English/id067/02775.wav,16000,1,16,11.48
train,English,id067,train_set/train_set/voices/English/id067/05403.wav,16000,1,16,11.48
train,English,id067,train_set/train_set/voices/English/id067/01523.wav,16000,1,16,6.08
train,English,id067,train_set/train_set/voices/English/id067/04076.wav,16000,1,16,12.32
train,English,id067,train_set/train_set/voices/English/id067/04129.wav,16000,1,16,9.16
train,English,id067,train_set/train_set/voices/English/id067/00304.wav,16000,1,16,9.24
train,English,id067,train_set/train_set/voices/English/id067/04099.wav,16000,1,16,16.32
train,English,id067,train_set/train_set/voices/English/id067/04280.wav,16000,1,16,6.28
train,English,id067,train_set/train_set/voices/English/id067/02549.wav,16000,1,16,6.2
train,English,id067,train_set/train_set/voices/English/id067/05274.wav,16000,1,16,4.76
train,English,id067,train_set/train_set/voices/English/id067/00216.wav,16000,1,16,4.76
train,English,id067,train_set/train_set/voices/English/id067/01744.wav,16000,1,16,6.56
train,English,id067,train_set/train_set/voices/English/id067/01663.wav,16000,1,16,2.32
train,English,id013,train_set/train_set/voices/English/id013/04701.wav,16000,1,16,9.36
train,English,id013,train_set/train_set/voices/English/id013/04641.wav,16000,1,16,9.36
train,English,id013,train_set/train_set/voices/English/id013/05558.wav,16000,1,16,9.36
train,English,id013,train_set/train_set/voices/English/id013/01705.wav,16000,1,16,5.44
train,English,id013,train_set/train_set/voices/English/id013/04660.wav,16000,1,16,5.44
train,English,id013,train_set/train_set/voices/English/id013/04762.wav,16000,1,16,5.44
train,English,id013,train_set/train_set/voices/English/id013/01673.wav,16000,1,16,7.8
train,English,id013,train_set/train_set/voices/English/id013/01941.wav,16000,1,16,7.8
train,English,id013,train_set/train_set/voices/English/id013/01629.wav,16000,1,16,5.96
train,English,id013,train_set/train_set/voices/English/id013/03903.wav,16000,1,16,2.64
train,English,id013,train_set/train_set/voices/English/id013/02928.wav,16000,1,16,6.76
train,English,id013,train_set/train_set/voices/English/id013/01548.wav,16000,1,16,3.8
train,English,id013,train_set/train_set/voices/English/id013/06203.wav,16000,1,16,8.48
train,English,id013,train_set/train_set/voices/English/id013/03090.wav,16000,1,16,8.48
train,English,id013,train_set/train_set/voices/English/id013/03810.wav,16000,1,16,7.2
train,English,id013,train_set/train_set/voices/English/id013/02019.wav,16000,1,16,21.68
train,English,id013,train_set/train_set/voices/English/id013/04155.wav,16000,1,16,21.68
train,English,id013,train_set/train_set/voices/English/id013/01965.wav,16000,1,16,4.24
train,English,id013,train_set/train_set/voices/English/id013/01232.wav,16000,1,16,2.56
train,English,id013,train_set/train_set/voices/English/id013/04077.wav,16000,1,16,4.68
train,English,id013,train_set/train_set/voices/English/id013/05725.wav,16000,1,16,14.28
train,English,id013,train_set/train_set/voices/English/id013/05659.wav,16000,1,16,14.28
train,English,id013,train_set/train_set/voices/English/id013/03034.wav,16000,1,16,9.68
train,English,id013,train_set/train_set/voices/English/id013/01813.wav,16000,1,16,8.52
train,English,id013,train_set/train_set/voices/English/id013/03799.wav,16000,1,16,8.52
train,English,id013,train_set/train_set/voices/English/id013/06407.wav,16000,1,16,8.52
train,English,id013,train_set/train_set/voices/English/id013/03240.wav,16000,1,16,5.32
train,English,id013,train_set/train_set/voices/English/id013/01272.wav,16000,1,16,5.32
train,English,id013,train_set/train_set/voices/English/id013/01510.wav,16000,1,16,8.72
train,English,id013,train_set/train_set/voices/English/id013/03660.wav,16000,1,16,9.08
train,English,id013,train_set/train_set/voices/English/id013/01468.wav,16000,1,16,8.56
train,English,id013,train_set/train_set/voices/English/id013/00802.wav,16000,1,16,19.76
train,English,id013,train_set/train_set/voices/English/id013/00234.wav,16000,1,16,9.84
train,English,id013,train_set/train_set/voices/English/id013/04529.wav,16000,1,16,3.68
train,English,id013,train_set/train_set/voices/English/id013/04612.wav,16000,1,16,5.92
train,English,id013,train_set/train_set/voices/English/id013/01500.wav,16000,1,16,5.2
train,English,id013,train_set/train_set/voices/English/id013/00903.wav,16000,1,16,4.72
train,English,id013,train_set/train_set/voices/English/id013/04199.wav,16000,1,16,11.24
train,English,id013,train_set/train_set/voices/English/id013/02168.wav,16000,1,16,11.24
train,English,id013,train_set/train_set/voices/English/id013/05819.wav,16000,1,16,2.16
train,English,id013,train_set/train_set/voices/English/id013/02746.wav,16000,1,16,2.16
train,English,id013,train_set/train_set/voices/English/id013/01162.wav,16000,1,16,5.32
train,English,id013,train_set/train_set/voices/English/id013/03982.wav,16000,1,16,11.68
train,English,id013,train_set/train_set/voices/English/id013/04877.wav,16000,1,16,11.68
train,English,id013,train_set/train_set/voices/English/id013/01084.wav,16000,1,16,11.68
train,English,id013,train_set/train_set/voices/English/id013/02505.wav,16000,1,16,3.4
train,English,id013,train_set/train_set/voices/English/id013/04306.wav,16000,1,16,7.72
train,English,id013,train_set/train_set/voices/English/id013/04774.wav,16000,1,16,3.68
train,English,id013,train_set/train_set/voices/English/id013/04227.wav,16000,1,16,5.64
train,English,id013,train_set/train_set/voices/English/id013/03562.wav,16000,1,16,4.28
train,English,id013,train_set/train_set/voices/English/id013/01645.wav,16000,1,16,9.16
train,English,id013,train_set/train_set/voices/English/id013/02203.wav,16000,1,16,9.16
train,English,id013,train_set/train_set/voices/English/id013/03048.wav,16000,1,16,9.16
train,English,id013,train_set/train_set/voices/English/id013/01897.wav,16000,1,16,4.04
train,English,id013,train_set/train_set/voices/English/id013/00184.wav,16000,1,16,6.92
train,English,id013,train_set/train_set/voices/English/id013/02632.wav,16000,1,16,6.92
train,English,id013,train_set/train_set/voices/English/id013/04247.wav,16000,1,16,2.12
train,English,id013,train_set/train_set/voices/English/id013/02436.wav,16000,1,16,9.12
train,English,id013,train_set/train_set/voices/English/id013/01191.wav,16000,1,16,3.08
train,English,id013,train_set/train_set/voices/English/id013/03137.wav,16000,1,16,4.76
train,English,id013,train_set/train_set/voices/English/id013/04757.wav,16000,1,16,5.56
train,English,id001,train_set/train_set/voices/English/id001/05451.wav,16000,1,16,5.52
train,English,id001,train_set/train_set/voices/English/id001/02733.wav,16000,1,16,5.52
train,English,id001,train_set/train_set/voices/English/id001/01071.wav,16000,1,16,16.68
train,English,id001,train_set/train_set/voices/English/id001/00185.wav,16000,1,16,16.68
train,English,id001,train_set/train_set/voices/English/id001/02545.wav,16000,1,16,5.44
train,English,id001,train_set/train_set/voices/English/id001/05359.wav,16000,1,16,5.44
train,English,id001,train_set/train_set/voices/English/id001/02769.wav,16000,1,16,2.68
train,English,id001,train_set/train_set/voices/English/id001/00951.wav,16000,1,16,2.12
train,English,id001,train_set/train_set/voices/English/id001/03100.wav,16000,1,16,10.4
train,English,id001,train_set/train_set/voices/English/id001/03045.wav,16000,1,16,5.72
train,English,id001,train_set/train_set/voices/English/id001/02699.wav,16000,1,16,5.72
train,English,id001,train_set/train_set/voices/English/id001/04393.wav,16000,1,16,6.32
train,English,id001,train_set/train_set/voices/English/id001/02004.wav,16000,1,16,6.32
train,English,id001,train_set/train_set/voices/English/id001/00704.wav,16000,1,16,8.28
train,English,id001,train_set/train_set/voices/English/id001/04126.wav,16000,1,16,2.04
train,English,id001,train_set/train_set/voices/English/id001/00686.wav,16000,1,16,2.04
train,English,id001,train_set/train_set/voices/English/id001/01429.wav,16000,1,16,5.56
train,English,id001,train_set/train_set/voices/English/id001/03715.wav,16000,1,16,3.4
train,English,id001,train_set/train_set/voices/English/id001/05003.wav,16000,1,16,7.08
train,English,id001,train_set/train_set/voices/English/id001/03407.wav,16000,1,16,7.08
train,English,id001,train_set/train_set/voices/English/id001/01197.wav,16000,1,16,4.08
train,English,id001,train_set/train_set/voices/English/id001/00529.wav,16000,1,16,4.04
train,English,id001,train_set/train_set/voices/English/id001/01481.wav,16000,1,16,4.8
train,English,id001,train_set/train_set/voices/English/id001/01026.wav,16000,1,16,4.8
train,English,id001,train_set/train_set/voices/English/id001/03462.wav,16000,1,16,2.88
train,English,id001,train_set/train_set/voices/English/id001/02525.wav,16000,1,16,3.32
train,English,id001,train_set/train_set/voices/English/id001/03278.wav,16000,1,16,5.32
train,English,id001,train_set/train_set/voices/English/id001/05045.wav,16000,1,16,3.08
train,English,id001,train_set/train_set/voices/English/id001/02403.wav,16000,1,16,4.64
train,English,id001,train_set/train_set/voices/English/id001/03534.wav,16000,1,16,4.64
train,English,id001,train_set/train_set/voices/English/id001/01314.wav,16000,1,16,3.44
train,English,id001,train_set/train_set/voices/English/id001/03891.wav,16000,1,16,2.64
train,English,id001,train_set/train_set/voices/English/id001/02843.wav,16000,1,16,5.96
train,English,id001,train_set/train_set/voices/English/id001/03866.wav,16000,1,16,8.68
train,English,id001,train_set/train_set/voices/English/id001/03101.wav,16000,1,16,4.6
train,English,id001,train_set/train_set/voices/English/id001/02449.wav,16000,1,16,5.84
train,English,id001,train_set/train_set/voices/English/id001/01221.wav,16000,1,16,10.36
train,English,id001,train_set/train_set/voices/English/id001/02983.wav,16000,1,16,10.36
train,English,id001,train_set/train_set/voices/English/id001/04104.wav,16000,1,16,4.36
train,English,id001,train_set/train_set/voices/English/id001/05867.wav,16000,1,16,4.36
train,English,id001,train_set/train_set/voices/English/id001/05290.wav,16000,1,16,8.44
train,English,id001,train_set/train_set/voices/English/id001/04356.wav,16000,1,16,8.44
train,English,id001,train_set/train_set/voices/English/id001/03303.wav,16000,1,16,8.44
train,English,id001,train_set/train_set/voices/English/id001/03397.wav,16000,1,16,8.44
train,English,id001,train_set/train_set/voices/English/id001/05914.wav,16000,1,16,4.12
train,English,id001,train_set/train_set/voices/English/id001/02989.wav,16000,1,16,6.04
train,English,id001,train_set/train_set/voices/English/id001/06379.wav,16000,1,16,6.04
train,English,id001,train_set/train_set/voices/English/id001/05795.wav,16000,1,16,6.04
train,English,id001,train_set/train_set/voices/English/id001/04324.wav,16000,1,16,3.88
train,English,id001,train_set/train_set/voices/English/id001/04626.wav,16000,1,16,3.6
train,English,id001,train_set/train_set/voices/English/id001/04621.wav,16000,1,16,3.6
train,English,id001,train_set/train_set/voices/English/id001/06244.wav,16000,1,16,3.6
train,English,id041,train_set/train_set/voices/English/id041/01097.wav,16000,1,16,2.36
train,English,id041,train_set/train_set/voices/English/id041/01819.wav,16000,1,16,5.68
train,English,id041,train_set/train_set/voices/English/id041/01839.wav,16000,1,16,5.68
train,English,id041,train_set/train_set/voices/English/id041/05303.wav,16000,1,16,5.12
train,English,id041,train_set/train_set/voices/English/id041/00586.wav,16000,1,16,4.04
train,English,id041,train_set/train_set/voices/English/id041/02489.wav,16000,1,16,4.04
train,English,id041,train_set/train_set/voices/English/id041/02813.wav,16000,1,16,9.28
train,English,id041,train_set/train_set/voices/English/id041/05437.wav,16000,1,16,12.68
train,English,id041,train_set/train_set/voices/English/id041/05388.wav,16000,1,16,2.64
train,English,id041,train_set/train_set/voices/English/id041/00794.wav,16000,1,16,10.08
train,English,id041,train_set/train_set/voices/English/id041/06106.wav,16000,1,16,4.16
train,English,id041,train_set/train_set/voices/English/id041/02195.wav,16000,1,16,4.0
train,English,id041,train_set/train_set/voices/English/id041/03601.wav,16000,1,16,3.12
train,English,id041,train_set/train_set/voices/English/id041/03597.wav,16000,1,16,4.44
train,English,id041,train_set/train_set/voices/English/id041/02216.wav,16000,1,16,8.0
train,English,id041,train_set/train_set/voices/English/id041/05941.wav,16000,1,16,2.28
train,English,id041,train_set/train_set/voices/English/id041/03845.wav,16000,1,16,2.88
train,English,id041,train_set/train_set/voices/English/id041/00230.wav,16000,1,16,9.56
train,English,id041,train_set/train_set/voices/English/id041/04143.wav,16000,1,16,5.12
train,English,id041,train_set/train_set/voices/English/id041/02852.wav,16000,1,16,3.16
train,English,id041,train_set/train_set/voices/English/id041/01384.wav,16000,1,16,3.04
train,English,id041,train_set/train_set/voices/English/id041/00448.wav,16000,1,16,2.4
train,English,id041,train_set/train_set/voices/English/id041/00187.wav,16000,1,16,3.2
train,English,id041,train_set/train_set/voices/English/id041/01520.wav,16000,1,16,6.48
train,English,id041,train_set/train_set/voices/English/id041/02593.wav,16000,1,16,4.0
train,English,id041,train_set/train_set/voices/English/id041/05027.wav,16000,1,16,3.08
train,English,id041,train_set/train_set/voices/English/id041/05271.wav,16000,1,16,3.12
train,English,id041,train_set/train_set/voices/English/id041/04040.wav,16000,1,16,2.0
train,English,id041,train_set/train_set/voices/English/id041/05300.wav,16000,1,16,4.88
train,English,id041,train_set/train_set/voices/English/id041/01229.wav,16000,1,16,2.52
train,English,id041,train_set/train_set/voices/English/id041/02165.wav,16000,1,16,2.0
train,English,id041,train_set/train_set/voices/English/id041/05887.wav,16000,1,16,4.28
train,English,id041,train_set/train_set/voices/English/id041/06410.wav,16000,1,16,2.68
train,English,id041,train_set/train_set/voices/English/id041/06377.wav,16000,1,16,5.48
train,English,id041,train_set/train_set/voices/English/id041/05137.wav,16000,1,16,3.12
train,English,id041,train_set/train_set/voices/English/id041/02859.wav,16000,1,16,2.84
train,English,id041,train_set/train_set/voices/English/id041/00251.wav,16000,1,16,14.04
train,English,id014,train_set/train_set/voices/English/id014/01988.wav,16000,1,16,4.48
train,English,id014,train_set/train_set/voices/English/id014/01627.wav,16000,1,16,3.44
train,English,id014,train_set/train_set/voices/English/id014/02185.wav,16000,1,16,5.24
train,English,id014,train_set/train_set/voices/English/id014/00906.wav,16000,1,16,5.24
train,English,id014,train_set/train_set/voices/English/id014/03480.wav,16000,1,16,10.2
train,English,id014,train_set/train_set/voices/English/id014/04069.wav,16000,1,16,10.2
train,English,id014,train_set/train_set/voices/English/id014/04590.wav,16000,1,16,10.2
train,English,id014,train_set/train_set/voices/English/id014/02719.wav,16000,1,16,2.4
train,English,id014,train_set/train_set/voices/English/id014/01367.wav,16000,1,16,8.08
train,English,id014,train_set/train_set/voices/English/id014/05355.wav,16000,1,16,8.08
train,English,id014,train_set/train_set/voices/English/id014/02423.wav,16000,1,16,2.32
train,English,id014,train_set/train_set/voices/English/id014/06134.wav,16000,1,16,3.12
train,English,id014,train_set/train_set/voices/English/id014/02397.wav,16000,1,16,7.36
train,English,id014,train_set/train_set/voices/English/id014/05256.wav,16000,1,16,7.36
train,English,id014,train_set/train_set/voices/English/id014/06295.wav,16000,1,16,7.36
train,English,id014,train_set/train_set/voices/English/id014/04497.wav,16000,1,16,7.36
train,English,id014,train_set/train_set/voices/English/id014/05379.wav,16000,1,16,2.08
train,English,id014,train_set/train_set/voices/English/id014/03276.wav,16000,1,16,2.92
train,English,id014,train_set/train_set/voices/English/id014/01841.wav,16000,1,16,5.16
train,English,id014,train_set/train_set/voices/English/id014/04163.wav,16000,1,16,5.16
train,English,id014,train_set/train_set/voices/English/id014/02607.wav,16000,1,16,5.16
train,English,id014,train_set/train_set/voices/English/id014/03313.wav,16000,1,16,6.04
train,English,id014,train_set/train_set/voices/English/id014/04538.wav,16000,1,16,6.04
train,English,id014,train_set/train_set/voices/English/id014/02958.wav,16000,1,16,6.04
train,English,id014,train_set/train_set/voices/English/id014/01596.wav,16000,1,16,2.28
train,English,id014,train_set/train_set/voices/English/id014/01017.wav,16000,1,16,2.0
train,English,id014,train_set/train_set/voices/English/id014/04555.wav,16000,1,16,2.0
train,English,id014,train_set/train_set/voices/English/id014/04747.wav,16000,1,16,4.6
train,English,id014,train_set/train_set/voices/English/id014/02536.wav,16000,1,16,4.6
train,English,id014,train_set/train_set/voices/English/id014/00188.wav,16000,1,16,6.08
train,English,id014,train_set/train_set/voices/English/id014/02817.wav,16000,1,16,6.08
train,English,id014,train_set/train_set/voices/English/id014/04928.wav,16000,1,16,6.08
train,English,id014,train_set/train_set/voices/English/id014/03584.wav,16000,1,16,3.08
train,English,id014,train_set/train_set/voices/English/id014/05592.wav,16000,1,16,3.08
train,English,id014,train_set/train_set/voices/English/id014/05771.wav,16000,1,16,2.12
train,English,id014,train_set/train_set/voices/English/id014/02013.wav,16000,1,16,4.0
train,English,id014,train_set/train_set/voices/English/id014/03922.wav,16000,1,16,4.0
train,English,id014,train_set/train_set/voices/English/id014/00560.wav,16000,1,16,4.6
train,English,id014,train_set/train_set/voices/English/id014/01961.wav,16000,1,16,5.88
train,English,id014,train_set/train_set/voices/English/id014/03883.wav,16000,1,16,5.88
train,English,id014,train_set/train_set/voices/English/id014/03012.wav,16000,1,16,3.44
train,English,id014,train_set/train_set/voices/English/id014/05932.wav,16000,1,16,3.44
train,English,id014,train_set/train_set/voices/English/id014/03813.wav,16000,1,16,5.08
train,English,id014,train_set/train_set/voices/English/id014/04254.wav,16000,1,16,5.08
train,English,id014,train_set/train_set/voices/English/id014/04176.wav,16000,1,16,2.88
train,English,id014,train_set/train_set/voices/English/id014/02164.wav,16000,1,16,3.12
train,English,id014,train_set/train_set/voices/English/id014/04614.wav,16000,1,16,3.12
train,English,id014,train_set/train_set/voices/English/id014/06242.wav,16000,1,16,3.12
train,English,id014,train_set/train_set/voices/English/id014/05357.wav,16000,1,16,2.56
train,English,id014,train_set/train_set/voices/English/id014/00717.wav,16000,1,16,2.56
train,English,id014,train_set/train_set/voices/English/id014/05961.wav,16000,1,16,7.48
train,English,id014,train_set/train_set/voices/English/id014/04624.wav,16000,1,16,7.48
train,English,id014,train_set/train_set/voices/English/id014/01927.wav,16000,1,16,7.48
train,English,id014,train_set/train_set/voices/English/id014/03920.wav,16000,1,16,7.48
train,English,id014,train_set/train_set/voices/English/id014/03082.wav,16000,1,16,4.68
train,English,id014,train_set/train_set/voices/English/id014/01747.wav,16000,1,16,4.68
train,English,id014,train_set/train_set/voices/English/id014/05119.wav,16000,1,16,4.68
train,English,id014,train_set/train_set/voices/English/id014/03635.wav,16000,1,16,3.44
train,English,id014,train_set/train_set/voices/English/id014/05935.wav,16000,1,16,5.24
train,English,id014,train_set/train_set/voices/English/id014/00967.wav,16000,1,16,5.24
train,English,id014,train_set/train_set/voices/English/id014/02414.wav,16000,1,16,4.6
train,English,id014,train_set/train_set/voices/English/id014/02521.wav,16000,1,16,6.0
train,English,id014,train_set/train_set/voices/English/id014/05202.wav,16000,1,16,6.0
train,English,id014,train_set/train_set/voices/English/id014/05478.wav,16000,1,16,3.16
train,English,id014,train_set/train_set/voices/English/id014/00931.wav,16000,1,16,3.16
train,English,id014,train_set/train_set/voices/English/id014/02871.wav,16000,1,16,5.16
train,English,id014,train_set/train_set/voices/English/id014/03458.wav,16000,1,16,4.44
train,English,id014,train_set/train_set/voices/English/id014/06013.wav,16000,1,16,4.44
train,English,id014,train_set/train_set/voices/English/id014/02045.wav,16000,1,16,4.08
train,English,id014,train_set/train_set/voices/English/id014/05331.wav,16000,1,16,2.24
train,English,id014,train_set/train_set/voices/English/id014/02590.wav,16000,1,16,4.48
train,English,id014,train_set/train_set/voices/English/id014/06411.wav,16000,1,16,4.48
train,English,id014,train_set/train_set/voices/English/id014/05457.wav,16000,1,16,4.48
train,English,id014,train_set/train_set/voices/English/id014/03268.wav,16000,1,16,2.08
train,English,id014,train_set/train_set/voices/English/id014/00316.wav,16000,1,16,2.08
train,English,id014,train_set/train_set/voices/English/id014/05100.wav,16000,1,16,2.44
train,English,id069,train_set/train_set/voices/English/id069/03930.wav,16000,1,16,11.0
train,English,id069,train_set/train_set/voices/English/id069/03290.wav,16000,1,16,11.0
train,English,id069,train_set/train_set/voices/English/id069/03911.wav,16000,1,16,15.92
train,English,id069,train_set/train_set/voices/English/id069/06402.wav,16000,1,16,15.92
train,English,id069,train_set/train_set/voices/English/id069/05873.wav,16000,1,16,15.92
train,English,id069,train_set/train_set/voices/English/id069/01603.wav,16000,1,16,6.24
train,English,id069,train_set/train_set/voices/English/id069/02328.wav,16000,1,16,6.24
train,English,id069,train_set/train_set/voices/English/id069/05791.wav,16000,1,16,10.56
train,English,id069,train_set/train_set/voices/English/id069/00196.wav,16000,1,16,2.48
train,English,id069,train_set/train_set/voices/English/id069/06451.wav,16000,1,16,5.4
train,English,id069,train_set/train_set/voices/English/id069/04373.wav,16000,1,16,2.04
train,English,id069,train_set/train_set/voices/English/id069/02291.wav,16000,1,16,3.04
train,English,id069,train_set/train_set/voices/English/id069/05693.wav,16000,1,16,5.0
train,English,id025,train_set/train_set/voices/English/id025/04858.wav,16000,1,16,6.08
train,English,id025,train_set/train_set/voices/English/id025/00285.wav,16000,1,16,6.08
train,English,id025,train_set/train_set/voices/English/id025/05117.wav,16000,1,16,6.08
train,English,id025,train_set/train_set/voices/English/id025/01594.wav,16000,1,16,3.8
train,English,id025,train_set/train_set/voices/English/id025/03347.wav,16000,1,16,4.88
train,English,id025,train_set/train_set/voices/English/id025/02612.wav,16000,1,16,4.52
train,English,id025,train_set/train_set/voices/English/id025/02460.wav,16000,1,16,4.52
train,English,id025,train_set/train_set/voices/English/id025/00735.wav,16000,1,16,3.52
train,English,id025,train_set/train_set/voices/English/id025/02618.wav,16000,1,16,9.68
train,English,id025,train_set/train_set/voices/English/id025/02327.wav,16000,1,16,22.12
train,English,id025,train_set/train_set/voices/English/id025/04270.wav,16000,1,16,7.72
train,English,id025,train_set/train_set/voices/English/id025/04379.wav,16000,1,16,6.32
train,English,id025,train_set/train_set/voices/English/id025/05250.wav,16000,1,16,2.04
train,English,id025,train_set/train_set/voices/English/id025/00850.wav,16000,1,16,15.64
train,English,id025,train_set/train_set/voices/English/id025/02940.wav,16000,1,16,4.92
train,English,id025,train_set/train_set/voices/English/id025/03447.wav,16000,1,16,7.88
train,English,id025,train_set/train_set/voices/English/id025/02321.wav,16000,1,16,20.12
train,English,id025,train_set/train_set/voices/English/id025/05805.wav,16000,1,16,5.8
train,English,id025,train_set/train_set/voices/English/id025/05060.wav,16000,1,16,6.88
train,English,id025,train_set/train_set/voices/English/id025/04038.wav,16000,1,16,3.0
train,English,id025,train_set/train_set/voices/English/id025/02299.wav,16000,1,16,3.68
train,English,id025,train_set/train_set/voices/English/id025/03608.wav,16000,1,16,8.04
train,English,id025,train_set/train_set/voices/English/id025/05473.wav,16000,1,16,3.56
train,English,id025,train_set/train_set/voices/English/id025/01598.wav,16000,1,16,6.48
train,English,id025,train_set/train_set/voices/English/id025/03080.wav,16000,1,16,3.12
train,English,id025,train_set/train_set/voices/English/id025/01332.wav,16000,1,16,2.52
train,English,id025,train_set/train_set/voices/English/id025/05700.wav,16000,1,16,2.36
train,English,id025,train_set/train_set/voices/English/id025/06335.wav,16000,1,16,3.4
train,English,id025,train_set/train_set/voices/English/id025/00497.wav,16000,1,16,11.72
train,English,id025,train_set/train_set/voices/English/id025/06055.wav,16000,1,16,11.72
train,English,id025,train_set/train_set/voices/English/id025/06135.wav,16000,1,16,4.96
train,English,id025,train_set/train_set/voices/English/id025/03856.wav,16000,1,16,2.16
train,English,id025,train_set/train_set/voices/English/id025/02187.wav,16000,1,16,2.16
train,English,id025,train_set/train_set/voices/English/id025/06107.wav,16000,1,16,10.16
train,English,id025,train_set/train_set/voices/English/id025/03404.wav,16000,1,16,10.16
train,English,id025,train_set/train_set/voices/English/id025/03923.wav,16000,1,16,4.72
train,English,id025,train_set/train_set/voices/English/id025/06200.wav,16000,1,16,4.72
train,English,id025,train_set/train_set/voices/English/id025/02583.wav,16000,1,16,4.72
train,English,id025,train_set/train_set/voices/English/id025/02729.wav,16000,1,16,5.84
train,English,id025,train_set/train_set/voices/English/id025/02986.wav,16000,1,16,5.84
train,English,id025,train_set/train_set/voices/English/id025/04964.wav,16000,1,16,7.24
train,English,id025,train_set/train_set/voices/English/id025/00200.wav,16000,1,16,21.6
train,English,id025,train_set/train_set/voices/English/id025/02324.wav,16000,1,16,21.6
train,English,id025,train_set/train_set/voices/English/id025/03817.wav,16000,1,16,21.6
train,English,id025,train_set/train_set/voices/English/id025/05908.wav,16000,1,16,9.44
train,English,id025,train_set/train_set/voices/English/id025/03118.wav,16000,1,16,9.44
train,English,id025,train_set/train_set/voices/English/id025/00271.wav,16000,1,16,9.44
train,English,id025,train_set/train_set/voices/English/id025/00266.wav,16000,1,16,9.44
train,English,id025,train_set/train_set/voices/English/id025/02565.wav,16000,1,16,9.44
train,English,id025,train_set/train_set/voices/English/id025/05237.wav,16000,1,16,5.88
train,English,id025,train_set/train_set/voices/English/id025/01462.wav,16000,1,16,4.24
train,English,id025,train_set/train_set/voices/English/id025/02916.wav,16000,1,16,5.16
train,English,id025,train_set/train_set/voices/English/id025/02034.wav,16000,1,16,5.16
train,English,id025,train_set/train_set/voices/English/id025/01832.wav,16000,1,16,5.16
train,English,id025,train_set/train_set/voices/English/id025/03964.wav,16000,1,16,8.24
train,English,id025,train_set/train_set/voices/English/id025/04865.wav,16000,1,16,8.24
train,English,id025,train_set/train_set/voices/English/id025/05398.wav,16000,1,16,5.52
train,English,id025,train_set/train_set/voices/English/id025/00565.wav,16000,1,16,4.76
train,English,id025,train_set/train_set/voices/English/id025/03743.wav,16000,1,16,3.84
train,English,id025,train_set/train_set/voices/English/id025/02166.wav,16000,1,16,5.4
train,English,id025,train_set/train_set/voices/English/id025/00496.wav,16000,1,16,15.0
train,English,id025,train_set/train_set/voices/English/id025/03632.wav,16000,1,16,15.0
train,English,id025,train_set/train_set/voices/English/id025/03665.wav,16000,1,16,15.0
train,English,id025,train_set/train_set/voices/English/id025/01779.wav,16000,1,16,15.0
train,English,id025,train_set/train_set/voices/English/id025/03131.wav,16000,1,16,15.0
train,English,id025,train_set/train_set/voices/English/id025/05503.wav,16000,1,16,4.28
train,English,id025,train_set/train_set/voices/English/id025/02312.wav,16000,1,16,4.48
train,English,id025,train_set/train_set/voices/English/id025/04574.wav,16000,1,16,5.68
train,English,id025,train_set/train_set/voices/English/id025/05720.wav,16000,1,16,2.68
train,English,id025,train_set/train_set/voices/English/id025/00816.wav,16000,1,16,2.0
train,English,id025,train_set/train_set/voices/English/id025/01913.wav,16000,1,16,3.04
train,English,id011,train_set/train_set/voices/English/id011/00385.wav,16000,1,16,5.28
train,English,id011,train_set/train_set/voices/English/id011/05230.wav,16000,1,16,15.04
train,English,id011,train_set/train_set/voices/English/id011/06162.wav,16000,1,16,15.04
train,English,id011,train_set/train_set/voices/English/id011/00998.wav,16000,1,16,6.2
train,English,id011,train_set/train_set/voices/English/id011/02331.wav,16000,1,16,6.2
train,English,id011,train_set/train_set/voices/English/id011/04177.wav,16000,1,16,8.84
train,English,id011,train_set/train_set/voices/English/id011/05265.wav,16000,1,16,11.72
train,English,id011,train_set/train_set/voices/English/id011/00269.wav,16000,1,16,11.72
train,English,id011,train_set/train_set/voices/English/id011/06304.wav,16000,1,16,10.44
train,English,id011,train_set/train_set/voices/English/id011/06253.wav,16000,1,16,10.44
train,English,id011,train_set/train_set/voices/English/id011/05870.wav,16000,1,16,5.28
train,English,id011,train_set/train_set/voices/English/id011/05907.wav,16000,1,16,5.44
train,English,id011,train_set/train_set/voices/English/id011/03472.wav,16000,1,16,19.24
train,English,id011,train_set/train_set/voices/English/id011/03345.wav,16000,1,16,19.24
train,English,id011,train_set/train_set/voices/English/id011/01105.wav,16000,1,16,19.24
train,English,id011,train_set/train_set/voices/English/id011/03025.wav,16000,1,16,19.24
train,English,id011,train_set/train_set/voices/English/id011/04134.wav,16000,1,16,22.84
train,English,id011,train_set/train_set/voices/English/id011/02173.wav,16000,1,16,22.84
train,English,id011,train_set/train_set/voices/English/id011/05900.wav,16000,1,16,22.84
train,English,id011,train_set/train_set/voices/English/id011/04014.wav,16000,1,16,6.52
train,English,id011,train_set/train_set/voices/English/id011/04084.wav,16000,1,16,8.32
train,English,id011,train_set/train_set/voices/English/id011/06297.wav,16000,1,16,7.48
train,English,id011,train_set/train_set/voices/English/id011/04248.wav,16000,1,16,13.64
train,English,id011,train_set/train_set/voices/English/id011/05794.wav,16000,1,16,13.64
train,English,id011,train_set/train_set/voices/English/id011/04145.wav,16000,1,16,13.64
train,English,id011,train_set/train_set/voices/English/id011/02028.wav,16000,1,16,13.64
train,English,id011,train_set/train_set/voices/English/id011/01805.wav,16000,1,16,17.04
train,English,id011,train_set/train_set/voices/English/id011/01825.wav,16000,1,16,8.56
train,English,id011,train_set/train_set/voices/English/id011/00630.wav,16000,1,16,6.68
train,English,id011,train_set/train_set/voices/English/id011/03961.wav,16000,1,16,5.56
train,English,id011,train_set/train_set/voices/English/id011/01118.wav,16000,1,16,8.48
train,English,id011,train_set/train_set/voices/English/id011/01605.wav,16000,1,16,6.32
train,English,id011,train_set/train_set/voices/English/id011/01010.wav,16000,1,16,3.48
train,English,id011,train_set/train_set/voices/English/id011/02374.wav,16000,1,16,4.48
train,English,id011,train_set/train_set/voices/English/id011/01110.wav,16000,1,16,4.12
train,English,id011,train_set/train_set/voices/English/id011/02969.wav,16000,1,16,4.12
train,English,id011,train_set/train_set/voices/English/id011/05728.wav,16000,1,16,8.56
train,English,id011,train_set/train_set/voices/English/id011/03761.wav,16000,1,16,8.56
train,English,id011,train_set/train_set/voices/English/id011/04018.wav,16000,1,16,8.56
train,English,id011,train_set/train_set/voices/English/id011/02153.wav,16000,1,16,3.2
train,English,id011,train_set/train_set/voices/English/id011/05416.wav,16000,1,16,3.2
train,English,id050,train_set/train_set/voices/English/id050/02256.wav,16000,1,16,3.48
train,English,id050,train_set/train_set/voices/English/id050/04808.wav,16000,1,16,3.48
train,English,id050,train_set/train_set/voices/English/id050/04550.wav,16000,1,16,3.48
train,English,id050,train_set/train_set/voices/English/id050/05760.wav,16000,1,16,3.48
train,English,id050,train_set/train_set/voices/English/id050/04706.wav,16000,1,16,3.48
train,English,id050,train_set/train_set/voices/English/id050/00953.wav,16000,1,16,3.48
train,English,id050,train_set/train_set/voices/English/id050/00577.wav,16000,1,16,3.48
train,English,id050,train_set/train_set/voices/English/id050/03689.wav,16000,1,16,5.16
train,English,id050,train_set/train_set/voices/English/id050/01143.wav,16000,1,16,4.68
train,English,id050,train_set/train_set/voices/English/id050/02946.wav,16000,1,16,4.68
train,English,id050,train_set/train_set/voices/English/id050/02662.wav,16000,1,16,4.68
train,English,id050,train_set/train_set/voices/English/id050/00319.wav,16000,1,16,4.68
train,English,id050,train_set/train_set/voices/English/id050/03531.wav,16000,1,16,4.68
train,English,id050,train_set/train_set/voices/English/id050/03300.wav,16000,1,16,4.68
train,English,id050,train_set/train_set/voices/English/id050/06285.wav,16000,1,16,3.0
train,English,id050,train_set/train_set/voices/English/id050/03334.wav,16000,1,16,10.76
train,English,id050,train_set/train_set/voices/English/id050/03016.wav,16000,1,16,5.64
train,English,id050,train_set/train_set/voices/English/id050/06137.wav,16000,1,16,2.96
train,English,id050,train_set/train_set/voices/English/id050/03957.wav,16000,1,16,6.04
train,English,id050,train_set/train_set/voices/English/id050/05025.wav,16000,1,16,17.16
train,English,id050,train_set/train_set/voices/English/id050/04637.wav,16000,1,16,14.2
train,English,id050,train_set/train_set/voices/English/id050/04338.wav,16000,1,16,15.28
train,English,id050,train_set/train_set/voices/English/id050/01811.wav,16000,1,16,14.16
train,English,id050,train_set/train_set/voices/English/id050/03673.wav,16000,1,16,9.8
train,English,id050,train_set/train_set/voices/English/id050/03037.wav,16000,1,16,6.56
train,English,id050,train_set/train_set/voices/English/id050/00780.wav,16000,1,16,3.84
train,English,id050,train_set/train_set/voices/English/id050/04530.wav,16000,1,16,3.0
train,English,id050,train_set/train_set/voices/English/id050/01373.wav,16000,1,16,3.0
train,English,id050,train_set/train_set/voices/English/id050/04963.wav,16000,1,16,2.24
train,English,id050,train_set/train_set/voices/English/id050/06354.wav,16000,1,16,6.8
train,English,id050,train_set/train_set/voices/English/id050/05019.wav,16000,1,16,3.8
train,English,id050,train_set/train_set/voices/English/id050/02844.wav,16000,1,16,2.32
train,English,id015,train_set/train_set/voices/English/id015/02554.wav,16000,1,16,3.96
train,English,id015,train_set/train_set/voices/English/id015/05670.wav,16000,1,16,3.96
train,English,id015,train_set/train_set/voices/English/id015/02382.wav,16000,1,16,3.96
train,English,id015,train_set/train_set/voices/English/id015/04970.wav,16000,1,16,2.8
train,English,id015,train_set/train_set/voices/English/id015/04610.wav,16000,1,16,2.8
train,English,id015,train_set/train_set/voices/English/id015/05606.wav,16000,1,16,3.76
train,English,id015,train_set/train_set/voices/English/id015/01398.wav,16000,1,16,5.64
train,English,id015,train_set/train_set/voices/English/id015/00424.wav,16000,1,16,4.92
train,English,id015,train_set/train_set/voices/English/id015/00821.wav,16000,1,16,2.16
train,English,id015,train_set/train_set/voices/English/id015/02066.wav,16000,1,16,2.24
train,English,id015,train_set/train_set/voices/English/id015/05289.wav,16000,1,16,3.0
train,English,id015,train_set/train_set/voices/English/id015/05248.wav,16000,1,16,3.36
train,English,id015,train_set/train_set/voices/English/id015/04200.wav,16000,1,16,3.36
train,English,id015,train_set/train_set/voices/English/id015/00695.wav,16000,1,16,2.24
train,English,id015,train_set/train_set/voices/English/id015/04116.wav,16000,1,16,2.24
train,English,id015,train_set/train_set/voices/English/id015/05982.wav,16000,1,16,3.76
train,English,id015,train_set/train_set/voices/English/id015/01174.wav,16000,1,16,3.76
train,English,id015,train_set/train_set/voices/English/id015/04857.wav,16000,1,16,3.64
train,English,id015,train_set/train_set/voices/English/id015/05282.wav,16000,1,16,3.64
train,English,id015,train_set/train_set/voices/English/id015/06279.wav,16000,1,16,3.72
train,English,id015,train_set/train_set/voices/English/id015/01148.wav,16000,1,16,3.76
train,English,id015,train_set/train_set/voices/English/id015/00475.wav,16000,1,16,2.96
train,English,id015,train_set/train_set/voices/English/id015/03399.wav,16000,1,16,4.76
train,English,id015,train_set/train_set/voices/English/id015/05766.wav,16000,1,16,4.76
train,English,id015,train_set/train_set/voices/English/id015/02600.wav,16000,1,16,2.0
train,English,id015,train_set/train_set/voices/English/id015/05401.wav,16000,1,16,6.56
train,English,id015,train_set/train_set/voices/English/id015/04992.wav,16000,1,16,6.56
train,English,id015,train_set/train_set/voices/English/id015/05742.wav,16000,1,16,5.96
train,English,id015,train_set/train_set/voices/English/id015/02292.wav,16000,1,16,2.88
train,English,id015,train_set/train_set/voices/English/id015/01769.wav,16000,1,16,2.76
train,English,id015,train_set/train_set/voices/English/id015/04333.wav,16000,1,16,2.92
train,English,id015,train_set/train_set/voices/English/id015/02647.wav,16000,1,16,5.16
train,English,id015,train_set/train_set/voices/English/id015/04439.wav,16000,1,16,5.88
train,English,id015,train_set/train_set/voices/English/id015/03130.wav,16000,1,16,2.84
train,English,id015,train_set/train_set/voices/English/id015/00884.wav,16000,1,16,2.84
train,English,id015,train_set/train_set/voices/English/id015/04560.wav,16000,1,16,2.84
train,English,id015,train_set/train_set/voices/English/id015/04655.wav,16000,1,16,4.04
train,English,id015,train_set/train_set/voices/English/id015/04111.wav,16000,1,16,4.2
train,English,id015,train_set/train_set/voices/English/id015/02172.wav,16000,1,16,4.48
train,English,id015,train_set/train_set/voices/English/id015/02558.wav,16000,1,16,2.88
train,English,id015,train_set/train_set/voices/English/id015/00806.wav,16000,1,16,2.04
train,English,id015,train_set/train_set/voices/English/id015/05371.wav,16000,1,16,2.24
train,English,id015,train_set/train_set/voices/English/id015/04912.wav,16000,1,16,3.96
train,English,id015,train_set/train_set/voices/English/id015/06121.wav,16000,1,16,3.52
train,English,id015,train_set/train_set/voices/English/id015/03366.wav,16000,1,16,3.12
train,English,id015,train_set/train_set/voices/English/id015/06045.wav,16000,1,16,4.08
train,English,id015,train_set/train_set/voices/English/id015/01207.wav,16000,1,16,4.08
train,English,id015,train_set/train_set/voices/English/id015/01381.wav,16000,1,16,4.08
train,English,id015,train_set/train_set/voices/English/id015/04630.wav,16000,1,16,2.68
train,English,id015,train_set/train_set/voices/English/id015/01007.wav,16000,1,16,2.68
train,English,id015,train_set/train_set/voices/English/id015/03729.wav,16000,1,16,2.44
train,English,id015,train_set/train_set/voices/English/id015/03630.wav,16000,1,16,3.04
train,English,id015,train_set/train_set/voices/English/id015/05247.wav,16000,1,16,3.48
train,English,id015,train_set/train_set/voices/English/id015/03002.wav,16000,1,16,3.48
train,English,id015,train_set/train_set/voices/English/id015/05293.wav,16000,1,16,3.48
train,English,id015,train_set/train_set/voices/English/id015/00413.wav,16000,1,16,4.44
train,English,id015,train_set/train_set/voices/English/id015/04667.wav,16000,1,16,4.2
train,English,id015,train_set/train_set/voices/English/id015/03573.wav,16000,1,16,4.2
train,English,id015,train_set/train_set/voices/English/id015/02159.wav,16000,1,16,3.16
train,English,id015,train_set/train_set/voices/English/id015/02041.wav,16000,1,16,2.76
train,English,id015,train_set/train_set/voices/English/id015/03881.wav,16000,1,16,2.08
train,English,id015,train_set/train_set/voices/English/id015/06420.wav,16000,1,16,2.08
train,English,id015,train_set/train_set/voices/English/id015/02721.wav,16000,1,16,2.32
train,English,id052,train_set/train_set/voices/English/id052/00543.wav,16000,1,16,2.32
train,English,id052,train_set/train_set/voices/English/id052/05976.wav,16000,1,16,2.04
train,English,id046,train_set/train_set/voices/English/id046/02120.wav,16000,1,16,6.92
train,English,id046,train_set/train_set/voices/English/id046/00874.wav,16000,1,16,4.04
train,English,id046,train_set/train_set/voices/English/id046/03017.wav,16000,1,16,10.68
train,English,id046,train_set/train_set/voices/English/id046/01657.wav,16000,1,16,10.68
train,English,id046,train_set/train_set/voices/English/id046/02566.wav,16000,1,16,3.6
train,English,id046,train_set/train_set/voices/English/id046/05028.wav,16000,1,16,3.8
train,English,id046,train_set/train_set/voices/English/id046/01933.wav,16000,1,16,5.88
train,English,id046,train_set/train_set/voices/English/id046/04100.wav,16000,1,16,2.12
train,English,id046,train_set/train_set/voices/English/id046/06291.wav,16000,1,16,7.92
train,English,id046,train_set/train_set/voices/English/id046/04357.wav,16000,1,16,3.08
train,English,id046,train_set/train_set/voices/English/id046/00787.wav,16000,1,16,3.96
train,English,id046,train_set/train_set/voices/English/id046/02277.wav,16000,1,16,3.96
train,English,id046,train_set/train_set/voices/English/id046/05974.wav,16000,1,16,8.44
train,English,id046,train_set/train_set/voices/English/id046/05468.wav,16000,1,16,2.04
train,English,id046,train_set/train_set/voices/English/id046/01716.wav,16000,1,16,9.16
train,English,id046,train_set/train_set/voices/English/id046/04797.wav,16000,1,16,9.16
train,English,id046,train_set/train_set/voices/English/id046/04953.wav,16000,1,16,9.16
train,English,id006,train_set/train_set/voices/English/id006/00961.wav,16000,1,16,4.72
train,English,id006,train_set/train_set/voices/English/id006/02003.wav,16000,1,16,4.72
train,English,id042,train_set/train_set/voices/English/id042/01034.wav,16000,1,16,5.52
train,English,id042,train_set/train_set/voices/English/id042/06347.wav,16000,1,16,8.0
train,English,id042,train_set/train_set/voices/English/id042/01442.wav,16000,1,16,7.36
train,English,id042,train_set/train_set/voices/English/id042/02080.wav,16000,1,16,7.36
train,English,id042,train_set/train_set/voices/English/id042/03304.wav,16000,1,16,4.88
train,English,id042,train_set/train_set/voices/English/id042/03321.wav,16000,1,16,7.16
train,English,id042,train_set/train_set/voices/English/id042/01644.wav,16000,1,16,7.16
train,English,id042,train_set/train_set/voices/English/id042/02383.wav,16000,1,16,9.6
train,English,id042,train_set/train_set/voices/English/id042/04232.wav,16000,1,16,29.36
train,English,id042,train_set/train_set/voices/English/id042/06465.wav,16000,1,16,29.36
train,English,id042,train_set/train_set/voices/English/id042/02684.wav,16000,1,16,29.36
train,English,id042,train_set/train_set/voices/English/id042/04269.wav,16000,1,16,29.36
train,English,id042,train_set/train_set/voices/English/id042/02190.wav,16000,1,16,29.36
train,English,id042,train_set/train_set/voices/English/id042/03783.wav,16000,1,16,29.36
train,English,id042,train_set/train_set/voices/English/id042/04478.wav,16000,1,16,29.36
train,English,id042,train_set/train_set/voices/English/id042/01231.wav,16000,1,16,5.0
train,English,id042,train_set/train_set/voices/English/id042/03592.wav,16000,1,16,5.0
train,English,id028,train_set/train_set/voices/English/id028/01931.wav,16000,1,16,6.8
train,English,id028,train_set/train_set/voices/English/id028/03752.wav,16000,1,16,6.8
train,English,id028,train_set/train_set/voices/English/id028/05958.wav,16000,1,16,6.8
train,English,id028,train_set/train_set/voices/English/id028/06247.wav,16000,1,16,6.8
train,English,id028,train_set/train_set/voices/English/id028/00795.wav,16000,1,16,6.12
train,English,id028,train_set/train_set/voices/English/id028/04355.wav,16000,1,16,6.12
train,English,id028,train_set/train_set/voices/English/id028/01574.wav,16000,1,16,6.12
train,English,id028,train_set/train_set/voices/English/id028/01491.wav,16000,1,16,5.28
train,English,id028,train_set/train_set/voices/English/id028/05325.wav,16000,1,16,5.28
train,English,id028,train_set/train_set/voices/English/id028/01324.wav,16000,1,16,5.28
train,English,id028,train_set/train_set/voices/English/id028/00580.wav,16000,1,16,5.28
train,English,id028,train_set/train_set/voices/English/id028/03499.wav,16000,1,16,2.04
train,English,id028,train_set/train_set/voices/English/id028/01095.wav,16000,1,16,2.04
train,English,id028,train_set/train_set/voices/English/id028/06435.wav,16000,1,16,2.84
train,English,id028,train_set/train_set/voices/English/id028/00000.wav,16000,1,16,2.12
train,English,id028,train_set/train_set/voices/English/id028/00029.wav,16000,1,16,2.12
train,English,id028,train_set/train_set/voices/English/id028/01857.wav,16000,1,16,5.68
train,English,id028,train_set/train_set/voices/English/id028/05872.wav,16000,1,16,5.68
train,English,id028,train_set/train_set/voices/English/id028/01242.wav,16000,1,16,5.24
train,English,id028,train_set/train_set/voices/English/id028/03538.wav,16000,1,16,7.68
train,English,id028,train_set/train_set/voices/English/id028/05508.wav,16000,1,16,7.68
train,English,id028,train_set/train_set/voices/English/id028/06473.wav,16000,1,16,7.68
train,English,id028,train_set/train_set/voices/English/id028/05142.wav,16000,1,16,3.84
train,English,id028,train_set/train_set/voices/English/id028/05629.wav,16000,1,16,5.28
train,English,id028,train_set/train_set/voices/English/id028/00158.wav,16000,1,16,5.28
train,English,id028,train_set/train_set/voices/English/id028/03212.wav,16000,1,16,4.44
train,English,id028,train_set/train_set/voices/English/id028/01223.wav,16000,1,16,4.44
train,English,id028,train_set/train_set/voices/English/id028/00439.wav,16000,1,16,3.16
train,English,id028,train_set/train_set/voices/English/id028/05183.wav,16000,1,16,2.48
train,English,id028,train_set/train_set/voices/English/id028/06159.wav,16000,1,16,2.48
train,English,id028,train_set/train_set/voices/English/id028/01818.wav,16000,1,16,4.56
train,English,id028,train_set/train_set/voices/English/id028/04309.wav,16000,1,16,2.12
train,English,id028,train_set/train_set/voices/English/id028/03139.wav,16000,1,16,3.16
train,English,id028,train_set/train_set/voices/English/id028/04507.wav,16000,1,16,3.16
train,English,id028,train_set/train_set/voices/English/id028/05397.wav,16000,1,16,3.16
train,English,id028,train_set/train_set/voices/English/id028/02573.wav,16000,1,16,2.32
train,English,id028,train_set/train_set/voices/English/id028/01295.wav,16000,1,16,2.0
train,English,id028,train_set/train_set/voices/English/id028/00828.wav,16000,1,16,5.52
train,English,id028,train_set/train_set/voices/English/id028/04157.wav,16000,1,16,2.68
train,English,id028,train_set/train_set/voices/English/id028/05918.wav,16000,1,16,2.68
train,English,id028,train_set/train_set/voices/English/id028/01717.wav,16000,1,16,2.52
train,English,id028,train_set/train_set/voices/English/id028/01694.wav,16000,1,16,4.2
train,English,id028,train_set/train_set/voices/English/id028/05557.wav,16000,1,16,7.2
train,English,id028,train_set/train_set/voices/English/id028/01160.wav,16000,1,16,7.2
train,English,id028,train_set/train_set/voices/English/id028/05485.wav,16000,1,16,7.2
train,English,id028,train_set/train_set/voices/English/id028/02665.wav,16000,1,16,7.2
train,English,id028,train_set/train_set/voices/English/id028/03514.wav,16000,1,16,13.96
train,English,id028,train_set/train_set/voices/English/id028/04045.wav,16000,1,16,13.96
train,English,id028,train_set/train_set/voices/English/id028/02512.wav,16000,1,16,13.96
train,English,id028,train_set/train_set/voices/English/id028/02355.wav,16000,1,16,13.96
train,English,id028,train_set/train_set/voices/English/id028/05916.wav,16000,1,16,7.76
train,English,id028,train_set/train_set/voices/English/id028/00443.wav,16000,1,16,7.76
train,English,id028,train_set/train_set/voices/English/id028/03192.wav,16000,1,16,7.76
train,English,id028,train_set/train_set/voices/English/id028/01045.wav,16000,1,16,5.44
train,English,id028,train_set/train_set/voices/English/id028/00729.wav,16000,1,16,5.44
train,English,id028,train_set/train_set/voices/English/id028/01123.wav,16000,1,16,3.08
train,English,id028,train_set/train_set/voices/English/id028/01632.wav,16000,1,16,5.04
train,English,id028,train_set/train_set/voices/English/id028/00202.wav,16000,1,16,3.28
train,English,id028,train_set/train_set/voices/English/id028/02022.wav,16000,1,16,7.64
train,English,id028,train_set/train_set/voices/English/id028/06454.wav,16000,1,16,4.64
train,English,id028,train_set/train_set/voices/English/id028/01515.wav,16000,1,16,5.56
train,English,id028,train_set/train_set/voices/English/id028/01982.wav,16000,1,16,4.04
train,English,id028,train_set/train_set/voices/English/id028/01877.wav,16000,1,16,2.84
train,English,id028,train_set/train_set/voices/English/id028/05859.wav,16000,1,16,3.56
train,English,id028,train_set/train_set/voices/English/id028/00711.wav,16000,1,16,4.88
train,English,id028,train_set/train_set/voices/English/id028/00065.wav,16000,1,16,5.32
train,English,id028,train_set/train_set/voices/English/id028/03861.wav,16000,1,16,7.88
train,English,id028,train_set/train_set/voices/English/id028/02700.wav,16000,1,16,7.88
train,English,id028,train_set/train_set/voices/English/id028/04334.wav,16000,1,16,7.88
train,English,id028,train_set/train_set/voices/English/id028/01531.wav,16000,1,16,6.08
train,English,id028,train_set/train_set/voices/English/id028/00248.wav,16000,1,16,6.08
train,English,id028,train_set/train_set/voices/English/id028/00038.wav,16000,1,16,6.08
train,English,id028,train_set/train_set/voices/English/id028/03261.wav,16000,1,16,6.48
train,English,id028,train_set/train_set/voices/English/id028/02519.wav,16000,1,16,6.48
train,English,id028,train_set/train_set/voices/English/id028/02854.wav,16000,1,16,4.72
train,English,id028,train_set/train_set/voices/English/id028/01950.wav,16000,1,16,4.72
train,English,id028,train_set/train_set/voices/English/id028/05321.wav,16000,1,16,10.04
train,English,id028,train_set/train_set/voices/English/id028/00681.wav,16000,1,16,10.04
train,English,id028,train_set/train_set/voices/English/id028/02707.wav,16000,1,16,10.04
train,English,id028,train_set/train_set/voices/English/id028/00669.wav,16000,1,16,10.04
train,English,id028,train_set/train_set/voices/English/id028/05051.wav,16000,1,16,10.04
train,English,id028,train_set/train_set/voices/English/id028/03870.wav,16000,1,16,5.2
train,English,id028,train_set/train_set/voices/English/id028/01711.wav,16000,1,16,5.2
train,English,id028,train_set/train_set/voices/English/id028/05732.wav,16000,1,16,5.08
train,English,id028,train_set/train_set/voices/English/id028/02650.wav,16000,1,16,2.12
train,English,id028,train_set/train_set/voices/English/id028/04830.wav,16000,1,16,2.12
train,English,id028,train_set/train_set/voices/English/id028/03659.wav,16000,1,16,2.12
train,English,id028,train_set/train_set/voices/English/id028/03103.wav,16000,1,16,2.2
train,English,id028,train_set/train_set/voices/English/id028/04744.wav,16000,1,16,2.2
train,English,id028,train_set/train_set/voices/English/id028/05731.wav,16000,1,16,4.64
train,English,id028,train_set/train_set/voices/English/id028/02404.wav,16000,1,16,4.64
train,English,id028,train_set/train_set/voices/English/id028/01388.wav,16000,1,16,4.64
train,English,id028,train_set/train_set/voices/English/id028/00418.wav,16000,1,16,2.12
train,English,id028,train_set/train_set/voices/English/id028/04081.wav,16000,1,16,2.12
train,English,id028,train_set/train_set/voices/English/id028/05064.wav,16000,1,16,4.96
train,English,id028,train_set/train_set/voices/English/id028/02474.wav,16000,1,16,4.96
train,English,id028,train_set/train_set/voices/English/id028/00156.wav,16000,1,16,2.08
train,English,id028,train_set/train_set/voices/English/id028/05406.wav,16000,1,16,2.08
train,English,id028,train_set/train_set/voices/English/id028/04053.wav,16000,1,16,2.08
train,English,id028,train_set/train_set/voices/English/id028/04159.wav,16000,1,16,6.2
train,English,id028,train_set/train_set/voices/English/id028/02900.wav,16000,1,16,4.64
train,English,id028,train_set/train_set/voices/English/id028/02686.wav,16000,1,16,4.64
train,English,id028,train_set/train_set/voices/English/id028/00280.wav,16000,1,16,2.08
train,English,id028,train_set/train_set/voices/English/id028/00691.wav,16000,1,16,4.88
train,English,id028,train_set/train_set/voices/English/id028/01425.wav,16000,1,16,4.88
train,English,id028,train_set/train_set/voices/English/id028/02795.wav,16000,1,16,4.88
train,English,id028,train_set/train_set/voices/English/id028/06396.wav,16000,1,16,7.68
train,English,id028,train_set/train_set/voices/English/id028/02725.wav,16000,1,16,2.28
train,English,id028,train_set/train_set/voices/English/id028/01768.wav,16000,1,16,3.08
train,English,id028,train_set/train_set/voices/English/id028/05306.wav,16000,1,16,2.76
train,English,id028,train_set/train_set/voices/English/id028/00507.wav,16000,1,16,2.12
train,English,id028,train_set/train_set/voices/English/id028/04421.wav,16000,1,16,4.28
train,English,id028,train_set/train_set/voices/English/id028/06091.wav,16000,1,16,3.96
train,English,id028,train_set/train_set/voices/English/id028/03931.wav,16000,1,16,2.52
train,English,id028,train_set/train_set/voices/English/id028/00229.wav,16000,1,16,2.52
train,English,id028,train_set/train_set/voices/English/id028/00655.wav,16000,1,16,4.68
train,English,id028,train_set/train_set/voices/English/id028/00915.wav,16000,1,16,4.28
train,English,id028,train_set/train_set/voices/English/id028/02544.wav,16000,1,16,3.76
train,English,id028,train_set/train_set/voices/English/id028/05067.wav,16000,1,16,3.76
train,English,id028,train_set/train_set/voices/English/id028/00430.wav,16000,1,16,3.88
train,English,id028,train_set/train_set/voices/English/id028/03359.wav,16000,1,16,2.56
train,English,id028,train_set/train_set/voices/English/id028/05184.wav,16000,1,16,3.2
train,English,id028,train_set/train_set/voices/English/id028/00926.wav,16000,1,16,3.2
train,English,id028,train_set/train_set/voices/English/id028/02434.wav,16000,1,16,3.8
train,English,id028,train_set/train_set/voices/English/id028/05150.wav,16000,1,16,4.48
train,English,id028,train_set/train_set/voices/English/id028/04244.wav,16000,1,16,4.48
train,English,id028,train_set/train_set/voices/English/id028/00468.wav,16000,1,16,2.24
train,English,id028,train_set/train_set/voices/English/id028/01060.wav,16000,1,16,3.72
train,English,id028,train_set/train_set/voices/English/id028/02074.wav,16000,1,16,3.72
train,English,id028,train_set/train_set/voices/English/id028/06150.wav,16000,1,16,3.72
train,English,id028,train_set/train_set/voices/English/id028/00730.wav,16000,1,16,2.56
train,English,id028,train_set/train_set/voices/English/id028/05304.wav,16000,1,16,2.56
train,English,id057,train_set/train_set/voices/English/id057/02323.wav,16000,1,16,3.68
train,English,id057,train_set/train_set/voices/English/id057/03382.wav,16000,1,16,3.68
train,English,id057,train_set/train_set/voices/English/id057/04674.wav,16000,1,16,5.44
train,English,id057,train_set/train_set/voices/English/id057/04698.wav,16000,1,16,5.44
train,English,id057,train_set/train_set/voices/English/id057/03214.wav,16000,1,16,5.44
train,English,id057,train_set/train_set/voices/English/id057/03529.wav,16000,1,16,3.0
train,English,id057,train_set/train_set/voices/English/id057/02846.wav,16000,1,16,3.0
train,English,id057,train_set/train_set/voices/English/id057/00928.wav,16000,1,16,4.44
train,English,id057,train_set/train_set/voices/English/id057/03112.wav,16000,1,16,2.16
train,English,id057,train_set/train_set/voices/English/id057/06157.wav,16000,1,16,5.84
train,English,id057,train_set/train_set/voices/English/id057/01843.wav,16000,1,16,5.84
train,English,id057,train_set/train_set/voices/English/id057/01967.wav,16000,1,16,5.84
train,English,id057,train_set/train_set/voices/English/id057/01753.wav,16000,1,16,5.84
train,English,id057,train_set/train_set/voices/English/id057/02938.wav,16000,1,16,13.32
train,English,id057,train_set/train_set/voices/English/id057/03511.wav,16000,1,16,13.32
train,English,id057,train_set/train_set/voices/English/id057/00351.wav,16000,1,16,13.32
train,English,id057,train_set/train_set/voices/English/id057/01417.wav,16000,1,16,13.32
train,English,id057,train_set/train_set/voices/English/id057/03641.wav,16000,1,16,2.04
train,English,id057,train_set/train_set/voices/English/id057/05253.wav,16000,1,16,2.04
train,English,id057,train_set/train_set/voices/English/id057/02999.wav,16000,1,16,6.36
train,English,id057,train_set/train_set/voices/English/id057/06362.wav,16000,1,16,4.16
train,English,id057,train_set/train_set/voices/English/id057/05927.wav,16000,1,16,4.16
train,English,id057,train_set/train_set/voices/English/id057/03173.wav,16000,1,16,4.16
train,English,id057,train_set/train_set/voices/English/id057/00930.wav,16000,1,16,3.0
train,English,id057,train_set/train_set/voices/English/id057/01350.wav,16000,1,16,3.0
train,English,id057,train_set/train_set/voices/English/id057/03505.wav,16000,1,16,2.56
train,English,id057,train_set/train_set/voices/English/id057/02348.wav,16000,1,16,2.56
train,English,id057,train_set/train_set/voices/English/id057/02336.wav,16000,1,16,4.36
train,English,id057,train_set/train_set/voices/English/id057/06141.wav,16000,1,16,5.24
train,English,id057,train_set/train_set/voices/English/id057/01249.wav,16000,1,16,3.48
train,English,id057,train_set/train_set/voices/English/id057/05134.wav,16000,1,16,3.48
train,English,id057,train_set/train_set/voices/English/id057/02222.wav,16000,1,16,3.48
train,English,id057,train_set/train_set/voices/English/id057/03850.wav,16000,1,16,3.48
train,English,id057,train_set/train_set/voices/English/id057/00061.wav,16000,1,16,3.48
train,English,id057,train_set/train_set/voices/English/id057/05337.wav,16000,1,16,5.16
train,English,id057,train_set/train_set/voices/English/id057/03991.wav,16000,1,16,5.12
train,English,id057,train_set/train_set/voices/English/id057/00021.wav,16000,1,16,5.12
train,English,id057,train_set/train_set/voices/English/id057/03160.wav,16000,1,16,5.12
train,English,id057,train_set/train_set/voices/English/id057/00151.wav,16000,1,16,5.64
train,English,id057,train_set/train_set/voices/English/id057/01218.wav,16000,1,16,3.16
train,English,id057,train_set/train_set/voices/English/id057/01501.wav,16000,1,16,3.16
train,English,id057,train_set/train_set/voices/English/id057/04429.wav,16000,1,16,4.52
train,English,id057,train_set/train_set/voices/English/id057/01714.wav,16000,1,16,4.52
train,English,id057,train_set/train_set/voices/English/id057/04223.wav,16000,1,16,7.24
train,English,id057,train_set/train_set/voices/English/id057/02152.wav,16000,1,16,7.24
train,English,id057,train_set/train_set/voices/English/id057/01824.wav,16000,1,16,7.24
train,English,id057,train_set/train_set/voices/English/id057/05205.wav,16000,1,16,2.12
train,English,id057,train_set/train_set/voices/English/id057/01200.wav,16000,1,16,8.52
train,English,id057,train_set/train_set/voices/English/id057/01973.wav,16000,1,16,8.52
train,English,id057,train_set/train_set/voices/English/id057/02139.wav,16000,1,16,8.52
train,English,id057,train_set/train_set/voices/English/id057/03287.wav,16000,1,16,8.52
train,English,id057,train_set/train_set/voices/English/id057/01441.wav,16000,1,16,2.04
train,English,id057,train_set/train_set/voices/English/id057/00257.wav,16000,1,16,2.08
train,English,id057,train_set/train_set/voices/English/id057/06184.wav,16000,1,16,4.2
train,English,id057,train_set/train_set/voices/English/id057/05179.wav,16000,1,16,2.0
train,English,id057,train_set/train_set/voices/English/id057/02400.wav,16000,1,16,2.0
train,English,id057,train_set/train_set/voices/English/id057/01252.wav,16000,1,16,2.0
train,English,id057,train_set/train_set/voices/English/id057/00756.wav,16000,1,16,5.16
train,English,id057,train_set/train_set/voices/English/id057/02254.wav,16000,1,16,5.16
train,English,id057,train_set/train_set/voices/English/id057/01069.wav,16000,1,16,3.12
train,English,id057,train_set/train_set/voices/English/id057/00870.wav,16000,1,16,5.8
train,English,id057,train_set/train_set/voices/English/id057/02803.wav,16000,1,16,5.8
train,English,id057,train_set/train_set/voices/English/id057/02126.wav,16000,1,16,5.8
train,English,id057,train_set/train_set/voices/English/id057/02731.wav,16000,1,16,5.8
train,English,id057,train_set/train_set/voices/English/id057/05345.wav,16000,1,16,3.48
train,English,id057,train_set/train_set/voices/English/id057/06356.wav,16000,1,16,3.48
train,English,id057,train_set/train_set/voices/English/id057/06146.wav,16000,1,16,4.84
train,English,id057,train_set/train_set/voices/English/id057/01930.wav,16000,1,16,4.84
train,English,id057,train_set/train_set/voices/English/id057/04164.wav,16000,1,16,3.6
train,English,id057,train_set/train_set/voices/English/id057/03568.wav,16000,1,16,4.64
train,English,id057,train_set/train_set/voices/English/id057/05459.wav,16000,1,16,7.32
train,English,id057,train_set/train_set/voices/English/id057/05729.wav,16000,1,16,7.32
train,English,id057,train_set/train_set/voices/English/id057/00001.wav,16000,1,16,4.64
train,English,id057,train_set/train_set/voices/English/id057/04836.wav,16000,1,16,4.64
train,English,id057,train_set/train_set/voices/English/id057/05412.wav,16000,1,16,4.64
train,English,id057,train_set/train_set/voices/English/id057/04745.wav,16000,1,16,2.0
train,English,id057,train_set/train_set/voices/English/id057/04510.wav,16000,1,16,2.0
train,English,id057,train_set/train_set/voices/English/id057/04603.wav,16000,1,16,2.08
train,English,id057,train_set/train_set/voices/English/id057/03808.wav,16000,1,16,2.16
train,English,id057,train_set/train_set/voices/English/id057/05507.wav,16000,1,16,4.16
train,English,id057,train_set/train_set/voices/English/id057/01475.wav,16000,1,16,4.16
train,English,id057,train_set/train_set/voices/English/id057/01980.wav,16000,1,16,4.16
train,English,id057,train_set/train_set/voices/English/id057/00120.wav,16000,1,16,4.08
train,English,id057,train_set/train_set/voices/English/id057/03793.wav,16000,1,16,3.76
train,English,id057,train_set/train_set/voices/English/id057/00782.wav,16000,1,16,2.0
train,English,id057,train_set/train_set/voices/English/id057/05399.wav,16000,1,16,2.2
train,English,id057,train_set/train_set/voices/English/id057/05574.wav,16000,1,16,3.08
train,English,id057,train_set/train_set/voices/English/id057/05420.wav,16000,1,16,3.08
train,English,id057,train_set/train_set/voices/English/id057/03907.wav,16000,1,16,2.36
train,English,id057,train_set/train_set/voices/English/id057/04095.wav,16000,1,16,2.36
train,English,id057,train_set/train_set/voices/English/id057/01400.wav,16000,1,16,2.0
train,English,id057,train_set/train_set/voices/English/id057/02997.wav,16000,1,16,2.0
train,English,id057,train_set/train_set/voices/English/id057/00383.wav,16000,1,16,3.2
train,English,id057,train_set/train_set/voices/English/id057/02716.wav,16000,1,16,6.76
train,English,id057,train_set/train_set/voices/English/id057/06228.wav,16000,1,16,2.92
train,English,id057,train_set/train_set/voices/English/id057/04678.wav,16000,1,16,2.64
train,English,id057,train_set/train_set/voices/English/id057/02466.wav,16000,1,16,2.2
train,English,id057,train_set/train_set/voices/English/id057/06164.wav,16000,1,16,2.2
train,English,id057,train_set/train_set/voices/English/id057/01906.wav,16000,1,16,3.4
train,English,id057,train_set/train_set/voices/English/id057/00134.wav,16000,1,16,3.4
train,English,id057,train_set/train_set/voices/English/id057/05481.wav,16000,1,16,2.04
train,English,id057,train_set/train_set/voices/English/id057/01185.wav,16000,1,16,3.24
train,English,id065,train_set/train_set/voices/English/id065/00526.wav,16000,1,16,12.16
train,English,id065,train_set/train_set/voices/English/id065/00559.wav,16000,1,16,33.88
train,English,id065,train_set/train_set/voices/English/id065/06388.wav,16000,1,16,33.88
train,English,id065,train_set/train_set/voices/English/id065/04693.wav,16000,1,16,33.88
train,English,id065,train_set/train_set/voices/English/id065/00757.wav,16000,1,16,33.88
train,English,id065,train_set/train_set/voices/English/id065/02162.wav,16000,1,16,33.88
train,English,id065,train_set/train_set/voices/English/id065/06274.wav,16000,1,16,33.88
train,English,id065,train_set/train_set/voices/English/id065/00825.wav,16000,1,16,33.88
train,English,id065,train_set/train_set/voices/English/id065/06372.wav,16000,1,16,33.88
train,English,id065,train_set/train_set/voices/English/id065/04549.wav,16000,1,16,33.88
train,English,id065,train_set/train_set/voices/English/id065/05816.wav,16000,1,16,16.24
train,English,id065,train_set/train_set/voices/English/id065/05738.wav,16000,1,16,16.24
train,English,id065,train_set/train_set/voices/English/id065/05088.wav,16000,1,16,10.2
train,English,id065,train_set/train_set/voices/English/id065/03426.wav,16000,1,16,7.76
train,English,id065,train_set/train_set/voices/English/id065/03760.wav,16000,1,16,2.4
train,English,id065,train_set/train_set/voices/English/id065/04196.wav,16000,1,16,18.4
train,English,id065,train_set/train_set/voices/English/id065/04948.wav,16000,1,16,18.4
train,English,id065,train_set/train_set/voices/English/id065/03900.wav,16000,1,16,18.4
train,English,id065,train_set/train_set/voices/English/id065/02262.wav,16000,1,16,18.08
train,English,id065,train_set/train_set/voices/English/id065/04398.wav,16000,1,16,18.08
train,English,id065,train_set/train_set/voices/English/id065/00018.wav,16000,1,16,6.24
train,English,id065,train_set/train_set/voices/English/id065/05050.wav,16000,1,16,13.04
train,English,id065,train_set/train_set/voices/English/id065/00505.wav,16000,1,16,18.04
train,English,id065,train_set/train_set/voices/English/id065/00553.wav,16000,1,16,18.04
train,English,id065,train_set/train_set/voices/English/id065/00783.wav,16000,1,16,6.8
train,English,id065,train_set/train_set/voices/English/id065/04750.wav,16000,1,16,5.92
train,English,id065,train_set/train_set/voices/English/id065/04283.wav,16000,1,16,5.92
train,English,id065,train_set/train_set/voices/English/id065/00423.wav,16000,1,16,5.92
train,English,id065,train_set/train_set/voices/English/id065/05899.wav,16000,1,16,3.32
train,English,id065,train_set/train_set/voices/English/id065/03886.wav,16000,1,16,8.0
train,English,id065,train_set/train_set/voices/English/id065/05435.wav,16000,1,16,9.52
train,English,id065,train_set/train_set/voices/English/id065/05349.wav,16000,1,16,8.24
train,English,id065,train_set/train_set/voices/English/id065/04305.wav,16000,1,16,8.24
train,English,id065,train_set/train_set/voices/English/id065/03246.wav,16000,1,16,5.04
train,English,id065,train_set/train_set/voices/English/id065/02163.wav,16000,1,16,5.88
train,English,id065,train_set/train_set/voices/English/id065/00218.wav,16000,1,16,8.52
train,English,id065,train_set/train_set/voices/English/id065/03837.wav,16000,1,16,8.52
train,English,id065,train_set/train_set/voices/English/id065/06095.wav,16000,1,16,2.56
train,English,id065,train_set/train_set/voices/English/id065/01785.wav,16000,1,16,9.2
train,English,id065,train_set/train_set/voices/English/id065/02508.wav,16000,1,16,9.2
train,English,id065,train_set/train_set/voices/English/id065/00390.wav,16000,1,16,10.64
train,English,id065,train_set/train_set/voices/English/id065/03685.wav,16000,1,16,10.64
train,English,id065,train_set/train_set/voices/English/id065/06284.wav,16000,1,16,10.64
train,English,id065,train_set/train_set/voices/English/id065/05470.wav,16000,1,16,2.0
train,English,id065,train_set/train_set/voices/English/id065/05103.wav,16000,1,16,2.0
train,English,id065,train_set/train_set/voices/English/id065/00731.wav,16000,1,16,6.2
train,English,id065,train_set/train_set/voices/English/id065/03843.wav,16000,1,16,2.52
train,English,id065,train_set/train_set/voices/English/id065/01514.wav,16000,1,16,6.12
train,English,id065,train_set/train_set/voices/English/id065/05884.wav,16000,1,16,6.52
train,English,id065,train_set/train_set/voices/English/id065/00058.wav,16000,1,16,3.56
train,English,id065,train_set/train_set/voices/English/id065/03011.wav,16000,1,16,3.56
train,English,id065,train_set/train_set/voices/English/id065/00509.wav,16000,1,16,6.84
train,English,id065,train_set/train_set/voices/English/id065/01555.wav,16000,1,16,2.16
train,English,id065,train_set/train_set/voices/English/id065/04205.wav,16000,1,16,3.28
train,English,id065,train_set/train_set/voices/English/id065/00935.wav,16000,1,16,3.16
train,English,id065,train_set/train_set/voices/English/id065/01568.wav,16000,1,16,2.8
train,English,id065,train_set/train_set/voices/English/id065/01406.wav,16000,1,16,10.0
train,English,id065,train_set/train_set/voices/English/id065/02225.wav,16000,1,16,4.8
train,English,id065,train_set/train_set/voices/English/id065/00350.wav,16000,1,16,4.8
train,English,id065,train_set/train_set/voices/English/id065/05207.wav,16000,1,16,4.0
train,English,id065,train_set/train_set/voices/English/id065/02275.wav,16000,1,16,25.64
train,English,id065,train_set/train_set/voices/English/id065/00307.wav,16000,1,16,25.64
train,English,id065,train_set/train_set/voices/English/id065/04313.wav,16000,1,16,15.04
train,English,id065,train_set/train_set/voices/English/id065/04885.wav,16000,1,16,15.04
train,English,id065,train_set/train_set/voices/English/id065/00571.wav,16000,1,16,15.04
train,English,id065,train_set/train_set/voices/English/id065/02881.wav,16000,1,16,15.04
train,English,id065,train_set/train_set/voices/English/id065/00436.wav,16000,1,16,15.04
train,English,id065,train_set/train_set/voices/English/id065/05773.wav,16000,1,16,15.04
train,English,id065,train_set/train_set/voices/English/id065/05662.wav,16000,1,16,15.04
train,English,id065,train_set/train_set/voices/English/id065/03831.wav,16000,1,16,15.04
train,English,id065,train_set/train_set/voices/English/id065/06298.wav,16000,1,16,7.72
train,English,id065,train_set/train_set/voices/English/id065/06455.wav,16000,1,16,7.72
train,English,id065,train_set/train_set/voices/English/id065/00864.wav,16000,1,16,10.28
train,English,id065,train_set/train_set/voices/English/id065/02206.wav,16000,1,16,10.28
train,English,id065,train_set/train_set/voices/English/id065/00991.wav,16000,1,16,35.2
train,English,id065,train_set/train_set/voices/English/id065/00659.wav,16000,1,16,35.2
train,English,id065,train_set/train_set/voices/English/id065/04037.wav,16000,1,16,9.08
train,English,id065,train_set/train_set/voices/English/id065/05396.wav,16000,1,16,9.08
train,English,id065,train_set/train_set/voices/English/id065/02648.wav,16000,1,16,9.96
train,English,id065,train_set/train_set/voices/English/id065/01019.wav,16000,1,16,17.04
train,English,id065,train_set/train_set/voices/English/id065/04298.wav,16000,1,16,17.04
train,English,id065,train_set/train_set/voices/English/id065/03498.wav,16000,1,16,7.0
train,English,id065,train_set/train_set/voices/English/id065/04650.wav,16000,1,16,7.0
train,English,id065,train_set/train_set/voices/English/id065/06266.wav,16000,1,16,7.0
train,English,id065,train_set/train_set/voices/English/id065/04144.wav,16000,1,16,10.36
train,English,id065,train_set/train_set/voices/English/id065/01389.wav,16000,1,16,10.36
train,English,id065,train_set/train_set/voices/English/id065/04536.wav,16000,1,16,6.04
train,English,id065,train_set/train_set/voices/English/id065/04499.wav,16000,1,16,11.52
train,English,id065,train_set/train_set/voices/English/id065/01127.wav,16000,1,16,11.52
train,English,id065,train_set/train_set/voices/English/id065/04415.wav,16000,1,16,10.6
train,English,id065,train_set/train_set/voices/English/id065/05232.wav,16000,1,16,17.96
train,English,id065,train_set/train_set/voices/English/id065/05866.wav,16000,1,16,5.24
train,English,id065,train_set/train_set/voices/English/id065/03332.wav,16000,1,16,6.0
train,English,id065,train_set/train_set/voices/English/id065/03392.wav,16000,1,16,6.0
train,English,id065,train_set/train_set/voices/English/id065/04643.wav,16000,1,16,18.32
train,English,id065,train_set/train_set/voices/English/id065/02976.wav,16000,1,16,18.32
train,English,id065,train_set/train_set/voices/English/id065/00002.wav,16000,1,16,18.32
train,English,id065,train_set/train_set/voices/English/id065/02727.wav,16000,1,16,18.32
train,English,id065,train_set/train_set/voices/English/id065/01905.wav,16000,1,16,18.32
train,English,id065,train_set/train_set/voices/English/id065/00648.wav,16000,1,16,20.28
train,English,id065,train_set/train_set/voices/English/id065/01725.wav,16000,1,16,20.28
train,English,id065,train_set/train_set/voices/English/id065/06081.wav,16000,1,16,7.48
train,English,id065,train_set/train_set/voices/English/id065/04330.wav,16000,1,16,4.88
train,English,id065,train_set/train_set/voices/English/id065/05284.wav,16000,1,16,4.88
train,English,id065,train_set/train_set/voices/English/id065/05619.wav,16000,1,16,4.44
train,English,id065,train_set/train_set/voices/English/id065/06469.wav,16000,1,16,21.32
train,English,id065,train_set/train_set/voices/English/id065/01423.wav,16000,1,16,21.32
train,English,id065,train_set/train_set/voices/English/id065/02805.wav,16000,1,16,8.4
train,English,id065,train_set/train_set/voices/English/id065/03433.wav,16000,1,16,8.52
train,English,id065,train_set/train_set/voices/English/id065/03485.wav,16000,1,16,10.44
train,English,id065,train_set/train_set/voices/English/id065/01653.wav,16000,1,16,10.44
train,English,id065,train_set/train_set/voices/English/id065/00587.wav,16000,1,16,5.72
train,English,id065,train_set/train_set/voices/English/id065/01986.wav,16000,1,16,5.72
train,English,id065,train_set/train_set/voices/English/id065/01009.wav,16000,1,16,7.4
train,English,id065,train_set/train_set/voices/English/id065/05279.wav,16000,1,16,4.04
train,English,id053,train_set/train_set/voices/English/id053/02622.wav,16000,1,16,4.44
train,English,id053,train_set/train_set/voices/English/id053/01575.wav,16000,1,16,4.44
train,English,id053,train_set/train_set/voices/English/id053/05471.wav,16000,1,16,4.44
train,English,id053,train_set/train_set/voices/English/id053/01338.wav,16000,1,16,14.88
train,English,id053,train_set/train_set/voices/English/id053/05221.wav,16000,1,16,14.88
train,English,id053,train_set/train_set/voices/English/id053/02823.wav,16000,1,16,14.88
train,English,id053,train_set/train_set/voices/English/id053/02500.wav,16000,1,16,14.88
train,English,id053,train_set/train_set/voices/English/id053/00671.wav,16000,1,16,14.88
train,English,id053,train_set/train_set/voices/English/id053/03553.wav,16000,1,16,14.88
train,English,id053,train_set/train_set/voices/English/id053/00759.wav,16000,1,16,11.16
train,English,id053,train_set/train_set/voices/English/id053/03606.wav,16000,1,16,11.16
train,English,id053,train_set/train_set/voices/English/id053/01072.wav,16000,1,16,11.16
train,English,id053,train_set/train_set/voices/English/id053/00678.wav,16000,1,16,11.16
train,English,id053,train_set/train_set/voices/English/id053/06375.wav,16000,1,16,11.16
train,English,id053,train_set/train_set/voices/English/id053/04041.wav,16000,1,16,11.16
train,English,id053,train_set/train_set/voices/English/id053/01646.wav,16000,1,16,18.76
train,English,id053,train_set/train_set/voices/English/id053/03925.wav,16000,1,16,18.76
train,English,id053,train_set/train_set/voices/English/id053/06438.wav,16000,1,16,18.76
train,English,id053,train_set/train_set/voices/English/id053/05688.wav,16000,1,16,18.76
train,English,id053,train_set/train_set/voices/English/id053/06272.wav,16000,1,16,18.76
train,English,id053,train_set/train_set/voices/English/id053/04209.wav,16000,1,16,18.76
train,English,id053,train_set/train_set/voices/English/id053/00137.wav,16000,1,16,18.76
train,English,id053,train_set/train_set/voices/English/id053/04374.wav,16000,1,16,18.76
train,English,id053,train_set/train_set/voices/English/id053/00470.wav,16000,1,16,18.76
train,English,id053,train_set/train_set/voices/English/id053/00297.wav,16000,1,16,18.76
train,English,id053,train_set/train_set/voices/English/id053/00649.wav,16000,1,16,18.76
train,English,id053,train_set/train_set/voices/English/id053/03254.wav,16000,1,16,18.76
train,English,id053,train_set/train_set/voices/English/id053/00957.wav,16000,1,16,18.76
train,English,id053,train_set/train_set/voices/English/id053/06079.wav,16000,1,16,18.76
train,English,id053,train_set/train_set/voices/English/id053/04206.wav,16000,1,16,18.76
train,English,id053,train_set/train_set/voices/English/id053/05593.wav,16000,1,16,18.76
train,English,id053,train_set/train_set/voices/English/id053/02591.wav,16000,1,16,18.76
train,English,id053,train_set/train_set/voices/English/id053/00727.wav,16000,1,16,18.76
train,English,id053,train_set/train_set/voices/English/id053/03375.wav,16000,1,16,14.36
train,English,id053,train_set/train_set/voices/English/id053/06071.wav,16000,1,16,14.36
train,English,id053,train_set/train_set/voices/English/id053/06461.wav,16000,1,16,14.36
train,English,id053,train_set/train_set/voices/English/id053/00663.wav,16000,1,16,14.36
train,English,id053,train_set/train_set/voices/English/id053/00349.wav,16000,1,16,14.36
train,English,id053,train_set/train_set/voices/English/id053/01807.wav,16000,1,16,2.08
train,English,id053,train_set/train_set/voices/English/id053/03146.wav,16000,1,16,2.76
train,English,id053,train_set/train_set/voices/English/id053/04981.wav,16000,1,16,4.36
train,English,id053,train_set/train_set/voices/English/id053/02802.wav,16000,1,16,4.36
train,English,id053,train_set/train_set/voices/English/id053/02496.wav,16000,1,16,4.36
train,English,id053,train_set/train_set/voices/English/id053/02110.wav,16000,1,16,4.36
train,English,id053,train_set/train_set/voices/English/id053/03643.wav,16000,1,16,4.36
train,English,id053,train_set/train_set/voices/English/id053/02160.wav,16000,1,16,9.08
train,English,id053,train_set/train_set/voices/English/id053/00039.wav,16000,1,16,9.08
train,English,id053,train_set/train_set/voices/English/id053/03872.wav,16000,1,16,9.08
train,English,id053,train_set/train_set/voices/English/id053/01437.wav,16000,1,16,9.08
train,English,id053,train_set/train_set/voices/English/id053/02659.wav,16000,1,16,9.08
train,English,id053,train_set/train_set/voices/English/id053/05458.wav,16000,1,16,9.08
train,English,id053,train_set/train_set/voices/English/id053/04563.wav,16000,1,16,9.08
train,English,id053,train_set/train_set/voices/English/id053/06462.wav,16000,1,16,9.08
train,English,id053,train_set/train_set/voices/English/id053/00347.wav,16000,1,16,9.08
train,English,id053,train_set/train_set/voices/English/id053/05977.wav,16000,1,16,9.08
train,English,id053,train_set/train_set/voices/English/id053/01285.wav,16000,1,16,9.08
train,English,id053,train_set/train_set/voices/English/id053/04131.wav,16000,1,16,6.76
train,English,id053,train_set/train_set/voices/English/id053/02341.wav,16000,1,16,6.76
train,English,id053,train_set/train_set/voices/English/id053/04509.wav,16000,1,16,6.76
train,English,id053,train_set/train_set/voices/English/id053/05753.wav,16000,1,16,6.76
train,English,id053,train_set/train_set/voices/English/id053/04491.wav,16000,1,16,6.0
train,English,id053,train_set/train_set/voices/English/id053/01165.wav,16000,1,16,6.0
train,English,id053,train_set/train_set/voices/English/id053/06052.wav,16000,1,16,6.0
train,English,id053,train_set/train_set/voices/English/id053/05246.wav,16000,1,16,6.0
train,English,id053,train_set/train_set/voices/English/id053/04867.wav,16000,1,16,6.0
train,English,id053,train_set/train_set/voices/English/id053/00419.wav,16000,1,16,6.0
train,English,id053,train_set/train_set/voices/English/id053/02242.wav,16000,1,16,19.92
train,English,id053,train_set/train_set/voices/English/id053/01987.wav,16000,1,16,19.92
train,English,id053,train_set/train_set/voices/English/id053/01499.wav,16000,1,16,19.92
train,English,id053,train_set/train_set/voices/English/id053/03691.wav,16000,1,16,19.92
train,English,id053,train_set/train_set/voices/English/id053/05554.wav,16000,1,16,19.92
train,English,id053,train_set/train_set/voices/English/id053/06240.wav,16000,1,16,19.92
train,English,id053,train_set/train_set/voices/English/id053/03093.wav,16000,1,16,19.92
train,English,id053,train_set/train_set/voices/English/id053/00917.wav,16000,1,16,19.92
train,English,id053,train_set/train_set/voices/English/id053/03306.wav,16000,1,16,19.92
train,English,id053,train_set/train_set/voices/English/id053/04791.wav,16000,1,16,19.92
train,English,id053,train_set/train_set/voices/English/id053/05513.wav,16000,1,16,19.92
train,English,id053,train_set/train_set/voices/English/id053/01335.wav,16000,1,16,7.48
train,English,id053,train_set/train_set/voices/English/id053/05075.wav,16000,1,16,7.48
train,English,id053,train_set/train_set/voices/English/id053/04180.wav,16000,1,16,7.48
train,English,id053,train_set/train_set/voices/English/id053/00878.wav,16000,1,16,2.96
train,English,id053,train_set/train_set/voices/English/id053/00945.wav,16000,1,16,2.96
train,English,id053,train_set/train_set/voices/English/id053/02971.wav,16000,1,16,5.52
train,English,id053,train_set/train_set/voices/English/id053/04438.wav,16000,1,16,5.52
train,English,id053,train_set/train_set/voices/English/id053/03836.wav,16000,1,16,5.52
train,English,id053,train_set/train_set/voices/English/id053/02018.wav,16000,1,16,3.68
train,English,id053,train_set/train_set/voices/English/id053/04653.wav,16000,1,16,3.68
train,English,id053,train_set/train_set/voices/English/id053/05095.wav,16000,1,16,3.68
train,English,id053,train_set/train_set/voices/English/id053/05224.wav,16000,1,16,5.44
train,English,id053,train_set/train_set/voices/English/id053/01293.wav,16000,1,16,5.44
train,English,id053,train_set/train_set/voices/English/id053/03699.wav,16000,1,16,5.44
train,English,id053,train_set/train_set/voices/English/id053/01718.wav,16000,1,16,5.44
train,English,id053,train_set/train_set/voices/English/id053/05479.wav,16000,1,16,2.24
train,English,id053,train_set/train_set/voices/English/id053/01726.wav,16000,1,16,4.8
train,English,id053,train_set/train_set/voices/English/id053/05097.wav,16000,1,16,4.8
train,English,id053,train_set/train_set/voices/English/id053/06187.wav,16000,1,16,4.8
train,English,id053,train_set/train_set/voices/English/id053/02444.wav,16000,1,16,4.8
train,English,id053,train_set/train_set/voices/English/id053/03833.wav,16000,1,16,4.8
train,English,id053,train_set/train_set/voices/English/id053/00364.wav,16000,1,16,4.8
train,English,id053,train_set/train_set/voices/English/id053/01470.wav,16000,1,16,4.8
train,English,id053,train_set/train_set/voices/English/id053/05037.wav,16000,1,16,4.8
train,English,id053,train_set/train_set/voices/English/id053/02227.wav,16000,1,16,2.16
train,English,id053,train_set/train_set/voices/English/id053/03979.wav,16000,1,16,12.4
train,English,id053,train_set/train_set/voices/English/id053/03338.wav,16000,1,16,12.4
train,English,id053,train_set/train_set/voices/English/id053/03230.wav,16000,1,16,12.4
train,English,id053,train_set/train_set/voices/English/id053/04519.wav,16000,1,16,12.4
train,English,id053,train_set/train_set/voices/English/id053/01557.wav,16000,1,16,12.4
train,English,id053,train_set/train_set/voices/English/id053/01121.wav,16000,1,16,12.4
train,English,id053,train_set/train_set/voices/English/id053/02950.wav,16000,1,16,12.4
train,English,id053,train_set/train_set/voices/English/id053/02307.wav,16000,1,16,12.4
train,English,id053,train_set/train_set/voices/English/id053/03076.wav,16000,1,16,12.4
train,English,id053,train_set/train_set/voices/English/id053/04853.wav,16000,1,16,12.4
train,English,id053,train_set/train_set/voices/English/id053/01206.wav,16000,1,16,12.4
train,English,id053,train_set/train_set/voices/English/id053/00153.wav,16000,1,16,12.4
train,English,id053,train_set/train_set/voices/English/id053/05448.wav,16000,1,16,12.4
train,English,id053,train_set/train_set/voices/English/id053/04583.wav,16000,1,16,3.6
train,English,id053,train_set/train_set/voices/English/id053/01163.wav,16000,1,16,3.6
train,English,id053,train_set/train_set/voices/English/id053/02285.wav,16000,1,16,3.6
train,English,id053,train_set/train_set/voices/English/id053/03936.wav,16000,1,16,4.4
train,English,id053,train_set/train_set/voices/English/id053/03294.wav,16000,1,16,11.36
train,English,id053,train_set/train_set/voices/English/id053/01282.wav,16000,1,16,11.36
train,English,id053,train_set/train_set/voices/English/id053/01507.wav,16000,1,16,11.36
train,English,id053,train_set/train_set/voices/English/id053/02645.wav,16000,1,16,11.36
train,English,id053,train_set/train_set/voices/English/id053/06087.wav,16000,1,16,11.36
train,English,id053,train_set/train_set/voices/English/id053/00017.wav,16000,1,16,11.36
train,English,id053,train_set/train_set/voices/English/id053/03627.wav,16000,1,16,11.36
train,English,id053,train_set/train_set/voices/English/id053/02824.wav,16000,1,16,11.36
train,English,id053,train_set/train_set/voices/English/id053/01551.wav,16000,1,16,11.36
train,English,id053,train_set/train_set/voices/English/id053/04671.wav,16000,1,16,11.36
train,English,id053,train_set/train_set/voices/English/id053/00411.wav,16000,1,16,3.48
train,English,id053,train_set/train_set/voices/English/id053/00433.wav,16000,1,16,3.48
train,English,id053,train_set/train_set/voices/English/id053/02794.wav,16000,1,16,9.8
train,English,id053,train_set/train_set/voices/English/id053/00003.wav,16000,1,16,9.8
train,English,id053,train_set/train_set/voices/English/id053/02128.wav,16000,1,16,9.8
train,English,id053,train_set/train_set/voices/English/id053/01898.wav,16000,1,16,9.8
train,English,id053,train_set/train_set/voices/English/id053/02890.wav,16000,1,16,9.8
train,English,id053,train_set/train_set/voices/English/id053/00428.wav,16000,1,16,9.8
train,English,id053,train_set/train_set/voices/English/id053/02258.wav,16000,1,16,9.8
train,English,id053,train_set/train_set/voices/English/id053/04122.wav,16000,1,16,7.0
train,English,id053,train_set/train_set/voices/English/id053/00755.wav,16000,1,16,7.0
train,English,id053,train_set/train_set/voices/English/id053/01304.wav,16000,1,16,7.0
train,English,id053,train_set/train_set/voices/English/id053/03977.wav,16000,1,16,7.0
train,English,id053,train_set/train_set/voices/English/id053/06431.wav,16000,1,16,7.0
train,English,id053,train_set/train_set/voices/English/id053/00183.wav,16000,1,16,7.0
train,English,id053,train_set/train_set/voices/English/id053/01237.wav,16000,1,16,7.0
train,English,id053,train_set/train_set/voices/English/id053/05077.wav,16000,1,16,7.0
train,English,id053,train_set/train_set/voices/English/id053/04878.wav,16000,1,16,7.36
train,English,id053,train_set/train_set/voices/English/id053/04684.wav,16000,1,16,7.36
train,English,id053,train_set/train_set/voices/English/id053/01368.wav,16000,1,16,7.36
train,English,id053,train_set/train_set/voices/English/id053/02384.wav,16000,1,16,7.36
train,English,id053,train_set/train_set/voices/English/id053/02360.wav,16000,1,16,3.2
train,English,id053,train_set/train_set/voices/English/id053/03629.wav,16000,1,16,3.2
train,English,id053,train_set/train_set/voices/English/id053/03940.wav,16000,1,16,3.44
train,English,id053,train_set/train_set/voices/English/id053/06265.wav,16000,1,16,2.16
train,English,id053,train_set/train_set/voices/English/id053/03661.wav,16000,1,16,2.76
train,English,id053,train_set/train_set/voices/English/id053/03613.wav,16000,1,16,2.76
train,English,id053,train_set/train_set/voices/English/id053/02879.wav,16000,1,16,2.76
train,English,id053,train_set/train_set/voices/English/id053/02788.wav,16000,1,16,2.76
train,English,id040,train_set/train_set/voices/English/id040/02644.wav,16000,1,16,3.44
train,English,id040,train_set/train_set/voices/English/id040/00399.wav,16000,1,16,3.44
train,English,id040,train_set/train_set/voices/English/id040/03015.wav,16000,1,16,3.44
train,English,id040,train_set/train_set/voices/English/id040/01133.wav,16000,1,16,7.64
train,English,id040,train_set/train_set/voices/English/id040/02411.wav,16000,1,16,6.96
train,English,id040,train_set/train_set/voices/English/id040/03755.wav,16000,1,16,6.96
train,English,id040,train_set/train_set/voices/English/id040/02630.wav,16000,1,16,5.16
train,English,id040,train_set/train_set/voices/English/id040/01391.wav,16000,1,16,5.16
train,English,id040,train_set/train_set/voices/English/id040/06250.wav,16000,1,16,5.16
train,English,id040,train_set/train_set/voices/English/id040/05952.wav,16000,1,16,5.16
train,English,id040,train_set/train_set/voices/English/id040/05942.wav,16000,1,16,2.16
train,English,id040,train_set/train_set/voices/English/id040/01402.wav,16000,1,16,2.16
train,English,id040,train_set/train_set/voices/English/id040/02959.wav,16000,1,16,2.2
train,English,id040,train_set/train_set/voices/English/id040/02886.wav,16000,1,16,3.04
train,English,id040,train_set/train_set/voices/English/id040/05543.wav,16000,1,16,4.2
train,English,id040,train_set/train_set/voices/English/id040/06174.wav,16000,1,16,4.04
train,English,id040,train_set/train_set/voices/English/id040/03780.wav,16000,1,16,8.32
train,English,id040,train_set/train_set/voices/English/id040/03159.wav,16000,1,16,8.32
train,English,id040,train_set/train_set/voices/English/id040/05985.wav,16000,1,16,8.32
train,English,id040,train_set/train_set/voices/English/id040/02895.wav,16000,1,16,8.32
train,English,id040,train_set/train_set/voices/English/id040/05570.wav,16000,1,16,8.32
train,English,id040,train_set/train_set/voices/English/id040/00004.wav,16000,1,16,3.12
train,English,id040,train_set/train_set/voices/English/id040/00223.wav,16000,1,16,3.12
train,English,id040,train_set/train_set/voices/English/id040/02968.wav,16000,1,16,4.64
train,English,id040,train_set/train_set/voices/English/id040/02174.wav,16000,1,16,4.32
train,English,id040,train_set/train_set/voices/English/id040/01403.wav,16000,1,16,4.32
train,English,id040,train_set/train_set/voices/English/id040/05241.wav,16000,1,16,4.32
train,English,id040,train_set/train_set/voices/English/id040/06294.wav,16000,1,16,7.8
train,English,id040,train_set/train_set/voices/English/id040/02676.wav,16000,1,16,2.6
train,English,id040,train_set/train_set/voices/English/id040/06078.wav,16000,1,16,5.36
train,English,id040,train_set/train_set/voices/English/id040/01141.wav,16000,1,16,9.32
train,English,id040,train_set/train_set/voices/English/id040/05258.wav,16000,1,16,9.32
train,English,id040,train_set/train_set/voices/English/id040/04060.wav,16000,1,16,5.56
train,English,id040,train_set/train_set/voices/English/id040/02437.wav,16000,1,16,3.64
train,English,id040,train_set/train_set/voices/English/id040/03436.wav,16000,1,16,3.64
train,English,id040,train_set/train_set/voices/English/id040/03429.wav,16000,1,16,3.64
train,English,id040,train_set/train_set/voices/English/id040/02758.wav,16000,1,16,3.64
train,English,id040,train_set/train_set/voices/English/id040/06133.wav,16000,1,16,2.16
train,English,id040,train_set/train_set/voices/English/id040/02182.wav,16000,1,16,2.16
train,English,id040,train_set/train_set/voices/English/id040/03939.wav,16000,1,16,3.92
train,English,id040,train_set/train_set/voices/English/id040/03764.wav,16000,1,16,3.92
train,English,id040,train_set/train_set/voices/English/id040/06231.wav,16000,1,16,4.4
train,English,id040,train_set/train_set/voices/English/id040/04803.wav,16000,1,16,3.68
train,English,id040,train_set/train_set/voices/English/id040/00402.wav,16000,1,16,4.24
train,English,id040,train_set/train_set/voices/English/id040/03669.wav,16000,1,16,4.24
train,English,id040,train_set/train_set/voices/English/id040/05220.wav,16000,1,16,4.24
train,English,id040,train_set/train_set/voices/English/id040/00499.wav,16000,1,16,5.12
train,English,id040,train_set/train_set/voices/English/id040/02389.wav,16000,1,16,5.12
train,English,id040,train_set/train_set/voices/English/id040/01104.wav,16000,1,16,6.08
train,English,id040,train_set/train_set/voices/English/id040/02425.wav,16000,1,16,6.08
train,English,id040,train_set/train_set/voices/English/id040/03395.wav,16000,1,16,2.12
train,English,id040,train_set/train_set/voices/English/id040/05602.wav,16000,1,16,2.12
train,English,id040,train_set/train_set/voices/English/id040/00420.wav,16000,1,16,3.28
train,English,id040,train_set/train_set/voices/English/id040/04382.wav,16000,1,16,2.96
train,English,id040,train_set/train_set/voices/English/id040/04271.wav,16000,1,16,2.04
train,English,id040,train_set/train_set/voices/English/id040/02926.wav,16000,1,16,2.52
train,English,id040,train_set/train_set/voices/English/id040/02932.wav,16000,1,16,3.24
train,English,id040,train_set/train_set/voices/English/id040/06083.wav,16000,1,16,3.24
train,English,id040,train_set/train_set/voices/English/id040/03024.wav,16000,1,16,2.52
train,English,id040,train_set/train_set/voices/English/id040/05637.wav,16000,1,16,3.92
train,English,id040,train_set/train_set/voices/English/id040/02487.wav,16000,1,16,4.8
train,English,id040,train_set/train_set/voices/English/id040/03449.wav,16000,1,16,4.8
train,English,id040,train_set/train_set/voices/English/id040/01904.wav,16000,1,16,4.8
train,English,id040,train_set/train_set/voices/English/id040/01873.wav,16000,1,16,4.8
train,English,id040,train_set/train_set/voices/English/id040/03421.wav,16000,1,16,2.8
train,English,id040,train_set/train_set/voices/English/id040/00513.wav,16000,1,16,6.4
train,English,id040,train_set/train_set/voices/English/id040/04375.wav,16000,1,16,3.4
train,English,id040,train_set/train_set/voices/English/id040/04327.wav,16000,1,16,7.12
train,English,id040,train_set/train_set/voices/English/id040/04408.wav,16000,1,16,7.12
train,English,id040,train_set/train_set/voices/English/id040/02083.wav,16000,1,16,3.04
train,English,id040,train_set/train_set/voices/English/id040/01996.wav,16000,1,16,3.28
train,English,id040,train_set/train_set/voices/English/id040/04506.wav,16000,1,16,3.28
train,English,id040,train_set/train_set/voices/English/id040/02611.wav,16000,1,16,2.76
train,English,id040,train_set/train_set/voices/English/id040/02385.wav,16000,1,16,2.16
train,English,id040,train_set/train_set/voices/English/id040/06351.wav,16000,1,16,2.16
train,English,id040,train_set/train_set/voices/English/id040/04114.wav,16000,1,16,3.88
train,English,id040,train_set/train_set/voices/English/id040/01634.wav,16000,1,16,3.88
train,English,id040,train_set/train_set/voices/English/id040/02787.wav,16000,1,16,3.88
train,English,id040,train_set/train_set/voices/English/id040/03128.wav,16000,1,16,3.88
train,English,id040,train_set/train_set/voices/English/id040/00052.wav,16000,1,16,3.88
train,English,id040,train_set/train_set/voices/English/id040/03418.wav,16000,1,16,3.88
train,English,id040,train_set/train_set/voices/English/id040/00692.wav,16000,1,16,4.28
train,English,id040,train_set/train_set/voices/English/id040/01436.wav,16000,1,16,2.48
train,English,id040,train_set/train_set/voices/English/id040/02899.wav,16000,1,16,4.12
train,English,id040,train_set/train_set/voices/English/id040/05323.wav,16000,1,16,7.92
train,English,id040,train_set/train_set/voices/English/id040/00672.wav,16000,1,16,7.92
train,English,id040,train_set/train_set/voices/English/id040/05793.wav,16000,1,16,6.2
train,English,id040,train_set/train_set/voices/English/id040/01454.wav,16000,1,16,5.16
train,English,id040,train_set/train_set/voices/English/id040/00432.wav,16000,1,16,5.16
train,English,id040,train_set/train_set/voices/English/id040/06086.wav,16000,1,16,5.0
train,English,id040,train_set/train_set/voices/English/id040/05774.wav,16000,1,16,5.0
train,English,id040,train_set/train_set/voices/English/id040/02133.wav,16000,1,16,2.8
train,English,id040,train_set/train_set/voices/English/id040/02578.wav,16000,1,16,2.8
train,English,id040,train_set/train_set/voices/English/id040/01993.wav,16000,1,16,3.52
train,English,id040,train_set/train_set/voices/English/id040/05562.wav,16000,1,16,3.52
train,English,id040,train_set/train_set/voices/English/id040/01786.wav,16000,1,16,2.04
train,English,id040,train_set/train_set/voices/English/id040/03070.wav,16000,1,16,5.08
train,English,id040,train_set/train_set/voices/English/id040/02848.wav,16000,1,16,5.08
train,English,id040,train_set/train_set/voices/English/id040/04622.wav,16000,1,16,5.08
train,English,id040,train_set/train_set/voices/English/id040/05376.wav,16000,1,16,5.08
train,English,id040,train_set/train_set/voices/English/id040/01763.wav,16000,1,16,4.96
train,English,id040,train_set/train_set/voices/English/id040/01532.wav,16000,1,16,4.96
train,English,id040,train_set/train_set/voices/English/id040/03912.wav,16000,1,16,4.96
train,English,id040,train_set/train_set/voices/English/id040/02840.wav,16000,1,16,3.52
train,English,id040,train_set/train_set/voices/English/id040/00978.wav,16000,1,16,2.96
train,English,id040,train_set/train_set/voices/English/id040/03285.wav,16000,1,16,2.96
train,English,id040,train_set/train_set/voices/English/id040/05166.wav,16000,1,16,2.48
train,English,id040,train_set/train_set/voices/English/id040/02637.wav,16000,1,16,2.48
train,English,id040,train_set/train_set/voices/English/id040/01190.wav,16000,1,16,2.4
train,English,id040,train_set/train_set/voices/English/id040/01764.wav,16000,1,16,2.36
train,English,id040,train_set/train_set/voices/English/id040/01140.wav,16000,1,16,2.16
train,English,id040,train_set/train_set/voices/English/id040/05501.wav,16000,1,16,2.16
train,English,id040,train_set/train_set/voices/English/id040/06076.wav,16000,1,16,3.16
train,English,id040,train_set/train_set/voices/English/id040/03976.wav,16000,1,16,3.16
train,English,id040,train_set/train_set/voices/English/id040/03036.wav,16000,1,16,3.64
train,English,id040,train_set/train_set/voices/English/id040/02748.wav,16000,1,16,2.32
train,English,id040,train_set/train_set/voices/English/id040/02099.wav,16000,1,16,4.24
train,English,id005,train_set/train_set/voices/English/id005/00108.wav,16000,1,16,5.6
train,English,id005,train_set/train_set/voices/English/id005/03143.wav,16000,1,16,4.52
train,English,id005,train_set/train_set/voices/English/id005/04263.wav,16000,1,16,2.0
train,English,id005,train_set/train_set/voices/English/id005/04889.wav,16000,1,16,4.8
train,English,id005,train_set/train_set/voices/English/id005/04999.wav,16000,1,16,2.72
train,English,id005,train_set/train_set/voices/English/id005/02764.wav,16000,1,16,3.52
train,English,id005,train_set/train_set/voices/English/id005/04345.wav,16000,1,16,5.64
train,English,id005,train_set/train_set/voices/English/id005/06177.wav,16000,1,16,7.44
train,English,id005,train_set/train_set/voices/English/id005/05937.wav,16000,1,16,7.44
train,English,id005,train_set/train_set/voices/English/id005/00760.wav,16000,1,16,7.44
train,English,id005,train_set/train_set/voices/English/id005/01569.wav,16000,1,16,7.44
train,English,id005,train_set/train_set/voices/English/id005/00114.wav,16000,1,16,9.0
train,English,id005,train_set/train_set/voices/English/id005/04062.wav,16000,1,16,9.0
train,English,id005,train_set/train_set/voices/English/id005/04033.wav,16000,1,16,5.88
train,English,id005,train_set/train_set/voices/English/id005/01806.wav,16000,1,16,5.88
train,English,id005,train_set/train_set/voices/English/id005/03457.wav,16000,1,16,2.96
train,English,id005,train_set/train_set/voices/English/id005/06331.wav,16000,1,16,2.96
train,English,id005,train_set/train_set/voices/English/id005/02432.wav,16000,1,16,2.96
train,English,id005,train_set/train_set/voices/English/id005/01020.wav,16000,1,16,3.72
train,English,id005,train_set/train_set/voices/English/id005/03483.wav,16000,1,16,2.96
train,English,id005,train_set/train_set/voices/English/id005/01099.wav,16000,1,16,9.64
train,English,id005,train_set/train_set/voices/English/id005/02388.wav,16000,1,16,9.64
train,English,id005,train_set/train_set/voices/English/id005/01405.wav,16000,1,16,9.64
train,English,id005,train_set/train_set/voices/English/id005/03646.wav,16000,1,16,5.04
train,English,id005,train_set/train_set/voices/English/id005/03657.wav,16000,1,16,5.04
train,English,id005,train_set/train_set/voices/English/id005/03535.wav,16000,1,16,4.8
train,English,id005,train_set/train_set/voices/English/id005/04933.wav,16000,1,16,6.68
train,English,id005,train_set/train_set/voices/English/id005/06197.wav,16000,1,16,6.68
train,English,id005,train_set/train_set/voices/English/id005/01591.wav,16000,1,16,3.52
train,English,id005,train_set/train_set/voices/English/id005/06209.wav,16000,1,16,3.52
train,English,id005,train_set/train_set/voices/English/id005/01044.wav,16000,1,16,4.44
train,English,id005,train_set/train_set/voices/English/id005/01100.wav,16000,1,16,7.2
train,English,id005,train_set/train_set/voices/English/id005/02468.wav,16000,1,16,6.04
train,English,id005,train_set/train_set/voices/English/id005/00335.wav,16000,1,16,2.12
train,English,id005,train_set/train_set/voices/English/id005/06149.wav,16000,1,16,7.0
train,English,id005,train_set/train_set/voices/English/id005/00308.wav,16000,1,16,7.0
train,English,id005,train_set/train_set/voices/English/id005/02766.wav,16000,1,16,7.76
train,English,id005,train_set/train_set/voices/English/id005/02534.wav,16000,1,16,4.72
train,English,id005,train_set/train_set/voices/English/id005/01177.wav,16000,1,16,2.0
train,English,id005,train_set/train_set/voices/English/id005/00117.wav,16000,1,16,2.2
train,English,id005,train_set/train_set/voices/English/id005/00912.wav,16000,1,16,3.4
train,English,id005,train_set/train_set/voices/English/id005/03889.wav,16000,1,16,3.08
train,English,id005,train_set/train_set/voices/English/id005/01708.wav,16000,1,16,15.84
train,English,id005,train_set/train_set/voices/English/id005/03723.wav,16000,1,16,15.84
train,English,id005,train_set/train_set/voices/English/id005/05851.wav,16000,1,16,3.2
train,English,id005,train_set/train_set/voices/English/id005/01313.wav,16000,1,16,9.6
train,English,id005,train_set/train_set/voices/English/id005/04149.wav,16000,1,16,9.6
train,English,id005,train_set/train_set/voices/English/id005/03219.wav,16000,1,16,9.6
train,English,id005,train_set/train_set/voices/English/id005/06342.wav,16000,1,16,6.08
train,English,id005,train_set/train_set/voices/English/id005/00536.wav,16000,1,16,4.24
train,English,id005,train_set/train_set/voices/English/id005/01041.wav,16000,1,16,8.16
train,English,id005,train_set/train_set/voices/English/id005/06400.wav,16000,1,16,8.16
train,English,id005,train_set/train_set/voices/English/id005/00104.wav,16000,1,16,13.72
train,English,id005,train_set/train_set/voices/English/id005/00287.wav,16000,1,16,13.72
train,English,id005,train_set/train_set/voices/English/id005/01712.wav,16000,1,16,4.32
train,English,id005,train_set/train_set/voices/English/id005/01894.wav,16000,1,16,4.08
train,English,id005,train_set/train_set/voices/English/id005/02082.wav,16000,1,16,4.16
train,English,id005,train_set/train_set/voices/English/id005/03581.wav,16000,1,16,4.16
train,English,id005,train_set/train_set/voices/English/id005/01720.wav,16000,1,16,2.92
train,English,id005,train_set/train_set/voices/English/id005/03987.wav,16000,1,16,9.52
train,English,id005,train_set/train_set/voices/English/id005/05065.wav,16000,1,16,9.52
train,English,id005,train_set/train_set/voices/English/id005/03680.wav,16000,1,16,9.52
train,English,id005,train_set/train_set/voices/English/id005/01038.wav,16000,1,16,9.52
train,English,id005,train_set/train_set/voices/English/id005/04598.wav,16000,1,16,4.36
train,English,id005,train_set/train_set/voices/English/id005/00747.wav,16000,1,16,4.36
train,English,id005,train_set/train_set/voices/English/id005/04367.wav,16000,1,16,3.08
train,English,id005,train_set/train_set/voices/English/id005/05931.wav,16000,1,16,7.16
train,English,id005,train_set/train_set/voices/English/id005/04108.wav,16000,1,16,2.8
train,English,id005,train_set/train_set/voices/English/id005/03884.wav,16000,1,16,2.32
train,English,id005,train_set/train_set/voices/English/id005/00267.wav,16000,1,16,4.96
train,English,id005,train_set/train_set/voices/English/id005/02392.wav,16000,1,16,3.24
train,English,id005,train_set/train_set/voices/English/id005/04974.wav,16000,1,16,6.84
train,English,id005,train_set/train_set/voices/English/id005/00170.wav,16000,1,16,6.84
train,English,id005,train_set/train_set/voices/English/id005/00758.wav,16000,1,16,3.68
train,English,id005,train_set/train_set/voices/English/id005/01322.wav,16000,1,16,2.84
train,English,id005,train_set/train_set/voices/English/id005/01325.wav,16000,1,16,2.2
train,English,id005,train_set/train_set/voices/English/id005/01912.wav,16000,1,16,3.92
train,English,id005,train_set/train_set/voices/English/id005/02529.wav,16000,1,16,7.6
train,English,id005,train_set/train_set/voices/English/id005/01357.wav,16000,1,16,7.6
train,English,id005,train_set/train_set/voices/English/id005/02704.wav,16000,1,16,2.2
train,English,id005,train_set/train_set/voices/English/id005/04849.wav,16000,1,16,6.64
train,English,id005,train_set/train_set/voices/English/id005/02452.wav,16000,1,16,6.08
train,English,id005,train_set/train_set/voices/English/id005/04793.wav,16000,1,16,3.12
train,English,id005,train_set/train_set/voices/English/id005/03716.wav,16000,1,16,2.04
train,English,id005,train_set/train_set/voices/English/id005/06444.wav,16000,1,16,2.44
train,English,id005,train_set/train_set/voices/English/id005/05422.wav,16000,1,16,2.44
train,English,id005,train_set/train_set/voices/English/id005/01909.wav,16000,1,16,4.08
train,English,id005,train_set/train_set/voices/English/id005/00740.wav,16000,1,16,4.08
train,English,id005,train_set/train_set/voices/English/id005/00800.wav,16000,1,16,3.64
train,English,id005,train_set/train_set/voices/English/id005/00396.wav,16000,1,16,3.76
train,English,id005,train_set/train_set/voices/English/id005/00472.wav,16000,1,16,2.24
train,English,id005,train_set/train_set/voices/English/id005/01781.wav,16000,1,16,4.76
train,English,id005,train_set/train_set/voices/English/id005/05330.wav,16000,1,16,4.76
train,English,id005,train_set/train_set/voices/English/id005/00719.wav,16000,1,16,5.88
train,English,id005,train_set/train_set/voices/English/id005/02990.wav,16000,1,16,5.0
train,English,id005,train_set/train_set/voices/English/id005/04996.wav,16000,1,16,2.68
train,English,id005,train_set/train_set/voices/English/id005/00020.wav,16000,1,16,8.04
train,English,id005,train_set/train_set/voices/English/id005/05964.wav,16000,1,16,8.04
train,English,id005,train_set/train_set/voices/English/id005/05390.wav,16000,1,16,8.04
train,English,id005,train_set/train_set/voices/English/id005/02051.wav,16000,1,16,3.68
train,English,id005,train_set/train_set/voices/English/id005/05493.wav,16000,1,16,3.4
train,English,id005,train_set/train_set/voices/English/id005/06189.wav,16000,1,16,4.64
train,English,id005,train_set/train_set/voices/English/id005/02144.wav,16000,1,16,3.84
train,English,id005,train_set/train_set/voices/English/id005/06214.wav,16000,1,16,3.84
train,English,id005,train_set/train_set/voices/English/id005/05116.wav,16000,1,16,10.16
train,English,id005,train_set/train_set/voices/English/id005/02957.wav,16000,1,16,10.16
train,English,id005,train_set/train_set/voices/English/id005/00049.wav,16000,1,16,10.16
train,English,id005,train_set/train_set/voices/English/id005/00068.wav,16000,1,16,10.16
train,English,id005,train_set/train_set/voices/English/id005/01974.wav,16000,1,16,10.16
train,English,id005,train_set/train_set/voices/English/id005/01942.wav,16000,1,16,3.6
train,English,id005,train_set/train_set/voices/English/id005/04105.wav,16000,1,16,4.24
train,English,id005,train_set/train_set/voices/English/id005/03908.wav,16000,1,16,4.24
train,English,id005,train_set/train_set/voices/English/id005/05367.wav,16000,1,16,4.24
train,English,id005,train_set/train_set/voices/English/id005/00387.wav,16000,1,16,2.84
train,English,id005,train_set/train_set/voices/English/id005/06448.wav,16000,1,16,7.2
train,English,id005,train_set/train_set/voices/English/id005/04459.wav,16000,1,16,7.2
train,English,id005,train_set/train_set/voices/English/id005/01901.wav,16000,1,16,7.2
train,English,id005,train_set/train_set/voices/English/id005/04055.wav,16000,1,16,6.0
train,English,id005,train_set/train_set/voices/English/id005/00079.wav,16000,1,16,6.0
train,English,id005,train_set/train_set/voices/English/id005/01286.wav,16000,1,16,2.08
train,English,id005,train_set/train_set/voices/English/id005/04749.wav,16000,1,16,2.08
train,English,id005,train_set/train_set/voices/English/id005/01448.wav,16000,1,16,5.36
train,English,id005,train_set/train_set/voices/English/id005/01396.wav,16000,1,16,5.32
train,English,id005,train_set/train_set/voices/English/id005/00766.wav,16000,1,16,5.32
train,English,id005,train_set/train_set/voices/English/id005/01076.wav,16000,1,16,2.2
train,English,id005,train_set/train_set/voices/English/id005/06058.wav,16000,1,16,2.2
train,English,id005,train_set/train_set/voices/English/id005/04669.wav,16000,1,16,3.88
train,English,id005,train_set/train_set/voices/English/id005/04672.wav,16000,1,16,3.88
train,English,id005,train_set/train_set/voices/English/id005/04763.wav,16000,1,16,4.0
train,English,id005,train_set/train_set/voices/English/id005/06433.wav,16000,1,16,3.64
train,English,id005,train_set/train_set/voices/English/id005/04057.wav,16000,1,16,4.48
train,English,id005,train_set/train_set/voices/English/id005/05450.wav,16000,1,16,3.36
train,English,id005,train_set/train_set/voices/English/id005/06237.wav,16000,1,16,3.36
train,English,id005,train_set/train_set/voices/English/id005/06430.wav,16000,1,16,3.08
train,English,id005,train_set/train_set/voices/English/id005/02249.wav,16000,1,16,2.44
train,English,id005,train_set/train_set/voices/English/id005/02982.wav,16000,1,16,2.88
train,English,id005,train_set/train_set/voices/English/id005/01792.wav,16000,1,16,2.88
train,English,id005,train_set/train_set/voices/English/id005/02782.wav,16000,1,16,3.64
train,English,id005,train_set/train_set/voices/English/id005/05719.wav,16000,1,16,4.2
train,English,id005,train_set/train_set/voices/English/id005/02060.wav,16000,1,16,4.2
train,English,id005,train_set/train_set/voices/English/id005/01908.wav,16000,1,16,3.24
train,English,id005,train_set/train_set/voices/English/id005/05472.wav,16000,1,16,3.24
train,English,id005,train_set/train_set/voices/English/id005/02970.wav,16000,1,16,5.08
train,English,id005,train_set/train_set/voices/English/id005/03022.wav,16000,1,16,2.52
train,English,id005,train_set/train_set/voices/English/id005/00924.wav,16000,1,16,3.12
train,English,id005,train_set/train_set/voices/English/id005/04440.wav,16000,1,16,2.04
train,English,id005,train_set/train_set/voices/English/id005/05685.wav,16000,1,16,3.76
train,English,id005,train_set/train_set/voices/English/id005/01164.wav,16000,1,16,2.64
train,English,id005,train_set/train_set/voices/English/id005/04495.wav,16000,1,16,3.16
train,English,id005,train_set/train_set/voices/English/id005/03186.wav,16000,1,16,2.88
train,English,id005,train_set/train_set/voices/English/id005/02320.wav,16000,1,16,2.88
train,English,id005,train_set/train_set/voices/English/id005/06311.wav,16000,1,16,2.04
train,English,id005,train_set/train_set/voices/English/id005/01161.wav,16000,1,16,2.24
train,English,id005,train_set/train_set/voices/English/id005/01315.wav,16000,1,16,4.56
train,English,id005,train_set/train_set/voices/English/id005/02955.wav,16000,1,16,4.56
train,English,id005,train_set/train_set/voices/English/id005/02812.wav,16000,1,16,4.56
train,English,id005,train_set/train_set/voices/English/id005/00934.wav,16000,1,16,2.04
train,English,id005,train_set/train_set/voices/English/id005/05539.wav,16000,1,16,2.8
train,English,id005,train_set/train_set/voices/English/id005/06178.wav,16000,1,16,3.36
train,English,id005,train_set/train_set/voices/English/id005/02204.wav,16000,1,16,2.96
train,English,id005,train_set/train_set/voices/English/id005/00606.wav,16000,1,16,5.96
train,English,id005,train_set/train_set/voices/English/id005/01606.wav,16000,1,16,2.2
train,English,id005,train_set/train_set/voices/English/id005/00852.wav,16000,1,16,2.56
train,English,id005,train_set/train_set/voices/English/id005/01471.wav,16000,1,16,2.48
train,English,id005,train_set/train_set/voices/English/id005/03973.wav,16000,1,16,2.08
train,English,id005,train_set/train_set/voices/English/id005/06287.wav,16000,1,16,2.08
train,English,id005,train_set/train_set/voices/English/id005/06015.wav,16000,1,16,2.08
train,English,id005,train_set/train_set/voices/English/id005/05674.wav,16000,1,16,3.0
train,English,id005,train_set/train_set/voices/English/id005/03445.wav,16000,1,16,2.24
train,English,id005,train_set/train_set/voices/English/id005/00126.wav,16000,1,16,3.64
train,English,id005,train_set/train_set/voices/English/id005/00778.wav,16000,1,16,2.8
train,English,id005,train_set/train_set/voices/English/id005/00855.wav,16000,1,16,2.88
train,English,id005,train_set/train_set/voices/English/id005/01730.wav,16000,1,16,2.88
train,English,id005,train_set/train_set/voices/English/id005/02208.wav,16000,1,16,4.72
train,English,id005,train_set/train_set/voices/English/id005/05691.wav,16000,1,16,4.72
train,English,id005,train_set/train_set/voices/English/id005/00542.wav,16000,1,16,2.84
train,English,id005,train_set/train_set/voices/English/id005/02361.wav,16000,1,16,2.04
train,English,id005,train_set/train_set/voices/English/id005/00005.wav,16000,1,16,2.04
train,English,id048,train_set/train_set/voices/English/id048/02229.wav,16000,1,16,16.32
train,English,id048,train_set/train_set/voices/English/id048/04931.wav,16000,1,16,8.72
train,English,id048,train_set/train_set/voices/English/id048/04385.wav,16000,1,16,6.28
train,English,id048,train_set/train_set/voices/English/id048/05930.wav,16000,1,16,7.72
train,English,id048,train_set/train_set/voices/English/id048/05876.wav,16000,1,16,17.12
train,English,id048,train_set/train_set/voices/English/id048/04715.wav,16000,1,16,8.36
train,English,id048,train_set/train_set/voices/English/id048/05744.wav,16000,1,16,4.0
train,English,id048,train_set/train_set/voices/English/id048/05474.wav,16000,1,16,3.88
train,English,id048,train_set/train_set/voices/English/id048/02835.wav,16000,1,16,5.12
train,English,id048,train_set/train_set/voices/English/id048/05839.wav,16000,1,16,2.48
train,English,id048,train_set/train_set/voices/English/id048/05333.wav,16000,1,16,4.44
train,English,id048,train_set/train_set/voices/English/id048/06323.wav,16000,1,16,3.12
train,English,id048,train_set/train_set/voices/English/id048/00163.wav,16000,1,16,12.76
train,English,id048,train_set/train_set/voices/English/id048/01630.wav,16000,1,16,7.64
train,English,id048,train_set/train_set/voices/English/id048/00838.wav,16000,1,16,7.64
train,English,id048,train_set/train_set/voices/English/id048/03501.wav,16000,1,16,6.16
train,English,id048,train_set/train_set/voices/English/id048/01260.wav,16000,1,16,6.48
train,English,id048,train_set/train_set/voices/English/id048/02806.wav,16000,1,16,8.28
train,English,id048,train_set/train_set/voices/English/id048/04890.wav,16000,1,16,14.8
train,English,id048,train_set/train_set/voices/English/id048/01307.wav,16000,1,16,4.36
train,English,id048,train_set/train_set/voices/English/id048/05079.wav,16000,1,16,6.24
train,English,id048,train_set/train_set/voices/English/id048/05658.wav,16000,1,16,6.24
train,English,id048,train_set/train_set/voices/English/id048/02123.wav,16000,1,16,3.2
train,English,id048,train_set/train_set/voices/English/id048/01266.wav,16000,1,16,10.44
train,English,id048,train_set/train_set/voices/English/id048/00561.wav,16000,1,16,5.6
train,English,id048,train_set/train_set/voices/English/id048/02205.wav,16000,1,16,7.04
train,English,id048,train_set/train_set/voices/English/id048/00645.wav,16000,1,16,5.36
train,English,id048,train_set/train_set/voices/English/id048/04107.wav,16000,1,16,8.84
train,English,id048,train_set/train_set/voices/English/id048/02995.wav,16000,1,16,8.84
train,English,id048,train_set/train_set/voices/English/id048/03124.wav,16000,1,16,9.72
train,English,id048,train_set/train_set/voices/English/id048/00253.wav,16000,1,16,9.04
train,English,id048,train_set/train_set/voices/English/id048/05591.wav,16000,1,16,3.2
train,English,id048,train_set/train_set/voices/English/id048/04225.wav,16000,1,16,3.56
train,English,id048,train_set/train_set/voices/English/id048/04342.wav,16000,1,16,23.92
train,English,id048,train_set/train_set/voices/English/id048/04965.wav,16000,1,16,5.4
train,English,id048,train_set/train_set/voices/English/id048/04024.wav,16000,1,16,3.68
train,English,id048,train_set/train_set/voices/English/id048/01336.wav,16000,1,16,6.68
train,English,id048,train_set/train_set/voices/English/id048/04434.wav,16000,1,16,5.16
train,English,id048,train_set/train_set/voices/English/id048/04171.wav,16000,1,16,4.76
train,English,id048,train_set/train_set/voices/English/id048/03495.wav,16000,1,16,4.12
train,English,id048,train_set/train_set/voices/English/id048/04998.wav,16000,1,16,4.12
train,English,id048,train_set/train_set/voices/English/id048/03250.wav,16000,1,16,15.68
train,English,id048,train_set/train_set/voices/English/id048/04273.wav,16000,1,16,8.08
train,English,id048,train_set/train_set/voices/English/id048/04952.wav,16000,1,16,14.0
train,English,id048,train_set/train_set/voices/English/id048/03077.wav,16000,1,16,6.92
train,English,id048,train_set/train_set/voices/English/id048/00602.wav,16000,1,16,4.84
train,English,id048,train_set/train_set/voices/English/id048/01459.wav,16000,1,16,4.44
train,English,id048,train_set/train_set/voices/English/id048/06445.wav,16000,1,16,4.12
train,English,id048,train_set/train_set/voices/English/id048/04798.wav,16000,1,16,8.8
train,English,id048,train_set/train_set/voices/English/id048/06320.wav,16000,1,16,22.08
train,English,id048,train_set/train_set/voices/English/id048/00006.wav,16000,1,16,22.08
train,English,id048,train_set/train_set/voices/English/id048/00826.wav,16000,1,16,7.6
train,English,id048,train_set/train_set/voices/English/id048/04573.wav,16000,1,16,2.84
train,English,id048,train_set/train_set/voices/English/id048/04968.wav,16000,1,16,9.52
train,English,id048,train_set/train_set/voices/English/id048/04241.wav,16000,1,16,6.16
train,English,id048,train_set/train_set/voices/English/id048/01270.wav,16000,1,16,3.12
train,English,id048,train_set/train_set/voices/English/id048/02745.wav,16000,1,16,8.0
train,English,id048,train_set/train_set/voices/English/id048/02167.wav,16000,1,16,9.36
train,English,id048,train_set/train_set/voices/English/id048/01751.wav,16000,1,16,4.4
train,English,id048,train_set/train_set/voices/English/id048/05689.wav,16000,1,16,6.12
train,English,id048,train_set/train_set/voices/English/id048/02064.wav,16000,1,16,6.12
train,English,id048,train_set/train_set/voices/English/id048/00566.wav,16000,1,16,9.08
train,English,id048,train_set/train_set/voices/English/id048/03089.wav,16000,1,16,6.0
train,English,id048,train_set/train_set/voices/English/id048/02528.wav,16000,1,16,2.92
train,English,id048,train_set/train_set/voices/English/id048/02387.wav,16000,1,16,12.68
train,English,id048,train_set/train_set/voices/English/id048/02316.wav,16000,1,16,5.48
train,English,id048,train_set/train_set/voices/English/id048/01503.wav,16000,1,16,5.08
train,English,id048,train_set/train_set/voices/English/id048/03227.wav,16000,1,16,2.76
train,English,id048,train_set/train_set/voices/English/id048/02191.wav,16000,1,16,2.36
train,English,id048,train_set/train_set/voices/English/id048/02402.wav,16000,1,16,5.24
train,English,id048,train_set/train_set/voices/English/id048/00371.wav,16000,1,16,5.24
train,English,id048,train_set/train_set/voices/English/id048/02929.wav,16000,1,16,11.08
train,English,id048,train_set/train_set/voices/English/id048/03064.wav,16000,1,16,10.32
train,English,id048,train_set/train_set/voices/English/id048/05548.wav,16000,1,16,10.32
train,English,id048,train_set/train_set/voices/English/id048/02280.wav,16000,1,16,10.44
train,English,id048,train_set/train_set/voices/English/id048/00597.wav,16000,1,16,10.44
train,English,id048,train_set/train_set/voices/English/id048/01061.wav,16000,1,16,3.68
train,English,id048,train_set/train_set/voices/English/id048/04837.wav,16000,1,16,3.68
train,English,id048,train_set/train_set/voices/English/id048/05657.wav,16000,1,16,3.68
train,English,id048,train_set/train_set/voices/English/id048/04533.wav,16000,1,16,5.48
train,English,id048,train_set/train_set/voices/English/id048/01787.wav,16000,1,16,8.84
train,English,id048,train_set/train_set/voices/English/id048/06060.wav,16000,1,16,2.36
train,English,id048,train_set/train_set/voices/English/id048/05404.wav,16000,1,16,3.36
train,English,id048,train_set/train_set/voices/English/id048/02218.wav,16000,1,16,2.88
train,English,id048,train_set/train_set/voices/English/id048/00099.wav,16000,1,16,2.44
train,English,id048,train_set/train_set/voices/English/id048/02035.wav,16000,1,16,3.0
train,English,id048,train_set/train_set/voices/English/id048/05614.wav,16000,1,16,4.52
train,English,id048,train_set/train_set/voices/English/id048/05764.wav,16000,1,16,15.32
train,English,id048,train_set/train_set/voices/English/id048/05192.wav,16000,1,16,4.32
train,English,id048,train_set/train_set/voices/English/id048/02770.wav,16000,1,16,6.28
train,English,id048,train_set/train_set/voices/English/id048/04360.wav,16000,1,16,3.36
train,English,id048,train_set/train_set/voices/English/id048/05808.wav,16000,1,16,9.48
train,English,id048,train_set/train_set/voices/English/id048/04886.wav,16000,1,16,8.04
train,English,id048,train_set/train_set/voices/English/id048/04879.wav,16000,1,16,6.56
train,English,id048,train_set/train_set/voices/English/id048/06234.wav,16000,1,16,2.24
train,English,id048,train_set/train_set/voices/English/id048/03520.wav,16000,1,16,2.36
train,English,id048,train_set/train_set/voices/English/id048/00064.wav,16000,1,16,6.16
train,English,id048,train_set/train_set/voices/English/id048/02663.wav,16000,1,16,3.0
train,English,id048,train_set/train_set/voices/English/id048/02993.wav,16000,1,16,3.12
train,English,id048,train_set/train_set/voices/English/id048/05861.wav,16000,1,16,3.92
train,English,id048,train_set/train_set/voices/English/id048/04257.wav,16000,1,16,3.4
train,English,id048,train_set/train_set/voices/English/id048/00083.wav,16000,1,16,3.12
train,English,id048,train_set/train_set/voices/English/id048/02537.wav,16000,1,16,3.64
train,English,id048,train_set/train_set/voices/English/id048/00282.wav,16000,1,16,5.12
train,English,id048,train_set/train_set/voices/English/id048/05072.wav,16000,1,16,5.12
train,English,id048,train_set/train_set/voices/English/id048/04809.wav,16000,1,16,3.0
train,English,id048,train_set/train_set/voices/English/id048/00904.wav,16000,1,16,6.6
train,English,id048,train_set/train_set/voices/English/id048/01886.wav,16000,1,16,9.68
train,English,id048,train_set/train_set/voices/English/id048/01861.wav,16000,1,16,5.96
train,English,id048,train_set/train_set/voices/English/id048/04237.wav,16000,1,16,3.36
train,English,id048,train_set/train_set/voices/English/id048/01664.wav,16000,1,16,2.4
train,English,id048,train_set/train_set/voices/English/id048/06361.wav,16000,1,16,9.96
train,English,id048,train_set/train_set/voices/English/id048/03463.wav,16000,1,16,9.96
train,English,id048,train_set/train_set/voices/English/id048/02065.wav,16000,1,16,3.52
train,English,id048,train_set/train_set/voices/English/id048/02675.wav,16000,1,16,3.8
train,English,id048,train_set/train_set/voices/English/id048/06041.wav,16000,1,16,3.64
train,English,id048,train_set/train_set/voices/English/id048/00841.wav,16000,1,16,6.84
train,English,id048,train_set/train_set/voices/English/id048/03182.wav,16000,1,16,5.52
train,English,id048,train_set/train_set/voices/English/id048/06104.wav,16000,1,16,7.0
train,English,id048,train_set/train_set/voices/English/id048/01299.wav,16000,1,16,5.88
train,English,id048,train_set/train_set/voices/English/id048/03389.wav,16000,1,16,3.88
train,English,id048,train_set/train_set/voices/English/id048/00157.wav,16000,1,16,3.88
train,English,id048,train_set/train_set/voices/English/id048/04161.wav,16000,1,16,3.52
train,English,id048,train_set/train_set/voices/English/id048/03350.wav,16000,1,16,3.84
train,English,id048,train_set/train_set/voices/English/id048/01739.wav,16000,1,16,3.32
train,English,id048,train_set/train_set/voices/English/id048/04585.wav,16000,1,16,2.16
train,English,id048,train_set/train_set/voices/English/id048/01179.wav,16000,1,16,2.16
train,English,id048,train_set/train_set/voices/English/id048/00121.wav,16000,1,16,3.64
train,English,id048,train_set/train_set/voices/English/id048/04719.wav,16000,1,16,4.56
train,English,id048,train_set/train_set/voices/English/id048/00555.wav,16000,1,16,4.04
train,English,id048,train_set/train_set/voices/English/id048/00640.wav,16000,1,16,3.48
train,English,id048,train_set/train_set/voices/English/id048/02245.wav,16000,1,16,2.68
train,English,id048,train_set/train_set/voices/English/id048/01749.wav,16000,1,16,2.72
train,English,id048,train_set/train_set/voices/English/id048/03144.wav,16000,1,16,4.24
train,English,id048,train_set/train_set/voices/English/id048/05962.wav,16000,1,16,2.32
train,English,id048,train_set/train_set/voices/English/id048/01790.wav,16000,1,16,2.32
train,English,id048,train_set/train_set/voices/English/id048/04233.wav,16000,1,16,4.64
train,English,id048,train_set/train_set/voices/English/id048/00207.wav,16000,1,16,4.08
train,English,id027,train_set/train_set/voices/English/id027/01997.wav,16000,1,16,9.96
train,English,id027,train_set/train_set/voices/English/id027/05123.wav,16000,1,16,8.16
train,English,id027,train_set/train_set/voices/English/id027/02635.wav,16000,1,16,8.16
train,English,id027,train_set/train_set/voices/English/id027/01428.wav,16000,1,16,8.16
train,English,id027,train_set/train_set/voices/English/id027/03785.wav,16000,1,16,8.16
train,English,id027,train_set/train_set/voices/English/id027/00292.wav,16000,1,16,8.16
train,English,id027,train_set/train_set/voices/English/id027/02347.wav,16000,1,16,8.16
train,English,id027,train_set/train_set/voices/English/id027/06088.wav,16000,1,16,5.44
train,English,id027,train_set/train_set/voices/English/id027/02564.wav,16000,1,16,9.52
train,English,id027,train_set/train_set/voices/English/id027/03209.wav,16000,1,16,9.52
train,English,id027,train_set/train_set/voices/English/id027/01476.wav,16000,1,16,9.52
train,English,id027,train_set/train_set/voices/English/id027/01452.wav,16000,1,16,9.52
train,English,id027,train_set/train_set/voices/English/id027/00331.wav,16000,1,16,9.52
train,English,id027,train_set/train_set/voices/English/id027/05158.wav,16000,1,16,9.52
train,English,id027,train_set/train_set/voices/English/id027/05245.wav,16000,1,16,5.64
train,English,id027,train_set/train_set/voices/English/id027/05424.wav,16000,1,16,5.64
train,English,id027,train_set/train_set/voices/English/id027/04278.wav,16000,1,16,5.8
train,English,id027,train_set/train_set/voices/English/id027/00718.wav,16000,1,16,9.4
train,English,id027,train_set/train_set/voices/English/id027/00372.wav,16000,1,16,9.4
train,English,id027,train_set/train_set/voices/English/id027/05463.wav,16000,1,16,9.4
train,English,id027,train_set/train_set/voices/English/id027/05185.wav,16000,1,16,9.4
train,English,id027,train_set/train_set/voices/English/id027/03096.wav,16000,1,16,9.4
train,English,id027,train_set/train_set/voices/English/id027/04813.wav,16000,1,16,9.4
train,English,id027,train_set/train_set/voices/English/id027/02604.wav,16000,1,16,9.4
train,English,id027,train_set/train_set/voices/English/id027/04275.wav,16000,1,16,6.28
train,English,id027,train_set/train_set/voices/English/id027/04646.wav,16000,1,16,6.28
train,English,id027,train_set/train_set/voices/English/id027/01392.wav,16000,1,16,11.28
train,English,id027,train_set/train_set/voices/English/id027/04860.wav,16000,1,16,7.04
train,English,id027,train_set/train_set/voices/English/id027/04101.wav,16000,1,16,7.04
train,English,id027,train_set/train_set/voices/English/id027/03235.wav,16000,1,16,7.04
train,English,id027,train_set/train_set/voices/English/id027/00007.wav,16000,1,16,7.04
train,English,id027,train_set/train_set/voices/English/id027/00050.wav,16000,1,16,7.04
train,English,id027,train_set/train_set/voices/English/id027/03694.wav,16000,1,16,7.24
train,English,id027,train_set/train_set/voices/English/id027/01918.wav,16000,1,16,7.24
train,English,id027,train_set/train_set/voices/English/id027/05878.wav,16000,1,16,7.24
train,English,id027,train_set/train_set/voices/English/id027/06176.wav,16000,1,16,7.24
train,English,id027,train_set/train_set/voices/English/id027/00715.wav,16000,1,16,7.24
train,English,id027,train_set/train_set/voices/English/id027/05062.wav,16000,1,16,4.8
train,English,id027,train_set/train_set/voices/English/id027/03579.wav,16000,1,16,9.76
train,English,id027,train_set/train_set/voices/English/id027/00453.wav,16000,1,16,23.72
train,English,id027,train_set/train_set/voices/English/id027/03193.wav,16000,1,16,23.72
train,English,id027,train_set/train_set/voices/English/id027/00130.wav,16000,1,16,23.72
train,English,id027,train_set/train_set/voices/English/id027/03409.wav,16000,1,16,23.72
train,English,id027,train_set/train_set/voices/English/id027/05896.wav,16000,1,16,23.72
train,English,id027,train_set/train_set/voices/English/id027/05491.wav,16000,1,16,23.72
train,English,id027,train_set/train_set/voices/English/id027/05024.wav,16000,1,16,23.72
train,English,id027,train_set/train_set/voices/English/id027/03198.wav,16000,1,16,23.72
train,English,id027,train_set/train_set/voices/English/id027/04575.wav,16000,1,16,23.72
train,English,id027,train_set/train_set/voices/English/id027/06387.wav,16000,1,16,23.72
train,English,id027,train_set/train_set/voices/English/id027/01305.wav,16000,1,16,23.72
train,English,id027,train_set/train_set/voices/English/id027/04078.wav,16000,1,16,23.72
train,English,id027,train_set/train_set/voices/English/id027/04088.wav,16000,1,16,3.8
train,English,id027,train_set/train_set/voices/English/id027/03065.wav,16000,1,16,8.04
train,English,id027,train_set/train_set/voices/English/id027/01046.wav,16000,1,16,8.04
train,English,id027,train_set/train_set/voices/English/id027/03050.wav,16000,1,16,8.04
train,English,id027,train_set/train_set/voices/English/id027/02845.wav,16000,1,16,8.04
train,English,id027,train_set/train_set/voices/English/id027/00595.wav,16000,1,16,8.04
train,English,id027,train_set/train_set/voices/English/id027/05188.wav,16000,1,16,8.04
train,English,id027,train_set/train_set/voices/English/id027/03210.wav,16000,1,16,11.16
train,English,id027,train_set/train_set/voices/English/id027/00867.wav,16000,1,16,11.16
train,English,id027,train_set/train_set/voices/English/id027/00765.wav,16000,1,16,11.16
train,English,id027,train_set/train_set/voices/English/id027/02424.wav,16000,1,16,11.16
train,English,id027,train_set/train_set/voices/English/id027/03681.wav,16000,1,16,11.16
train,English,id027,train_set/train_set/voices/English/id027/05978.wav,16000,1,16,17.96
train,English,id027,train_set/train_set/voices/English/id027/02419.wav,16000,1,16,17.96
train,English,id027,train_set/train_set/voices/English/id027/00804.wav,16000,1,16,17.96
train,English,id027,train_set/train_set/voices/English/id027/03364.wav,16000,1,16,17.96
train,English,id027,train_set/train_set/voices/English/id027/05414.wav,16000,1,16,17.96
train,English,id027,train_set/train_set/voices/English/id027/04540.wav,16000,1,16,17.96
train,English,id027,train_set/train_set/voices/English/id027/01816.wav,16000,1,16,17.96
train,English,id027,train_set/train_set/voices/English/id027/04561.wav,16000,1,16,17.96
train,English,id027,train_set/train_set/voices/English/id027/00381.wav,16000,1,16,17.96
train,English,id027,train_set/train_set/voices/English/id027/04800.wav,16000,1,16,17.96
train,English,id027,train_set/train_set/voices/English/id027/06256.wav,16000,1,16,6.8
train,English,id027,train_set/train_set/voices/English/id027/00452.wav,16000,1,16,6.8
train,English,id027,train_set/train_set/voices/English/id027/00642.wav,16000,1,16,3.36
train,English,id027,train_set/train_set/voices/English/id027/05836.wav,16000,1,16,3.36
train,English,id027,train_set/train_set/voices/English/id027/02345.wav,16000,1,16,3.36
train,English,id027,train_set/train_set/voices/English/id027/00865.wav,16000,1,16,2.16
train,English,id027,train_set/train_set/voices/English/id027/05165.wav,16000,1,16,2.16
train,English,id027,train_set/train_set/voices/English/id027/05351.wav,16000,1,16,5.32
train,English,id027,train_set/train_set/voices/English/id027/01094.wav,16000,1,16,5.32
train,English,id027,train_set/train_set/voices/English/id027/06384.wav,16000,1,16,5.68
train,English,id027,train_set/train_set/voices/English/id027/05061.wav,16000,1,16,5.68
train,English,id027,train_set/train_set/voices/English/id027/05098.wav,16000,1,16,17.76
train,English,id027,train_set/train_set/voices/English/id027/02024.wav,16000,1,16,17.76
train,English,id027,train_set/train_set/voices/English/id027/00194.wav,16000,1,16,17.76
train,English,id027,train_set/train_set/voices/English/id027/01309.wav,16000,1,16,17.76
train,English,id027,train_set/train_set/voices/English/id027/06139.wav,16000,1,16,17.76
train,English,id027,train_set/train_set/voices/English/id027/03724.wav,16000,1,16,2.2
train,English,id027,train_set/train_set/voices/English/id027/06453.wav,16000,1,16,5.44
train,English,id027,train_set/train_set/voices/English/id027/06341.wav,16000,1,16,2.12
train,English,id027,train_set/train_set/voices/English/id027/03369.wav,16000,1,16,2.12
train,English,id027,train_set/train_set/voices/English/id027/02430.wav,16000,1,16,3.0
train,English,id027,train_set/train_set/voices/English/id027/00165.wav,16000,1,16,2.56
train,English,id027,train_set/train_set/voices/English/id027/06416.wav,16000,1,16,2.56
train,English,id027,train_set/train_set/voices/English/id027/04120.wav,16000,1,16,2.56
train,English,id027,train_set/train_set/voices/English/id027/06301.wav,16000,1,16,2.56
train,English,id027,train_set/train_set/voices/English/id027/03073.wav,16000,1,16,3.48
train,English,id027,train_set/train_set/voices/English/id027/00929.wav,16000,1,16,3.6
train,English,id027,train_set/train_set/voices/English/id027/03655.wav,16000,1,16,6.0
train,English,id027,train_set/train_set/voices/English/id027/00737.wav,16000,1,16,6.0
train,English,id027,train_set/train_set/voices/English/id027/05180.wav,16000,1,16,3.12
train,English,id027,train_set/train_set/voices/English/id027/01228.wav,16000,1,16,3.12
train,English,id027,train_set/train_set/voices/English/id027/05186.wav,16000,1,16,3.32
train,English,id027,train_set/train_set/voices/English/id027/06202.wav,16000,1,16,2.32
train,English,id027,train_set/train_set/voices/English/id027/02075.wav,16000,1,16,2.32
train,English,id027,train_set/train_set/voices/English/id027/00274.wav,16000,1,16,2.32
train,English,id027,train_set/train_set/voices/English/id027/00336.wav,16000,1,16,2.56
train,English,id027,train_set/train_set/voices/English/id027/01833.wav,16000,1,16,2.92
train,English,id027,train_set/train_set/voices/English/id027/03487.wav,16000,1,16,4.12
train,English,id027,train_set/train_set/voices/English/id027/01540.wav,16000,1,16,4.12
train,English,id027,train_set/train_set/voices/English/id027/01443.wav,16000,1,16,3.96
train,English,id027,train_set/train_set/voices/English/id027/03328.wav,16000,1,16,3.96
train,English,id027,train_set/train_set/voices/English/id027/00111.wav,16000,1,16,3.08
train,English,id027,train_set/train_set/voices/English/id027/02870.wav,16000,1,16,2.56
train,English,id026,train_set/train_set/voices/English/id026/04007.wav,16000,1,16,8.44
train,English,id026,train_set/train_set/voices/English/id026/02714.wav,16000,1,16,8.44
train,English,id026,train_set/train_set/voices/English/id026/03326.wav,16000,1,16,6.04
train,English,id026,train_set/train_set/voices/English/id026/04764.wav,16000,1,16,6.04
train,English,id026,train_set/train_set/voices/English/id026/05556.wav,16000,1,16,6.04
train,English,id026,train_set/train_set/voices/English/id026/02138.wav,16000,1,16,6.04
train,English,id026,train_set/train_set/voices/English/id026/00102.wav,16000,1,16,6.04
train,English,id026,train_set/train_set/voices/English/id026/04165.wav,16000,1,16,11.12
train,English,id026,train_set/train_set/voices/English/id026/00008.wav,16000,1,16,11.12
train,English,id026,train_set/train_set/voices/English/id026/04554.wav,16000,1,16,11.12
train,English,id026,train_set/train_set/voices/English/id026/03986.wav,16000,1,16,11.12
train,English,id026,train_set/train_set/voices/English/id026/01948.wav,16000,1,16,11.12
train,English,id026,train_set/train_set/voices/English/id026/04006.wav,16000,1,16,2.04
train,English,id026,train_set/train_set/voices/English/id026/00589.wav,16000,1,16,6.76
train,English,id026,train_set/train_set/voices/English/id026/05407.wav,16000,1,16,6.76
train,English,id026,train_set/train_set/voices/English/id026/05904.wav,16000,1,16,6.76
train,English,id026,train_set/train_set/voices/English/id026/00601.wav,16000,1,16,3.68
train,English,id026,train_set/train_set/voices/English/id026/05631.wav,16000,1,16,2.68
train,English,id026,train_set/train_set/voices/English/id026/04923.wav,16000,1,16,2.08
train,English,id026,train_set/train_set/voices/English/id026/04887.wav,16000,1,16,6.72
train,English,id026,train_set/train_set/voices/English/id026/05426.wav,16000,1,16,4.28
train,English,id026,train_set/train_set/voices/English/id026/01796.wav,16000,1,16,6.24
train,English,id026,train_set/train_set/voices/English/id026/06020.wav,16000,1,16,6.24
train,English,id026,train_set/train_set/voices/English/id026/01031.wav,16000,1,16,6.24
train,English,id026,train_set/train_set/voices/English/id026/01966.wav,16000,1,16,4.6
train,English,id026,train_set/train_set/voices/English/id026/06080.wav,16000,1,16,4.6
train,English,id026,train_set/train_set/voices/English/id026/05544.wav,16000,1,16,4.96
train,English,id026,train_set/train_set/voices/English/id026/01108.wav,16000,1,16,7.96
train,English,id026,train_set/train_set/voices/English/id026/02931.wav,16000,1,16,8.2
train,English,id026,train_set/train_set/voices/English/id026/00301.wav,16000,1,16,8.2
train,English,id026,train_set/train_set/voices/English/id026/03878.wav,16000,1,16,8.2
train,English,id026,train_set/train_set/voices/English/id026/00537.wav,16000,1,16,2.16
train,English,id026,train_set/train_set/voices/English/id026/01517.wav,16000,1,16,4.56
train,English,id026,train_set/train_set/voices/English/id026/06261.wav,16000,1,16,4.56
train,English,id026,train_set/train_set/voices/English/id026/03057.wav,16000,1,16,5.64
train,English,id026,train_set/train_set/voices/English/id026/02619.wav,16000,1,16,5.64
train,English,id026,train_set/train_set/voices/English/id026/03742.wav,16000,1,16,3.84
train,English,id026,train_set/train_set/voices/English/id026/05135.wav,16000,1,16,3.2
train,English,id026,train_set/train_set/voices/English/id026/01184.wav,16000,1,16,4.44
train,English,id026,train_set/train_set/voices/English/id026/01977.wav,16000,1,16,4.44
train,English,id026,train_set/train_set/voices/English/id026/05798.wav,16000,1,16,2.36
train,English,id026,train_set/train_set/voices/English/id026/01404.wav,16000,1,16,3.8
train,English,id026,train_set/train_set/voices/English/id026/01920.wav,16000,1,16,3.8
train,English,id026,train_set/train_set/voices/English/id026/03556.wav,16000,1,16,3.6
train,English,id026,train_set/train_set/voices/English/id026/03541.wav,16000,1,16,3.76
train,English,id026,train_set/train_set/voices/English/id026/05195.wav,16000,1,16,3.76
train,English,id026,train_set/train_set/voices/English/id026/03832.wav,16000,1,16,3.12
train,English,id026,train_set/train_set/voices/English/id026/02212.wav,16000,1,16,3.12
train,English,id026,train_set/train_set/voices/English/id026/01080.wav,16000,1,16,3.12
train,English,id026,train_set/train_set/voices/English/id026/05536.wav,16000,1,16,3.12
train,English,id026,train_set/train_set/voices/English/id026/06281.wav,16000,1,16,4.24
train,English,id026,train_set/train_set/voices/English/id026/03846.wav,16000,1,16,4.52
train,English,id026,train_set/train_set/voices/English/id026/03728.wav,16000,1,16,3.76
train,English,id026,train_set/train_set/voices/English/id026/04799.wav,16000,1,16,3.76
train,English,id026,train_set/train_set/voices/English/id026/02031.wav,16000,1,16,10.0
train,English,id026,train_set/train_set/voices/English/id026/00118.wav,16000,1,16,10.0
train,English,id026,train_set/train_set/voices/English/id026/02608.wav,16000,1,16,10.0
train,English,id026,train_set/train_set/voices/English/id026/03788.wav,16000,1,16,10.0
train,English,id026,train_set/train_set/voices/English/id026/01102.wav,16000,1,16,4.96
train,English,id026,train_set/train_set/voices/English/id026/06232.wav,16000,1,16,4.96
train,English,id026,train_set/train_set/voices/English/id026/04971.wav,16000,1,16,4.96
train,English,id026,train_set/train_set/voices/English/id026/02941.wav,16000,1,16,5.24
train,English,id026,train_set/train_set/voices/English/id026/05316.wav,16000,1,16,5.24
train,English,id026,train_set/train_set/voices/English/id026/02814.wav,16000,1,16,5.24
train,English,id026,train_set/train_set/voices/English/id026/06158.wav,16000,1,16,7.56
train,English,id026,train_set/train_set/voices/English/id026/04664.wav,16000,1,16,7.56
train,English,id026,train_set/train_set/voices/English/id026/02137.wav,16000,1,16,7.56
train,English,id026,train_set/train_set/voices/English/id026/01829.wav,16000,1,16,9.44
train,English,id026,train_set/train_set/voices/English/id026/04002.wav,16000,1,16,9.44
train,English,id026,train_set/train_set/voices/English/id026/04881.wav,16000,1,16,9.44
train,English,id026,train_set/train_set/voices/English/id026/02598.wav,16000,1,16,9.44
train,English,id026,train_set/train_set/voices/English/id026/02837.wav,16000,1,16,9.44
train,English,id026,train_set/train_set/voices/English/id026/02279.wav,16000,1,16,4.28
train,English,id026,train_set/train_set/voices/English/id026/03998.wav,16000,1,16,5.12
train,English,id026,train_set/train_set/voices/English/id026/05111.wav,16000,1,16,6.6
train,English,id026,train_set/train_set/voices/English/id026/04039.wav,16000,1,16,6.6
train,English,id026,train_set/train_set/voices/English/id026/04700.wav,16000,1,16,9.64
train,English,id026,train_set/train_set/voices/English/id026/02406.wav,16000,1,16,9.64
train,English,id026,train_set/train_set/voices/English/id026/05136.wav,16000,1,16,9.64
train,English,id026,train_set/train_set/voices/English/id026/04321.wav,16000,1,16,9.64
train,English,id026,train_set/train_set/voices/English/id026/03438.wav,16000,1,16,9.64
train,English,id026,train_set/train_set/voices/English/id026/05883.wav,16000,1,16,9.64
train,English,id026,train_set/train_set/voices/English/id026/03725.wav,16000,1,16,2.4
train,English,id026,train_set/train_set/voices/English/id026/04638.wav,16000,1,16,12.32
train,English,id026,train_set/train_set/voices/English/id026/05377.wav,16000,1,16,12.32
train,English,id026,train_set/train_set/voices/English/id026/05441.wav,16000,1,16,12.32
train,English,id026,train_set/train_set/voices/English/id026/00370.wav,16000,1,16,3.92
train,English,id026,train_set/train_set/voices/English/id026/02979.wav,16000,1,16,5.6
train,English,id026,train_set/train_set/voices/English/id026/02540.wav,16000,1,16,7.16
train,English,id026,train_set/train_set/voices/English/id026/01494.wav,16000,1,16,7.16
train,English,id026,train_set/train_set/voices/English/id026/01578.wav,16000,1,16,7.16
train,English,id026,train_set/train_set/voices/English/id026/04961.wav,16000,1,16,5.12
train,English,id026,train_set/train_set/voices/English/id026/02750.wav,16000,1,16,5.36
train,English,id026,train_set/train_set/voices/English/id026/05703.wav,16000,1,16,5.72
train,English,id026,train_set/train_set/voices/English/id026/05799.wav,16000,1,16,2.88
train,English,id026,train_set/train_set/voices/English/id026/01488.wav,16000,1,16,3.84
train,English,id026,train_set/train_set/voices/English/id026/02313.wav,16000,1,16,3.24
train,English,id026,train_set/train_set/voices/English/id026/02304.wav,16000,1,16,2.0
train,English,id026,train_set/train_set/voices/English/id026/02005.wav,16000,1,16,5.12
train,English,id026,train_set/train_set/voices/English/id026/02439.wav,16000,1,16,2.48
train,English,id026,train_set/train_set/voices/English/id026/02145.wav,16000,1,16,7.24
train,English,id026,train_set/train_set/voices/English/id026/03169.wav,16000,1,16,7.24
train,English,id026,train_set/train_set/voices/English/id026/00490.wav,16000,1,16,2.08
train,English,id026,train_set/train_set/voices/English/id026/01638.wav,16000,1,16,4.12
train,English,id026,train_set/train_set/voices/English/id026/04012.wav,16000,1,16,3.92
train,English,id026,train_set/train_set/voices/English/id026/02842.wav,16000,1,16,3.92
train,English,id026,train_set/train_set/voices/English/id026/01353.wav,16000,1,16,3.92
train,English,id026,train_set/train_set/voices/English/id026/03814.wav,16000,1,16,7.88
train,English,id026,train_set/train_set/voices/English/id026/04377.wav,16000,1,16,7.88
train,English,id026,train_set/train_set/voices/English/id026/00374.wav,16000,1,16,3.92
train,English,id026,train_set/train_set/voices/English/id026/04323.wav,16000,1,16,4.04
train,English,id026,train_set/train_set/voices/English/id026/04862.wav,16000,1,16,2.08
train,English,id026,train_set/train_set/voices/English/id026/02209.wav,16000,1,16,3.84
train,English,id026,train_set/train_set/voices/English/id026/03488.wav,16000,1,16,3.88
train,English,id026,train_set/train_set/voices/English/id026/03305.wav,16000,1,16,4.76
train,English,id026,train_set/train_set/voices/English/id026/04464.wav,16000,1,16,4.76
train,English,id026,train_set/train_set/voices/English/id026/01180.wav,16000,1,16,4.76
train,English,id026,train_set/train_set/voices/English/id026/04204.wav,16000,1,16,4.76
train,English,id026,train_set/train_set/voices/English/id026/01900.wav,16000,1,16,2.36
train,English,id026,train_set/train_set/voices/English/id026/06346.wav,16000,1,16,5.32
train,English,id026,train_set/train_set/voices/English/id026/03289.wav,16000,1,16,5.32
train,English,id026,train_set/train_set/voices/English/id026/04567.wav,16000,1,16,2.12
train,English,id026,train_set/train_set/voices/English/id026/01963.wav,16000,1,16,2.64
train,English,id026,train_set/train_set/voices/English/id026/06155.wav,16000,1,16,3.2
train,English,id026,train_set/train_set/voices/English/id026/05863.wav,16000,1,16,3.88
train,English,id026,train_set/train_set/voices/English/id026/04480.wav,16000,1,16,3.88
train,English,id026,train_set/train_set/voices/English/id026/00199.wav,16000,1,16,2.48
train,English,id026,train_set/train_set/voices/English/id026/00355.wav,16000,1,16,3.84
train,English,id026,train_set/train_set/voices/English/id026/04187.wav,16000,1,16,2.92
train,English,id026,train_set/train_set/voices/English/id026/03116.wav,16000,1,16,2.96
train,English,id026,train_set/train_set/voices/English/id026/03703.wav,16000,1,16,4.96
train,English,id026,train_set/train_set/voices/English/id026/01687.wav,16000,1,16,4.96
train,English,id026,train_set/train_set/voices/English/id026/05559.wav,16000,1,16,2.32
train,English,id026,train_set/train_set/voices/English/id026/02132.wav,16000,1,16,2.64
train,English,id026,train_set/train_set/voices/English/id026/04486.wav,16000,1,16,2.64
train,English,id026,train_set/train_set/voices/English/id026/02751.wav,16000,1,16,4.88
train,English,id026,train_set/train_set/voices/English/id026/03857.wav,16000,1,16,4.88
train,English,id026,train_set/train_set/voices/English/id026/02552.wav,16000,1,16,3.96
train,English,id043,train_set/train_set/voices/English/id043/06468.wav,16000,1,16,13.16
train,English,id043,train_set/train_set/voices/English/id043/05827.wav,16000,1,16,13.16
train,English,id043,train_set/train_set/voices/English/id043/05444.wav,16000,1,16,13.16
train,English,id043,train_set/train_set/voices/English/id043/06223.wav,16000,1,16,13.16
train,English,id043,train_set/train_set/voices/English/id043/01326.wav,16000,1,16,13.16
train,English,id043,train_set/train_set/voices/English/id043/05350.wav,16000,1,16,13.16
train,English,id043,train_set/train_set/voices/English/id043/02687.wav,16000,1,16,13.16
train,English,id043,train_set/train_set/voices/English/id043/00644.wav,16000,1,16,13.16
train,English,id043,train_set/train_set/voices/English/id043/00009.wav,16000,1,16,13.16
train,English,id043,train_set/train_set/voices/English/id043/02016.wav,16000,1,16,13.16
train,English,id043,train_set/train_set/voices/English/id043/03812.wav,16000,1,16,32.76
train,English,id043,train_set/train_set/voices/English/id043/04726.wav,16000,1,16,32.76
train,English,id043,train_set/train_set/voices/English/id043/01989.wav,16000,1,16,32.76
train,English,id043,train_set/train_set/voices/English/id043/04325.wav,16000,1,16,32.76
train,English,id043,train_set/train_set/voices/English/id043/01226.wav,16000,1,16,32.76
train,English,id043,train_set/train_set/voices/English/id043/04982.wav,16000,1,16,32.76
train,English,id043,train_set/train_set/voices/English/id043/05620.wav,16000,1,16,32.76
train,English,id043,train_set/train_set/voices/English/id043/00291.wav,16000,1,16,32.76
train,English,id043,train_set/train_set/voices/English/id043/00488.wav,16000,1,16,32.76
train,English,id043,train_set/train_set/voices/English/id043/06434.wav,16000,1,16,32.76
train,English,id043,train_set/train_set/voices/English/id043/03138.wav,16000,1,16,32.76
train,English,id043,train_set/train_set/voices/English/id043/04957.wav,16000,1,16,32.76
train,English,id043,train_set/train_set/voices/English/id043/02807.wav,16000,1,16,32.76
train,English,id043,train_set/train_set/voices/English/id043/04805.wav,16000,1,16,32.76
train,English,id043,train_set/train_set/voices/English/id043/02157.wav,16000,1,16,32.76
train,English,id043,train_set/train_set/voices/English/id043/00540.wav,16000,1,16,32.76
train,English,id043,train_set/train_set/voices/English/id043/04430.wav,16000,1,16,32.76
train,English,id043,train_set/train_set/voices/English/id043/05553.wav,16000,1,16,32.76
train,English,id043,train_set/train_set/voices/English/id043/02072.wav,16000,1,16,32.76
train,English,id043,train_set/train_set/voices/English/id043/04297.wav,16000,1,16,32.76
train,English,id043,train_set/train_set/voices/English/id043/05654.wav,16000,1,16,32.76
train,English,id043,train_set/train_set/voices/English/id043/05684.wav,16000,1,16,32.76
train,English,id043,train_set/train_set/voices/English/id043/03676.wav,16000,1,16,32.76
train,English,id043,train_set/train_set/voices/English/id043/06211.wav,16000,1,16,32.76
train,English,id043,train_set/train_set/voices/English/id043/03425.wav,16000,1,16,4.48
train,English,id043,train_set/train_set/voices/English/id043/01064.wav,16000,1,16,4.48
train,English,id043,train_set/train_set/voices/English/id043/01855.wav,16000,1,16,4.48
train,English,id043,train_set/train_set/voices/English/id043/03596.wav,16000,1,16,4.48
train,English,id043,train_set/train_set/voices/English/id043/01793.wav,16000,1,16,4.48
train,English,id043,train_set/train_set/voices/English/id043/04445.wav,16000,1,16,6.52
train,English,id043,train_set/train_set/voices/English/id043/00075.wav,16000,1,16,6.52
train,English,id043,train_set/train_set/voices/English/id043/01361.wav,16000,1,16,6.52
train,English,id043,train_set/train_set/voices/English/id043/00814.wav,16000,1,16,6.52
train,English,id043,train_set/train_set/voices/English/id043/03451.wav,16000,1,16,2.96
train,English,id043,train_set/train_set/voices/English/id043/04051.wav,16000,1,16,13.68
train,English,id043,train_set/train_set/voices/English/id043/01762.wav,16000,1,16,13.68
train,English,id043,train_set/train_set/voices/English/id043/01875.wav,16000,1,16,13.68
train,English,id043,train_set/train_set/voices/English/id043/06012.wav,16000,1,16,13.68
train,English,id043,train_set/train_set/voices/English/id043/03779.wav,16000,1,16,13.68
train,English,id043,train_set/train_set/voices/English/id043/02858.wav,16000,1,16,13.68
train,English,id043,train_set/train_set/voices/English/id043/06006.wav,16000,1,16,13.68
train,English,id043,train_set/train_set/voices/English/id043/06383.wav,16000,1,16,13.68
train,English,id043,train_set/train_set/voices/English/id043/01752.wav,16000,1,16,5.92
train,English,id043,train_set/train_set/voices/English/id043/04308.wav,16000,1,16,5.92
train,English,id043,train_set/train_set/voices/English/id043/05975.wav,16000,1,16,5.92
train,English,id043,train_set/train_set/voices/English/id043/01158.wav,16000,1,16,5.92
train,English,id043,train_set/train_set/voices/English/id043/04240.wav,16000,1,16,5.92
train,English,id043,train_set/train_set/voices/English/id043/00290.wav,16000,1,16,7.2
train,English,id043,train_set/train_set/voices/English/id043/03152.wav,16000,1,16,7.2
train,English,id043,train_set/train_set/voices/English/id043/03972.wav,16000,1,16,2.4
train,English,id043,train_set/train_set/voices/English/id043/00660.wav,16000,1,16,2.0
train,English,id043,train_set/train_set/voices/English/id043/05676.wav,16000,1,16,2.0
train,English,id043,train_set/train_set/voices/English/id043/06458.wav,16000,1,16,5.04
train,English,id043,train_set/train_set/voices/English/id043/00781.wav,16000,1,16,5.04
train,English,id043,train_set/train_set/voices/English/id043/04534.wav,16000,1,16,5.04
train,English,id043,train_set/train_set/voices/English/id043/02472.wav,16000,1,16,5.04
train,English,id043,train_set/train_set/voices/English/id043/06101.wav,16000,1,16,5.04
train,English,id043,train_set/train_set/voices/English/id043/01254.wav,16000,1,16,2.84
train,English,id043,train_set/train_set/voices/English/id043/04472.wav,16000,1,16,2.84
train,English,id043,train_set/train_set/voices/English/id043/03582.wav,16000,1,16,7.08
train,English,id043,train_set/train_set/voices/English/id043/03119.wav,16000,1,16,7.08
train,English,id043,train_set/train_set/voices/English/id043/00174.wav,16000,1,16,7.08
train,English,id043,train_set/train_set/voices/English/id043/05991.wav,16000,1,16,7.08
train,English,id043,train_set/train_set/voices/English/id043/01415.wav,16000,1,16,11.36
train,English,id043,train_set/train_set/voices/English/id043/03213.wav,16000,1,16,11.36
train,English,id043,train_set/train_set/voices/English/id043/05487.wav,16000,1,16,11.36
train,English,id043,train_set/train_set/voices/English/id043/05856.wav,16000,1,16,11.36
train,English,id043,train_set/train_set/voices/English/id043/00742.wav,16000,1,16,11.36
train,English,id043,train_set/train_set/voices/English/id043/04140.wav,16000,1,16,11.36
train,English,id043,train_set/train_set/voices/English/id043/00081.wav,16000,1,16,11.36
train,English,id043,train_set/train_set/voices/English/id043/01830.wav,16000,1,16,11.36
train,English,id043,train_set/train_set/voices/English/id043/02692.wav,16000,1,16,11.36
train,English,id043,train_set/train_set/voices/English/id043/03623.wav,16000,1,16,9.84
train,English,id043,train_set/train_set/voices/English/id043/04904.wav,16000,1,16,9.84
train,English,id043,train_set/train_set/voices/English/id043/00422.wav,16000,1,16,9.84
train,English,id043,train_set/train_set/voices/English/id043/03220.wav,16000,1,16,9.84
train,English,id043,train_set/train_set/voices/English/id043/04947.wav,16000,1,16,9.84
train,English,id043,train_set/train_set/voices/English/id043/05579.wav,16000,1,16,9.84
train,English,id043,train_set/train_set/voices/English/id043/06349.wav,16000,1,16,7.96
train,English,id043,train_set/train_set/voices/English/id043/02351.wav,16000,1,16,7.96
train,English,id043,train_set/train_set/voices/English/id043/02131.wav,16000,1,16,7.96
train,English,id043,train_set/train_set/voices/English/id043/01563.wav,16000,1,16,7.96
train,English,id043,train_set/train_set/voices/English/id043/01149.wav,16000,1,16,7.96
train,English,id043,train_set/train_set/voices/English/id043/05709.wav,16000,1,16,7.96
train,English,id043,train_set/train_set/voices/English/id043/01081.wav,16000,1,16,7.96
train,English,id043,train_set/train_set/voices/English/id043/02688.wav,16000,1,16,4.72
train,English,id043,train_set/train_set/voices/English/id043/02067.wav,16000,1,16,4.72
train,English,id043,train_set/train_set/voices/English/id043/05358.wav,16000,1,16,4.72
train,English,id043,train_set/train_set/voices/English/id043/00377.wav,16000,1,16,2.36
train,English,id043,train_set/train_set/voices/English/id043/00932.wav,16000,1,16,2.36
train,English,id043,train_set/train_set/voices/English/id043/05860.wav,16000,1,16,3.6
train,English,id043,train_set/train_set/voices/English/id043/00343.wav,16000,1,16,3.6
train,English,id043,train_set/train_set/voices/English/id043/05605.wav,16000,1,16,3.6
train,English,id043,train_set/train_set/voices/English/id043/00231.wav,16000,1,16,3.6
train,English,id043,train_set/train_set/voices/English/id043/01953.wav,16000,1,16,3.08
train,English,id043,train_set/train_set/voices/English/id043/02586.wav,16000,1,16,3.08
train,English,id043,train_set/train_set/voices/English/id043/04433.wav,16000,1,16,3.08
train,English,id043,train_set/train_set/voices/English/id043/05672.wav,16000,1,16,3.08
train,English,id043,train_set/train_set/voices/English/id043/05034.wav,16000,1,16,2.88
train,English,id034,train_set/train_set/voices/English/id034/03494.wav,16000,1,16,2.16
train,English,id034,train_set/train_set/voices/English/id034/02362.wav,16000,1,16,7.72
train,English,id034,train_set/train_set/voices/English/id034/01047.wav,16000,1,16,7.72
train,English,id034,train_set/train_set/voices/English/id034/00276.wav,16000,1,16,8.32
train,English,id034,train_set/train_set/voices/English/id034/04691.wav,16000,1,16,2.88
train,English,id034,train_set/train_set/voices/English/id034/06373.wav,16000,1,16,2.88
train,English,id034,train_set/train_set/voices/English/id034/06276.wav,16000,1,16,2.88
train,English,id034,train_set/train_set/voices/English/id034/04985.wav,16000,1,16,6.0
train,English,id034,train_set/train_set/voices/English/id034/05535.wav,16000,1,16,6.0
train,English,id034,train_set/train_set/voices/English/id034/05750.wav,16000,1,16,6.0
train,English,id034,train_set/train_set/voices/English/id034/00458.wav,16000,1,16,5.16
train,English,id034,train_set/train_set/voices/English/id034/03308.wav,16000,1,16,7.8
train,English,id034,train_set/train_set/voices/English/id034/03484.wav,16000,1,16,7.8
train,English,id034,train_set/train_set/voices/English/id034/02061.wav,16000,1,16,7.8
train,English,id034,train_set/train_set/voices/English/id034/06467.wav,16000,1,16,7.8
train,English,id034,train_set/train_set/voices/English/id034/05405.wav,16000,1,16,11.0
train,English,id034,train_set/train_set/voices/English/id034/00415.wav,16000,1,16,11.0
train,English,id034,train_set/train_set/voices/English/id034/02108.wav,16000,1,16,11.0
train,English,id034,train_set/train_set/voices/English/id034/00352.wav,16000,1,16,11.0
train,English,id034,train_set/train_set/voices/English/id034/06380.wav,16000,1,16,3.6
train,English,id034,train_set/train_set/voices/English/id034/05363.wav,16000,1,16,5.8
train,English,id034,train_set/train_set/voices/English/id034/03134.wav,16000,1,16,3.56
train,English,id034,train_set/train_set/voices/English/id034/03717.wav,16000,1,16,10.64
train,English,id034,train_set/train_set/voices/English/id034/03753.wav,16000,1,16,10.64
train,English,id034,train_set/train_set/voices/English/id034/05356.wav,16000,1,16,10.64
train,English,id034,train_set/train_set/voices/English/id034/06397.wav,16000,1,16,10.64
train,English,id034,train_set/train_set/voices/English/id034/05000.wav,16000,1,16,10.64
train,English,id034,train_set/train_set/voices/English/id034/04704.wav,16000,1,16,4.0
train,English,id034,train_set/train_set/voices/English/id034/06130.wav,16000,1,16,4.0
train,English,id034,train_set/train_set/voices/English/id034/04496.wav,16000,1,16,3.32
train,English,id034,train_set/train_set/voices/English/id034/05043.wav,16000,1,16,2.0
train,English,id034,train_set/train_set/voices/English/id034/00777.wav,16000,1,16,2.0
train,English,id034,train_set/train_set/voices/English/id034/05938.wav,16000,1,16,2.0
train,English,id034,train_set/train_set/voices/English/id034/02739.wav,16000,1,16,2.0
train,English,id034,train_set/train_set/voices/English/id034/04294.wav,16000,1,16,2.0
train,English,id034,train_set/train_set/voices/English/id034/01005.wav,16000,1,16,6.08
train,English,id034,train_set/train_set/voices/English/id034/04432.wav,16000,1,16,6.08
train,English,id034,train_set/train_set/voices/English/id034/04903.wav,16000,1,16,6.08
train,English,id034,train_set/train_set/voices/English/id034/02234.wav,16000,1,16,2.6
train,English,id034,train_set/train_set/voices/English/id034/03052.wav,16000,1,16,4.32
train,English,id034,train_set/train_set/voices/English/id034/00797.wav,16000,1,16,4.32
train,English,id034,train_set/train_set/voices/English/id034/00815.wav,16000,1,16,4.32
train,English,id034,train_set/train_set/voices/English/id034/01642.wav,16000,1,16,3.36
train,English,id034,train_set/train_set/voices/English/id034/06368.wav,16000,1,16,3.4
train,English,id034,train_set/train_set/voices/English/id034/03678.wav,16000,1,16,4.68
train,English,id034,train_set/train_set/voices/English/id034/01043.wav,16000,1,16,2.08
train,English,id034,train_set/train_set/voices/English/id034/05572.wav,16000,1,16,4.12
train,English,id034,train_set/train_set/voices/English/id034/05428.wav,16000,1,16,5.2
train,English,id034,train_set/train_set/voices/English/id034/06394.wav,16000,1,16,2.08
train,English,id034,train_set/train_set/voices/English/id034/02416.wav,16000,1,16,2.08
train,English,id034,train_set/train_set/voices/English/id034/05364.wav,16000,1,16,3.16
train,English,id034,train_set/train_set/voices/English/id034/02102.wav,16000,1,16,3.2
train,English,id034,train_set/train_set/voices/English/id034/03519.wav,16000,1,16,2.76
train,English,id034,train_set/train_set/voices/English/id034/00907.wav,16000,1,16,3.36
train,English,id034,train_set/train_set/voices/English/id034/04243.wav,16000,1,16,3.36
train,English,id034,train_set/train_set/voices/English/id034/03521.wav,16000,1,16,3.36
train,English,id034,train_set/train_set/voices/English/id034/03777.wav,16000,1,16,5.88
train,English,id034,train_set/train_set/voices/English/id034/05531.wav,16000,1,16,4.76
train,English,id034,train_set/train_set/voices/English/id034/04520.wav,16000,1,16,4.76
train,English,id034,train_set/train_set/voices/English/id034/01477.wav,16000,1,16,4.28
train,English,id034,train_set/train_set/voices/English/id034/04788.wav,16000,1,16,4.28
train,English,id034,train_set/train_set/voices/English/id034/04868.wav,16000,1,16,4.04
train,English,id034,train_set/train_set/voices/English/id034/01008.wav,16000,1,16,4.04
train,English,id034,train_set/train_set/voices/English/id034/06216.wav,16000,1,16,3.88
train,English,id034,train_set/train_set/voices/English/id034/01198.wav,16000,1,16,15.04
train,English,id034,train_set/train_set/voices/English/id034/03674.wav,16000,1,16,15.04
train,English,id034,train_set/train_set/voices/English/id034/00032.wav,16000,1,16,15.04
train,English,id034,train_set/train_set/voices/English/id034/03410.wav,16000,1,16,15.04
train,English,id034,train_set/train_set/voices/English/id034/03197.wav,16000,1,16,3.56
train,English,id034,train_set/train_set/voices/English/id034/00318.wav,16000,1,16,4.04
train,English,id034,train_set/train_set/voices/English/id034/00365.wav,16000,1,16,3.68
train,English,id034,train_set/train_set/voices/English/id034/00563.wav,16000,1,16,3.88
train,English,id034,train_set/train_set/voices/English/id034/01487.wav,16000,1,16,3.88
train,English,id034,train_set/train_set/voices/English/id034/04284.wav,16000,1,16,7.24
train,English,id034,train_set/train_set/voices/English/id034/06148.wav,16000,1,16,7.24
train,English,id034,train_set/train_set/voices/English/id034/05651.wav,16000,1,16,7.24
train,English,id034,train_set/train_set/voices/English/id034/01537.wav,16000,1,16,6.04
train,English,id034,train_set/train_set/voices/English/id034/05126.wav,16000,1,16,6.04
train,English,id034,train_set/train_set/voices/English/id034/02198.wav,16000,1,16,6.04
train,English,id034,train_set/train_set/voices/English/id034/02427.wav,16000,1,16,6.04
train,English,id034,train_set/train_set/voices/English/id034/02440.wav,16000,1,16,6.04
train,English,id034,train_set/train_set/voices/English/id034/04743.wav,16000,1,16,6.04
train,English,id034,train_set/train_set/voices/English/id034/05393.wav,16000,1,16,2.6
train,English,id034,train_set/train_set/voices/English/id034/03633.wav,16000,1,16,4.56
train,English,id034,train_set/train_set/voices/English/id034/01271.wav,16000,1,16,3.8
train,English,id034,train_set/train_set/voices/English/id034/00010.wav,16000,1,16,3.8
train,English,id034,train_set/train_set/voices/English/id034/05911.wav,16000,1,16,4.68
train,English,id034,train_set/train_set/voices/English/id034/04214.wav,16000,1,16,4.68
train,English,id034,train_set/train_set/voices/English/id034/02001.wav,16000,1,16,4.68
train,English,id034,train_set/train_set/voices/English/id034/05446.wav,16000,1,16,4.48
train,English,id034,train_set/train_set/voices/English/id034/00846.wav,16000,1,16,4.48
train,English,id034,train_set/train_set/voices/English/id034/03849.wav,16000,1,16,2.6
train,English,id034,train_set/train_set/voices/English/id034/04035.wav,16000,1,16,2.64
train,English,id034,train_set/train_set/voices/English/id034/01427.wav,16000,1,16,2.64
train,English,id034,train_set/train_set/voices/English/id034/02896.wav,16000,1,16,2.04
train,English,id034,train_set/train_set/voices/English/id034/00556.wav,16000,1,16,2.96
train,English,id034,train_set/train_set/voices/English/id034/04146.wav,16000,1,16,2.96
train,English,id034,train_set/train_set/voices/English/id034/02830.wav,16000,1,16,2.96
train,English,id034,train_set/train_set/voices/English/id034/01016.wav,16000,1,16,2.48
train,English,id034,train_set/train_set/voices/English/id034/00392.wav,16000,1,16,2.48
train,English,id034,train_set/train_set/voices/English/id034/02059.wav,16000,1,16,3.96
train,English,id034,train_set/train_set/voices/English/id034/03946.wav,16000,1,16,3.96
train,English,id034,train_set/train_set/voices/English/id034/00105.wav,16000,1,16,3.96
train,English,id034,train_set/train_set/voices/English/id034/05909.wav,16000,1,16,2.44
train,English,id034,train_set/train_set/voices/English/id034/02914.wav,16000,1,16,2.52
train,English,id034,train_set/train_set/voices/English/id034/04426.wav,16000,1,16,2.32
train,English,id034,train_set/train_set/voices/English/id034/01691.wav,16000,1,16,2.12
train,English,id034,train_set/train_set/voices/English/id034/03196.wav,16000,1,16,2.2
train,English,id034,train_set/train_set/voices/English/id034/03150.wav,16000,1,16,9.2
train,English,id034,train_set/train_set/voices/English/id034/00043.wav,16000,1,16,9.2
train,English,id034,train_set/train_set/voices/English/id034/03853.wav,16000,1,16,9.2
train,English,id034,train_set/train_set/voices/English/id034/04376.wav,16000,1,16,9.2
train,English,id034,train_set/train_set/voices/English/id034/06068.wav,16000,1,16,9.2
train,English,id034,train_set/train_set/voices/English/id034/05352.wav,16000,1,16,4.48
train,English,id034,train_set/train_set/voices/English/id034/03927.wav,16000,1,16,4.48
train,English,id034,train_set/train_set/voices/English/id034/01668.wav,16000,1,16,4.72
train,English,id031,train_set/train_set/voices/English/id031/02906.wav,16000,1,16,14.76
train,English,id031,train_set/train_set/voices/English/id031/03035.wav,16000,1,16,14.76
train,English,id031,train_set/train_set/voices/English/id031/02580.wav,16000,1,16,2.64
train,English,id031,train_set/train_set/voices/English/id031/00431.wav,16000,1,16,6.08
train,English,id031,train_set/train_set/voices/English/id031/00688.wav,16000,1,16,6.08
train,English,id031,train_set/train_set/voices/English/id031/05171.wav,16000,1,16,3.04
train,English,id031,train_set/train_set/voices/English/id031/03797.wav,16000,1,16,5.48
train,English,id031,train_set/train_set/voices/English/id031/00011.wav,16000,1,16,2.64
train,English,id031,train_set/train_set/voices/English/id031/05058.wav,16000,1,16,5.72
train,English,id031,train_set/train_set/voices/English/id031/00641.wav,16000,1,16,5.72
train,English,id031,train_set/train_set/voices/English/id031/03478.wav,16000,1,16,2.24
train,English,id031,train_set/train_set/voices/English/id031/00340.wav,16000,1,16,2.24
train,English,id031,train_set/train_set/voices/English/id031/00480.wav,16000,1,16,6.96
train,English,id031,train_set/train_set/voices/English/id031/01713.wav,16000,1,16,3.72
train,English,id031,train_set/train_set/voices/English/id031/02894.wav,16000,1,16,3.72
train,English,id031,train_set/train_set/voices/English/id031/06441.wav,16000,1,16,2.44
train,English,id031,train_set/train_set/voices/English/id031/05483.wav,16000,1,16,2.44
train,English,id031,train_set/train_set/voices/English/id031/04553.wav,16000,1,16,2.36
train,English,id031,train_set/train_set/voices/English/id031/03357.wav,16000,1,16,2.36
train,English,id031,train_set/train_set/voices/English/id031/02373.wav,16000,1,16,2.36
train,English,id031,train_set/train_set/voices/English/id031/01342.wav,16000,1,16,4.24
train,English,id031,train_set/train_set/voices/English/id031/06403.wav,16000,1,16,4.24
train,English,id031,train_set/train_set/voices/English/id031/00995.wav,16000,1,16,4.24
train,English,id031,train_set/train_set/voices/English/id031/03331.wav,16000,1,16,2.2
train,English,id031,train_set/train_set/voices/English/id031/06359.wav,16000,1,16,2.2
train,English,id031,train_set/train_set/voices/English/id031/05573.wav,16000,1,16,2.2
train,English,id031,train_set/train_set/voices/English/id031/01845.wav,16000,1,16,4.92
train,English,id031,train_set/train_set/voices/English/id031/01317.wav,16000,1,16,3.24
train,English,id031,train_set/train_set/voices/English/id031/04194.wav,16000,1,16,3.24
train,English,id031,train_set/train_set/voices/English/id031/05768.wav,16000,1,16,3.24
train,English,id031,train_set/train_set/voices/English/id031/00810.wav,16000,1,16,3.32
train,English,id031,train_set/train_set/voices/English/id031/00368.wav,16000,1,16,2.4
train,English,id031,train_set/train_set/voices/English/id031/04544.wav,16000,1,16,3.68
train,English,id031,train_set/train_set/voices/English/id031/05886.wav,16000,1,16,3.68
train,English,id031,train_set/train_set/voices/English/id031/04596.wav,16000,1,16,3.68
train,English,id031,train_set/train_set/voices/English/id031/01147.wav,16000,1,16,2.0
train,English,id031,train_set/train_set/voices/English/id031/03679.wav,16000,1,16,2.0
train,English,id031,train_set/train_set/voices/English/id031/00943.wav,16000,1,16,2.76
train,English,id031,train_set/train_set/voices/English/id031/06118.wav,16000,1,16,4.56
train,English,id031,train_set/train_set/voices/English/id031/00812.wav,16000,1,16,4.56
train,English,id031,train_set/train_set/voices/English/id031/03560.wav,16000,1,16,4.56
train,English,id031,train_set/train_set/voices/English/id031/00979.wav,16000,1,16,2.12
train,English,id031,train_set/train_set/voices/English/id031/01074.wav,16000,1,16,5.52
train,English,id031,train_set/train_set/voices/English/id031/04945.wav,16000,1,16,5.52
train,English,id031,train_set/train_set/voices/English/id031/00531.wav,16000,1,16,3.0
train,English,id031,train_set/train_set/voices/English/id031/05841.wav,16000,1,16,5.76
train,English,id031,train_set/train_set/voices/English/id031/04779.wav,16000,1,16,2.32
train,English,id031,train_set/train_set/voices/English/id031/06422.wav,16000,1,16,4.0
train,English,id031,train_set/train_set/voices/English/id031/00712.wav,16000,1,16,6.96
train,English,id031,train_set/train_set/voices/English/id031/05288.wav,16000,1,16,9.64
train,English,id031,train_set/train_set/voices/English/id031/00192.wav,16000,1,16,3.08
train,English,id031,train_set/train_set/voices/English/id031/05272.wav,16000,1,16,5.76
train,English,id031,train_set/train_set/voices/English/id031/00600.wav,16000,1,16,5.08
train,English,id031,train_set/train_set/voices/English/id031/02907.wav,16000,1,16,4.28
train,English,id031,train_set/train_set/voices/English/id031/01188.wav,16000,1,16,2.92
train,English,id031,train_set/train_set/voices/English/id031/05849.wav,16000,1,16,2.2
train,English,id031,train_set/train_set/voices/English/id031/02008.wav,16000,1,16,6.64
train,English,id031,train_set/train_set/voices/English/id031/00013.wav,16000,1,16,6.64
train,English,id031,train_set/train_set/voices/English/id031/00584.wav,16000,1,16,4.04
train,English,id031,train_set/train_set/voices/English/id031/04326.wav,16000,1,16,2.12
train,English,id031,train_set/train_set/voices/English/id031/05566.wav,16000,1,16,3.32
train,English,id031,train_set/train_set/voices/English/id031/01385.wav,16000,1,16,2.32
train,English,id031,train_set/train_set/voices/English/id031/02186.wav,16000,1,16,3.96
train,English,id031,train_set/train_set/voices/English/id031/03185.wav,16000,1,16,2.2
train,English,id031,train_set/train_set/voices/English/id031/05780.wav,16000,1,16,4.84
train,English,id031,train_set/train_set/voices/English/id031/01369.wav,16000,1,16,4.04
train,English,id031,train_set/train_set/voices/English/id031/05649.wav,16000,1,16,3.16
train,English,id031,train_set/train_set/voices/English/id031/03969.wav,16000,1,16,2.28
train,English,id031,train_set/train_set/voices/English/id031/05053.wav,16000,1,16,5.52
train,English,id031,train_set/train_set/voices/English/id031/03789.wav,16000,1,16,3.92
train,English,id031,train_set/train_set/voices/English/id031/02213.wav,16000,1,16,6.48
train,English,id031,train_set/train_set/voices/English/id031/03654.wav,16000,1,16,3.2
train,English,id031,train_set/train_set/voices/English/id031/06031.wav,16000,1,16,5.48
train,English,id031,train_set/train_set/voices/English/id031/00284.wav,16000,1,16,5.48
train,English,id031,train_set/train_set/voices/English/id031/05842.wav,16000,1,16,4.68
train,English,id031,train_set/train_set/voices/English/id031/04352.wav,16000,1,16,2.68
train,English,id031,train_set/train_set/voices/English/id031/01129.wav,16000,1,16,2.68
train,English,id031,train_set/train_set/voices/English/id031/02211.wav,16000,1,16,2.6
train,English,id031,train_set/train_set/voices/English/id031/02197.wav,16000,1,16,2.6
train,English,id031,train_set/train_set/voices/English/id031/01637.wav,16000,1,16,4.2
train,English,id031,train_set/train_set/voices/English/id031/00614.wav,16000,1,16,9.2
train,English,id031,train_set/train_set/voices/English/id031/00538.wav,16000,1,16,9.2
train,English,id031,train_set/train_set/voices/English/id031/04272.wav,16000,1,16,9.2
train,English,id031,train_set/train_set/voices/English/id031/04031.wav,16000,1,16,4.52
train,English,id031,train_set/train_set/voices/English/id031/04217.wav,16000,1,16,8.2
train,English,id031,train_set/train_set/voices/English/id031/05366.wav,16000,1,16,8.2
train,English,id031,train_set/train_set/voices/English/id031/00885.wav,16000,1,16,4.16
train,English,id031,train_set/train_set/voices/English/id031/01604.wav,16000,1,16,5.12
train,English,id031,train_set/train_set/voices/English/id031/01602.wav,16000,1,16,5.08
train,English,id031,train_set/train_set/voices/English/id031/02535.wav,16000,1,16,4.68
train,English,id031,train_set/train_set/voices/English/id031/02681.wav,16000,1,16,5.52
train,English,id031,train_set/train_set/voices/English/id031/05154.wav,16000,1,16,9.32
train,English,id031,train_set/train_set/voices/English/id031/04277.wav,16000,1,16,9.32
train,English,id031,train_set/train_set/voices/English/id031/00549.wav,16000,1,16,9.32
train,English,id031,train_set/train_set/voices/English/id031/04905.wav,16000,1,16,2.32
train,English,id031,train_set/train_set/voices/English/id031/01262.wav,16000,1,16,2.16
train,English,id031,train_set/train_set/voices/English/id031/03599.wav,16000,1,16,2.52
train,English,id031,train_set/train_set/voices/English/id031/03319.wav,16000,1,16,6.24
train,English,id031,train_set/train_set/voices/English/id031/01414.wav,16000,1,16,9.44
train,English,id031,train_set/train_set/voices/English/id031/03570.wav,16000,1,16,7.16
train,English,id031,train_set/train_set/voices/English/id031/02027.wav,16000,1,16,5.24
train,English,id031,train_set/train_set/voices/English/id031/03944.wav,16000,1,16,5.48
train,English,id031,train_set/train_set/voices/English/id031/05048.wav,16000,1,16,5.48
train,English,id031,train_set/train_set/voices/English/id031/02443.wav,16000,1,16,2.0
train,English,id031,train_set/train_set/voices/English/id031/03453.wav,16000,1,16,3.92
train,English,id031,train_set/train_set/voices/English/id031/02697.wav,16000,1,16,4.24
train,English,id031,train_set/train_set/voices/English/id031/00898.wav,16000,1,16,5.04
train,English,id031,train_set/train_set/voices/English/id031/04299.wav,16000,1,16,2.92
train,English,id031,train_set/train_set/voices/English/id031/03513.wav,16000,1,16,2.28
train,English,id031,train_set/train_set/voices/English/id031/00993.wav,16000,1,16,2.28
train,English,id031,train_set/train_set/voices/English/id031/00485.wav,16000,1,16,3.88
train,English,id031,train_set/train_set/voices/English/id031/03327.wav,16000,1,16,6.72
train,English,id031,train_set/train_set/voices/English/id031/03356.wav,16000,1,16,6.72
train,English,id031,train_set/train_set/voices/English/id031/03060.wav,16000,1,16,5.08
train,English,id031,train_set/train_set/voices/English/id031/02438.wav,16000,1,16,5.08
train,English,id031,train_set/train_set/voices/English/id031/00716.wav,16000,1,16,2.32
train,English,id031,train_set/train_set/voices/English/id031/01800.wav,16000,1,16,4.44
train,English,id031,train_set/train_set/voices/English/id031/02730.wav,16000,1,16,4.72
train,English,id031,train_set/train_set/voices/English/id031/03895.wav,16000,1,16,6.0
train,English,id031,train_set/train_set/voices/English/id031/00459.wav,16000,1,16,5.12
train,English,id031,train_set/train_set/voices/English/id031/01553.wav,16000,1,16,5.12
train,English,id031,train_set/train_set/voices/English/id031/00532.wav,16000,1,16,2.36
train,English,id031,train_set/train_set/voices/English/id031/05589.wav,16000,1,16,2.68
train,English,id031,train_set/train_set/voices/English/id031/03762.wav,16000,1,16,3.32
train,English,id031,train_set/train_set/voices/English/id031/02301.wav,16000,1,16,2.16
train,English,id031,train_set/train_set/voices/English/id031/04501.wav,16000,1,16,3.72
train,English,id031,train_set/train_set/voices/English/id031/05997.wav,16000,1,16,2.48
train,English,id031,train_set/train_set/voices/English/id031/05981.wav,16000,1,16,3.72
train,English,id031,train_set/train_set/voices/English/id031/00799.wav,16000,1,16,8.0
train,English,id031,train_set/train_set/voices/English/id031/05440.wav,16000,1,16,9.6
train,English,id031,train_set/train_set/voices/English/id031/03279.wav,16000,1,16,2.4
train,English,id031,train_set/train_set/voices/English/id031/04685.wav,16000,1,16,5.96
train,English,id031,train_set/train_set/voices/English/id031/04124.wav,16000,1,16,2.88
train,English,id051,train_set/train_set/voices/English/id051/03880.wav,16000,1,16,2.76
train,English,id051,train_set/train_set/voices/English/id051/04154.wav,16000,1,16,5.08
train,English,id051,train_set/train_set/voices/English/id051/01600.wav,16000,1,16,4.24
train,English,id051,train_set/train_set/voices/English/id051/05776.wav,16000,1,16,3.0
train,English,id051,train_set/train_set/voices/English/id051/03481.wav,16000,1,16,3.0
train,English,id051,train_set/train_set/voices/English/id051/01817.wav,16000,1,16,2.6
train,English,id051,train_set/train_set/voices/English/id051/05113.wav,16000,1,16,11.88
train,English,id051,train_set/train_set/voices/English/id051/03825.wav,16000,1,16,12.16
train,English,id051,train_set/train_set/voices/English/id051/03734.wav,16000,1,16,8.6
train,English,id051,train_set/train_set/voices/English/id051/05227.wav,16000,1,16,4.56
train,English,id051,train_set/train_set/voices/English/id051/03771.wav,16000,1,16,4.56
train,English,id051,train_set/train_set/voices/English/id051/03732.wav,16000,1,16,6.4
train,English,id051,train_set/train_set/voices/English/id051/04537.wav,16000,1,16,6.4
train,English,id051,train_set/train_set/voices/English/id051/04812.wav,16000,1,16,6.4
train,English,id051,train_set/train_set/voices/English/id051/02948.wav,16000,1,16,2.6
train,English,id051,train_set/train_set/voices/English/id051/06153.wav,16000,1,16,6.2
train,English,id051,train_set/train_set/voices/English/id051/04711.wav,16000,1,16,5.4
train,English,id051,train_set/train_set/voices/English/id051/05869.wav,16000,1,16,5.4
train,English,id051,train_set/train_set/voices/English/id051/00457.wav,16000,1,16,3.92
train,English,id051,train_set/train_set/voices/English/id051/04490.wav,16000,1,16,5.84
train,English,id051,train_set/train_set/voices/English/id051/03773.wav,16000,1,16,5.84
train,English,id051,train_set/train_set/voices/English/id051/05888.wav,16000,1,16,8.12
train,English,id051,train_set/train_set/voices/English/id051/02233.wav,16000,1,16,9.16
train,English,id051,train_set/train_set/voices/English/id051/04576.wav,16000,1,16,9.16
train,English,id051,train_set/train_set/voices/English/id051/04951.wav,16000,1,16,9.16
train,English,id051,train_set/train_set/voices/English/id051/05893.wav,16000,1,16,9.16
train,English,id051,train_set/train_set/voices/English/id051/02771.wav,16000,1,16,19.48
train,English,id051,train_set/train_set/voices/English/id051/05018.wav,16000,1,16,19.48
train,English,id051,train_set/train_set/voices/English/id051/01758.wav,16000,1,16,19.48
train,English,id051,train_set/train_set/voices/English/id051/03251.wav,16000,1,16,6.12
train,English,id051,train_set/train_set/voices/English/id051/04634.wav,16000,1,16,6.44
train,English,id051,train_set/train_set/voices/English/id051/05198.wav,16000,1,16,6.44
train,English,id051,train_set/train_set/voices/English/id051/02523.wav,16000,1,16,10.6
train,English,id051,train_set/train_set/voices/English/id051/06116.wav,16000,1,16,10.6
train,English,id051,train_set/train_set/voices/English/id051/04592.wav,16000,1,16,6.64
train,English,id051,train_set/train_set/voices/English/id051/06049.wav,16000,1,16,5.52
train,English,id051,train_set/train_set/voices/English/id051/05249.wav,16000,1,16,18.68
train,English,id051,train_set/train_set/voices/English/id051/04258.wav,16000,1,16,18.68
train,English,id051,train_set/train_set/voices/English/id051/02920.wav,16000,1,16,18.68
train,English,id051,train_set/train_set/voices/English/id051/05296.wav,16000,1,16,18.68
train,English,id051,train_set/train_set/voices/English/id051/06182.wav,16000,1,16,18.56
train,English,id051,train_set/train_set/voices/English/id051/01358.wav,16000,1,16,18.56
train,English,id051,train_set/train_set/voices/English/id051/06414.wav,16000,1,16,6.04
train,English,id051,train_set/train_set/voices/English/id051/02037.wav,16000,1,16,9.68
train,English,id051,train_set/train_set/voices/English/id051/01899.wav,16000,1,16,9.68
train,English,id051,train_set/train_set/voices/English/id051/01676.wav,16000,1,16,16.08
train,English,id051,train_set/train_set/voices/English/id051/02428.wav,16000,1,16,16.08
train,English,id051,train_set/train_set/voices/English/id051/02276.wav,16000,1,16,16.08
train,English,id051,train_set/train_set/voices/English/id051/03391.wav,16000,1,16,16.08
train,English,id051,train_set/train_set/voices/English/id051/03482.wav,16000,1,16,16.08
train,English,id051,train_set/train_set/voices/English/id051/04265.wav,16000,1,16,5.36
train,English,id051,train_set/train_set/voices/English/id051/05968.wav,16000,1,16,8.8
train,English,id051,train_set/train_set/voices/English/id051/02953.wav,16000,1,16,8.8
train,English,id051,train_set/train_set/voices/English/id051/03921.wav,16000,1,16,9.56
train,English,id051,train_set/train_set/voices/English/id051/01826.wav,16000,1,16,9.56
train,English,id051,train_set/train_set/voices/English/id051/06109.wav,16000,1,16,9.56
train,English,id051,train_set/train_set/voices/English/id051/04015.wav,16000,1,16,2.28
train,English,id051,train_set/train_set/voices/English/id051/03730.wav,16000,1,16,3.52
train,English,id051,train_set/train_set/voices/English/id051/01914.wav,16000,1,16,14.92
train,English,id051,train_set/train_set/voices/English/id051/06097.wav,16000,1,16,14.92
train,English,id051,train_set/train_set/voices/English/id051/00498.wav,16000,1,16,14.92
train,English,id051,train_set/train_set/voices/English/id051/03161.wav,16000,1,16,14.92
train,English,id051,train_set/train_set/voices/English/id051/01014.wav,16000,1,16,14.92
train,English,id051,train_set/train_set/voices/English/id051/04285.wav,16000,1,16,14.32
train,English,id051,train_set/train_set/voices/English/id051/03871.wav,16000,1,16,4.68
train,English,id051,train_set/train_set/voices/English/id051/04721.wav,16000,1,16,6.92
train,English,id051,train_set/train_set/voices/English/id051/06224.wav,16000,1,16,6.92
train,English,id051,train_set/train_set/voices/English/id051/03863.wav,16000,1,16,5.0
train,English,id051,train_set/train_set/voices/English/id051/02093.wav,16000,1,16,11.64
train,English,id051,train_set/train_set/voices/English/id051/03452.wav,16000,1,16,11.64
train,English,id051,train_set/train_set/voices/English/id051/02974.wav,16000,1,16,7.84
train,English,id051,train_set/train_set/voices/English/id051/05203.wav,16000,1,16,10.0
train,English,id051,train_set/train_set/voices/English/id051/02791.wav,16000,1,16,10.0
train,English,id051,train_set/train_set/voices/English/id051/04848.wav,16000,1,16,5.64
train,English,id051,train_set/train_set/voices/English/id051/00706.wav,16000,1,16,5.84
train,English,id051,train_set/train_set/voices/English/id051/01349.wav,16000,1,16,5.84
train,English,id051,train_set/train_set/voices/English/id051/02872.wav,16000,1,16,20.16
train,English,id051,train_set/train_set/voices/English/id051/06425.wav,16000,1,16,20.16
train,English,id051,train_set/train_set/voices/English/id051/06393.wav,16000,1,16,20.16
train,English,id051,train_set/train_set/voices/English/id051/02334.wav,16000,1,16,20.16
train,English,id051,train_set/train_set/voices/English/id051/04625.wav,16000,1,16,20.16
train,English,id051,train_set/train_set/voices/English/id051/04872.wav,16000,1,16,20.16
train,English,id051,train_set/train_set/voices/English/id051/06249.wav,16000,1,16,20.16
train,English,id051,train_set/train_set/voices/English/id051/00745.wav,16000,1,16,20.16
train,English,id051,train_set/train_set/voices/English/id051/04591.wav,16000,1,16,20.16
train,English,id051,train_set/train_set/voices/English/id051/01348.wav,16000,1,16,4.24
train,English,id051,train_set/train_set/voices/English/id051/04950.wav,16000,1,16,4.84
train,English,id051,train_set/train_set/voices/English/id051/05141.wav,16000,1,16,5.2
train,English,id051,train_set/train_set/voices/English/id051/06151.wav,16000,1,16,2.88
train,English,id051,train_set/train_set/voices/English/id051/01666.wav,16000,1,16,11.04
train,English,id051,train_set/train_set/voices/English/id051/00059.wav,16000,1,16,11.04
train,English,id051,train_set/train_set/voices/English/id051/00012.wav,16000,1,16,3.08
train,English,id051,train_set/train_set/voices/English/id051/04647.wav,16000,1,16,3.08
train,English,id051,train_set/train_set/voices/English/id051/03575.wav,16000,1,16,4.52
train,English,id051,train_set/train_set/voices/English/id051/05520.wav,16000,1,16,4.52
train,English,id051,train_set/train_set/voices/English/id051/02049.wav,16000,1,16,2.92
train,English,id051,train_set/train_set/voices/English/id051/01526.wav,16000,1,16,2.92
train,English,id051,train_set/train_set/voices/English/id051/01243.wav,16000,1,16,6.52
train,English,id051,train_set/train_set/voices/English/id051/05848.wav,16000,1,16,7.44
train,English,id051,train_set/train_set/voices/English/id051/03526.wav,16000,1,16,7.44
train,English,id051,train_set/train_set/voices/English/id051/00682.wav,16000,1,16,7.44
train,English,id051,train_set/train_set/voices/English/id051/05803.wav,16000,1,16,15.72
train,English,id051,train_set/train_set/voices/English/id051/04579.wav,16000,1,16,12.0
train,English,id051,train_set/train_set/voices/English/id051/04022.wav,16000,1,16,12.0
train,English,id051,train_set/train_set/voices/English/id051/04422.wav,16000,1,16,6.2
train,English,id051,train_set/train_set/voices/English/id051/01382.wav,16000,1,16,10.4
train,English,id051,train_set/train_set/voices/English/id051/04531.wav,16000,1,16,5.28
train,English,id051,train_set/train_set/voices/English/id051/01493.wav,16000,1,16,6.72
train,English,id051,train_set/train_set/voices/English/id051/01524.wav,16000,1,16,6.72
train,English,id051,train_set/train_set/voices/English/id051/03640.wav,16000,1,16,3.12
train,English,id051,train_set/train_set/voices/English/id051/01363.wav,16000,1,16,3.12
train,English,id051,train_set/train_set/voices/English/id051/00464.wav,16000,1,16,3.12
train,English,id051,train_set/train_set/voices/English/id051/05765.wav,16000,1,16,6.28
train,English,id051,train_set/train_set/voices/English/id051/02070.wav,16000,1,16,6.88
train,English,id051,train_set/train_set/voices/English/id051/03605.wav,16000,1,16,3.88
train,English,id051,train_set/train_set/voices/English/id051/01884.wav,16000,1,16,3.4
train,English,id051,train_set/train_set/voices/English/id051/06201.wav,16000,1,16,3.4
train,English,id051,train_set/train_set/voices/English/id051/06480.wav,16000,1,16,2.68
train,English,id051,train_set/train_set/voices/English/id051/06457.wav,16000,1,16,2.8
train,English,id051,train_set/train_set/voices/English/id051/05586.wav,16000,1,16,2.52
train,English,id051,train_set/train_set/voices/English/id051/01157.wav,16000,1,16,6.52
train,English,id051,train_set/train_set/voices/English/id051/03611.wav,16000,1,16,2.68
train,English,id051,train_set/train_set/voices/English/id051/03280.wav,16000,1,16,2.68
train,English,id051,train_set/train_set/voices/English/id051/01210.wav,16000,1,16,4.12
train,English,id051,train_set/train_set/voices/English/id051/00528.wav,16000,1,16,2.0
train,English,id051,train_set/train_set/voices/English/id051/04118.wav,16000,1,16,3.84
train,English,id051,train_set/train_set/voices/English/id051/01853.wav,16000,1,16,2.0
train,English,id051,train_set/train_set/voices/English/id051/03802.wav,16000,1,16,2.0
train,English,id051,train_set/train_set/voices/English/id051/06132.wav,16000,1,16,2.2
train,English,id051,train_set/train_set/voices/English/id051/03218.wav,16000,1,16,2.16
train,English,id051,train_set/train_set/voices/English/id051/03644.wav,16000,1,16,2.0
train,English,id051,train_set/train_set/voices/English/id051/00579.wav,16000,1,16,2.4
train,English,id051,train_set/train_set/voices/English/id051/01245.wav,16000,1,16,2.4
train,English,id051,train_set/train_set/voices/English/id051/03772.wav,16000,1,16,18.12
train,English,id051,train_set/train_set/voices/English/id051/00948.wav,16000,1,16,18.12
train,English,id051,train_set/train_set/voices/English/id051/04399.wav,16000,1,16,18.12
train,English,id051,train_set/train_set/voices/English/id051/06096.wav,16000,1,16,18.12
train,English,id051,train_set/train_set/voices/English/id051/00517.wav,16000,1,16,15.12
train,English,id051,train_set/train_set/voices/English/id051/03746.wav,16000,1,16,15.12
train,English,id051,train_set/train_set/voices/English/id051/00548.wav,16000,1,16,15.12
train,English,id051,train_set/train_set/voices/English/id051/01431.wav,16000,1,16,15.12
train,English,id051,train_set/train_set/voices/English/id051/06039.wav,16000,1,16,15.12
train,English,id051,train_set/train_set/voices/English/id051/04359.wav,16000,1,16,15.12
train,English,id051,train_set/train_set/voices/English/id051/02572.wav,16000,1,16,12.88
train,English,id051,train_set/train_set/voices/English/id051/02365.wav,16000,1,16,4.0
train,English,id051,train_set/train_set/voices/English/id051/03697.wav,16000,1,16,4.0
train,English,id051,train_set/train_set/voices/English/id051/03088.wav,16000,1,16,13.8
train,English,id051,train_set/train_set/voices/English/id051/01828.wav,16000,1,16,12.84
train,English,id051,train_set/train_set/voices/English/id051/01340.wav,16000,1,16,12.84
train,English,id051,train_set/train_set/voices/English/id051/01030.wav,16000,1,16,4.64
train,English,id051,train_set/train_set/voices/English/id051/01136.wav,16000,1,16,5.32
train,English,id051,train_set/train_set/voices/English/id051/04714.wav,16000,1,16,2.08
train,English,id051,train_set/train_set/voices/English/id051/00881.wav,16000,1,16,7.24
train,English,id044,train_set/train_set/voices/English/id044/06136.wav,16000,1,16,7.8
train,English,id044,train_set/train_set/voices/English/id044/02918.wav,16000,1,16,5.68
train,English,id044,train_set/train_set/voices/English/id044/00522.wav,16000,1,16,5.68
train,English,id044,train_set/train_set/voices/English/id044/00201.wav,16000,1,16,5.52
train,English,id044,train_set/train_set/voices/English/id044/02143.wav,16000,1,16,5.52
train,English,id044,train_set/train_set/voices/English/id044/00911.wav,16000,1,16,4.68
train,English,id044,train_set/train_set/voices/English/id044/02768.wav,16000,1,16,4.68
train,English,id044,train_set/train_set/voices/English/id044/03010.wav,16000,1,16,8.96
train,English,id044,train_set/train_set/voices/English/id044/04245.wav,16000,1,16,8.96
train,English,id044,train_set/train_set/voices/English/id044/01257.wav,16000,1,16,3.68
train,English,id044,train_set/train_set/voices/English/id044/03336.wav,16000,1,16,3.44
train,English,id044,train_set/train_set/voices/English/id044/06061.wav,16000,1,16,3.44
train,English,id044,train_set/train_set/voices/English/id044/05169.wav,16000,1,16,2.68
train,English,id044,train_set/train_set/voices/English/id044/00958.wav,16000,1,16,3.0
train,English,id044,train_set/train_set/voices/English/id044/04580.wav,16000,1,16,2.96
train,English,id044,train_set/train_set/voices/English/id044/02253.wav,16000,1,16,5.76
train,English,id044,train_set/train_set/voices/English/id044/02553.wav,16000,1,16,4.12
train,English,id044,train_set/train_set/voices/English/id044/05926.wav,16000,1,16,2.44
train,English,id044,train_set/train_set/voices/English/id044/04934.wav,16000,1,16,2.12
train,English,id044,train_set/train_set/voices/English/id044/05716.wav,16000,1,16,8.24
train,English,id044,train_set/train_set/voices/English/id044/02302.wav,16000,1,16,6.64
train,English,id044,train_set/train_set/voices/English/id044/01142.wav,16000,1,16,4.08
train,English,id044,train_set/train_set/voices/English/id044/03460.wav,16000,1,16,4.08
train,English,id044,train_set/train_set/voices/English/id044/05943.wav,16000,1,16,2.52
train,English,id044,train_set/train_set/voices/English/id044/05297.wav,16000,1,16,2.52
train,English,id044,train_set/train_set/voices/English/id044/01374.wav,16000,1,16,4.0
train,English,id044,train_set/train_set/voices/English/id044/02678.wav,16000,1,16,4.16
train,English,id044,train_set/train_set/voices/English/id044/04182.wav,16000,1,16,10.0
train,English,id044,train_set/train_set/voices/English/id044/05294.wav,16000,1,16,2.6
train,English,id044,train_set/train_set/voices/English/id044/00621.wav,16000,1,16,4.56
train,English,id044,train_set/train_set/voices/English/id044/03840.wav,16000,1,16,13.44
train,English,id044,train_set/train_set/voices/English/id044/06108.wav,16000,1,16,17.76
train,English,id044,train_set/train_set/voices/English/id044/00132.wav,16000,1,16,17.76
train,English,id044,train_set/train_set/voices/English/id044/05957.wav,16000,1,16,20.04
train,English,id044,train_set/train_set/voices/English/id044/01434.wav,16000,1,16,20.04
train,English,id044,train_set/train_set/voices/English/id044/05673.wav,16000,1,16,6.68
train,English,id044,train_set/train_set/voices/English/id044/00014.wav,16000,1,16,3.36
train,English,id044,train_set/train_set/voices/English/id044/06005.wav,16000,1,16,6.04
train,English,id044,train_set/train_set/voices/English/id044/01279.wav,16000,1,16,6.04
train,English,id044,train_set/train_set/voices/English/id044/05862.wav,16000,1,16,3.48
train,English,id044,train_set/train_set/voices/English/id044/06303.wav,16000,1,16,4.8
train,English,id044,train_set/train_set/voices/English/id044/04936.wav,16000,1,16,15.04
train,English,id044,train_set/train_set/voices/English/id044/04396.wav,16000,1,16,15.04
train,English,id044,train_set/train_set/voices/English/id044/01623.wav,16000,1,16,15.04
train,English,id044,train_set/train_set/voices/English/id044/04160.wav,16000,1,16,15.04
train,English,id044,train_set/train_set/voices/English/id044/05387.wav,16000,1,16,14.72
train,English,id044,train_set/train_set/voices/English/id044/01869.wav,16000,1,16,14.72
train,English,id044,train_set/train_set/voices/English/id044/04158.wav,16000,1,16,2.64
train,English,id044,train_set/train_set/voices/English/id044/04110.wav,16000,1,16,6.68
train,English,id044,train_set/train_set/voices/English/id044/01339.wav,16000,1,16,4.16
train,English,id044,train_set/train_set/voices/English/id044/01783.wav,16000,1,16,4.16
train,English,id044,train_set/train_set/voices/English/id044/04828.wav,16000,1,16,5.28
train,English,id044,train_set/train_set/voices/English/id044/02936.wav,16000,1,16,9.76
train,English,id044,train_set/train_set/voices/English/id044/04476.wav,16000,1,16,9.76
train,English,id044,train_set/train_set/voices/English/id044/01146.wav,16000,1,16,3.32
train,English,id044,train_set/train_set/voices/English/id044/02305.wav,16000,1,16,2.56
train,English,id044,train_set/train_set/voices/English/id044/06220.wav,16000,1,16,2.56
train,English,id044,train_set/train_set/voices/English/id044/00379.wav,16000,1,16,2.56
train,English,id044,train_set/train_set/voices/English/id044/02628.wav,16000,1,16,3.96
train,English,id044,train_set/train_set/voices/English/id044/06282.wav,16000,1,16,4.08
train,English,id044,train_set/train_set/voices/English/id044/03712.wav,16000,1,16,4.08
train,English,id044,train_set/train_set/voices/English/id044/03996.wav,16000,1,16,5.72
train,English,id044,train_set/train_set/voices/English/id044/04061.wav,16000,1,16,14.92
train,English,id044,train_set/train_set/voices/English/id044/01347.wav,16000,1,16,14.92
train,English,id044,train_set/train_set/voices/English/id044/05871.wav,16000,1,16,3.92
train,English,id044,train_set/train_set/voices/English/id044/01078.wav,16000,1,16,9.08
train,English,id044,train_set/train_set/voices/English/id044/00139.wav,16000,1,16,9.08
train,English,id044,train_set/train_set/voices/English/id044/03252.wav,16000,1,16,8.96
train,English,id044,train_set/train_set/voices/English/id044/00863.wav,16000,1,16,9.28
train,English,id044,train_set/train_set/voices/English/id044/04198.wav,16000,1,16,4.32
train,English,id044,train_set/train_set/voices/English/id044/03296.wav,16000,1,16,8.96
train,English,id044,train_set/train_set/voices/English/id044/00947.wav,16000,1,16,11.2
train,English,id044,train_set/train_set/voices/English/id044/04916.wav,16000,1,16,7.28
train,English,id044,train_set/train_set/voices/English/id044/03167.wav,16000,1,16,4.88
train,English,id044,train_set/train_set/voices/English/id044/00744.wav,16000,1,16,4.88
train,English,id044,train_set/train_set/voices/English/id044/03544.wav,16000,1,16,6.24
train,English,id044,train_set/train_set/voices/English/id044/06033.wav,16000,1,16,6.24
train,English,id044,train_set/train_set/voices/English/id044/00674.wav,16000,1,16,6.24
train,English,id044,train_set/train_set/voices/English/id044/00647.wav,16000,1,16,5.96
train,English,id044,train_set/train_set/voices/English/id044/05737.wav,16000,1,16,6.6
train,English,id044,train_set/train_set/voices/English/id044/05261.wav,16000,1,16,3.36
train,English,id044,train_set/train_set/voices/English/id044/04407.wav,16000,1,16,3.36
train,English,id044,train_set/train_set/voices/English/id044/00569.wav,16000,1,16,4.48
train,English,id044,train_set/train_set/voices/English/id044/01590.wav,16000,1,16,11.04
train,English,id044,train_set/train_set/voices/English/id044/04193.wav,16000,1,16,11.04
train,English,id044,train_set/train_set/voices/English/id044/00478.wav,16000,1,16,5.36
train,English,id044,train_set/train_set/voices/English/id044/03431.wav,16000,1,16,4.72
train,English,id044,train_set/train_set/voices/English/id044/05036.wav,16000,1,16,4.96
train,English,id044,train_set/train_set/voices/English/id044/05652.wav,16000,1,16,4.52
train,English,id044,train_set/train_set/voices/English/id044/05640.wav,16000,1,16,2.6
train,English,id044,train_set/train_set/voices/English/id044/06019.wav,16000,1,16,8.32
train,English,id044,train_set/train_set/voices/English/id044/00946.wav,16000,1,16,20.72
train,English,id044,train_set/train_set/voices/English/id044/01086.wav,16000,1,16,10.4
train,English,id044,train_set/train_set/voices/English/id044/06221.wav,16000,1,16,2.52
train,English,id044,train_set/train_set/voices/English/id044/01018.wav,16000,1,16,10.24
train,English,id044,train_set/train_set/voices/English/id044/00501.wav,16000,1,16,4.88
train,English,id044,train_set/train_set/voices/English/id044/02866.wav,16000,1,16,2.56
train,English,id044,train_set/train_set/voices/English/id044/04090.wav,16000,1,16,4.04
train,English,id044,train_set/train_set/voices/English/id044/01671.wav,16000,1,16,5.8
train,English,id044,train_set/train_set/voices/English/id044/01109.wav,16000,1,16,10.08
train,English,id044,train_set/train_set/voices/English/id044/00491.wav,16000,1,16,3.24
train,English,id044,train_set/train_set/voices/English/id044/04769.wav,16000,1,16,5.32
train,English,id044,train_set/train_set/voices/English/id044/02661.wav,16000,1,16,9.44
train,English,id044,train_set/train_set/voices/English/id044/03739.wav,16000,1,16,10.6
train,English,id044,train_set/train_set/voices/English/id044/05193.wav,16000,1,16,10.6
train,English,id044,train_set/train_set/voices/English/id044/00286.wav,16000,1,16,3.12
train,English,id044,train_set/train_set/voices/English/id044/02247.wav,16000,1,16,2.96
train,English,id044,train_set/train_set/voices/English/id044/02422.wav,16000,1,16,13.48
train,English,id044,train_set/train_set/voices/English/id044/01492.wav,16000,1,16,3.72
train,English,id044,train_set/train_set/voices/English/id044/04395.wav,16000,1,16,9.32
train,English,id044,train_set/train_set/voices/English/id044/02673.wav,16000,1,16,6.0
train,English,id044,train_set/train_set/voices/English/id044/05206.wav,16000,1,16,9.04
train,English,id044,train_set/train_set/voices/English/id044/00384.wav,16000,1,16,9.04
train,English,id044,train_set/train_set/voices/English/id044/04722.wav,16000,1,16,8.24
train,English,id044,train_set/train_set/voices/English/id044/00720.wav,16000,1,16,5.24
train,English,id044,train_set/train_set/voices/English/id044/05076.wav,16000,1,16,5.24
train,English,id044,train_set/train_set/voices/English/id044/04417.wav,16000,1,16,2.4
train,English,id044,train_set/train_set/voices/English/id044/01621.wav,16000,1,16,2.84
train,English,id044,train_set/train_set/voices/English/id044/03943.wav,16000,1,16,2.84
train,English,id044,train_set/train_set/voices/English/id044/02627.wav,16000,1,16,4.32
train,English,id044,train_set/train_set/voices/English/id044/01866.wav,16000,1,16,3.92
train,English,id044,train_set/train_set/voices/English/id044/05671.wav,16000,1,16,5.04
train,English,id044,train_set/train_set/voices/English/id044/01840.wav,16000,1,16,3.68
train,English,id044,train_set/train_set/voices/English/id044/04133.wav,16000,1,16,7.08
train,English,id044,train_set/train_set/voices/English/id044/04741.wav,16000,1,16,6.6
train,English,id044,train_set/train_set/voices/English/id044/00076.wav,16000,1,16,6.2
train,English,id044,train_set/train_set/voices/English/id044/01926.wav,16000,1,16,4.92
train,English,id044,train_set/train_set/voices/English/id044/02563.wav,16000,1,16,3.28
train,English,id044,train_set/train_set/voices/English/id044/01447.wav,16000,1,16,4.12
train,English,id044,train_set/train_set/voices/English/id044/05913.wav,16000,1,16,4.84
train,English,id044,train_set/train_set/voices/English/id044/04457.wav,16000,1,16,3.6
train,English,id044,train_set/train_set/voices/English/id044/06027.wav,16000,1,16,5.52
train,English,id044,train_set/train_set/voices/English/id044/03151.wav,16000,1,16,2.24
train,English,id044,train_set/train_set/voices/English/id044/02516.wav,16000,1,16,3.84
train,English,id044,train_set/train_set/voices/English/id044/05423.wav,16000,1,16,2.88
train,English,id044,train_set/train_set/voices/English/id044/06022.wav,16000,1,16,2.88
train,English,id044,train_set/train_set/voices/English/id044/00272.wav,16000,1,16,10.92
train,English,id044,train_set/train_set/voices/English/id044/03589.wav,16000,1,16,2.08
train,English,id044,train_set/train_set/voices/English/id044/06273.wav,16000,1,16,3.32
train,English,id044,train_set/train_set/voices/English/id044/06113.wav,16000,1,16,2.52
train,English,id044,train_set/train_set/voices/English/id044/02363.wav,16000,1,16,2.68
train,English,id044,train_set/train_set/voices/English/id044/01680.wav,16000,1,16,4.32
train,English,id044,train_set/train_set/voices/English/id044/05626.wav,16000,1,16,5.24
train,English,id044,train_set/train_set/voices/English/id044/01910.wav,16000,1,16,5.24
train,English,id044,train_set/train_set/voices/English/id044/05148.wav,16000,1,16,3.0
train,English,id044,train_set/train_set/voices/English/id044/03565.wav,16000,1,16,7.56
train,English,id044,train_set/train_set/voices/English/id044/02793.wav,16000,1,16,7.52
train,English,id044,train_set/train_set/voices/English/id044/00247.wav,16000,1,16,5.32
train,English,id044,train_set/train_set/voices/English/id044/01438.wav,16000,1,16,4.6
train,English,id044,train_set/train_set/voices/English/id044/04605.wav,16000,1,16,4.44
train,English,id044,train_set/train_set/voices/English/id044/00101.wav,16000,1,16,5.24
train,English,id044,train_set/train_set/voices/English/id044/03913.wav,16000,1,16,5.24
train,English,id044,train_set/train_set/voices/English/id044/05362.wav,16000,1,16,4.6
train,English,id044,train_set/train_set/voices/English/id044/04452.wav,16000,1,16,4.4
train,English,id044,train_set/train_set/voices/English/id044/01224.wav,16000,1,16,4.4
train,English,id044,train_set/train_set/voices/English/id044/03491.wav,16000,1,16,5.6
train,English,id044,train_set/train_set/voices/English/id044/01658.wav,16000,1,16,3.32
train,English,id044,train_set/train_set/voices/English/id044/05035.wav,16000,1,16,3.24
train,English,id044,train_set/train_set/voices/English/id044/01835.wav,16000,1,16,3.16
train,English,id044,train_set/train_set/voices/English/id044/05704.wav,16000,1,16,6.48
train,English,id044,train_set/train_set/voices/English/id044/01589.wav,16000,1,16,6.48
train,English,id044,train_set/train_set/voices/English/id044/01831.wav,16000,1,16,4.56
train,English,id044,train_set/train_set/voices/English/id044/05523.wav,16000,1,16,3.96
train,English,id044,train_set/train_set/voices/English/id044/00361.wav,16000,1,16,3.28
train,English,id044,train_set/train_set/voices/English/id044/05597.wav,16000,1,16,2.04
train,English,id044,train_set/train_set/voices/English/id044/00909.wav,16000,1,16,3.92
train,English,id044,train_set/train_set/voices/English/id044/02944.wav,16000,1,16,3.52
train,English,id044,train_set/train_set/voices/English/id044/03277.wav,16000,1,16,3.64
train,English,id044,train_set/train_set/voices/English/id044/02833.wav,16000,1,16,2.68
train,English,id044,train_set/train_set/voices/English/id044/03001.wav,16000,1,16,5.0
train,English,id044,train_set/train_set/voices/English/id044/03177.wav,16000,1,16,2.8
train,English,id044,train_set/train_set/voices/English/id044/01525.wav,16000,1,16,2.6
train,English,id044,train_set/train_set/voices/English/id044/05817.wav,16000,1,16,4.72
train,English,id044,train_set/train_set/voices/English/id044/01426.wav,16000,1,16,2.92
train,English,id044,train_set/train_set/voices/English/id044/02723.wav,16000,1,16,3.0
train,English,id044,train_set/train_set/voices/English/id044/04121.wav,16000,1,16,2.72
train,English,id044,train_set/train_set/voices/English/id044/04488.wav,16000,1,16,2.2
train,English,id066,train_set/train_set/voices/English/id066/05085.wav,16000,1,16,4.2
train,English,id066,train_set/train_set/voices/English/id066/01506.wav,16000,1,16,4.2
train,English,id066,train_set/train_set/voices/English/id066/04394.wav,16000,1,16,4.2
train,English,id066,train_set/train_set/voices/English/id066/01399.wav,16000,1,16,4.2
train,English,id066,train_set/train_set/voices/English/id066/03559.wav,16000,1,16,5.28
train,English,id066,train_set/train_set/voices/English/id066/05264.wav,16000,1,16,5.28
train,English,id066,train_set/train_set/voices/English/id066/00333.wav,16000,1,16,5.28
train,English,id066,train_set/train_set/voices/English/id066/02340.wav,16000,1,16,2.2
train,English,id066,train_set/train_set/voices/English/id066/05055.wav,16000,1,16,2.2
train,English,id066,train_set/train_set/voices/English/id066/02616.wav,16000,1,16,4.84
train,English,id066,train_set/train_set/voices/English/id066/01780.wav,16000,1,16,4.84
train,English,id066,train_set/train_set/voices/English/id066/04450.wav,16000,1,16,8.12
train,English,id066,train_set/train_set/voices/English/id066/03074.wav,16000,1,16,8.12
train,English,id066,train_set/train_set/voices/English/id066/01380.wav,16000,1,16,8.12
train,English,id066,train_set/train_set/voices/English/id066/04005.wav,16000,1,16,7.04
train,English,id066,train_set/train_set/voices/English/id066/02822.wav,16000,1,16,7.04
train,English,id066,train_set/train_set/voices/English/id066/04767.wav,16000,1,16,7.04
train,English,id066,train_set/train_set/voices/English/id066/04988.wav,16000,1,16,3.16
train,English,id066,train_set/train_set/voices/English/id066/00404.wav,16000,1,16,9.68
train,English,id066,train_set/train_set/voices/English/id066/02909.wav,16000,1,16,2.24
train,English,id066,train_set/train_set/voices/English/id066/06084.wav,16000,1,16,4.12
train,English,id066,train_set/train_set/voices/English/id066/06069.wav,16000,1,16,4.32
train,English,id066,train_set/train_set/voices/English/id066/06089.wav,16000,1,16,4.32
train,English,id066,train_set/train_set/voices/English/id066/03273.wav,16000,1,16,5.12
train,English,id066,train_set/train_set/voices/English/id066/05365.wav,16000,1,16,6.56
train,English,id066,train_set/train_set/voices/English/id066/06336.wav,16000,1,16,2.68
train,English,id066,train_set/train_set/voices/English/id066/01484.wav,16000,1,16,5.2
train,English,id066,train_set/train_set/voices/English/id066/00100.wav,16000,1,16,5.2
train,English,id066,train_set/train_set/voices/English/id066/02175.wav,16000,1,16,8.96
train,English,id066,train_set/train_set/voices/English/id066/00112.wav,16000,1,16,8.96
train,English,id066,train_set/train_set/voices/English/id066/01364.wav,16000,1,16,8.96
train,English,id066,train_set/train_set/voices/English/id066/01799.wav,16000,1,16,8.96
train,English,id066,train_set/train_set/voices/English/id066/03171.wav,16000,1,16,8.96
train,English,id066,train_set/train_set/voices/English/id066/04482.wav,16000,1,16,7.96
train,English,id066,train_set/train_set/voices/English/id066/05110.wav,16000,1,16,4.64
train,English,id066,train_set/train_set/voices/English/id066/00425.wav,16000,1,16,3.2
train,English,id066,train_set/train_set/voices/English/id066/02283.wav,16000,1,16,8.28
train,English,id066,train_set/train_set/voices/English/id066/03547.wav,16000,1,16,8.28
train,English,id066,train_set/train_set/voices/English/id066/03496.wav,16000,1,16,8.28
train,English,id066,train_set/train_set/voices/English/id066/05996.wav,16000,1,16,8.28
train,English,id066,train_set/train_set/voices/English/id066/03188.wav,16000,1,16,8.28
train,English,id066,train_set/train_set/voices/English/id066/05837.wav,16000,1,16,4.36
train,English,id066,train_set/train_set/voices/English/id066/02623.wav,16000,1,16,4.36
train,English,id066,train_set/train_set/voices/English/id066/03041.wav,16000,1,16,4.8
train,English,id066,train_set/train_set/voices/English/id066/05056.wav,16000,1,16,2.92
train,English,id066,train_set/train_set/voices/English/id066/00015.wav,16000,1,16,2.92
train,English,id066,train_set/train_set/voices/English/id066/03807.wav,16000,1,16,2.92
train,English,id066,train_set/train_set/voices/English/id066/01519.wav,16000,1,16,6.6
train,English,id066,train_set/train_set/voices/English/id066/02935.wav,16000,1,16,6.6
train,English,id066,train_set/train_set/voices/English/id066/01960.wav,16000,1,16,6.6
train,English,id066,train_set/train_set/voices/English/id066/01581.wav,16000,1,16,6.6
train,English,id066,train_set/train_set/voices/English/id066/01306.wav,16000,1,16,2.92
train,English,id066,train_set/train_set/voices/English/id066/04661.wav,16000,1,16,2.92
train,English,id066,train_set/train_set/voices/English/id066/01383.wav,16000,1,16,4.96
train,English,id066,train_set/train_set/voices/English/id066/03990.wav,16000,1,16,9.24
train,English,id066,train_set/train_set/voices/English/id066/05173.wav,16000,1,16,9.24
train,English,id066,train_set/train_set/voices/English/id066/01760.wav,16000,1,16,6.36
train,English,id066,train_set/train_set/voices/English/id066/02100.wav,16000,1,16,5.8
train,English,id066,train_set/train_set/voices/English/id066/05510.wav,16000,1,16,5.8
train,English,id066,train_set/train_set/voices/English/id066/01545.wav,16000,1,16,2.12
train,English,id066,train_set/train_set/voices/English/id066/02706.wav,16000,1,16,3.88
train,English,id066,train_set/train_set/voices/English/id066/03202.wav,16000,1,16,3.88
train,English,id066,train_set/train_set/voices/English/id066/01809.wav,16000,1,16,3.88
train,English,id066,train_set/train_set/voices/English/id066/02810.wav,16000,1,16,2.16
train,English,id066,train_set/train_set/voices/English/id066/03291.wav,16000,1,16,5.92
train,English,id066,train_set/train_set/voices/English/id066/03533.wav,16000,1,16,5.92
train,English,id066,train_set/train_set/voices/English/id066/06143.wav,16000,1,16,3.96
train,English,id066,train_set/train_set/voices/English/id066/05702.wav,16000,1,16,3.96
train,English,id066,train_set/train_set/voices/English/id066/00095.wav,16000,1,16,4.44
train,English,id066,train_set/train_set/voices/English/id066/03272.wav,16000,1,16,4.44
train,English,id066,train_set/train_set/voices/English/id066/03776.wav,16000,1,16,3.2
train,English,id066,train_set/train_set/voices/English/id066/04941.wav,16000,1,16,3.08
train,English,id066,train_set/train_set/voices/English/id066/02358.wav,16000,1,16,4.36
train,English,id066,train_set/train_set/voices/English/id066/04056.wav,16000,1,16,4.36
train,English,id066,train_set/train_set/voices/English/id066/03367.wav,16000,1,16,4.36
train,English,id066,train_set/train_set/voices/English/id066/02457.wav,16000,1,16,2.72
train,English,id066,train_set/train_set/voices/English/id066/01662.wav,16000,1,16,4.6
train,English,id066,train_set/train_set/voices/English/id066/04384.wav,16000,1,16,4.6
train,English,id066,train_set/train_set/voices/English/id066/02050.wav,16000,1,16,5.04
train,English,id066,train_set/train_set/voices/English/id066/02539.wav,16000,1,16,2.48
train,English,id066,train_set/train_set/voices/English/id066/03003.wav,16000,1,16,4.52
train,English,id066,train_set/train_set/voices/English/id066/04565.wav,16000,1,16,3.24
train,English,id066,train_set/train_set/voices/English/id066/04572.wav,16000,1,16,3.24
train,English,id066,train_set/train_set/voices/English/id066/02668.wav,16000,1,16,3.4
train,English,id066,train_set/train_set/voices/English/id066/06392.wav,16000,1,16,4.76
train,English,id066,train_set/train_set/voices/English/id066/01803.wav,16000,1,16,4.76
train,English,id066,train_set/train_set/voices/English/id066/02550.wav,16000,1,16,5.04
train,English,id066,train_set/train_set/voices/English/id066/05770.wav,16000,1,16,5.04
train,English,id066,train_set/train_set/voices/English/id066/03809.wav,16000,1,16,5.04
train,English,id066,train_set/train_set/voices/English/id066/03937.wav,16000,1,16,8.68
train,English,id066,train_set/train_set/voices/English/id066/00762.wav,16000,1,16,8.68
train,English,id066,train_set/train_set/voices/English/id066/02450.wav,16000,1,16,6.88
train,English,id066,train_set/train_set/voices/English/id066/02461.wav,16000,1,16,6.88
train,English,id066,train_set/train_set/voices/English/id066/01024.wav,16000,1,16,3.16
train,English,id066,train_set/train_set/voices/English/id066/00138.wav,16000,1,16,3.28
train,English,id066,train_set/train_set/voices/English/id066/00622.wav,16000,1,16,3.28
train,English,id066,train_set/train_set/voices/English/id066/06345.wav,16000,1,16,2.16
train,English,id066,train_set/train_set/voices/English/id066/05928.wav,16000,1,16,2.08
train,English,id066,train_set/train_set/voices/English/id066/06424.wav,16000,1,16,2.08
train,English,id066,train_set/train_set/voices/English/id066/04358.wav,16000,1,16,6.08
train,English,id066,train_set/train_set/voices/English/id066/02749.wav,16000,1,16,6.08
train,English,id066,train_set/train_set/voices/English/id066/03721.wav,16000,1,16,6.08
train,English,id066,train_set/train_set/voices/English/id066/04404.wav,16000,1,16,4.88
train,English,id066,train_set/train_set/voices/English/id066/03417.wav,16000,1,16,9.84
train,English,id066,train_set/train_set/voices/English/id066/00210.wav,16000,1,16,9.84
train,English,id066,train_set/train_set/voices/English/id066/00180.wav,16000,1,16,9.84
train,English,id066,train_set/train_set/voices/English/id066/04484.wav,16000,1,16,9.84
train,English,id066,train_set/train_set/voices/English/id066/05621.wav,16000,1,16,9.84
train,English,id066,train_set/train_set/voices/English/id066/01957.wav,16000,1,16,3.28
train,English,id066,train_set/train_set/voices/English/id066/04562.wav,16000,1,16,6.48
train,English,id066,train_set/train_set/voices/English/id066/05020.wav,16000,1,16,6.48
train,English,id066,train_set/train_set/voices/English/id066/02184.wav,16000,1,16,6.48
train,English,id066,train_set/train_set/voices/English/id066/00914.wav,16000,1,16,2.4
train,English,id066,train_set/train_set/voices/English/id066/05078.wav,16000,1,16,4.2
train,English,id066,train_set/train_set/voices/English/id066/03838.wav,16000,1,16,4.2
train,English,id066,train_set/train_set/voices/English/id066/04138.wav,16000,1,16,4.48
train,English,id066,train_set/train_set/voices/English/id066/01120.wav,16000,1,16,4.48
train,English,id066,train_set/train_set/voices/English/id066/01770.wav,16000,1,16,4.48
train,English,id066,train_set/train_set/voices/English/id066/06471.wav,16000,1,16,5.16
train,English,id066,train_set/train_set/voices/English/id066/00897.wav,16000,1,16,2.32
train,English,id066,train_set/train_set/voices/English/id066/01856.wav,16000,1,16,2.32
train,English,id066,train_set/train_set/voices/English/id066/05694.wav,16000,1,16,2.76
train,English,id066,train_set/train_set/voices/English/id066/04876.wav,16000,1,16,2.2
train,English,id066,train_set/train_set/voices/English/id066/01159.wav,16000,1,16,2.6
train,English,id068,train_set/train_set/voices/English/id068/03888.wav,16000,1,16,3.32
train,English,id068,train_set/train_set/voices/English/id068/05568.wav,16000,1,16,3.32
train,English,id068,train_set/train_set/voices/English/id068/05845.wav,16000,1,16,3.32
train,English,id068,train_set/train_set/voices/English/id068/02996.wav,16000,1,16,8.6
train,English,id068,train_set/train_set/voices/English/id068/03388.wav,16000,1,16,8.6
train,English,id068,train_set/train_set/voices/English/id068/04391.wav,16000,1,16,4.2
train,English,id068,train_set/train_set/voices/English/id068/03959.wav,16000,1,16,6.52
train,English,id068,train_set/train_set/voices/English/id068/04736.wav,16000,1,16,7.28
train,English,id068,train_set/train_set/voices/English/id068/03370.wav,16000,1,16,4.0
train,English,id068,train_set/train_set/voices/English/id068/06044.wav,16000,1,16,4.0
train,English,id068,train_set/train_set/voices/English/id068/05504.wav,16000,1,16,4.28
train,English,id068,train_set/train_set/voices/English/id068/04679.wav,16000,1,16,6.56
train,English,id068,train_set/train_set/voices/English/id068/01924.wav,16000,1,16,2.36
train,English,id068,train_set/train_set/voices/English/id068/02992.wav,16000,1,16,3.76
train,English,id068,train_set/train_set/voices/English/id068/04839.wav,16000,1,16,4.56
train,English,id068,train_set/train_set/voices/English/id068/04201.wav,16000,1,16,11.0
train,English,id068,train_set/train_set/voices/English/id068/02161.wav,16000,1,16,11.0
train,English,id068,train_set/train_set/voices/English/id068/06449.wav,16000,1,16,2.36
train,English,id068,train_set/train_set/voices/English/id068/04181.wav,16000,1,16,2.56
train,English,id068,train_set/train_set/voices/English/id068/01189.wav,16000,1,16,3.0
train,English,id068,train_set/train_set/voices/English/id068/05577.wav,16000,1,16,3.0
train,English,id068,train_set/train_set/voices/English/id068/00225.wav,16000,1,16,6.96
train,English,id068,train_set/train_set/voices/English/id068/04588.wav,16000,1,16,6.0
train,English,id068,train_set/train_set/voices/English/id068/00823.wav,16000,1,16,2.36
train,English,id068,train_set/train_set/voices/English/id068/03953.wav,16000,1,16,2.8
train,English,id068,train_set/train_set/voices/English/id068/00902.wav,16000,1,16,2.84
train,English,id068,train_set/train_set/voices/English/id068/00044.wav,16000,1,16,3.36
train,English,id068,train_set/train_set/voices/English/id068/04683.wav,16000,1,16,6.36
train,English,id068,train_set/train_set/voices/English/id068/02309.wav,16000,1,16,6.36
train,English,id068,train_set/train_set/voices/English/id068/05920.wav,16000,1,16,6.92
train,English,id068,train_set/train_set/voices/English/id068/03841.wav,16000,1,16,2.84
train,English,id068,train_set/train_set/voices/English/id068/04568.wav,16000,1,16,4.88
train,English,id068,train_set/train_set/voices/English/id068/02551.wav,16000,1,16,5.04
train,English,id068,train_set/train_set/voices/English/id068/05312.wav,16000,1,16,4.92
train,English,id068,train_set/train_set/voices/English/id068/00203.wav,16000,1,16,4.72
train,English,id068,train_set/train_set/voices/English/id068/04898.wav,16000,1,16,6.2
train,English,id068,train_set/train_set/voices/English/id068/00570.wav,16000,1,16,6.2
train,English,id068,train_set/train_set/voices/English/id068/05273.wav,16000,1,16,2.2
train,English,id068,train_set/train_set/voices/English/id068/05105.wav,16000,1,16,2.88
train,English,id068,train_set/train_set/voices/English/id068/03422.wav,16000,1,16,7.44
train,English,id068,train_set/train_set/voices/English/id068/03933.wav,16000,1,16,3.44
train,English,id068,train_set/train_set/voices/English/id068/05196.wav,16000,1,16,3.96
train,English,id068,train_set/train_set/voices/English/id068/02930.wav,16000,1,16,7.32
train,English,id068,train_set/train_set/voices/English/id068/01241.wav,16000,1,16,6.12
train,English,id068,train_set/train_set/voices/English/id068/00109.wav,16000,1,16,4.72
train,English,id068,train_set/train_set/voices/English/id068/04420.wav,16000,1,16,4.72
train,English,id068,train_set/train_set/voices/English/id068/05391.wav,16000,1,16,4.52
train,English,id068,train_set/train_set/voices/English/id068/06299.wav,16000,1,16,3.68
train,English,id068,train_set/train_set/voices/English/id068/03652.wav,16000,1,16,2.16
train,English,id068,train_set/train_set/voices/English/id068/01844.wav,16000,1,16,6.32
train,English,id068,train_set/train_set/voices/English/id068/05068.wav,16000,1,16,4.28
train,English,id068,train_set/train_set/voices/English/id068/00819.wav,16000,1,16,2.56
train,English,id068,train_set/train_set/voices/English/id068/03208.wav,16000,1,16,2.56
train,English,id068,train_set/train_set/voices/English/id068/02621.wav,16000,1,16,3.2
train,English,id068,train_set/train_set/voices/English/id068/00449.wav,16000,1,16,3.84
train,English,id068,train_set/train_set/voices/English/id068/04997.wav,16000,1,16,3.2
train,English,id068,train_set/train_set/voices/English/id068/03117.wav,16000,1,16,3.28
train,English,id068,train_set/train_set/voices/English/id068/04734.wav,16000,1,16,5.44
train,English,id068,train_set/train_set/voices/English/id068/02510.wav,16000,1,16,4.2
train,English,id068,train_set/train_set/voices/English/id068/02680.wav,16000,1,16,5.12
train,English,id068,train_set/train_set/voices/English/id068/04487.wav,16000,1,16,8.24
train,English,id068,train_set/train_set/voices/English/id068/03145.wav,16000,1,16,8.24
train,English,id068,train_set/train_set/voices/English/id068/05604.wav,16000,1,16,4.44
train,English,id068,train_set/train_set/voices/English/id068/05989.wav,16000,1,16,4.44
train,English,id068,train_set/train_set/voices/English/id068/03830.wav,16000,1,16,4.48
train,English,id068,train_set/train_set/voices/English/id068/04539.wav,16000,1,16,4.48
train,English,id068,train_set/train_set/voices/English/id068/05751.wav,16000,1,16,6.6
train,English,id068,train_set/train_set/voices/English/id068/04020.wav,16000,1,16,3.84
train,English,id068,train_set/train_set/voices/English/id068/05082.wav,16000,1,16,3.96
train,English,id068,train_set/train_set/voices/English/id068/05456.wav,16000,1,16,3.08
train,English,id068,train_set/train_set/voices/English/id068/00016.wav,16000,1,16,5.16
train,English,id068,train_set/train_set/voices/English/id068/00664.wav,16000,1,16,5.16
train,English,id068,train_set/train_set/voices/English/id068/02380.wav,16000,1,16,3.32
train,English,id068,train_set/train_set/voices/English/id068/04528.wav,16000,1,16,3.32
train,English,id068,train_set/train_set/voices/English/id068/03199.wav,16000,1,16,4.48
train,English,id068,train_set/train_set/voices/English/id068/03047.wav,16000,1,16,5.08
train,English,id068,train_set/train_set/voices/English/id068/04148.wav,16000,1,16,2.4
train,English,id068,train_set/train_set/voices/English/id068/03162.wav,16000,1,16,2.12
train,English,id068,train_set/train_set/voices/English/id068/02671.wav,16000,1,16,3.0
train,English,id068,train_set/train_set/voices/English/id068/00322.wav,16000,1,16,3.0
train,English,id068,train_set/train_set/voices/English/id068/02816.wav,16000,1,16,6.6
train,English,id068,train_set/train_set/voices/English/id068/06063.wav,16000,1,16,6.6
train,English,id068,train_set/train_set/voices/English/id068/02264.wav,16000,1,16,6.2
train,English,id068,train_set/train_set/voices/English/id068/04188.wav,16000,1,16,8.4
train,English,id068,train_set/train_set/voices/English/id068/04656.wav,16000,1,16,2.72
train,English,id068,train_set/train_set/voices/English/id068/02658.wav,16000,1,16,4.72
train,English,id068,train_set/train_set/voices/English/id068/00594.wav,16000,1,16,4.0
train,English,id068,train_set/train_set/voices/English/id068/02498.wav,16000,1,16,3.0
train,English,id068,train_set/train_set/voices/English/id068/01945.wav,16000,1,16,3.0
train,English,id068,train_set/train_set/voices/English/id068/05639.wav,16000,1,16,3.04
train,English,id068,train_set/train_set/voices/English/id068/01496.wav,16000,1,16,3.36
train,English,id068,train_set/train_set/voices/English/id068/04532.wav,16000,1,16,2.32
train,English,id068,train_set/train_set/voices/English/id068/01401.wav,16000,1,16,2.12
train,English,id068,train_set/train_set/voices/English/id068/02698.wav,16000,1,16,3.0
train,English,id068,train_set/train_set/voices/English/id068/01513.wav,16000,1,16,5.92
train,English,id068,train_set/train_set/voices/English/id068/00181.wav,16000,1,16,5.92
train,English,id068,train_set/train_set/voices/English/id068/06145.wav,16000,1,16,7.72
train,English,id068,train_set/train_set/voices/English/id068/05701.wav,16000,1,16,2.88
train,English,id068,train_set/train_set/voices/English/id068/05683.wav,16000,1,16,2.88
train,English,id068,train_set/train_set/voices/English/id068/00237.wav,16000,1,16,3.24
train,English,id068,train_set/train_set/voices/English/id068/00843.wav,16000,1,16,2.04
train,English,id068,train_set/train_set/voices/English/id068/05032.wav,16000,1,16,3.44
train,English,id068,train_set/train_set/voices/English/id068/01236.wav,16000,1,16,3.04
train,English,id068,train_set/train_set/voices/English/id068/06230.wav,16000,1,16,3.28
train,English,id068,train_set/train_set/voices/English/id068/02092.wav,16000,1,16,3.12
train,English,id068,train_set/train_set/voices/English/id068/03270.wav,16000,1,16,3.32
train,English,id068,train_set/train_set/voices/English/id068/02820.wav,16000,1,16,2.4
train,English,id068,train_set/train_set/voices/English/id068/02925.wav,16000,1,16,2.4
train,English,id068,train_set/train_set/voices/English/id068/00140.wav,16000,1,16,2.8
train,English,id068,train_set/train_set/voices/English/id068/03387.wav,16000,1,16,2.32
train,English,id068,train_set/train_set/voices/English/id068/06057.wav,16000,1,16,2.32
train,English,id068,train_set/train_set/voices/English/id068/00734.wav,16000,1,16,4.12
train,English,id068,train_set/train_set/voices/English/id068/06125.wav,16000,1,16,3.64
train,English,id068,train_set/train_set/voices/English/id068/04335.wav,16000,1,16,2.68
train,English,id068,train_set/train_set/voices/English/id068/00617.wav,16000,1,16,4.0
train,English,id068,train_set/train_set/voices/English/id068/00724.wav,16000,1,16,2.16
train,English,id068,train_set/train_set/voices/English/id068/01117.wav,16000,1,16,3.0
train,English,id068,train_set/train_set/voices/English/id068/03322.wav,16000,1,16,2.88
train,English,id068,train_set/train_set/voices/English/id068/00357.wav,16000,1,16,3.96
train,English,id068,train_set/train_set/voices/English/id068/02557.wav,16000,1,16,2.4
train,English,id068,train_set/train_set/voices/English/id068/01628.wav,16000,1,16,3.28
train,English,id058,train_set/train_set/voices/English/id058/05565.wav,16000,1,16,5.92
train,English,id058,train_set/train_set/voices/English/id058/04112.wav,16000,1,16,5.92
train,English,id058,train_set/train_set/voices/English/id058/01025.wav,16000,1,16,5.0
train,English,id058,train_set/train_set/voices/English/id058/00221.wav,16000,1,16,5.0
train,English,id058,train_set/train_set/voices/English/id058/04314.wav,16000,1,16,5.0
train,English,id058,train_set/train_set/voices/English/id058/05373.wav,16000,1,16,9.16
train,English,id058,train_set/train_set/voices/English/id058/01868.wav,16000,1,16,9.16
train,English,id058,train_set/train_set/voices/English/id058/05852.wav,16000,1,16,9.16
train,English,id058,train_set/train_set/voices/English/id058/01979.wav,16000,1,16,9.16
train,English,id058,train_set/train_set/voices/English/id058/02811.wav,16000,1,16,9.16
train,English,id058,train_set/train_set/voices/English/id058/03339.wav,16000,1,16,9.16
train,English,id058,train_set/train_set/voices/English/id058/04843.wav,16000,1,16,8.2
train,English,id058,train_set/train_set/voices/English/id058/04098.wav,16000,1,16,8.2
train,English,id058,train_set/train_set/voices/English/id058/06093.wav,16000,1,16,8.2
train,English,id058,train_set/train_set/voices/English/id058/04652.wav,16000,1,16,8.2
train,English,id058,train_set/train_set/voices/English/id058/02892.wav,16000,1,16,34.2
train,English,id058,train_set/train_set/voices/English/id058/01635.wav,16000,1,16,34.2
train,English,id058,train_set/train_set/voices/English/id058/01264.wav,16000,1,16,34.2
train,English,id058,train_set/train_set/voices/English/id058/02210.wav,16000,1,16,34.2
train,English,id058,train_set/train_set/voices/English/id058/03054.wav,16000,1,16,34.2
train,English,id058,train_set/train_set/voices/English/id058/01424.wav,16000,1,16,34.2
train,English,id058,train_set/train_set/voices/English/id058/02455.wav,16000,1,16,34.2
train,English,id058,train_set/train_set/voices/English/id058/03713.wav,16000,1,16,34.2
train,English,id058,train_set/train_set/voices/English/id058/05945.wav,16000,1,16,34.2
train,English,id058,train_set/train_set/voices/English/id058/02732.wav,16000,1,16,34.2
train,English,id058,train_set/train_set/voices/English/id058/04467.wav,16000,1,16,34.2
train,English,id058,train_set/train_set/voices/English/id058/01294.wav,16000,1,16,34.2
train,English,id058,train_set/train_set/voices/English/id058/02448.wav,16000,1,16,34.2
train,English,id058,train_set/train_set/voices/English/id058/04845.wav,16000,1,16,10.64
train,English,id058,train_set/train_set/voices/English/id058/03583.wav,16000,1,16,10.64
train,English,id058,train_set/train_set/voices/English/id058/01091.wav,16000,1,16,10.64
train,English,id058,train_set/train_set/voices/English/id058/00632.wav,16000,1,16,10.64
train,English,id058,train_set/train_set/voices/English/id058/04094.wav,16000,1,16,2.08
train,English,id058,train_set/train_set/voices/English/id058/04381.wav,16000,1,16,5.72
train,English,id058,train_set/train_set/voices/English/id058/00792.wav,16000,1,16,5.72
train,English,id058,train_set/train_set/voices/English/id058/00835.wav,16000,1,16,5.72
train,English,id058,train_set/train_set/voices/English/id058/04746.wav,16000,1,16,5.72
train,English,id058,train_set/train_set/voices/English/id058/04570.wav,16000,1,16,5.72
train,English,id058,train_set/train_set/voices/English/id058/05969.wav,16000,1,16,5.72
train,English,id058,train_set/train_set/voices/English/id058/00172.wav,16000,1,16,7.52
train,English,id058,train_set/train_set/voices/English/id058/02789.wav,16000,1,16,7.52
train,English,id058,train_set/train_set/voices/English/id058/01994.wav,16000,1,16,2.76
train,English,id058,train_set/train_set/voices/English/id058/05153.wav,16000,1,16,8.2
train,English,id058,train_set/train_set/voices/English/id058/00994.wav,16000,1,16,8.2
train,English,id058,train_set/train_set/voices/English/id058/03342.wav,16000,1,16,8.08
train,English,id058,train_set/train_set/voices/English/id058/04846.wav,16000,1,16,3.12
train,English,id058,train_set/train_set/voices/English/id058/05947.wav,16000,1,16,3.12
train,English,id058,train_set/train_set/voices/English/id058/00019.wav,16000,1,16,3.68
train,English,id058,train_set/train_set/voices/English/id058/03104.wav,16000,1,16,4.08
train,English,id058,train_set/train_set/voices/English/id058/02506.wav,16000,1,16,4.08
train,English,id058,train_set/train_set/voices/English/id058/06371.wav,16000,1,16,5.92
train,English,id058,train_set/train_set/voices/English/id058/00416.wav,16000,1,16,5.92
train,English,id058,train_set/train_set/voices/English/id058/04242.wav,16000,1,16,3.56
train,English,id058,train_set/train_set/voices/English/id058/06170.wav,16000,1,16,3.32
train,English,id058,train_set/train_set/voices/English/id058/05226.wav,16000,1,16,3.32
train,English,id058,train_set/train_set/voices/English/id058/02115.wav,16000,1,16,3.32
train,English,id058,train_set/train_set/voices/English/id058/01083.wav,16000,1,16,3.32
train,English,id058,train_set/train_set/voices/English/id058/01821.wav,16000,1,16,3.32
train,English,id058,train_set/train_set/voices/English/id058/01583.wav,16000,1,16,4.44
train,English,id058,train_set/train_set/voices/English/id058/00463.wav,16000,1,16,4.44
train,English,id058,train_set/train_set/voices/English/id058/01135.wav,16000,1,16,11.96
train,English,id058,train_set/train_set/voices/English/id058/01565.wav,16000,1,16,11.96
train,English,id058,train_set/train_set/voices/English/id058/02887.wav,16000,1,16,11.96
train,English,id058,train_set/train_set/voices/English/id058/01370.wav,16000,1,16,11.96
train,English,id058,train_set/train_set/voices/English/id058/02987.wav,16000,1,16,11.96
train,English,id058,train_set/train_set/voices/English/id058/02490.wav,16000,1,16,11.96
train,English,id058,train_set/train_set/voices/English/id058/05047.wav,16000,1,16,3.28
train,English,id058,train_set/train_set/voices/English/id058/04179.wav,16000,1,16,3.28
train,English,id058,train_set/train_set/voices/English/id058/06376.wav,16000,1,16,3.28
train,English,id058,train_set/train_set/voices/English/id058/03031.wav,16000,1,16,3.28
train,English,id058,train_set/train_set/voices/English/id058/04814.wav,16000,1,16,4.24
train,English,id058,train_set/train_set/voices/English/id058/03459.wav,16000,1,16,4.24
train,English,id058,train_set/train_set/voices/English/id058/04071.wav,16000,1,16,3.6
train,English,id058,train_set/train_set/voices/English/id058/04224.wav,16000,1,16,3.44
train,English,id058,train_set/train_set/voices/English/id058/01847.wav,16000,1,16,4.08
train,English,id058,train_set/train_set/voices/English/id058/00919.wav,16000,1,16,6.84
train,English,id058,train_set/train_set/voices/English/id058/01678.wav,16000,1,16,6.84
train,English,id058,train_set/train_set/voices/English/id058/01280.wav,16000,1,16,6.84
train,English,id058,train_set/train_set/voices/English/id058/03675.wav,16000,1,16,3.36
train,English,id058,train_set/train_set/voices/English/id058/00557.wav,16000,1,16,7.08
train,English,id058,train_set/train_set/voices/English/id058/05338.wav,16000,1,16,7.08
train,English,id058,train_set/train_set/voices/English/id058/04119.wav,16000,1,16,7.08
train,English,id058,train_set/train_set/voices/English/id058/06245.wav,16000,1,16,7.08
train,English,id058,train_set/train_set/voices/English/id058/06262.wav,16000,1,16,4.56
train,English,id058,train_set/train_set/voices/English/id058/03084.wav,16000,1,16,4.56
train,English,id058,train_set/train_set/voices/English/id058/02555.wav,16000,1,16,5.64
train,English,id058,train_set/train_set/voices/English/id058/04967.wav,16000,1,16,2.36
train,English,id058,train_set/train_set/voices/English/id058/04659.wav,16000,1,16,4.6
train,English,id033,train_set/train_set/voices/English/id033/02718.wav,16000,1,16,6.04
train,English,id033,train_set/train_set/voices/English/id033/04541.wav,16000,1,16,8.0
train,English,id033,train_set/train_set/voices/English/id033/00544.wav,16000,1,16,8.0
train,English,id033,train_set/train_set/voices/English/id033/02849.wav,16000,1,16,4.56
train,English,id033,train_set/train_set/voices/English/id033/00215.wav,16000,1,16,4.56
train,English,id033,train_set/train_set/voices/English/id033/05466.wav,16000,1,16,4.24
train,English,id033,train_set/train_set/voices/English/id033/03769.wav,16000,1,16,4.24
train,English,id033,train_set/train_set/voices/English/id033/06369.wav,16000,1,16,7.56
train,English,id033,train_set/train_set/voices/English/id033/03256.wav,16000,1,16,5.76
train,English,id033,train_set/train_set/voices/English/id033/00152.wav,16000,1,16,2.88
train,English,id033,train_set/train_set/voices/English/id033/04293.wav,16000,1,16,10.32
train,English,id033,train_set/train_set/voices/English/id033/06009.wav,16000,1,16,3.2
train,English,id033,train_set/train_set/voices/English/id033/01892.wav,16000,1,16,3.76
train,English,id033,train_set/train_set/voices/English/id033/02738.wav,16000,1,16,6.48
train,English,id033,train_set/train_set/voices/English/id033/04801.wav,16000,1,16,4.4
train,English,id033,train_set/train_set/voices/English/id033/03164.wav,16000,1,16,10.36
train,English,id033,train_set/train_set/voices/English/id033/05049.wav,16000,1,16,3.36
train,English,id033,train_set/train_set/voices/English/id033/00296.wav,16000,1,16,8.0
train,English,id033,train_set/train_set/voices/English/id033/05415.wav,16000,1,16,2.12
train,English,id033,train_set/train_set/voices/English/id033/03120.wav,16000,1,16,9.0
train,English,id033,train_set/train_set/voices/English/id033/03587.wav,16000,1,16,3.84
train,English,id033,train_set/train_set/voices/English/id033/01209.wav,16000,1,16,5.12
train,English,id033,train_set/train_set/voices/English/id033/02670.wav,16000,1,16,5.12
train,English,id033,train_set/train_set/voices/English/id033/01253.wav,16000,1,16,2.24
train,English,id033,train_set/train_set/voices/English/id033/02826.wav,16000,1,16,2.44
train,English,id033,train_set/train_set/voices/English/id033/04019.wav,16000,1,16,3.6
train,English,id033,train_set/train_set/voices/English/id033/03439.wav,16000,1,16,6.56
train,English,id033,train_set/train_set/voices/English/id033/05453.wav,16000,1,16,11.28
train,English,id033,train_set/train_set/voices/English/id033/01150.wav,16000,1,16,10.44
train,English,id033,train_set/train_set/voices/English/id033/04546.wav,16000,1,16,4.8
train,English,id033,train_set/train_set/voices/English/id033/02260.wav,16000,1,16,12.24
train,English,id033,train_set/train_set/voices/English/id033/05499.wav,16000,1,16,12.24
train,English,id033,train_set/train_set/voices/English/id033/04852.wav,16000,1,16,12.48
train,English,id033,train_set/train_set/voices/English/id033/00625.wav,16000,1,16,5.44
train,English,id033,train_set/train_set/voices/English/id033/04276.wav,16000,1,16,5.44
train,English,id033,train_set/train_set/voices/English/id033/04806.wav,16000,1,16,3.08
train,English,id033,train_set/train_set/voices/English/id033/02889.wav,16000,1,16,3.08
train,English,id033,train_set/train_set/voices/English/id033/00022.wav,16000,1,16,4.68
train,English,id033,train_set/train_set/voices/English/id033/04710.wav,16000,1,16,4.68
train,English,id033,train_set/train_set/voices/English/id033/03829.wav,16000,1,16,4.68
train,English,id033,train_set/train_set/voices/English/id033/01539.wav,16000,1,16,9.32
train,English,id033,train_set/train_set/voices/English/id033/02188.wav,16000,1,16,9.32
train,English,id033,train_set/train_set/voices/English/id033/01119.wav,16000,1,16,6.76
train,English,id033,train_set/train_set/voices/English/id033/02223.wav,16000,1,16,4.32
train,English,id033,train_set/train_set/voices/English/id033/05636.wav,16000,1,16,4.52
train,English,id033,train_set/train_set/voices/English/id033/01225.wav,16000,1,16,4.52
train,English,id033,train_set/train_set/voices/English/id033/02548.wav,16000,1,16,3.2
train,English,id033,train_set/train_set/voices/English/id033/02966.wav,16000,1,16,4.52
train,English,id033,train_set/train_set/voices/English/id033/05109.wav,16000,1,16,4.6
train,English,id033,train_set/train_set/voices/English/id033/05769.wav,16000,1,16,5.16
train,English,id033,train_set/train_set/voices/English/id033/04815.wav,16000,1,16,6.8
train,English,id033,train_set/train_set/voices/English/id033/03330.wav,16000,1,16,6.8
train,English,id033,train_set/train_set/voices/English/id033/02964.wav,16000,1,16,5.16
train,English,id033,train_set/train_set/voices/English/id033/03868.wav,16000,1,16,7.76
train,English,id033,train_set/train_set/voices/English/id033/02626.wav,16000,1,16,7.76
train,English,id033,train_set/train_set/voices/English/id033/04085.wav,16000,1,16,7.76
train,English,id033,train_set/train_set/voices/English/id033/00148.wav,16000,1,16,3.88
train,English,id033,train_set/train_set/voices/English/id033/00142.wav,16000,1,16,3.88
train,English,id033,train_set/train_set/voices/English/id033/01564.wav,16000,1,16,2.48
train,English,id033,train_set/train_set/voices/English/id033/05177.wav,16000,1,16,3.0
train,English,id033,train_set/train_set/voices/English/id033/03948.wav,16000,1,16,2.32
train,English,id033,train_set/train_set/voices/English/id033/05784.wav,16000,1,16,5.0
train,English,id033,train_set/train_set/voices/English/id033/03361.wav,16000,1,16,5.24
train,English,id033,train_set/train_set/voices/English/id033/05660.wav,16000,1,16,2.2
train,English,id033,train_set/train_set/voices/English/id033/02492.wav,16000,1,16,2.2
train,English,id033,train_set/train_set/voices/English/id033/00638.wav,16000,1,16,5.96
train,English,id033,train_set/train_set/voices/English/id033/00916.wav,16000,1,16,6.68
train,English,id033,train_set/train_set/voices/English/id033/03791.wav,16000,1,16,4.16
train,English,id033,train_set/train_set/voices/English/id033/00860.wav,16000,1,16,2.44
train,English,id033,train_set/train_set/voices/English/id033/05740.wav,16000,1,16,4.84
train,English,id033,train_set/train_set/voices/English/id033/01999.wav,16000,1,16,3.4
train,English,id033,train_set/train_set/voices/English/id033/05699.wav,16000,1,16,3.16
train,English,id033,train_set/train_set/voices/English/id033/00728.wav,16000,1,16,3.16
train,English,id033,train_set/train_set/voices/English/id033/02265.wav,16000,1,16,2.6
train,English,id033,train_set/train_set/voices/English/id033/01617.wav,16000,1,16,2.6
train,English,id033,train_set/train_set/voices/English/id033/06344.wav,16000,1,16,4.96
train,English,id009,train_set/train_set/voices/English/id009/04169.wav,16000,1,16,7.96
train,English,id009,train_set/train_set/voices/English/id009/05950.wav,16000,1,16,7.96
train,English,id009,train_set/train_set/voices/English/id009/03184.wav,16000,1,16,7.96
train,English,id009,train_set/train_set/voices/English/id009/06350.wav,16000,1,16,7.96
train,English,id009,train_set/train_set/voices/English/id009/02742.wav,16000,1,16,7.96
train,English,id009,train_set/train_set/voices/English/id009/00409.wav,16000,1,16,7.96
train,English,id009,train_set/train_set/voices/English/id009/03081.wav,16000,1,16,7.96
train,English,id009,train_set/train_set/voices/English/id009/03722.wav,16000,1,16,7.96
train,English,id009,train_set/train_set/voices/English/id009/01176.wav,16000,1,16,8.24
train,English,id009,train_set/train_set/voices/English/id009/00603.wav,16000,1,16,8.24
train,English,id009,train_set/train_set/voices/English/id009/00232.wav,16000,1,16,8.24
train,English,id009,train_set/train_set/voices/English/id009/05897.wav,16000,1,16,8.24
train,English,id009,train_set/train_set/voices/English/id009/02779.wav,16000,1,16,8.24
train,English,id009,train_set/train_set/voices/English/id009/00345.wav,16000,1,16,8.24
train,English,id009,train_set/train_set/voices/English/id009/00023.wav,16000,1,16,8.24
train,English,id009,train_set/train_set/voices/English/id009/01848.wav,16000,1,16,8.24
train,English,id009,train_set/train_set/voices/English/id009/04123.wav,16000,1,16,4.32
train,English,id009,train_set/train_set/voices/English/id009/01998.wav,16000,1,16,4.32
train,English,id009,train_set/train_set/voices/English/id009/04558.wav,16000,1,16,4.32
train,English,id009,train_set/train_set/voices/English/id009/00264.wav,16000,1,16,4.32
train,English,id009,train_set/train_set/voices/English/id009/01859.wav,16000,1,16,3.72
train,English,id009,train_set/train_set/voices/English/id009/04599.wav,16000,1,16,3.72
train,English,id009,train_set/train_set/voices/English/id009/03097.wav,16000,1,16,3.72
train,English,id009,train_set/train_set/voices/English/id009/05324.wav,16000,1,16,3.72
train,English,id009,train_set/train_set/voices/English/id009/01247.wav,16000,1,16,4.64
train,English,id009,train_set/train_set/voices/English/id009/01022.wav,16000,1,16,4.64
train,English,id009,train_set/train_set/voices/English/id009/02836.wav,16000,1,16,4.64
train,English,id009,train_set/train_set/voices/English/id009/00518.wav,16000,1,16,4.64
train,English,id009,train_set/train_set/voices/English/id009/04775.wav,16000,1,16,4.64
train,English,id009,train_set/train_set/voices/English/id009/03075.wav,16000,1,16,4.64
train,English,id009,train_set/train_set/voices/English/id009/02908.wav,16000,1,16,2.84
train,English,id009,train_set/train_set/voices/English/id009/05309.wav,16000,1,16,3.2
train,English,id009,train_set/train_set/voices/English/id009/04363.wav,16000,1,16,3.2
train,English,id009,train_set/train_set/voices/English/id009/02091.wav,16000,1,16,3.2
train,English,id009,train_set/train_set/voices/English/id009/02069.wav,16000,1,16,3.2
train,English,id009,train_set/train_set/voices/English/id009/02949.wav,16000,1,16,2.24
train,English,id009,train_set/train_set/voices/English/id009/03450.wav,16000,1,16,2.24
train,English,id009,train_set/train_set/voices/English/id009/01964.wav,16000,1,16,2.24
train,English,id009,train_set/train_set/voices/English/id009/03720.wav,16000,1,16,3.96
train,English,id009,train_set/train_set/voices/English/id009/03374.wav,16000,1,16,3.96
train,English,id009,train_set/train_set/voices/English/id009/06024.wav,16000,1,16,8.36
train,English,id009,train_set/train_set/voices/English/id009/00133.wav,16000,1,16,8.36
train,English,id009,train_set/train_set/voices/English/id009/03055.wav,16000,1,16,8.36
train,English,id009,train_set/train_set/voices/English/id009/02369.wav,16000,1,16,8.36
train,English,id009,train_set/train_set/voices/English/id009/01138.wav,16000,1,16,8.36
train,English,id009,train_set/train_set/voices/English/id009/01893.wav,16000,1,16,8.36
train,English,id009,train_set/train_set/voices/English/id009/01479.wav,16000,1,16,8.36
train,English,id009,train_set/train_set/voices/English/id009/00722.wav,16000,1,16,3.48
train,English,id009,train_set/train_set/voices/English/id009/02481.wav,16000,1,16,5.2
train,English,id009,train_set/train_set/voices/English/id009/03007.wav,16000,1,16,5.2
train,English,id009,train_set/train_set/voices/English/id009/06269.wav,16000,1,16,5.2
train,English,id009,train_set/train_set/voices/English/id009/05681.wav,16000,1,16,5.2
train,English,id009,train_set/train_set/voices/English/id009/05341.wav,16000,1,16,5.2
train,English,id009,train_set/train_set/voices/English/id009/05891.wav,16000,1,16,5.2
train,English,id009,train_set/train_set/voices/English/id009/04011.wav,16000,1,16,5.2
train,English,id009,train_set/train_set/voices/English/id009/02094.wav,16000,1,16,3.96
train,English,id009,train_set/train_set/voices/English/id009/01203.wav,16000,1,16,3.96
train,English,id009,train_set/train_set/voices/English/id009/01194.wav,16000,1,16,3.96
train,English,id009,train_set/train_set/voices/English/id009/01937.wav,16000,1,16,3.96
train,English,id009,train_set/train_set/voices/English/id009/05542.wav,16000,1,16,3.96
train,English,id009,train_set/train_set/voices/English/id009/02874.wav,16000,1,16,2.56
train,English,id009,train_set/train_set/voices/English/id009/04863.wav,16000,1,16,2.56
train,English,id009,train_set/train_set/voices/English/id009/03507.wav,16000,1,16,3.08
train,English,id049,train_set/train_set/voices/English/id049/03255.wav,16000,1,16,4.56
train,English,id049,train_set/train_set/voices/English/id049/03299.wav,16000,1,16,2.76
train,English,id049,train_set/train_set/voices/English/id049/02451.wav,16000,1,16,4.2
train,English,id049,train_set/train_set/voices/English/id049/06374.wav,16000,1,16,2.08
train,English,id049,train_set/train_set/voices/English/id049/06423.wav,16000,1,16,4.44
train,English,id049,train_set/train_set/voices/English/id049/00389.wav,16000,1,16,2.48
train,English,id049,train_set/train_set/voices/English/id049/05847.wav,16000,1,16,3.8
train,English,id049,train_set/train_set/voices/English/id049/05882.wav,16000,1,16,2.32
train,English,id049,train_set/train_set/voices/English/id049/00857.wav,16000,1,16,4.0
train,English,id049,train_set/train_set/voices/English/id049/02272.wav,16000,1,16,4.0
train,English,id049,train_set/train_set/voices/English/id049/06074.wav,16000,1,16,7.6
train,English,id049,train_set/train_set/voices/English/id049/04884.wav,16000,1,16,2.92
train,English,id049,train_set/train_set/voices/English/id049/02520.wav,16000,1,16,3.12
train,English,id049,train_set/train_set/voices/English/id049/05106.wav,16000,1,16,2.12
train,English,id049,train_set/train_set/voices/English/id049/03824.wav,16000,1,16,4.44
train,English,id049,train_set/train_set/voices/English/id049/01667.wav,16000,1,16,2.36
train,English,id049,train_set/train_set/voices/English/id049/01706.wav,16000,1,16,5.48
train,English,id049,train_set/train_set/voices/English/id049/01631.wav,16000,1,16,6.76
train,English,id049,train_set/train_set/voices/English/id049/00773.wav,16000,1,16,13.32
train,English,id049,train_set/train_set/voices/English/id049/00936.wav,16000,1,16,4.76
train,English,id049,train_set/train_set/voices/English/id049/05310.wav,16000,1,16,3.28
train,English,id049,train_set/train_set/voices/English/id049/02713.wav,16000,1,16,2.4
train,English,id049,train_set/train_set/voices/English/id049/03695.wav,16000,1,16,4.8
train,English,id049,train_set/train_set/voices/English/id049/02898.wav,16000,1,16,4.48
train,English,id049,train_set/train_set/voices/English/id049/01216.wav,16000,1,16,3.88
train,English,id049,train_set/train_set/voices/English/id049/04639.wav,16000,1,16,5.72
train,English,id049,train_set/train_set/voices/English/id049/05516.wav,16000,1,16,3.44
train,English,id049,train_set/train_set/voices/English/id049/03839.wav,16000,1,16,3.76
train,English,id049,train_set/train_set/voices/English/id049/04697.wav,16000,1,16,4.68
train,English,id049,train_set/train_set/voices/English/id049/02200.wav,16000,1,16,5.24
train,English,id049,train_set/train_set/voices/English/id049/03500.wav,16000,1,16,2.84
train,English,id049,train_set/train_set/voices/English/id049/06204.wav,16000,1,16,2.4
train,English,id049,train_set/train_set/voices/English/id049/01697.wav,16000,1,16,2.72
train,English,id049,train_set/train_set/voices/English/id049/05066.wav,16000,1,16,2.2
train,English,id049,train_set/train_set/voices/English/id049/01636.wav,16000,1,16,3.2
train,English,id049,train_set/train_set/voices/English/id049/01907.wav,16000,1,16,3.96
train,English,id049,train_set/train_set/voices/English/id049/01552.wav,16000,1,16,3.52
train,English,id049,train_set/train_set/voices/English/id049/01808.wav,16000,1,16,3.04
train,English,id049,train_set/train_set/voices/English/id049/00119.wav,16000,1,16,2.0
train,English,id049,train_set/train_set/voices/English/id049/03405.wav,16000,1,16,4.0
train,English,id049,train_set/train_set/voices/English/id049/04139.wav,16000,1,16,3.32
train,English,id049,train_set/train_set/voices/English/id049/01682.wav,16000,1,16,3.76
train,English,id049,train_set/train_set/voices/English/id049/04935.wav,16000,1,16,3.8
train,English,id049,train_set/train_set/voices/English/id049/02251.wav,16000,1,16,4.28
train,English,id049,train_set/train_set/voices/English/id049/05642.wav,16000,1,16,3.08
train,English,id049,train_set/train_set/voices/English/id049/03958.wav,16000,1,16,5.52
train,English,id049,train_set/train_set/voices/English/id049/04681.wav,16000,1,16,3.52
train,English,id049,train_set/train_set/voices/English/id049/05999.wav,16000,1,16,2.48
train,English,id049,train_set/train_set/voices/English/id049/06065.wav,16000,1,16,3.72
train,English,id049,train_set/train_set/voices/English/id049/00129.wav,16000,1,16,5.0
train,English,id049,train_set/train_set/voices/English/id049/05125.wav,16000,1,16,2.8
train,English,id049,train_set/train_set/voices/English/id049/03381.wav,16000,1,16,5.64
train,English,id049,train_set/train_set/voices/English/id049/05044.wav,16000,1,16,2.64
train,English,id049,train_set/train_set/voices/English/id049/00122.wav,16000,1,16,2.12
train,English,id049,train_set/train_set/voices/English/id049/06306.wav,16000,1,16,4.08
train,English,id049,train_set/train_set/voices/English/id049/00690.wav,16000,1,16,2.92
train,English,id049,train_set/train_set/voices/English/id049/03967.wav,16000,1,16,4.24
train,English,id049,train_set/train_set/voices/English/id049/03543.wav,16000,1,16,4.36
train,English,id049,train_set/train_set/voices/English/id049/02518.wav,16000,1,16,3.32
train,English,id049,train_set/train_set/voices/English/id049/00679.wav,16000,1,16,3.32
train,English,id049,train_set/train_set/voices/English/id049/01971.wav,16000,1,16,3.96
train,English,id049,train_set/train_set/voices/English/id049/01944.wav,16000,1,16,7.6
train,English,id049,train_set/train_set/voices/English/id049/05408.wav,16000,1,16,5.36
train,English,id049,train_set/train_set/voices/English/id049/02865.wav,16000,1,16,8.44
train,English,id049,train_set/train_set/voices/English/id049/03066.wav,16000,1,16,3.24
train,English,id049,train_set/train_set/voices/English/id049/05023.wav,16000,1,16,4.96
train,English,id049,train_set/train_set/voices/English/id049/02036.wav,16000,1,16,9.24
train,English,id049,train_set/train_set/voices/English/id049/05646.wav,16000,1,16,9.56
train,English,id049,train_set/train_set/voices/English/id049/06405.wav,16000,1,16,4.32
train,English,id049,train_set/train_set/voices/English/id049/03316.wav,16000,1,16,5.84
train,English,id049,train_set/train_set/voices/English/id049/02883.wav,16000,1,16,4.0
train,English,id049,train_set/train_set/voices/English/id049/05138.wav,16000,1,16,5.8
train,English,id049,train_set/train_set/voices/English/id049/03555.wav,16000,1,16,4.44
train,English,id049,train_set/train_set/voices/English/id049/05130.wav,16000,1,16,11.12
train,English,id049,train_set/train_set/voices/English/id049/05595.wav,16000,1,16,11.12
train,English,id049,train_set/train_set/voices/English/id049/01278.wav,16000,1,16,7.32
train,English,id049,train_set/train_set/voices/English/id049/00024.wav,16000,1,16,7.32
train,English,id049,train_set/train_set/voices/English/id049/02876.wav,16000,1,16,6.52
train,English,id049,train_set/train_set/voices/English/id049/05190.wav,16000,1,16,4.88
train,English,id049,train_set/train_set/voices/English/id049/05208.wav,16000,1,16,4.88
train,English,id049,train_set/train_set/voices/English/id049/03702.wav,16000,1,16,6.92
train,English,id049,train_set/train_set/voices/English/id049/01871.wav,16000,1,16,6.24
train,English,id049,train_set/train_set/voices/English/id049/03378.wav,16000,1,16,14.24
train,English,id049,train_set/train_set/voices/English/id049/02146.wav,16000,1,16,5.64
train,English,id049,train_set/train_set/voices/English/id049/04723.wav,16000,1,16,13.0
train,English,id049,train_set/train_set/voices/English/id049/00155.wav,16000,1,16,11.68
train,English,id049,train_set/train_set/voices/English/id049/00918.wav,16000,1,16,7.2
train,English,id049,train_set/train_set/voices/English/id049/03390.wav,16000,1,16,18.4
train,English,id049,train_set/train_set/voices/English/id049/00493.wav,16000,1,16,18.4
train,English,id049,train_set/train_set/voices/English/id049/04151.wav,16000,1,16,4.0
train,English,id049,train_set/train_set/voices/English/id049/00110.wav,16000,1,16,9.6
train,English,id049,train_set/train_set/voices/English/id049/01970.wav,16000,1,16,6.2
train,English,id049,train_set/train_set/voices/English/id049/01995.wav,16000,1,16,3.32
train,English,id049,train_set/train_set/voices/English/id049/05585.wav,16000,1,16,2.92
train,English,id049,train_set/train_set/voices/English/id049/02915.wav,16000,1,16,7.08
train,English,id049,train_set/train_set/voices/English/id049/05663.wav,16000,1,16,6.0
train,English,id049,train_set/train_set/voices/English/id049/02409.wav,16000,1,16,2.2
train,English,id049,train_set/train_set/voices/English/id049/00705.wav,16000,1,16,9.32
train,English,id049,train_set/train_set/voices/English/id049/06168.wav,16000,1,16,7.16
train,English,id049,train_set/train_set/voices/English/id049/04267.wav,16000,1,16,2.04
train,English,id049,train_set/train_set/voices/English/id049/04633.wav,16000,1,16,5.04
train,English,id049,train_set/train_set/voices/English/id049/02737.wav,16000,1,16,3.56
train,English,id049,train_set/train_set/voices/English/id049/05009.wav,16000,1,16,6.12
train,English,id049,train_set/train_set/voices/English/id049/00910.wav,16000,1,16,6.12
train,English,id049,train_set/train_set/voices/English/id049/01827.wav,16000,1,16,4.56
train,English,id049,train_set/train_set/voices/English/id049/03818.wav,16000,1,16,2.0
train,English,id049,train_set/train_set/voices/English/id049/05902.wav,16000,1,16,2.44
train,English,id049,train_set/train_set/voices/English/id049/05580.wav,16000,1,16,3.08
train,English,id049,train_set/train_set/voices/English/id049/04818.wav,16000,1,16,3.48
train,English,id049,train_set/train_set/voices/English/id049/03602.wav,16000,1,16,2.0
train,English,id049,train_set/train_set/voices/English/id049/03852.wav,16000,1,16,3.0
train,English,id049,train_set/train_set/voices/English/id049/04564.wav,16000,1,16,4.92
train,English,id049,train_set/train_set/voices/English/id049/00460.wav,16000,1,16,2.52
train,English,id049,train_set/train_set/voices/English/id049/05104.wav,16000,1,16,9.08
train,English,id049,train_set/train_set/voices/English/id049/03257.wav,16000,1,16,9.08
train,English,id049,train_set/train_set/voices/English/id049/03253.wav,16000,1,16,9.36
train,English,id049,train_set/train_set/voices/English/id049/02785.wav,16000,1,16,9.36
train,English,id049,train_set/train_set/voices/English/id049/00393.wav,16000,1,16,2.0
train,English,id049,train_set/train_set/voices/English/id049/04288.wav,16000,1,16,2.0
train,English,id049,train_set/train_set/voices/English/id049/05782.wav,16000,1,16,3.2
train,English,id049,train_set/train_set/voices/English/id049/05102.wav,16000,1,16,2.76
train,English,id049,train_set/train_set/voices/English/id049/04083.wav,16000,1,16,5.84
train,English,id049,train_set/train_set/voices/English/id049/03295.wav,16000,1,16,2.36
train,English,id049,train_set/train_set/voices/English/id049/06002.wav,16000,1,16,2.28
train,English,id049,train_set/train_set/voices/English/id049/05087.wav,16000,1,16,5.0
train,English,id049,train_set/train_set/voices/English/id049/01612.wav,16000,1,16,2.0
train,English,id049,train_set/train_set/voices/English/id049/02011.wav,16000,1,16,2.0
train,English,id049,train_set/train_set/voices/English/id049/00748.wav,16000,1,16,6.24
train,English,id049,train_set/train_set/voices/English/id049/04942.wav,16000,1,16,2.16
train,English,id049,train_set/train_set/voices/English/id049/05322.wav,16000,1,16,8.0
train,English,id049,train_set/train_set/voices/English/id049/06300.wav,16000,1,16,4.68
train,English,id049,train_set/train_set/voices/English/id049/06305.wav,16000,1,16,8.48
train,English,id049,train_set/train_set/voices/English/id049/05268.wav,16000,1,16,4.2
train,English,id049,train_set/train_set/voices/English/id049/01755.wav,16000,1,16,21.24
train,English,id049,train_set/train_set/voices/English/id049/01619.wav,16000,1,16,21.24
train,English,id049,train_set/train_set/voices/English/id049/00646.wav,16000,1,16,2.0
train,English,id049,train_set/train_set/voices/English/id049/00213.wav,16000,1,16,2.0
train,English,id049,train_set/train_set/voices/English/id049/01486.wav,16000,1,16,2.0
train,English,id049,train_set/train_set/voices/English/id049/00776.wav,16000,1,16,6.36
train,English,id049,train_set/train_set/voices/English/id049/02601.wav,16000,1,16,2.64
train,English,id049,train_set/train_set/voices/English/id049/00923.wav,16000,1,16,2.16
train,English,id049,train_set/train_set/voices/English/id049/03865.wav,16000,1,16,22.04
train,English,id049,train_set/train_set/voices/English/id049/04938.wav,16000,1,16,22.04
train,English,id049,train_set/train_set/voices/English/id049/01599.wav,16000,1,16,22.04
train,English,id049,train_set/train_set/voices/English/id049/04049.wav,16000,1,16,5.32
train,English,id049,train_set/train_set/voices/English/id049/04013.wav,16000,1,16,5.36
train,English,id049,train_set/train_set/voices/English/id049/05530.wav,16000,1,16,6.48
train,English,id049,train_set/train_set/voices/English/id049/01116.wav,16000,1,16,6.48
train,English,id049,train_set/train_set/voices/English/id049/00281.wav,16000,1,16,4.04
train,English,id049,train_set/train_set/voices/English/id049/02664.wav,16000,1,16,8.96
train,English,id049,train_set/train_set/voices/English/id049/00135.wav,16000,1,16,3.08
train,English,id049,train_set/train_set/voices/English/id049/02998.wav,16000,1,16,4.56
train,English,id049,train_set/train_set/voices/English/id049/02861.wav,16000,1,16,5.12
train,English,id049,train_set/train_set/voices/English/id049/03061.wav,16000,1,16,8.2
train,English,id049,train_set/train_set/voices/English/id049/05052.wav,16000,1,16,2.68
train,English,id049,train_set/train_set/voices/English/id049/03667.wav,16000,1,16,2.84
train,English,id049,train_set/train_set/voices/English/id049/06382.wav,16000,1,16,6.08
train,English,id049,train_set/train_set/voices/English/id049/05635.wav,16000,1,16,6.08
train,English,id049,train_set/train_set/voices/English/id049/04986.wav,16000,1,16,6.68
train,English,id049,train_set/train_set/voices/English/id049/04829.wav,16000,1,16,5.92
train,English,id049,train_set/train_set/voices/English/id049/04702.wav,16000,1,16,2.68
train,English,id049,train_set/train_set/voices/English/id049/04026.wav,16000,1,16,2.4
train,English,id049,train_set/train_set/voices/English/id049/04874.wav,16000,1,16,3.6
train,English,id049,train_set/train_set/voices/English/id049/04990.wav,16000,1,16,8.16
train,English,id049,train_set/train_set/voices/English/id049/03687.wav,16000,1,16,8.16
train,English,id049,train_set/train_set/voices/English/id049/03153.wav,16000,1,16,5.44
train,English,id049,train_set/train_set/voices/English/id049/03168.wav,16000,1,16,3.72
train,English,id049,train_set/train_set/voices/English/id049/05295.wav,16000,1,16,3.72
train,English,id049,train_set/train_set/voices/English/id049/06036.wav,16000,1,16,2.4
train,English,id049,train_set/train_set/voices/English/id049/05128.wav,16000,1,16,5.72
train,English,id049,train_set/train_set/voices/English/id049/00578.wav,16000,1,16,4.84
train,English,id049,train_set/train_set/voices/English/id049/03477.wav,16000,1,16,4.32
train,English,id049,train_set/train_set/voices/English/id049/04332.wav,16000,1,16,2.08
train,English,id049,train_set/train_set/voices/English/id049/03079.wav,16000,1,16,5.56
train,English,id049,train_set/train_set/voices/English/id049/02308.wav,16000,1,16,3.44
train,English,id049,train_set/train_set/voices/English/id049/00054.wav,16000,1,16,2.92
train,English,id049,train_set/train_set/voices/English/id049/04658.wav,16000,1,16,3.04
train,English,id049,train_set/train_set/voices/English/id049/06432.wav,16000,1,16,5.32
train,English,id049,train_set/train_set/voices/English/id049/01430.wav,16000,1,16,3.12
train,English,id049,train_set/train_set/voices/English/id049/03195.wav,16000,1,16,2.68
train,English,id029,train_set/train_set/voices/English/id029/06353.wav,16000,1,16,4.0
train,English,id029,train_set/train_set/voices/English/id029/01444.wav,16000,1,16,3.56
train,English,id029,train_set/train_set/voices/English/id029/05488.wav,16000,1,16,6.6
train,English,id029,train_set/train_set/voices/English/id029/04915.wav,16000,1,16,16.32
train,English,id029,train_set/train_set/voices/English/id029/00051.wav,16000,1,16,16.32
train,English,id029,train_set/train_set/voices/English/id029/00255.wav,16000,1,16,22.08
train,English,id029,train_set/train_set/voices/English/id029/04688.wav,16000,1,16,22.08
train,English,id029,train_set/train_set/voices/English/id029/05394.wav,16000,1,16,4.32
train,English,id029,train_set/train_set/voices/English/id029/05124.wav,16000,1,16,10.68
train,English,id029,train_set/train_set/voices/English/id029/01183.wav,16000,1,16,10.68
train,English,id029,train_set/train_set/voices/English/id029/05955.wav,16000,1,16,7.84
train,English,id029,train_set/train_set/voices/English/id029/01838.wav,16000,1,16,16.72
train,English,id029,train_set/train_set/voices/English/id029/00749.wav,16000,1,16,8.16
train,English,id029,train_set/train_set/voices/English/id029/00763.wav,16000,1,16,8.16
train,English,id029,train_set/train_set/voices/English/id029/01432.wav,16000,1,16,3.32
train,English,id029,train_set/train_set/voices/English/id029/03301.wav,16000,1,16,5.12
train,English,id029,train_set/train_set/voices/English/id029/05418.wav,16000,1,16,14.2
train,English,id029,train_set/train_set/voices/English/id029/06163.wav,16000,1,16,14.2
train,English,id029,train_set/train_set/voices/English/id029/00320.wav,16000,1,16,14.2
train,English,id029,train_set/train_set/voices/English/id029/01925.wav,16000,1,16,5.04
train,English,id029,train_set/train_set/voices/English/id029/02486.wav,16000,1,16,8.36
train,English,id029,train_set/train_set/voices/English/id029/04213.wav,16000,1,16,5.32
train,English,id029,train_set/train_set/voices/English/id029/02297.wav,16000,1,16,5.32
train,English,id029,train_set/train_set/voices/English/id029/00944.wav,16000,1,16,5.4
train,English,id029,train_set/train_set/voices/English/id029/02747.wav,16000,1,16,2.04
train,English,id029,train_set/train_set/voices/English/id029/05571.wav,16000,1,16,5.76
train,English,id029,train_set/train_set/voices/English/id029/04503.wav,16000,1,16,2.12
train,English,id029,train_set/train_set/voices/English/id029/00615.wav,16000,1,16,5.92
train,English,id029,train_set/train_set/voices/English/id029/02170.wav,16000,1,16,3.52
train,English,id029,train_set/train_set/voices/English/id029/03748.wav,16000,1,16,7.84
train,English,id029,train_set/train_set/voices/English/id029/05346.wav,16000,1,16,5.32
train,English,id029,train_set/train_set/voices/English/id029/04768.wav,16000,1,16,4.72
train,English,id029,train_set/train_set/voices/English/id029/00025.wav,16000,1,16,3.24
train,English,id029,train_set/train_set/voices/English/id029/02081.wav,16000,1,16,2.64
train,English,id029,train_set/train_set/voices/English/id029/06439.wav,16000,1,16,6.88
train,English,id029,train_set/train_set/voices/English/id029/06463.wav,16000,1,16,5.96
train,English,id029,train_set/train_set/voices/English/id029/01968.wav,16000,1,16,14.92
train,English,id029,train_set/train_set/voices/English/id029/01356.wav,16000,1,16,5.48
train,English,id029,train_set/train_set/voices/English/id029/03515.wav,16000,1,16,2.04
train,English,id029,train_set/train_set/voices/English/id029/06028.wav,16000,1,16,3.32
train,English,id029,train_set/train_set/voices/English/id029/02577.wav,16000,1,16,3.68
train,English,id029,train_set/train_set/voices/English/id029/03892.wav,16000,1,16,5.76
train,English,id029,train_set/train_set/voices/English/id029/04834.wav,16000,1,16,6.2
train,English,id029,train_set/train_set/voices/English/id029/03403.wav,16000,1,16,2.68
train,English,id029,train_set/train_set/voices/English/id029/00753.wav,16000,1,16,4.44
train,English,id029,train_set/train_set/voices/English/id029/01213.wav,16000,1,16,4.44
train,English,id029,train_set/train_set/voices/English/id029/03690.wav,16000,1,16,4.44
train,English,id029,train_set/train_set/voices/English/id029/04802.wav,16000,1,16,7.2
train,English,id029,train_set/train_set/voices/English/id029/05215.wav,16000,1,16,2.56
train,English,id029,train_set/train_set/voices/English/id029/00312.wav,16000,1,16,2.48
train,English,id029,train_set/train_set/voices/English/id029/05678.wav,16000,1,16,4.28
train,English,id029,train_set/train_set/voices/English/id029/00236.wav,16000,1,16,6.92
train,English,id029,train_set/train_set/voices/English/id029/02863.wav,16000,1,16,5.2
train,English,id029,train_set/train_set/voices/English/id029/00619.wav,16000,1,16,2.24
train,English,id029,train_set/train_set/voices/English/id029/05461.wav,16000,1,16,4.08
train,English,id029,train_set/train_set/voices/English/id029/00295.wav,16000,1,16,5.4
train,English,id029,train_set/train_set/voices/English/id029/02238.wav,16000,1,16,5.4
train,English,id029,train_set/train_set/voices/English/id029/02649.wav,16000,1,16,5.4
train,English,id029,train_set/train_set/voices/English/id029/01168.wav,16000,1,16,2.2
train,English,id029,train_set/train_set/voices/English/id029/02381.wav,16000,1,16,4.08
train,English,id029,train_set/train_set/voices/English/id029/03373.wav,16000,1,16,5.08
train,English,id029,train_set/train_set/voices/English/id029/01169.wav,16000,1,16,4.8
train,English,id029,train_set/train_set/voices/English/id029/01652.wav,16000,1,16,3.76
train,English,id029,train_set/train_set/voices/English/id029/00360.wav,16000,1,16,2.72
train,English,id029,train_set/train_set/voices/English/id029/00277.wav,16000,1,16,6.96
train,English,id029,train_set/train_set/voices/English/id029/00405.wav,16000,1,16,6.96
train,English,id029,train_set/train_set/voices/English/id029/03504.wav,16000,1,16,6.96
train,English,id029,train_set/train_set/voices/English/id029/04378.wav,16000,1,16,3.92
train,English,id029,train_set/train_set/voices/English/id029/00975.wav,16000,1,16,4.48
train,English,id029,train_set/train_set/voices/English/id029/04052.wav,16000,1,16,3.72
train,English,id029,train_set/train_set/voices/English/id029/04066.wav,16000,1,16,4.88
train,English,id029,train_set/train_set/voices/English/id029/03352.wav,16000,1,16,2.0
train,English,id029,train_set/train_set/voices/English/id029/01261.wav,16000,1,16,3.76
train,English,id029,train_set/train_set/voices/English/id029/00462.wav,16000,1,16,2.12
train,English,id029,train_set/train_set/voices/English/id029/01643.wav,16000,1,16,3.36
train,English,id010,train_set/train_set/voices/English/id010/05800.wav,16000,1,16,4.56
train,English,id010,train_set/train_set/voices/English/id010/00275.wav,16000,1,16,12.28
train,English,id010,train_set/train_set/voices/English/id010/02376.wav,16000,1,16,7.24
train,English,id010,train_set/train_set/voices/English/id010/00567.wav,16000,1,16,7.24
train,English,id010,train_set/train_set/voices/English/id010/04009.wav,16000,1,16,20.24
train,English,id010,train_set/train_set/voices/English/id010/05707.wav,16000,1,16,20.24
train,English,id010,train_set/train_set/voices/English/id010/06199.wav,16000,1,16,20.24
train,English,id010,train_set/train_set/voices/English/id010/01771.wav,16000,1,16,10.76
train,English,id010,train_set/train_set/voices/English/id010/05509.wav,16000,1,16,12.88
train,English,id010,train_set/train_set/voices/English/id010/00770.wav,16000,1,16,11.64
train,English,id010,train_set/train_set/voices/English/id010/01675.wav,16000,1,16,6.8
train,English,id010,train_set/train_set/voices/English/id010/01463.wav,16000,1,16,3.2
train,English,id010,train_set/train_set/voices/English/id010/05030.wav,16000,1,16,4.64
train,English,id010,train_set/train_set/voices/English/id010/02095.wav,16000,1,16,3.92
train,English,id010,train_set/train_set/voices/English/id010/01990.wav,16000,1,16,3.52
train,English,id010,train_set/train_set/voices/English/id010/00558.wav,16000,1,16,11.92
train,English,id010,train_set/train_set/voices/English/id010/05722.wav,16000,1,16,2.4
train,English,id010,train_set/train_set/voices/English/id010/02798.wav,16000,1,16,4.24
train,English,id010,train_set/train_set/voices/English/id010/05029.wav,16000,1,16,3.84
train,English,id010,train_set/train_set/voices/English/id010/02801.wav,16000,1,16,3.84
train,English,id010,train_set/train_set/voices/English/id010/00824.wav,16000,1,16,3.4
train,English,id010,train_set/train_set/voices/English/id010/05242.wav,16000,1,16,11.08
train,English,id010,train_set/train_set/voices/English/id010/00596.wav,16000,1,16,11.08
train,English,id010,train_set/train_set/voices/English/id010/04443.wav,16000,1,16,8.24
train,English,id010,train_set/train_set/voices/English/id010/00508.wav,16000,1,16,11.0
train,English,id010,train_set/train_set/voices/English/id010/00554.wav,16000,1,16,6.32
train,English,id010,train_set/train_set/voices/English/id010/03283.wav,16000,1,16,15.28
train,English,id010,train_set/train_set/voices/English/id010/01167.wav,16000,1,16,15.28
train,English,id010,train_set/train_set/voices/English/id010/03688.wav,16000,1,16,15.28
train,English,id010,train_set/train_set/voices/English/id010/00265.wav,16000,1,16,20.8
train,English,id010,train_set/train_set/voices/English/id010/03517.wav,16000,1,16,20.8
train,English,id010,train_set/train_set/voices/English/id010/03411.wav,16000,1,16,25.24
train,English,id010,train_set/train_set/voices/English/id010/03823.wav,16000,1,16,25.24
train,English,id010,train_set/train_set/voices/English/id010/00789.wav,16000,1,16,12.48
train,English,id010,train_set/train_set/voices/English/id010/03756.wav,16000,1,16,11.68
train,English,id010,train_set/train_set/voices/English/id010/00839.wav,16000,1,16,5.36
train,English,id010,train_set/train_set/voices/English/id010/02151.wav,16000,1,16,5.36
train,English,id010,train_set/train_set/voices/English/id010/05240.wav,16000,1,16,6.72
train,English,id010,train_set/train_set/voices/English/id010/03917.wav,16000,1,16,6.08
train,English,id010,train_set/train_set/voices/English/id010/02282.wav,16000,1,16,6.08
train,English,id010,train_set/train_set/voices/English/id010/06478.wav,16000,1,16,4.64
train,English,id010,train_set/train_set/voices/English/id010/00026.wav,16000,1,16,2.04
train,English,id010,train_set/train_set/voices/English/id010/02117.wav,16000,1,16,5.96
train,English,id010,train_set/train_set/voices/English/id010/05668.wav,16000,1,16,6.56
train,English,id010,train_set/train_set/voices/English/id010/06340.wav,16000,1,16,6.56
train,English,id010,train_set/train_set/voices/English/id010/04389.wav,16000,1,16,3.56
train,English,id010,train_set/train_set/voices/English/id010/03625.wav,16000,1,16,2.6
train,English,id010,train_set/train_set/voices/English/id010/06131.wav,16000,1,16,7.32
train,English,id010,train_set/train_set/voices/English/id010/02581.wav,16000,1,16,4.76
train,English,id010,train_set/train_set/voices/English/id010/01051.wav,16000,1,16,3.8
train,English,id010,train_set/train_set/voices/English/id010/05016.wav,16000,1,16,3.36
train,English,id003,train_set/train_set/voices/English/id003/01201.wav,16000,1,16,6.56
train,English,id003,train_set/train_set/voices/English/id003/02763.wav,16000,1,16,6.56
train,English,id003,train_set/train_set/voices/English/id003/04070.wav,16000,1,16,6.56
train,English,id003,train_set/train_set/voices/English/id003/03821.wav,16000,1,16,17.96
train,English,id003,train_set/train_set/voices/English/id003/05983.wav,16000,1,16,17.96
train,English,id003,train_set/train_set/voices/English/id003/04556.wav,16000,1,16,17.96
train,English,id003,train_set/train_set/voices/English/id003/02017.wav,16000,1,16,17.96
train,English,id003,train_set/train_set/voices/English/id003/03187.wav,16000,1,16,3.08
train,English,id003,train_set/train_set/voices/English/id003/04461.wav,16000,1,16,3.08
train,English,id003,train_set/train_set/voices/English/id003/05528.wav,16000,1,16,9.72
train,English,id003,train_set/train_set/voices/English/id003/04771.wav,16000,1,16,9.72
train,English,id003,train_set/train_set/voices/English/id003/04955.wav,16000,1,16,9.72
train,English,id003,train_set/train_set/voices/English/id003/05015.wav,16000,1,16,9.72
train,English,id003,train_set/train_set/voices/English/id003/04231.wav,16000,1,16,5.2
train,English,id003,train_set/train_set/voices/English/id003/06257.wav,16000,1,16,5.2
train,English,id003,train_set/train_set/voices/English/id003/01823.wav,16000,1,16,5.2
train,English,id003,train_set/train_set/voices/English/id003/00159.wav,16000,1,16,6.92
train,English,id003,train_set/train_set/voices/English/id003/05552.wav,16000,1,16,6.92
train,English,id003,train_set/train_set/voices/English/id003/01669.wav,16000,1,16,11.2
train,English,id003,train_set/train_set/voices/English/id003/02114.wav,16000,1,16,2.68
train,English,id003,train_set/train_set/voices/English/id003/04400.wav,16000,1,16,2.68
train,English,id003,train_set/train_set/voices/English/id003/00123.wav,16000,1,16,2.68
train,English,id003,train_set/train_set/voices/English/id003/06077.wav,16000,1,16,2.68
train,English,id003,train_set/train_set/voices/English/id003/02043.wav,16000,1,16,2.68
train,English,id003,train_set/train_set/voices/English/id003/04618.wav,16000,1,16,2.68
train,English,id003,train_set/train_set/voices/English/id003/03554.wav,16000,1,16,3.92
train,English,id003,train_set/train_set/voices/English/id003/05743.wav,16000,1,16,3.92
train,English,id003,train_set/train_set/voices/English/id003/01750.wav,16000,1,16,3.92
train,English,id003,train_set/train_set/voices/English/id003/05413.wav,16000,1,16,5.08
train,English,id003,train_set/train_set/voices/English/id003/04368.wav,16000,1,16,5.08
train,English,id003,train_set/train_set/voices/English/id003/04724.wav,16000,1,16,5.08
train,English,id003,train_set/train_set/voices/English/id003/06314.wav,16000,1,16,5.08
train,English,id003,train_set/train_set/voices/English/id003/01033.wav,16000,1,16,5.08
train,English,id003,train_set/train_set/voices/English/id003/02753.wav,16000,1,16,7.28
train,English,id003,train_set/train_set/voices/English/id003/02155.wav,16000,1,16,8.96
train,English,id003,train_set/train_set/voices/English/id003/02903.wav,16000,1,16,8.96
train,English,id003,train_set/train_set/voices/English/id003/00941.wav,16000,1,16,7.28
train,English,id003,train_set/train_set/voices/English/id003/00687.wav,16000,1,16,2.48
train,English,id003,train_set/train_set/voices/English/id003/00434.wav,16000,1,16,2.48
train,English,id003,train_set/train_set/voices/English/id003/02113.wav,16000,1,16,2.48
train,English,id003,train_set/train_set/voices/English/id003/05033.wav,16000,1,16,2.48
train,English,id003,train_set/train_set/voices/English/id003/01268.wav,16000,1,16,5.68
train,English,id003,train_set/train_set/voices/English/id003/03406.wav,16000,1,16,5.68
train,English,id003,train_set/train_set/voices/English/id003/04983.wav,16000,1,16,5.68
train,English,id003,train_set/train_set/voices/English/id003/02641.wav,16000,1,16,5.68
train,English,id003,train_set/train_set/voices/English/id003/02446.wav,16000,1,16,3.48
train,English,id003,train_set/train_set/voices/English/id003/01085.wav,16000,1,16,3.48
train,English,id003,train_set/train_set/voices/English/id003/00027.wav,16000,1,16,4.12
train,English,id003,train_set/train_set/voices/English/id003/06094.wav,16000,1,16,6.96
train,English,id003,train_set/train_set/voices/English/id003/04483.wav,16000,1,16,2.12
train,English,id003,train_set/train_set/voices/English/id003/05002.wav,16000,1,16,2.12
train,English,id003,train_set/train_set/voices/English/id003/04827.wav,16000,1,16,2.12
train,English,id003,train_set/train_set/voices/English/id003/06229.wav,16000,1,16,10.48
train,English,id003,train_set/train_set/voices/English/id003/04516.wav,16000,1,16,10.48
train,English,id003,train_set/train_set/voices/English/id003/02386.wav,16000,1,16,2.08
train,English,id003,train_set/train_set/voices/English/id003/02761.wav,16000,1,16,2.08
train,English,id003,train_set/train_set/voices/English/id003/00891.wav,16000,1,16,2.96
train,English,id003,train_set/train_set/voices/English/id003/04731.wav,16000,1,16,33.56
train,English,id003,train_set/train_set/voices/English/id003/05010.wav,16000,1,16,33.56
train,English,id003,train_set/train_set/voices/English/id003/05392.wav,16000,1,16,14.52
train,English,id003,train_set/train_set/voices/English/id003/02078.wav,16000,1,16,11.16
train,English,id003,train_set/train_set/voices/English/id003/02393.wav,16000,1,16,7.72
train,English,id003,train_set/train_set/voices/English/id003/05877.wav,16000,1,16,7.72
train,English,id003,train_set/train_set/voices/English/id003/00115.wav,16000,1,16,19.52
train,English,id003,train_set/train_set/voices/English/id003/03816.wav,16000,1,16,5.8
train,English,id003,train_set/train_set/voices/English/id003/02652.wav,16000,1,16,5.8
train,English,id003,train_set/train_set/voices/English/id003/01695.wav,16000,1,16,5.04
train,English,id003,train_set/train_set/voices/English/id003/00665.wav,16000,1,16,3.96
train,English,id003,train_set/train_set/voices/English/id003/03738.wav,16000,1,16,2.08
train,English,id003,train_set/train_set/voices/English/id003/06205.wav,16000,1,16,4.6
train,English,id003,train_set/train_set/voices/English/id003/01052.wav,16000,1,16,3.16
train,English,id003,train_set/train_set/voices/English/id003/02963.wav,16000,1,16,8.0
train,English,id003,train_set/train_set/voices/English/id003/05733.wav,16000,1,16,3.8
train,English,id003,train_set/train_set/voices/English/id003/05022.wav,16000,1,16,3.8
train,English,id003,train_set/train_set/voices/English/id003/03317.wav,16000,1,16,2.36
train,English,id003,train_set/train_set/voices/English/id003/04776.wav,16000,1,16,2.36
train,English,id003,train_set/train_set/voices/English/id003/04939.wav,16000,1,16,2.36
train,English,id003,train_set/train_set/voices/English/id003/02477.wav,16000,1,16,2.16
train,English,id003,train_set/train_set/voices/English/id003/05498.wav,16000,1,16,2.16
train,English,id003,train_set/train_set/voices/English/id003/05089.wav,16000,1,16,2.84
train,English,id003,train_set/train_set/voices/English/id003/04477.wav,16000,1,16,6.48
train,English,id003,train_set/train_set/voices/English/id003/03147.wav,16000,1,16,6.48
train,English,id003,train_set/train_set/voices/English/id003/05054.wav,16000,1,16,4.08
train,English,id003,train_set/train_set/voices/English/id003/03092.wav,16000,1,16,2.48
train,English,id002,train_set/train_set/voices/English/id002/06339.wav,16000,1,16,2.96
train,English,id002,train_set/train_set/voices/English/id002/05275.wav,16000,1,16,2.96
train,English,id002,train_set/train_set/voices/English/id002/01130.wav,16000,1,16,3.88
train,English,id002,train_set/train_set/voices/English/id002/02342.wav,16000,1,16,3.88
train,English,id002,train_set/train_set/voices/English/id002/03264.wav,16000,1,16,3.28
train,English,id002,train_set/train_set/voices/English/id002/00827.wav,16000,1,16,3.28
train,English,id002,train_set/train_set/voices/English/id002/03135.wav,16000,1,16,3.08
train,English,id002,train_set/train_set/voices/English/id002/05381.wav,16000,1,16,3.08
train,English,id002,train_set/train_set/voices/English/id002/04913.wav,16000,1,16,3.08
train,English,id002,train_set/train_set/voices/English/id002/00725.wav,16000,1,16,5.12
train,English,id002,train_set/train_set/voices/English/id002/00461.wav,16000,1,16,5.12
train,English,id002,train_set/train_set/voices/English/id002/01419.wav,16000,1,16,5.12
train,English,id002,train_set/train_set/voices/English/id002/00634.wav,16000,1,16,5.12
train,English,id002,train_set/train_set/voices/English/id002/06476.wav,16000,1,16,5.12
train,English,id002,train_set/train_set/voices/English/id002/01066.wav,16000,1,16,5.12
train,English,id002,train_set/train_set/voices/English/id002/06037.wav,16000,1,16,5.12
train,English,id002,train_set/train_set/voices/English/id002/04152.wav,16000,1,16,3.2
train,English,id002,train_set/train_set/voices/English/id002/00259.wav,16000,1,16,3.68
train,English,id002,train_set/train_set/voices/English/id002/06227.wav,16000,1,16,3.68
train,English,id002,train_set/train_set/voices/English/id002/00960.wav,16000,1,16,3.68
train,English,id002,train_set/train_set/voices/English/id002/03083.wav,16000,1,16,4.4
train,English,id002,train_set/train_set/voices/English/id002/03225.wav,16000,1,16,4.4
train,English,id002,train_set/train_set/voices/English/id002/00751.wav,16000,1,16,4.4
train,English,id002,train_set/train_set/voices/English/id002/00591.wav,16000,1,16,4.4
train,English,id002,train_set/train_set/voices/English/id002/02105.wav,16000,1,16,4.4
train,English,id002,train_set/train_set/voices/English/id002/01472.wav,16000,1,16,2.0
train,English,id002,train_set/train_set/voices/English/id002/04266.wav,16000,1,16,2.0
train,English,id002,train_set/train_set/voices/English/id002/01940.wav,16000,1,16,2.0
train,English,id002,train_set/train_set/voices/English/id002/04468.wav,16000,1,16,2.0
train,English,id002,train_set/train_set/voices/English/id002/05541.wav,16000,1,16,5.76
train,English,id002,train_set/train_set/voices/English/id002/02007.wav,16000,1,16,5.76
train,English,id002,train_set/train_set/voices/English/id002/02322.wav,16000,1,16,5.76
train,English,id002,train_set/train_set/voices/English/id002/03275.wav,16000,1,16,5.76
train,English,id002,train_set/train_set/voices/English/id002/05328.wav,16000,1,16,2.24
train,English,id002,train_set/train_set/voices/English/id002/04073.wav,16000,1,16,2.24
train,English,id002,train_set/train_set/voices/English/id002/02426.wav,16000,1,16,2.24
train,English,id002,train_set/train_set/voices/English/id002/04068.wav,16000,1,16,4.92
train,English,id002,train_set/train_set/voices/English/id002/01891.wav,16000,1,16,4.92
train,English,id002,train_set/train_set/voices/English/id002/03786.wav,16000,1,16,4.92
train,English,id002,train_set/train_set/voices/English/id002/00096.wav,16000,1,16,4.92
train,English,id002,train_set/train_set/voices/English/id002/02109.wav,16000,1,16,4.92
train,English,id002,train_set/train_set/voices/English/id002/05538.wav,16000,1,16,4.92
train,English,id002,train_set/train_set/voices/English/id002/05219.wav,16000,1,16,2.6
train,English,id002,train_set/train_set/voices/English/id002/02828.wav,16000,1,16,2.6
train,English,id002,train_set/train_set/voices/English/id002/01344.wav,16000,1,16,3.16
train,English,id002,train_set/train_set/voices/English/id002/01171.wav,16000,1,16,3.16
train,English,id002,train_set/train_set/voices/English/id002/03585.wav,16000,1,16,3.16
train,English,id002,train_set/train_set/voices/English/id002/05210.wav,16000,1,16,3.16
train,English,id002,train_set/train_set/voices/English/id002/05311.wav,16000,1,16,3.16
train,English,id002,train_set/train_set/voices/English/id002/02752.wav,16000,1,16,5.64
train,English,id002,train_set/train_set/voices/English/id002/00168.wav,16000,1,16,5.64
train,English,id002,train_set/train_set/voices/English/id002/03228.wav,16000,1,16,5.64
train,English,id002,train_set/train_set/voices/English/id002/01199.wav,16000,1,16,5.64
train,English,id002,train_set/train_set/voices/English/id002/05532.wav,16000,1,16,5.64
train,English,id002,train_set/train_set/voices/English/id002/02169.wav,16000,1,16,5.64
train,English,id002,train_set/train_set/voices/English/id002/02417.wav,16000,1,16,5.64
train,English,id002,train_set/train_set/voices/English/id002/02199.wav,16000,1,16,5.64
train,English,id002,train_set/train_set/voices/English/id002/01122.wav,16000,1,16,5.64
train,English,id002,train_set/train_set/voices/English/id002/00785.wav,16000,1,16,9.72
train,English,id002,train_set/train_set/voices/English/id002/05006.wav,16000,1,16,9.72
train,English,id002,train_set/train_set/voices/English/id002/04716.wav,16000,1,16,9.72
train,English,id002,train_set/train_set/voices/English/id002/06302.wav,16000,1,16,9.72
train,English,id002,train_set/train_set/voices/English/id002/05534.wav,16000,1,16,9.72
train,English,id002,train_set/train_set/voices/English/id002/05484.wav,16000,1,16,9.72
train,English,id002,train_set/train_set/voices/English/id002/04821.wav,16000,1,16,9.72
train,English,id002,train_set/train_set/voices/English/id002/01943.wav,16000,1,16,9.72
train,English,id002,train_set/train_set/voices/English/id002/04230.wav,16000,1,16,4.88
train,English,id002,train_set/train_set/voices/English/id002/00072.wav,16000,1,16,4.88
train,English,id002,train_set/train_set/voices/English/id002/05011.wav,16000,1,16,3.88
train,English,id002,train_set/train_set/voices/English/id002/01959.wav,16000,1,16,3.88
train,English,id002,train_set/train_set/voices/English/id002/02542.wav,16000,1,16,3.48
train,English,id002,train_set/train_set/voices/English/id002/01746.wav,16000,1,16,3.48
train,English,id002,train_set/train_set/voices/English/id002/05710.wav,16000,1,16,3.48
train,English,id002,train_set/train_set/voices/English/id002/05853.wav,16000,1,16,3.48
train,English,id002,train_set/train_set/voices/English/id002/00831.wav,16000,1,16,6.64
train,English,id002,train_set/train_set/voices/English/id002/05615.wav,16000,1,16,6.64
train,English,id002,train_set/train_set/voices/English/id002/03591.wav,16000,1,16,6.64
train,English,id002,train_set/train_set/voices/English/id002/03757.wav,16000,1,16,6.64
train,English,id002,train_set/train_set/voices/English/id002/02851.wav,16000,1,16,6.64
train,English,id002,train_set/train_set/voices/English/id002/05449.wav,16000,1,16,6.64
train,English,id002,train_set/train_set/voices/English/id002/02454.wav,16000,1,16,6.64
train,English,id002,train_set/train_set/voices/English/id002/02181.wav,16000,1,16,6.64
train,English,id002,train_set/train_set/voices/English/id002/01456.wav,16000,1,16,6.64
train,English,id002,train_set/train_set/voices/English/id002/06140.wav,16000,1,16,6.64
train,English,id002,train_set/train_set/voices/English/id002/02660.wav,16000,1,16,6.64
train,English,id002,train_set/train_set/voices/English/id002/05254.wav,16000,1,16,6.2
train,English,id002,train_set/train_set/voices/English/id002/03470.wav,16000,1,16,6.2
train,English,id002,train_set/train_set/voices/English/id002/01211.wav,16000,1,16,6.2
train,English,id002,train_set/train_set/voices/English/id002/02947.wav,16000,1,16,6.2
train,English,id002,train_set/train_set/voices/English/id002/03750.wav,16000,1,16,6.2
train,English,id002,train_set/train_set/voices/English/id002/04216.wav,16000,1,16,3.08
train,English,id002,train_set/train_set/voices/English/id002/03044.wav,16000,1,16,15.36
train,English,id002,train_set/train_set/voices/English/id002/02014.wav,16000,1,16,15.36
train,English,id002,train_set/train_set/voices/English/id002/05496.wav,16000,1,16,15.36
train,English,id002,train_set/train_set/voices/English/id002/01745.wav,16000,1,16,15.36
train,English,id002,train_set/train_set/voices/English/id002/03311.wav,16000,1,16,15.36
train,English,id002,train_set/train_set/voices/English/id002/01622.wav,16000,1,16,15.36
train,English,id002,train_set/train_set/voices/English/id002/03804.wav,16000,1,16,15.36
train,English,id002,train_set/train_set/voices/English/id002/01802.wav,16000,1,16,15.36
train,English,id002,train_set/train_set/voices/English/id002/02808.wav,16000,1,16,15.36
train,English,id002,train_set/train_set/voices/English/id002/02499.wav,16000,1,16,15.36
train,English,id002,train_set/train_set/voices/English/id002/04115.wav,16000,1,16,15.36
train,English,id002,train_set/train_set/voices/English/id002/05578.wav,16000,1,16,15.36
train,English,id002,train_set/train_set/voices/English/id002/03670.wav,16000,1,16,15.36
train,English,id002,train_set/train_set/voices/English/id002/01453.wav,16000,1,16,5.08
train,English,id002,train_set/train_set/voices/English/id002/04435.wav,16000,1,16,5.08
train,English,id002,train_set/train_set/voices/English/id002/05745.wav,16000,1,16,5.08
train,English,id002,train_set/train_set/voices/English/id002/01458.wav,16000,1,16,5.08
train,English,id002,train_set/train_set/voices/English/id002/04268.wav,16000,1,16,4.2
train,English,id002,train_set/train_set/voices/English/id002/00401.wav,16000,1,16,4.2
train,English,id002,train_set/train_set/voices/English/id002/02639.wav,16000,1,16,4.2
train,English,id002,train_set/train_set/voices/English/id002/05389.wav,16000,1,16,4.2
train,English,id002,train_set/train_set/voices/English/id002/04156.wav,16000,1,16,4.2
train,English,id002,train_set/train_set/voices/English/id002/02318.wav,16000,1,16,4.2
train,English,id002,train_set/train_set/voices/English/id002/03567.wav,16000,1,16,4.2
train,English,id002,train_set/train_set/voices/English/id002/02288.wav,16000,1,16,6.4
train,English,id002,train_set/train_set/voices/English/id002/03683.wav,16000,1,16,6.4
train,English,id002,train_set/train_set/voices/English/id002/06160.wav,16000,1,16,6.4
train,English,id002,train_set/train_set/voices/English/id002/05140.wav,16000,1,16,6.4
train,English,id002,train_set/train_set/voices/English/id002/02532.wav,16000,1,16,2.4
train,English,id002,train_set/train_set/voices/English/id002/06309.wav,16000,1,16,2.4
train,English,id002,train_set/train_set/voices/English/id002/04427.wav,16000,1,16,5.92
train,English,id002,train_set/train_set/voices/English/id002/03148.wav,16000,1,16,5.92
train,English,id002,train_set/train_set/voices/English/id002/05432.wav,16000,1,16,5.2
train,English,id002,train_set/train_set/voices/English/id002/00494.wav,16000,1,16,5.2
train,English,id002,train_set/train_set/voices/English/id002/05575.wav,16000,1,16,5.2
train,English,id002,train_set/train_set/voices/English/id002/05756.wav,16000,1,16,5.2
train,English,id002,train_set/train_set/voices/English/id002/00243.wav,16000,1,16,5.2
train,English,id002,train_set/train_set/voices/English/id002/03666.wav,16000,1,16,6.72
train,English,id002,train_set/train_set/voices/English/id002/02656.wav,16000,1,16,6.72
train,English,id002,train_set/train_set/voices/English/id002/04210.wav,16000,1,16,13.16
train,English,id002,train_set/train_set/voices/English/id002/04927.wav,16000,1,16,13.16
train,English,id002,train_set/train_set/voices/English/id002/01449.wav,16000,1,16,13.16
train,English,id002,train_set/train_set/voices/English/id002/05059.wav,16000,1,16,13.16
train,English,id002,train_set/train_set/voices/English/id002/01320.wav,16000,1,16,13.16
train,English,id002,train_set/train_set/voices/English/id002/06099.wav,16000,1,16,13.16
train,English,id002,train_set/train_set/voices/English/id002/02463.wav,16000,1,16,13.16
train,English,id002,train_set/train_set/voices/English/id002/05477.wav,16000,1,16,13.16
train,English,id002,train_set/train_set/voices/English/id002/02975.wav,16000,1,16,13.16
train,English,id002,train_set/train_set/voices/English/id002/06038.wav,16000,1,16,13.16
train,English,id002,train_set/train_set/voices/English/id002/04197.wav,16000,1,16,13.16
train,English,id002,train_set/train_set/voices/English/id002/03398.wav,16000,1,16,13.16
train,English,id002,train_set/train_set/voices/English/id002/03323.wav,16000,1,16,13.16
train,English,id002,train_set/train_set/voices/English/id002/00067.wav,16000,1,16,2.36
train,English,id002,train_set/train_set/voices/English/id002/00359.wav,16000,1,16,4.8
train,English,id002,train_set/train_set/voices/English/id002/05881.wav,16000,1,16,4.8
train,English,id002,train_set/train_set/voices/English/id002/04075.wav,16000,1,16,4.8
train,English,id002,train_set/train_set/voices/English/id002/02303.wav,16000,1,16,7.12
train,English,id002,train_set/train_set/voices/English/id002/05301.wav,16000,1,16,7.12
train,English,id002,train_set/train_set/voices/English/id002/02954.wav,16000,1,16,7.12
train,English,id002,train_set/train_set/voices/English/id002/04695.wav,16000,1,16,7.12
train,English,id002,train_set/train_set/voices/English/id002/03537.wav,16000,1,16,7.12
train,English,id002,train_set/train_set/voices/English/id002/04212.wav,16000,1,16,7.12
train,English,id002,train_set/train_set/voices/English/id002/03726.wav,16000,1,16,7.12
train,English,id002,train_set/train_set/voices/English/id002/03343.wav,16000,1,16,2.8
train,English,id002,train_set/train_set/voices/English/id002/00791.wav,16000,1,16,2.8
train,English,id002,train_set/train_set/voices/English/id002/03360.wav,16000,1,16,10.8
train,English,id002,train_set/train_set/voices/English/id002/05829.wav,16000,1,16,10.8
train,English,id002,train_set/train_set/voices/English/id002/04629.wav,16000,1,16,10.8
train,English,id002,train_set/train_set/voices/English/id002/04713.wav,16000,1,16,10.8
train,English,id002,train_set/train_set/voices/English/id002/06412.wav,16000,1,16,10.8
train,English,id002,train_set/train_set/voices/English/id002/06324.wav,16000,1,16,10.8
train,English,id002,train_set/train_set/voices/English/id002/01316.wav,16000,1,16,10.8
train,English,id002,train_set/train_set/voices/English/id002/01735.wav,16000,1,16,10.8
train,English,id002,train_set/train_set/voices/English/id002/03631.wav,16000,1,16,5.2
train,English,id002,train_set/train_set/voices/English/id002/02062.wav,16000,1,16,5.2
train,English,id002,train_set/train_set/voices/English/id002/01722.wav,16000,1,16,5.2
train,English,id002,train_set/train_set/voices/English/id002/03622.wav,16000,1,16,5.2
train,English,id002,train_set/train_set/voices/English/id002/04494.wav,16000,1,16,5.2
train,English,id002,train_set/train_set/voices/English/id002/04296.wav,16000,1,16,5.2
train,English,id002,train_set/train_set/voices/English/id002/01665.wav,16000,1,16,5.2
train,English,id002,train_set/train_set/voices/English/id002/06460.wav,16000,1,16,3.4
train,English,id002,train_set/train_set/voices/English/id002/02850.wav,16000,1,16,3.4
train,English,id002,train_set/train_set/voices/English/id002/05014.wav,16000,1,16,3.4
train,English,id002,train_set/train_set/voices/English/id002/03353.wav,16000,1,16,2.04
train,English,id002,train_set/train_set/voices/English/id002/01413.wav,16000,1,16,10.24
train,English,id002,train_set/train_set/voices/English/id002/00323.wav,16000,1,16,10.24
train,English,id002,train_set/train_set/voices/English/id002/05892.wav,16000,1,16,10.24
train,English,id002,train_set/train_set/voices/English/id002/01175.wav,16000,1,16,10.24
train,English,id002,train_set/train_set/voices/English/id002/06251.wav,16000,1,16,10.24
train,English,id002,train_set/train_set/voices/English/id002/02255.wav,16000,1,16,10.24
train,English,id002,train_set/train_set/voices/English/id002/02502.wav,16000,1,16,10.24
train,English,id002,train_set/train_set/voices/English/id002/02526.wav,16000,1,16,10.24
train,English,id002,train_set/train_set/voices/English/id002/05807.wav,16000,1,16,10.24
train,English,id002,train_set/train_set/voices/English/id002/05792.wav,16000,1,16,10.24
train,English,id002,train_set/train_set/voices/English/id002/05527.wav,16000,1,16,10.24
train,English,id002,train_set/train_set/voices/English/id002/01554.wav,16000,1,16,3.32
train,English,id002,train_set/train_set/voices/English/id002/02912.wav,16000,1,16,3.32
train,English,id002,train_set/train_set/voices/English/id002/05675.wav,16000,1,16,3.32
train,English,id002,train_set/train_set/voices/English/id002/01154.wav,16000,1,16,3.32
train,English,id002,train_set/train_set/voices/English/id002/00798.wav,16000,1,16,3.32
train,English,id002,train_set/train_set/voices/English/id002/00375.wav,16000,1,16,2.4
train,English,id002,train_set/train_set/voices/English/id002/05529.wav,16000,1,16,2.4
train,English,id002,train_set/train_set/voices/English/id002/02599.wav,16000,1,16,2.48
train,English,id002,train_set/train_set/voices/English/id002/02178.wav,16000,1,16,2.48
train,English,id002,train_set/train_set/voices/English/id002/04826.wav,16000,1,16,2.84
train,English,id002,train_set/train_set/voices/English/id002/00028.wav,16000,1,16,2.84
train,English,id002,train_set/train_set/voices/English/id002/05748.wav,16000,1,16,2.84
train,English,id002,train_set/train_set/voices/English/id002/04737.wav,16000,1,16,6.84
train,English,id002,train_set/train_set/voices/English/id002/01465.wav,16000,1,16,6.84
train,English,id002,train_set/train_set/voices/English/id002/05144.wav,16000,1,16,6.84
train,English,id002,train_set/train_set/voices/English/id002/03204.wav,16000,1,16,2.12
train,English,id002,train_set/train_set/voices/English/id002/02735.wav,16000,1,16,2.12
train,English,id002,train_set/train_set/voices/English/id002/04502.wav,16000,1,16,2.12
train,English,id002,train_set/train_set/voices/English/id002/02880.wav,16000,1,16,3.76
train,English,id002,train_set/train_set/voices/English/id002/02584.wav,16000,1,16,3.76
train,English,id002,train_set/train_set/voices/English/id002/03274.wav,16000,1,16,2.56
train,English,id002,train_set/train_set/voices/English/id002/00901.wav,16000,1,16,2.56
train,English,id002,train_set/train_set/voices/English/id002/04044.wav,16000,1,16,2.68
train,English,id002,train_set/train_set/voices/English/id002/04920.wav,16000,1,16,2.68
train,English,id002,train_set/train_set/voices/English/id002/02429.wav,16000,1,16,4.2
train,English,id002,train_set/train_set/voices/English/id002/01587.wav,16000,1,16,4.2
train,English,id002,train_set/train_set/voices/English/id002/02421.wav,16000,1,16,2.52
train,English,id002,train_set/train_set/voices/English/id002/02354.wav,16000,1,16,2.52
train,English,id002,train_set/train_set/voices/English/id002/03775.wav,16000,1,16,2.52
train,English,id002,train_set/train_set/voices/English/id002/01362.wav,16000,1,16,2.52
train,English,id002,train_set/train_set/voices/English/id002/06126.wav,16000,1,16,2.52
train,English,id002,train_set/train_set/voices/English/id002/02834.wav,16000,1,16,2.52
train,English,id002,train_set/train_set/voices/English/id002/00739.wav,16000,1,16,4.56
train,English,id002,train_set/train_set/voices/English/id002/02456.wav,16000,1,16,4.56
train,English,id002,train_set/train_set/voices/English/id002/05178.wav,16000,1,16,4.56
train,English,id002,train_set/train_set/voices/English/id002/02696.wav,16000,1,16,2.8
train,English,id002,train_set/train_set/voices/English/id002/03263.wav,16000,1,16,2.8
train,English,id002,train_set/train_set/voices/English/id002/04949.wav,16000,1,16,2.8
train,English,id002,train_set/train_set/voices/English/id002/00094.wav,16000,1,16,2.8
train,English,id002,train_set/train_set/voices/English/id002/01329.wav,16000,1,16,2.8
train,English,id060,train_set/train_set/voices/English/id060/03424.wav,16000,1,16,7.56
train,English,id060,train_set/train_set/voices/English/id060/03698.wav,16000,1,16,10.0
train,English,id060,train_set/train_set/voices/English/id060/00314.wav,16000,1,16,10.0
train,English,id060,train_set/train_set/voices/English/id060/05107.wav,16000,1,16,9.96
train,English,id060,train_set/train_set/voices/English/id060/01648.wav,16000,1,16,40.92
train,English,id060,train_set/train_set/voices/English/id060/05326.wav,16000,1,16,40.92
train,English,id060,train_set/train_set/voices/English/id060/02047.wav,16000,1,16,40.92
train,English,id060,train_set/train_set/voices/English/id060/06427.wav,16000,1,16,40.92
train,English,id060,train_set/train_set/voices/English/id060/00041.wav,16000,1,16,15.24
train,English,id060,train_set/train_set/voices/English/id060/06100.wav,16000,1,16,4.12
train,English,id060,train_set/train_set/voices/English/id060/01107.wav,16000,1,16,11.2
train,English,id060,train_set/train_set/voices/English/id060/04696.wav,16000,1,16,6.8
train,English,id060,train_set/train_set/voices/English/id060/03574.wav,16000,1,16,3.04
train,English,id060,train_set/train_set/voices/English/id060/03094.wav,16000,1,16,8.48
train,English,id060,train_set/train_set/voices/English/id060/04729.wav,16000,1,16,2.2
train,English,id060,train_set/train_set/voices/English/id060/03862.wav,16000,1,16,2.2
train,English,id060,train_set/train_set/voices/English/id060/02667.wav,16000,1,16,5.24
train,English,id060,train_set/train_set/voices/English/id060/05790.wav,16000,1,16,12.28
train,English,id060,train_set/train_set/voices/English/id060/05267.wav,16000,1,16,7.32
train,English,id060,train_set/train_set/voices/English/id060/06440.wav,16000,1,16,10.64
train,English,id060,train_set/train_set/voices/English/id060/05755.wav,16000,1,16,10.04
train,English,id060,train_set/train_set/voices/English/id060/05922.wav,16000,1,16,5.32
train,English,id060,train_set/train_set/voices/English/id060/05291.wav,16000,1,16,2.68
train,English,id060,train_set/train_set/voices/English/id060/04623.wav,16000,1,16,2.04
train,English,id060,train_set/train_set/voices/English/id060/03207.wav,16000,1,16,4.24
train,English,id060,train_set/train_set/voices/English/id060/00653.wav,16000,1,16,5.96
train,English,id060,train_set/train_set/voices/English/id060/00242.wav,16000,1,16,7.32
train,English,id060,train_set/train_set/voices/English/id060/01478.wav,16000,1,16,19.56
train,English,id060,train_set/train_set/voices/English/id060/02864.wav,16000,1,16,2.52
train,English,id060,train_set/train_set/voices/English/id060/01776.wav,16000,1,16,10.2
train,English,id060,train_set/train_set/voices/English/id060/03049.wav,16000,1,16,7.28
train,English,id060,train_set/train_set/voices/English/id060/01323.wav,16000,1,16,9.28
train,English,id060,train_set/train_set/voices/English/id060/00254.wav,16000,1,16,3.08
train,English,id060,train_set/train_set/voices/English/id060/01090.wav,16000,1,16,8.6
train,English,id060,train_set/train_set/voices/English/id060/02666.wav,16000,1,16,5.08
train,English,id060,train_set/train_set/voices/English/id060/01128.wav,16000,1,16,2.64
train,English,id060,train_set/train_set/voices/English/id060/03638.wav,16000,1,16,10.08
train,English,id060,train_set/train_set/voices/English/id060/05132.wav,16000,1,16,2.4
train,English,id060,train_set/train_set/voices/English/id060/00613.wav,16000,1,16,3.2
train,English,id060,train_set/train_set/voices/English/id060/01577.wav,16000,1,16,11.04
train,English,id060,train_set/train_set/voices/English/id060/06046.wav,16000,1,16,2.28
train,English,id060,train_set/train_set/voices/English/id060/00030.wav,16000,1,16,3.52
train,English,id060,train_set/train_set/voices/English/id060/02597.wav,16000,1,16,4.36
train,English,id060,train_set/train_set/voices/English/id060/01890.wav,16000,1,16,5.6
train,English,id060,train_set/train_set/voices/English/id060/00616.wav,16000,1,16,9.24
train,English,id060,train_set/train_set/voices/English/id060/06110.wav,16000,1,16,3.4
train,English,id060,train_set/train_set/voices/English/id060/04512.wav,16000,1,16,6.2
train,English,id060,train_set/train_set/voices/English/id060/02180.wav,16000,1,16,2.72
train,English,id060,train_set/train_set/voices/English/id060/01814.wav,16000,1,16,3.44
train,English,id060,train_set/train_set/voices/English/id060/01626.wav,16000,1,16,6.12
train,English,id060,train_set/train_set/voices/English/id060/00511.wav,16000,1,16,2.12
train,English,id019,train_set/train_set/voices/English/id019/00311.wav,16000,1,16,4.44
train,English,id019,train_set/train_set/voices/English/id019/02838.wav,16000,1,16,2.88
train,English,id019,train_set/train_set/voices/English/id019/04191.wav,16000,1,16,17.96
train,English,id019,train_set/train_set/voices/English/id019/03563.wav,16000,1,16,6.04
train,English,id019,train_set/train_set/voices/English/id019/05587.wav,16000,1,16,6.04
train,English,id019,train_set/train_set/voices/English/id019/05972.wav,16000,1,16,6.04
train,English,id019,train_set/train_set/voices/English/id019/01256.wav,16000,1,16,18.76
train,English,id019,train_set/train_set/voices/English/id019/04402.wav,16000,1,16,18.76
train,English,id019,train_set/train_set/voices/English/id019/03662.wav,16000,1,16,18.76
train,English,id019,train_set/train_set/voices/English/id019/04832.wav,16000,1,16,18.76
train,English,id019,train_set/train_set/voices/English/id019/03784.wav,16000,1,16,19.12
train,English,id019,train_set/train_set/voices/English/id019/02314.wav,16000,1,16,19.12
train,English,id019,train_set/train_set/voices/English/id019/01291.wav,16000,1,16,2.64
train,English,id019,train_set/train_set/voices/English/id019/01155.wav,16000,1,16,2.64
train,English,id019,train_set/train_set/voices/English/id019/02442.wav,16000,1,16,2.64
train,English,id019,train_set/train_set/voices/English/id019/00317.wav,16000,1,16,2.64
train,English,id019,train_set/train_set/voices/English/id019/02853.wav,16000,1,16,2.64
train,English,id019,train_set/train_set/voices/English/id019/02029.wav,16000,1,16,2.64
train,English,id019,train_set/train_set/voices/English/id019/03442.wav,16000,1,16,2.64
train,English,id019,train_set/train_set/voices/English/id019/03983.wav,16000,1,16,2.64
train,English,id019,train_set/train_set/voices/English/id019/03383.wav,16000,1,16,24.64
train,English,id019,train_set/train_set/voices/English/id019/05409.wav,16000,1,16,24.64
train,English,id019,train_set/train_set/voices/English/id019/06482.wav,16000,1,16,17.68
train,English,id019,train_set/train_set/voices/English/id019/05151.wav,16000,1,16,10.36
train,English,id019,train_set/train_set/voices/English/id019/02266.wav,16000,1,16,9.44
train,English,id019,train_set/train_set/voices/English/id019/04469.wav,16000,1,16,3.08
train,English,id019,train_set/train_set/voices/English/id019/04765.wav,16000,1,16,9.68
train,English,id019,train_set/train_set/voices/English/id019/03443.wav,16000,1,16,10.76
train,English,id019,train_set/train_set/voices/English/id019/00288.wav,16000,1,16,11.0
train,English,id019,train_set/train_set/voices/English/id019/02147.wav,16000,1,16,6.8
train,English,id019,train_set/train_set/voices/English/id019/06366.wav,16000,1,16,21.76
train,English,id019,train_set/train_set/voices/English/id019/04840.wav,16000,1,16,4.56
train,English,id019,train_set/train_set/voices/English/id019/02368.wav,16000,1,16,8.96
train,English,id019,train_set/train_set/voices/English/id019/04608.wav,16000,1,16,25.12
train,English,id019,train_set/train_set/voices/English/id019/02000.wav,16000,1,16,25.12
train,English,id019,train_set/train_set/voices/English/id019/05715.wav,16000,1,16,11.96
train,English,id019,train_set/train_set/voices/English/id019/05490.wav,16000,1,16,11.8
train,English,id019,train_set/train_set/voices/English/id019/04822.wav,16000,1,16,11.8
train,English,id019,train_set/train_set/voices/English/id019/01773.wav,16000,1,16,11.8
train,English,id019,train_set/train_set/voices/English/id019/06395.wav,16000,1,16,11.8
train,English,id019,train_set/train_set/voices/English/id019/03859.wav,16000,1,16,22.6
train,English,id019,train_set/train_set/voices/English/id019/00608.wav,16000,1,16,22.6
train,English,id019,train_set/train_set/voices/English/id019/06352.wav,16000,1,16,22.6
train,English,id019,train_set/train_set/voices/English/id019/00842.wav,16000,1,16,7.28
train,English,id019,train_set/train_set/voices/English/id019/01170.wav,16000,1,16,18.08
train,English,id019,train_set/train_set/voices/English/id019/05971.wav,16000,1,16,9.24
train,English,id019,train_set/train_set/voices/English/id019/01677.wav,16000,1,16,2.88
train,English,id019,train_set/train_set/voices/English/id019/00467.wav,16000,1,16,2.88
train,English,id019,train_set/train_set/voices/English/id019/04586.wav,16000,1,16,15.48
train,English,id019,train_set/train_set/voices/English/id019/01511.wav,16000,1,16,15.48
train,English,id019,train_set/train_set/voices/English/id019/00332.wav,16000,1,16,9.84
train,English,id019,train_set/train_set/voices/English/id019/02596.wav,16000,1,16,8.0
train,English,id019,train_set/train_set/voices/English/id019/01597.wav,16000,1,16,3.84
train,English,id019,train_set/train_set/voices/English/id019/05946.wav,16000,1,16,4.96
train,English,id019,train_set/train_set/voices/English/id019/04582.wav,16000,1,16,5.76
train,English,id019,train_set/train_set/voices/English/id019/03142.wav,16000,1,16,9.72
train,English,id019,train_set/train_set/voices/English/id019/05149.wav,16000,1,16,14.16
train,English,id019,train_set/train_set/voices/English/id019/05868.wav,16000,1,16,9.12
train,English,id019,train_set/train_set/voices/English/id019/05489.wav,16000,1,16,2.4
train,English,id019,train_set/train_set/voices/English/id019/06127.wav,16000,1,16,2.0
train,English,id019,train_set/train_set/voices/English/id019/04740.wav,16000,1,16,3.96
train,English,id019,train_set/train_set/voices/English/id019/03180.wav,16000,1,16,9.04
train,English,id019,train_set/train_set/voices/English/id019/03315.wav,16000,1,16,4.8
train,English,id019,train_set/train_set/voices/English/id019/00481.wav,16000,1,16,7.88
train,English,id019,train_set/train_set/voices/English/id019/04914.wav,16000,1,16,6.84
train,English,id019,train_set/train_set/voices/English/id019/05118.wav,16000,1,16,13.04
train,English,id019,train_set/train_set/voices/English/id019/03955.wav,16000,1,16,7.56
train,English,id019,train_set/train_set/voices/English/id019/00346.wav,16000,1,16,7.56
train,English,id019,train_set/train_set/voices/English/id019/05369.wav,16000,1,16,10.32
train,English,id019,train_set/train_set/voices/English/id019/04093.wav,16000,1,16,3.24
train,English,id019,train_set/train_set/voices/English/id019/00713.wav,16000,1,16,3.52
train,English,id019,train_set/train_set/voices/English/id019/02917.wav,16000,1,16,3.64
train,English,id019,train_set/train_set/voices/English/id019/01610.wav,16000,1,16,8.76
train,English,id019,train_set/train_set/voices/English/id019/04183.wav,16000,1,16,6.92
train,English,id019,train_set/train_set/voices/English/id019/01408.wav,16000,1,16,6.92
train,English,id019,train_set/train_set/voices/English/id019/03898.wav,16000,1,16,5.08
train,English,id019,train_set/train_set/voices/English/id019/05775.wav,16000,1,16,2.12
train,English,id019,train_set/train_set/voices/English/id019/00031.wav,16000,1,16,2.48
train,English,id019,train_set/train_set/voices/English/id019/01115.wav,16000,1,16,2.8
train,English,id019,train_set/train_set/voices/English/id019/03607.wav,16000,1,16,3.68
train,English,id019,train_set/train_set/voices/English/id019/02772.wav,16000,1,16,3.44
train,English,id019,train_set/train_set/voices/English/id019/00959.wav,16000,1,16,5.88
train,English,id019,train_set/train_set/voices/English/id019/00626.wav,16000,1,16,2.84
train,English,id019,train_set/train_set/voices/English/id019/05145.wav,16000,1,16,4.56
train,English,id019,train_set/train_set/voices/English/id019/01393.wav,16000,1,16,4.04
train,English,id019,train_set/train_set/voices/English/id019/04264.wav,16000,1,16,2.36
train,English,id019,train_set/train_set/voices/English/id019/06120.wav,16000,1,16,7.44
train,English,id019,train_set/train_set/voices/English/id019/03835.wav,16000,1,16,2.92
train,English,id019,train_set/train_set/voices/English/id019/02693.wav,16000,1,16,5.88
train,English,id019,train_set/train_set/voices/English/id019/01464.wav,16000,1,16,5.84
train,English,id019,train_set/train_set/voices/English/id019/06426.wav,16000,1,16,3.6
train,English,id019,train_set/train_set/voices/English/id019/00382.wav,16000,1,16,2.72
train,English,id019,train_set/train_set/voices/English/id019/01269.wav,16000,1,16,2.4
train,English,id019,train_set/train_set/voices/English/id019/01954.wav,16000,1,16,2.96
train,English,id019,train_set/train_set/voices/English/id019/03468.wav,16000,1,16,9.64
train,English,id019,train_set/train_set/voices/English/id019/02458.wav,16000,1,16,6.36
train,English,id019,train_set/train_set/voices/English/id019/05549.wav,16000,1,16,3.64
train,English,id019,train_set/train_set/voices/English/id019/01625.wav,16000,1,16,11.52
train,English,id019,train_set/train_set/voices/English/id019/02142.wav,16000,1,16,4.4
train,English,id019,train_set/train_set/voices/English/id019/05395.wav,16000,1,16,5.16
train,English,id019,train_set/train_set/voices/English/id019/01789.wav,16000,1,16,8.08
train,English,id019,train_set/train_set/voices/English/id019/01955.wav,16000,1,16,8.08
train,English,id019,train_set/train_set/voices/English/id019/02901.wav,16000,1,16,4.84
train,English,id019,train_set/train_set/voices/English/id019/03298.wav,16000,1,16,3.8
train,English,id019,train_set/train_set/voices/English/id019/01343.wav,16000,1,16,4.16
train,English,id019,train_set/train_set/voices/English/id019/00989.wav,16000,1,16,2.12
train,English,id019,train_set/train_set/voices/English/id019/03386.wav,16000,1,16,3.68
train,English,id019,train_set/train_set/voices/English/id019/02615.wav,16000,1,16,3.32
train,English,id019,train_set/train_set/voices/English/id019/00510.wav,16000,1,16,3.28
train,English,id019,train_set/train_set/voices/English/id019/05846.wav,16000,1,16,2.24
train,English,id019,train_set/train_set/voices/English/id019/05094.wav,16000,1,16,4.0
train,English,id019,train_set/train_set/voices/English/id019/02943.wav,16000,1,16,2.08
train,English,id019,train_set/train_set/voices/English/id019/02122.wav,16000,1,16,2.24
train,English,id019,train_set/train_set/voices/English/id019/03189.wav,16000,1,16,2.24
train,English,id019,train_set/train_set/voices/English/id019/05956.wav,16000,1,16,4.28
train,English,id019,train_set/train_set/voices/English/id019/00922.wav,16000,1,16,2.24
train,English,id019,train_set/train_set/voices/English/id019/05234.wav,16000,1,16,2.56
train,English,id019,train_set/train_set/voices/English/id019/05708.wav,16000,1,16,4.96
train,English,id019,train_set/train_set/voices/English/id019/01659.wav,16000,1,16,4.0
train,English,id019,train_set/train_set/voices/English/id019/02488.wav,16000,1,16,4.6
train,English,id019,train_set/train_set/voices/English/id019/05368.wav,16000,1,16,2.36
train,English,id036,train_set/train_set/voices/English/id036/00818.wav,16000,1,16,5.88
train,English,id036,train_set/train_set/voices/English/id036/04687.wav,16000,1,16,5.88
train,English,id036,train_set/train_set/voices/English/id036/01536.wav,16000,1,16,5.0
train,English,id036,train_set/train_set/voices/English/id036/03975.wav,16000,1,16,9.48
train,English,id036,train_set/train_set/voices/English/id036/05302.wav,16000,1,16,9.48
train,English,id036,train_set/train_set/voices/English/id036/01576.wav,16000,1,16,9.48
train,English,id036,train_set/train_set/voices/English/id036/04485.wav,16000,1,16,9.48
train,English,id036,train_set/train_set/voices/English/id036/02484.wav,16000,1,16,6.08
train,English,id036,train_set/train_set/voices/English/id036/05465.wav,16000,1,16,6.08
train,English,id036,train_set/train_set/voices/English/id036/04295.wav,16000,1,16,6.08
train,English,id036,train_set/train_set/voices/English/id036/05314.wav,16000,1,16,3.24
train,English,id036,train_set/train_set/voices/English/id036/05804.wav,16000,1,16,5.6
train,English,id036,train_set/train_set/voices/English/id036/05696.wav,16000,1,16,5.6
train,English,id036,train_set/train_set/voices/English/id036/01239.wav,16000,1,16,6.6
train,English,id036,train_set/train_set/voices/English/id036/03026.wav,16000,1,16,5.84
train,English,id036,train_set/train_set/voices/English/id036/02177.wav,16000,1,16,4.28
train,English,id036,train_set/train_set/voices/English/id036/04571.wav,16000,1,16,4.28
train,English,id036,train_set/train_set/voices/English/id036/05176.wav,16000,1,16,6.0
train,English,id036,train_set/train_set/voices/English/id036/00680.wav,16000,1,16,5.36
train,English,id036,train_set/train_set/voices/English/id036/04300.wav,16000,1,16,5.36
train,English,id036,train_set/train_set/voices/English/id036/03232.wav,16000,1,16,4.28
train,English,id036,train_set/train_set/voices/English/id036/04343.wav,16000,1,16,4.0
train,English,id036,train_set/train_set/voices/English/id036/05616.wav,16000,1,16,7.04
train,English,id036,train_set/train_set/voices/English/id036/06475.wav,16000,1,16,3.52
train,English,id036,train_set/train_set/voices/English/id036/00283.wav,16000,1,16,5.2
train,English,id036,train_set/train_set/voices/English/id036/01795.wav,16000,1,16,5.16
train,English,id036,train_set/train_set/voices/English/id036/03441.wav,16000,1,16,5.08
train,English,id036,train_set/train_set/voices/English/id036/05551.wav,16000,1,16,5.08
train,English,id036,train_set/train_set/voices/English/id036/01070.wav,16000,1,16,9.2
train,English,id036,train_set/train_set/voices/English/id036/06268.wav,16000,1,16,6.12
train,English,id036,train_set/train_set/voices/English/id036/04870.wav,16000,1,16,4.16
train,English,id036,train_set/train_set/voices/English/id036/01740.wav,16000,1,16,8.0
train,English,id036,train_set/train_set/voices/English/id036/03664.wav,16000,1,16,8.0
train,English,id036,train_set/train_set/voices/English/id036/06267.wav,16000,1,16,3.68
train,English,id036,train_set/train_set/voices/English/id036/05270.wav,16000,1,16,4.48
train,English,id036,train_set/train_set/voices/English/id036/03995.wav,16000,1,16,7.28
train,English,id036,train_set/train_set/voices/English/id036/05146.wav,16000,1,16,7.28
train,English,id036,train_set/train_set/voices/English/id036/03455.wav,16000,1,16,7.28
train,English,id036,train_set/train_set/voices/English/id036/03718.wav,16000,1,16,5.16
train,English,id036,train_set/train_set/voices/English/id036/04042.wav,16000,1,16,2.08
train,English,id036,train_set/train_set/voices/English/id036/03078.wav,16000,1,16,8.52
train,English,id036,train_set/train_set/voices/English/id036/04735.wav,16000,1,16,8.52
train,English,id036,train_set/train_set/voices/English/id036/02839.wav,16000,1,16,5.04
train,English,id036,train_set/train_set/voices/English/id036/04392.wav,16000,1,16,2.2
train,English,id036,train_set/train_set/voices/English/id036/04423.wav,16000,1,16,4.4
train,English,id036,train_set/train_set/voices/English/id036/00703.wav,16000,1,16,2.92
train,English,id036,train_set/train_set/voices/English/id036/04454.wav,16000,1,16,2.92
train,English,id036,train_set/train_set/voices/English/id036/05174.wav,16000,1,16,3.28
train,English,id036,train_set/train_set/voices/English/id036/02326.wav,16000,1,16,8.52
train,English,id036,train_set/train_set/voices/English/id036/01702.wav,16000,1,16,13.4
train,English,id036,train_set/train_set/voices/English/id036/05223.wav,16000,1,16,10.12
train,English,id036,train_set/train_set/voices/English/id036/04584.wav,16000,1,16,10.12
train,English,id036,train_set/train_set/voices/English/id036/01911.wav,16000,1,16,10.12
train,English,id036,train_set/train_set/voices/English/id036/01455.wav,16000,1,16,8.44
train,English,id036,train_set/train_set/voices/English/id036/04526.wav,16000,1,16,8.44
train,English,id036,train_set/train_set/voices/English/id036/06367.wav,16000,1,16,5.32
train,English,id036,train_set/train_set/voices/English/id036/02453.wav,16000,1,16,5.32
train,English,id036,train_set/train_set/voices/English/id036/02867.wav,16000,1,16,11.96
train,English,id036,train_set/train_set/voices/English/id036/05040.wav,16000,1,16,11.96
train,English,id036,train_set/train_set/voices/English/id036/01035.wav,16000,1,16,4.44
train,English,id036,train_set/train_set/voices/English/id036/03423.wav,16000,1,16,10.6
train,English,id036,train_set/train_set/voices/English/id036/06421.wav,16000,1,16,10.6
train,English,id036,train_set/train_set/voices/English/id036/03999.wav,16000,1,16,6.52
train,English,id036,train_set/train_set/voices/English/id036/02267.wav,16000,1,16,22.36
train,English,id036,train_set/train_set/voices/English/id036/00752.wav,16000,1,16,4.76
train,English,id036,train_set/train_set/voices/English/id036/04236.wav,16000,1,16,31.92
train,English,id036,train_set/train_set/voices/English/id036/00337.wav,16000,1,16,31.92
train,English,id036,train_set/train_set/voices/English/id036/04341.wav,16000,1,16,31.92
train,English,id036,train_set/train_set/voices/English/id036/04752.wav,16000,1,16,31.92
train,English,id036,train_set/train_set/voices/English/id036/03989.wav,16000,1,16,7.72
train,English,id036,train_set/train_set/voices/English/id036/01485.wav,16000,1,16,7.72
train,English,id036,train_set/train_set/voices/English/id036/00832.wav,16000,1,16,7.44
train,English,id036,train_set/train_set/voices/English/id036/05727.wav,16000,1,16,9.12
train,English,id036,train_set/train_set/voices/English/id036/01001.wav,16000,1,16,14.4
train,English,id036,train_set/train_set/voices/English/id036/01761.wav,16000,1,16,14.4
train,English,id036,train_set/train_set/voices/English/id036/04079.wav,16000,1,16,14.4
train,English,id036,train_set/train_set/voices/English/id036/03924.wav,16000,1,16,4.04
train,English,id036,train_set/train_set/voices/English/id036/02636.wav,16000,1,16,6.2
train,English,id036,train_set/train_set/voices/English/id036/01585.wav,16000,1,16,3.92
train,English,id036,train_set/train_set/voices/English/id036/05112.wav,16000,1,16,9.68
train,English,id036,train_set/train_set/voices/English/id036/04091.wav,16000,1,16,9.68
train,English,id036,train_set/train_set/voices/English/id036/00263.wav,16000,1,16,10.96
train,English,id036,train_set/train_set/voices/English/id036/02613.wav,16000,1,16,10.6
train,English,id036,train_set/train_set/voices/English/id036/02711.wav,16000,1,16,10.6
train,English,id036,train_set/train_set/voices/English/id036/00743.wav,16000,1,16,7.72
train,English,id036,train_set/train_set/voices/English/id036/04670.wav,16000,1,16,7.72
train,English,id036,train_set/train_set/voices/English/id036/06000.wav,16000,1,16,14.8
train,English,id036,train_set/train_set/voices/English/id036/05824.wav,16000,1,16,7.12
train,English,id036,train_set/train_set/voices/English/id036/02306.wav,16000,1,16,7.12
train,English,id036,train_set/train_set/voices/English/id036/00530.wav,16000,1,16,4.36
train,English,id036,train_set/train_set/voices/English/id036/03768.wav,16000,1,16,2.36
train,English,id036,train_set/train_set/voices/English/id036/00208.wav,16000,1,16,5.16
train,English,id036,train_set/train_set/voices/English/id036/04907.wav,16000,1,16,8.32
train,English,id036,train_set/train_set/voices/English/id036/04850.wav,16000,1,16,8.32
train,English,id036,train_set/train_set/voices/English/id036/06428.wav,16000,1,16,5.6
train,English,id036,train_set/train_set/voices/English/id036/04406.wav,16000,1,16,5.6
train,English,id036,train_set/train_set/voices/English/id036/06415.wav,16000,1,16,3.48
train,English,id036,train_set/train_set/voices/English/id036/05187.wav,16000,1,16,4.08
train,English,id036,train_set/train_set/voices/English/id036/00955.wav,16000,1,16,5.84
train,English,id036,train_set/train_set/voices/English/id036/03647.wav,16000,1,16,3.36
train,English,id036,train_set/train_set/voices/English/id036/02815.wav,16000,1,16,4.32
train,English,id036,train_set/train_set/voices/English/id036/01289.wav,16000,1,16,6.48
train,English,id036,train_set/train_set/voices/English/id036/04260.wav,16000,1,16,6.48
train,English,id036,train_set/train_set/voices/English/id036/03053.wav,16000,1,16,6.48
train,English,id036,train_set/train_set/voices/English/id036/00090.wav,16000,1,16,6.48
train,English,id036,train_set/train_set/voices/English/id036/02832.wav,16000,1,16,3.4
train,English,id036,train_set/train_set/voices/English/id036/03901.wav,16000,1,16,3.4
train,English,id036,train_set/train_set/voices/English/id036/01195.wav,16000,1,16,3.4
train,English,id036,train_set/train_set/voices/English/id036/06271.wav,16000,1,16,4.12
train,English,id036,train_set/train_set/voices/English/id036/00808.wav,16000,1,16,22.0
train,English,id036,train_set/train_set/voices/English/id036/01864.wav,16000,1,16,22.0
train,English,id036,train_set/train_set/voices/English/id036/03747.wav,16000,1,16,22.0
train,English,id036,train_set/train_set/voices/English/id036/02524.wav,16000,1,16,20.04
train,English,id036,train_set/train_set/voices/English/id036/01445.wav,16000,1,16,20.04
train,English,id036,train_set/train_set/voices/English/id036/01050.wav,16000,1,16,16.68
train,English,id036,train_set/train_set/voices/English/id036/04185.wav,16000,1,16,16.68
train,English,id036,train_set/train_set/voices/English/id036/03091.wav,16000,1,16,8.04
train,English,id036,train_set/train_set/voices/English/id036/00166.wav,16000,1,16,8.04
train,English,id036,train_set/train_set/voices/English/id036/00675.wav,16000,1,16,60.0
train,English,id036,train_set/train_set/voices/English/id036/01528.wav,16000,1,16,60.0
train,English,id036,train_set/train_set/voices/English/id036/03233.wav,16000,1,16,60.0
train,English,id036,train_set/train_set/voices/English/id036/04290.wav,16000,1,16,60.0
train,English,id036,train_set/train_set/voices/English/id036/04141.wav,16000,1,16,60.0
train,English,id036,train_set/train_set/voices/English/id036/01124.wav,16000,1,16,60.0
train,English,id036,train_set/train_set/voices/English/id036/05505.wav,16000,1,16,60.0
train,English,id036,train_set/train_set/voices/English/id036/05590.wav,16000,1,16,9.28
train,English,id036,train_set/train_set/voices/English/id036/03528.wav,16000,1,16,9.28
train,English,id036,train_set/train_set/voices/English/id036/06165.wav,16000,1,16,7.04
train,English,id036,train_set/train_set/voices/English/id036/01692.wav,16000,1,16,7.04
train,English,id036,train_set/train_set/voices/English/id036/01958.wav,16000,1,16,7.04
train,English,id036,train_set/train_set/voices/English/id036/03978.wav,16000,1,16,21.96
train,English,id036,train_set/train_set/voices/English/id036/03346.wav,16000,1,16,21.96
train,English,id036,train_set/train_set/voices/English/id036/02669.wav,16000,1,16,6.8
train,English,id036,train_set/train_set/voices/English/id036/00074.wav,16000,1,16,6.8
train,English,id036,train_set/train_set/voices/English/id036/04074.wav,16000,1,16,18.68
train,English,id036,train_set/train_set/voices/English/id036/03473.wav,16000,1,16,16.64
train,English,id036,train_set/train_set/voices/English/id036/06172.wav,16000,1,16,17.52
train,English,id036,train_set/train_set/voices/English/id036/02295.wav,16000,1,16,17.52
train,English,id036,train_set/train_set/voices/English/id036/00500.wav,16000,1,16,17.52
train,English,id036,train_set/train_set/voices/English/id036/04871.wav,16000,1,16,5.92
train,English,id036,train_set/train_set/voices/English/id036/02134.wav,16000,1,16,4.72
train,English,id036,train_set/train_set/voices/English/id036/06466.wav,16000,1,16,35.12
train,English,id036,train_set/train_set/voices/English/id036/02149.wav,16000,1,16,35.12
train,English,id036,train_set/train_set/voices/English/id036/03234.wav,16000,1,16,35.12
train,English,id036,train_set/train_set/voices/English/id036/04453.wav,16000,1,16,35.12
train,English,id036,train_set/train_set/voices/English/id036/00697.wav,16000,1,16,44.0
train,English,id036,train_set/train_set/voices/English/id036/03618.wav,16000,1,16,44.0
train,English,id036,train_set/train_set/voices/English/id036/05063.wav,16000,1,16,44.0
train,English,id036,train_set/train_set/voices/English/id036/01137.wav,16000,1,16,44.0
train,English,id036,train_set/train_set/voices/English/id036/03620.wav,16000,1,16,57.16
train,English,id036,train_set/train_set/voices/English/id036/04113.wav,16000,1,16,57.16
train,English,id036,train_set/train_set/voices/English/id036/05335.wav,16000,1,16,57.16
train,English,id036,train_set/train_set/voices/English/id036/02357.wav,16000,1,16,57.16
train,English,id036,train_set/train_set/voices/English/id036/05348.wav,16000,1,16,57.16
train,English,id036,train_set/train_set/voices/English/id036/02503.wav,16000,1,16,57.16
train,English,id036,train_set/train_set/voices/English/id036/00437.wav,16000,1,16,57.16
train,English,id036,train_set/train_set/voices/English/id036/02877.wav,16000,1,16,31.56
train,English,id036,train_set/train_set/voices/English/id036/05517.wav,16000,1,16,31.56
train,English,id036,train_set/train_set/voices/English/id036/01542.wav,16000,1,16,16.8
train,English,id036,train_set/train_set/voices/English/id036/02818.wav,16000,1,16,12.36
train,English,id036,train_set/train_set/voices/English/id036/02278.wav,16000,1,16,12.36
train,English,id036,train_set/train_set/voices/English/id036/03286.wav,16000,1,16,12.36
train,English,id036,train_set/train_set/voices/English/id036/04972.wav,16000,1,16,12.36
train,English,id036,train_set/train_set/voices/English/id036/02009.wav,16000,1,16,4.32
train,English,id036,train_set/train_set/voices/English/id036/04106.wav,16000,1,16,4.32
train,English,id036,train_set/train_set/voices/English/id036/00624.wav,16000,1,16,15.48
train,English,id036,train_set/train_set/voices/English/id036/00546.wav,16000,1,16,9.76
train,English,id036,train_set/train_set/voices/English/id036/05155.wav,16000,1,16,29.36
train,English,id036,train_set/train_set/voices/English/id036/01265.wav,16000,1,16,29.36
train,English,id036,train_set/train_set/voices/English/id036/06147.wav,16000,1,16,27.36
train,English,id036,train_set/train_set/voices/English/id036/05175.wav,16000,1,16,9.48
train,English,id036,train_set/train_set/voices/English/id036/03156.wav,16000,1,16,9.48
train,English,id036,train_set/train_set/voices/English/id036/03577.wav,16000,1,16,13.2
train,English,id036,train_set/train_set/voices/English/id036/02614.wav,16000,1,16,13.2
train,English,id036,train_set/train_set/voices/English/id036/06226.wav,16000,1,16,8.16
train,English,id036,train_set/train_set/voices/English/id036/01949.wav,16000,1,16,22.48
train,English,id036,train_set/train_set/voices/English/id036/04137.wav,16000,1,16,22.48
train,English,id036,train_set/train_set/voices/English/id036/04222.wav,16000,1,16,3.6
train,English,id036,train_set/train_set/voices/English/id036/05588.wav,16000,1,16,10.36
train,English,id036,train_set/train_set/voices/English/id036/03260.wav,16000,1,16,10.36
train,English,id036,train_set/train_set/voices/English/id036/05583.wav,16000,1,16,15.88
train,English,id036,train_set/train_set/voices/English/id036/05214.wav,16000,1,16,17.72
train,English,id036,train_set/train_set/voices/English/id036/00400.wav,16000,1,16,17.72
train,English,id036,train_set/train_set/voices/English/id036/01259.wav,16000,1,16,8.36
train,English,id036,train_set/train_set/voices/English/id036/04777.wav,16000,1,16,16.04
train,English,id036,train_set/train_set/voices/English/id036/04835.wav,16000,1,16,14.48
train,English,id036,train_set/train_set/voices/English/id036/04873.wav,16000,1,16,14.48
train,English,id036,train_set/train_set/voices/English/id036/05519.wav,16000,1,16,6.28
train,English,id036,train_set/train_set/voices/English/id036/01810.wav,16000,1,16,3.56
train,English,id036,train_set/train_set/voices/English/id036/05292.wav,16000,1,16,4.6
train,English,id036,train_set/train_set/voices/English/id036/01277.wav,16000,1,16,8.48
train,English,id036,train_set/train_set/voices/English/id036/00033.wav,16000,1,16,2.76
train,English,id036,train_set/train_set/voices/English/id036/02657.wav,16000,1,16,2.76
train,English,id036,train_set/train_set/voices/English/id036/02709.wav,16000,1,16,2.32
train,English,id036,train_set/train_set/voices/English/id036/03372.wav,16000,1,16,3.56
train,English,id018,train_set/train_set/voices/English/id018/01707.wav,16000,1,16,22.32
train,English,id018,train_set/train_set/voices/English/id018/05723.wav,16000,1,16,22.32
train,English,id018,train_set/train_set/voices/English/id018/00057.wav,16000,1,16,3.96
train,English,id018,train_set/train_set/voices/English/id018/03600.wav,16000,1,16,8.24
train,English,id018,train_set/train_set/voices/English/id018/02913.wav,16000,1,16,8.24
train,English,id018,train_set/train_set/voices/English/id018/00774.wav,16000,1,16,16.88
train,English,id018,train_set/train_set/voices/English/id018/03803.wav,16000,1,16,16.88
train,English,id018,train_set/train_set/voices/English/id018/02625.wav,16000,1,16,15.64
train,English,id018,train_set/train_set/voices/English/id018/01111.wav,16000,1,16,15.64
train,English,id018,train_set/train_set/voices/English/id018/03464.wav,16000,1,16,3.64
train,English,id018,train_set/train_set/voices/English/id018/05004.wav,16000,1,16,3.64
train,English,id018,train_set/train_set/voices/English/id018/04463.wav,16000,1,16,6.76
train,English,id018,train_set/train_set/voices/English/id018/02905.wav,16000,1,16,6.76
train,English,id018,train_set/train_set/voices/English/id018/03887.wav,16000,1,16,2.64
train,English,id018,train_set/train_set/voices/English/id018/05042.wav,16000,1,16,11.0
train,English,id018,train_set/train_set/voices/English/id018/06225.wav,16000,1,16,11.0
train,English,id018,train_set/train_set/voices/English/id018/06264.wav,16000,1,16,11.0
train,English,id018,train_set/train_set/voices/English/id018/01650.wav,16000,1,16,8.8
train,English,id018,train_set/train_set/voices/English/id018/04894.wav,16000,1,16,5.64
train,English,id018,train_set/train_set/voices/English/id018/03267.wav,16000,1,16,6.64
train,English,id018,train_set/train_set/voices/English/id018/04929.wav,16000,1,16,7.24
train,English,id018,train_set/train_set/voices/English/id018/02856.wav,16000,1,16,3.28
train,English,id018,train_set/train_set/voices/English/id018/04096.wav,16000,1,16,5.52
train,English,id018,train_set/train_set/voices/English/id018/00034.wav,16000,1,16,4.92
train,English,id018,train_set/train_set/voices/English/id018/05567.wav,16000,1,16,3.28
train,English,id018,train_set/train_set/voices/English/id018/04419.wav,16000,1,16,4.84
train,English,id018,train_set/train_set/voices/English/id018/04761.wav,16000,1,16,6.2
train,English,id018,train_set/train_set/voices/English/id018/03963.wav,16000,1,16,3.04
train,English,id018,train_set/train_set/voices/English/id018/04780.wav,16000,1,16,2.32
train,English,id018,train_set/train_set/voices/English/id018/04004.wav,16000,1,16,3.24
train,English,id018,train_set/train_set/voices/English/id018/02196.wav,16000,1,16,3.24
train,English,id018,train_set/train_set/voices/English/id018/04969.wav,16000,1,16,3.96
train,English,id018,train_set/train_set/voices/English/id018/00636.wav,16000,1,16,2.0
train,English,id018,train_set/train_set/voices/English/id018/03385.wav,16000,1,16,4.96
train,English,id018,train_set/train_set/voices/English/id018/05959.wav,16000,1,16,3.4
train,English,id018,train_set/train_set/voices/English/id018/03822.wav,16000,1,16,3.92
train,English,id018,train_set/train_set/voices/English/id018/03497.wav,16000,1,16,3.92
train,English,id054,train_set/train_set/voices/English/id054/03368.wav,16000,1,16,13.8
train,English,id054,train_set/train_set/voices/English/id054/01580.wav,16000,1,16,13.8
train,English,id054,train_set/train_set/voices/English/id054/06280.wav,16000,1,16,13.8
train,English,id054,train_set/train_set/voices/English/id054/01334.wav,16000,1,16,8.64
train,English,id054,train_set/train_set/voices/English/id054/00241.wav,16000,1,16,8.64
train,English,id054,train_set/train_set/voices/English/id054/00093.wav,16000,1,16,7.12
train,English,id054,train_set/train_set/voices/English/id054/01689.wav,16000,1,16,9.72
train,English,id054,train_set/train_set/voices/English/id054/06152.wav,16000,1,16,6.08
train,English,id054,train_set/train_set/voices/English/id054/03067.wav,16000,1,16,8.56
train,English,id054,train_set/train_set/voices/English/id054/03105.wav,16000,1,16,11.36
train,English,id054,train_set/train_set/voices/English/id054/06206.wav,16000,1,16,3.92
train,English,id054,train_set/train_set/voices/English/id054/00369.wav,16000,1,16,11.36
train,English,id054,train_set/train_set/voices/English/id054/02370.wav,16000,1,16,11.36
train,English,id054,train_set/train_set/voices/English/id054/01567.wav,16000,1,16,3.76
train,English,id054,train_set/train_set/voices/English/id054/01042.wav,16000,1,16,2.08
train,English,id054,train_set/train_set/voices/English/id054/06166.wav,16000,1,16,2.88
train,English,id054,train_set/train_set/voices/English/id054/01788.wav,16000,1,16,2.88
train,English,id054,train_set/train_set/voices/English/id054/00035.wav,16000,1,16,3.68
train,English,id054,train_set/train_set/voices/English/id054/00084.wav,16000,1,16,6.88
train,English,id054,train_set/train_set/voices/English/id054/04820.wav,16000,1,16,8.04
train,English,id054,train_set/train_set/voices/English/id054/03992.wav,16000,1,16,8.04
train,English,id054,train_set/train_set/voices/English/id054/05281.wav,16000,1,16,2.64
train,English,id054,train_set/train_set/voices/English/id054/00450.wav,16000,1,16,4.72
train,English,id054,train_set/train_set/voices/English/id054/04548.wav,16000,1,16,2.2
train,English,id054,train_set/train_set/voices/English/id054/01267.wav,16000,1,16,6.52
train,English,id054,train_set/train_set/voices/English/id054/04944.wav,16000,1,16,6.52
train,English,id054,train_set/train_set/voices/English/id054/00662.wav,16000,1,16,5.04
train,English,id054,train_set/train_set/voices/English/id054/01473.wav,16000,1,16,4.32
train,English,id054,train_set/train_set/voices/English/id054/01700.wav,16000,1,16,2.04
train,English,id054,train_set/train_set/voices/English/id054/01991.wav,16000,1,16,2.76
train,English,id054,train_set/train_set/voices/English/id054/05454.wav,16000,1,16,4.92
train,English,id054,train_set/train_set/voices/English/id054/04059.wav,16000,1,16,4.84
train,English,id054,train_set/train_set/voices/English/id054/03023.wav,16000,1,16,3.84
train,English,id054,train_set/train_set/voices/English/id054/00575.wav,16000,1,16,2.68
train,English,id024,train_set/train_set/voices/English/id024/03191.wav,16000,1,16,9.4
train,English,id024,train_set/train_set/voices/English/id024/03201.wav,16000,1,16,9.4
train,English,id024,train_set/train_set/voices/English/id024/02148.wav,16000,1,16,9.2
train,English,id024,train_set/train_set/voices/English/id024/01103.wav,16000,1,16,8.04
train,English,id024,train_set/train_set/voices/English/id024/02485.wav,16000,1,16,8.04
train,English,id024,train_set/train_set/voices/English/id024/04727.wav,16000,1,16,5.36
train,English,id024,train_set/train_set/voices/English/id024/02329.wav,16000,1,16,4.52
train,English,id024,train_set/train_set/voices/English/id024/02224.wav,16000,1,16,2.4
train,English,id024,train_set/train_set/voices/English/id024/04900.wav,16000,1,16,3.04
train,English,id024,train_set/train_set/voices/English/id024/00631.wav,16000,1,16,4.28
train,English,id024,train_set/train_set/voices/English/id024/03226.wav,16000,1,16,8.16
train,English,id024,train_set/train_set/voices/English/id024/05445.wav,16000,1,16,8.16
train,English,id024,train_set/train_set/voices/English/id024/04838.wav,16000,1,16,11.44
train,English,id024,train_set/train_set/voices/English/id024/00088.wav,16000,1,16,11.44
train,English,id024,train_set/train_set/voices/English/id024/00643.wav,16000,1,16,2.96
train,English,id024,train_set/train_set/voices/English/id024/00103.wav,16000,1,16,3.04
train,English,id024,train_set/train_set/voices/English/id024/01670.wav,16000,1,16,7.8
train,English,id024,train_set/train_set/voices/English/id024/03125.wav,16000,1,16,4.68
train,English,id024,train_set/train_set/voices/English/id024/02796.wav,16000,1,16,4.04
train,English,id024,train_set/train_set/voices/English/id024/04135.wav,16000,1,16,5.32
train,English,id024,train_set/train_set/voices/English/id024/04613.wav,16000,1,16,5.32
train,English,id024,train_set/train_set/voices/English/id024/01302.wav,16000,1,16,4.04
train,English,id024,train_set/train_set/voices/English/id024/04380.wav,16000,1,16,2.36
train,English,id024,train_set/train_set/voices/English/id024/01649.wav,16000,1,16,2.32
train,English,id024,train_set/train_set/voices/English/id024/03371.wav,16000,1,16,4.08
train,English,id024,train_set/train_set/voices/English/id024/04401.wav,16000,1,16,7.92
train,English,id024,train_set/train_set/voices/English/id024/00056.wav,16000,1,16,7.92
train,English,id024,train_set/train_set/voices/English/id024/06343.wav,16000,1,16,5.64
train,English,id024,train_set/train_set/voices/English/id024/00175.wav,16000,1,16,10.16
train,English,id024,train_set/train_set/voices/English/id024/02701.wav,16000,1,16,10.16
train,English,id024,train_set/train_set/voices/English/id024/00143.wav,16000,1,16,10.16
train,English,id024,train_set/train_set/voices/English/id024/00592.wav,16000,1,16,4.0
train,English,id024,train_set/train_set/voices/English/id024/04047.wav,16000,1,16,4.04
train,English,id024,train_set/train_set/voices/English/id024/04984.wav,16000,1,16,8.24
train,English,id024,train_set/train_set/voices/English/id024/03709.wav,16000,1,16,2.76
train,English,id024,train_set/train_set/voices/English/id024/03129.wav,16000,1,16,4.64
train,English,id024,train_set/train_set/voices/English/id024/01975.wav,16000,1,16,4.8
train,English,id024,train_set/train_set/voices/English/id024/00856.wav,16000,1,16,4.32
train,English,id024,train_set/train_set/voices/English/id024/01522.wav,16000,1,16,4.32
train,English,id024,train_set/train_set/voices/English/id024/04796.wav,16000,1,16,3.48
train,English,id024,train_set/train_set/voices/English/id024/03149.wav,16000,1,16,7.12
train,English,id024,train_set/train_set/voices/English/id024/03751.wav,16000,1,16,4.08
train,English,id024,train_set/train_set/voices/English/id024/02116.wav,16000,1,16,4.04
train,English,id024,train_set/train_set/voices/English/id024/03420.wav,16000,1,16,3.2
train,English,id024,train_set/train_set/voices/English/id024/00612.wav,16000,1,16,3.2
train,English,id024,train_set/train_set/voices/English/id024/02154.wav,16000,1,16,2.44
train,English,id024,train_set/train_set/voices/English/id024/04319.wav,16000,1,16,2.44
train,English,id024,train_set/train_set/voices/English/id024/01196.wav,16000,1,16,4.76
train,English,id024,train_set/train_set/voices/English/id024/02379.wav,16000,1,16,4.76
train,English,id024,train_set/train_set/voices/English/id024/03869.wav,16000,1,16,3.04
train,English,id024,train_set/train_set/voices/English/id024/02759.wav,16000,1,16,4.48
train,English,id024,train_set/train_set/voices/English/id024/02057.wav,16000,1,16,4.48
train,English,id024,train_set/train_set/voices/English/id024/06443.wav,16000,1,16,2.32
train,English,id024,train_set/train_set/voices/English/id024/01867.wav,16000,1,16,2.2
train,English,id024,train_set/train_set/voices/English/id024/02408.wav,16000,1,16,3.56
train,English,id024,train_set/train_set/voices/English/id024/03828.wav,16000,1,16,8.72
train,English,id024,train_set/train_set/voices/English/id024/00899.wav,16000,1,16,2.4
train,English,id024,train_set/train_set/voices/English/id024/03365.wav,16000,1,16,4.76
train,English,id024,train_set/train_set/voices/English/id024/00036.wav,16000,1,16,3.24
train,English,id024,train_set/train_set/voices/English/id024/03063.wav,16000,1,16,3.24
train,English,id024,train_set/train_set/voices/English/id024/01319.wav,16000,1,16,3.76
train,English,id024,train_set/train_set/voices/English/id024/05600.wav,16000,1,16,6.72
train,English,id024,train_set/train_set/voices/English/id024/05898.wav,16000,1,16,6.48
train,English,id024,train_set/train_set/voices/English/id024/03013.wav,16000,1,16,2.48
train,English,id024,train_set/train_set/voices/English/id024/01377.wav,16000,1,16,4.28
train,English,id024,train_set/train_set/voices/English/id024/04657.wav,16000,1,16,3.36
train,English,id024,train_set/train_set/voices/English/id024/06413.wav,16000,1,16,4.84
train,English,id024,train_set/train_set/voices/English/id024/03858.wav,16000,1,16,4.84
train,English,id024,train_set/train_set/voices/English/id024/05690.wav,16000,1,16,3.08
train,English,id024,train_set/train_set/voices/English/id024/03086.wav,16000,1,16,5.44
train,English,id024,train_set/train_set/voices/English/id024/00473.wav,16000,1,16,4.2
train,English,id024,train_set/train_set/voices/English/id024/05711.wav,16000,1,16,2.08
train,English,id024,train_set/train_set/voices/English/id024/00078.wav,16000,1,16,7.64
train,English,id024,train_set/train_set/voices/English/id024/01915.wav,16000,1,16,4.28
train,English,id024,train_set/train_set/voices/English/id024/04738.wav,16000,1,16,5.04
train,English,id024,train_set/train_set/voices/English/id024/00479.wav,16000,1,16,5.04
train,English,id024,train_set/train_set/voices/English/id024/02268.wav,16000,1,16,4.84
train,English,id024,train_set/train_set/voices/English/id024/01849.wav,16000,1,16,3.04
train,English,id024,train_set/train_set/voices/English/id024/01371.wav,16000,1,16,5.4
train,English,id024,train_set/train_set/voices/English/id024/02799.wav,16000,1,16,2.84
train,English,id024,train_set/train_set/voices/English/id024/01919.wav,16000,1,16,4.84
train,English,id024,train_set/train_set/voices/English/id024/02044.wav,16000,1,16,4.84
train,English,id024,train_set/train_set/voices/English/id024/04856.wav,16000,1,16,4.28
train,English,id024,train_set/train_set/voices/English/id024/03461.wav,16000,1,16,8.48
train,English,id024,train_set/train_set/voices/English/id024/01836.wav,16000,1,16,10.76
train,English,id024,train_set/train_set/voices/English/id024/05697.wav,16000,1,16,2.16
train,English,id024,train_set/train_set/voices/English/id024/05838.wav,16000,1,16,4.8
train,English,id024,train_set/train_set/voices/English/id024/04581.wav,16000,1,16,3.76
train,English,id024,train_set/train_set/voices/English/id024/04097.wav,16000,1,16,5.0
train,English,id024,train_set/train_set/voices/English/id024/04175.wav,16000,1,16,2.76
train,English,id024,train_set/train_set/voices/English/id024/03176.wav,16000,1,16,5.32
train,English,id024,train_set/train_set/voices/English/id024/04339.wav,16000,1,16,5.32
train,English,id024,train_set/train_set/voices/English/id024/01440.wav,16000,1,16,4.52
train,English,id024,train_set/train_set/voices/English/id024/00668.wav,16000,1,16,4.52
train,English,id024,train_set/train_set/voices/English/id024/03980.wav,16000,1,16,3.28
train,English,id024,train_set/train_set/voices/English/id024/06255.wav,16000,1,16,4.92
train,English,id024,train_set/train_set/voices/English/id024/04569.wav,16000,1,16,2.08
train,English,id024,train_set/train_set/voices/English/id024/00654.wav,16000,1,16,2.84
train,English,id024,train_set/train_set/voices/English/id024/04500.wav,16000,1,16,2.36
train,English,id024,train_set/train_set/voices/English/id024/03518.wav,16000,1,16,2.36
train,English,id024,train_set/train_set/voices/English/id024/05216.wav,16000,1,16,2.04
train,English,id024,train_set/train_set/voices/English/id024/00086.wav,16000,1,16,2.96
train,English,id024,train_set/train_set/voices/English/id024/04705.wav,16000,1,16,2.16
train,English,id024,train_set/train_set/voices/English/id024/03032.wav,16000,1,16,2.16
train,English,id024,train_set/train_set/voices/English/id024/03510.wav,16000,1,16,3.0
train,English,id024,train_set/train_set/voices/English/id024/06011.wav,16000,1,16,2.0
train,English,id024,train_set/train_set/voices/English/id024/03876.wav,16000,1,16,2.92
train,English,id024,train_set/train_set/voices/English/id024/05834.wav,16000,1,16,9.28
train,English,id024,train_set/train_set/voices/English/id024/06452.wav,16000,1,16,4.16
train,English,id024,train_set/train_set/voices/English/id024/02349.wav,16000,1,16,7.76
train,English,id024,train_set/train_set/voices/English/id024/00721.wav,16000,1,16,5.48
train,English,id024,train_set/train_set/voices/English/id024/05607.wav,16000,1,16,7.24
train,English,id024,train_set/train_set/voices/English/id024/05276.wav,16000,1,16,7.24
train,English,id024,train_set/train_set/voices/English/id024/04978.wav,16000,1,16,8.0
train,English,id024,train_set/train_set/voices/English/id024/01311.wav,16000,1,16,5.2
train,English,id024,train_set/train_set/voices/English/id024/02112.wav,16000,1,16,3.0
train,English,id024,train_set/train_set/voices/English/id024/03894.wav,16000,1,16,3.6
train,English,id024,train_set/train_set/voices/English/id024/03906.wav,16000,1,16,2.8
train,English,id024,train_set/train_set/voices/English/id024/06479.wav,16000,1,16,5.36
train,English,id024,train_set/train_set/voices/English/id024/04524.wav,16000,1,16,3.6
train,English,id024,train_set/train_set/voices/English/id024/00939.wav,16000,1,16,5.08
train,English,id024,train_set/train_set/voices/English/id024/02568.wav,16000,1,16,5.08
train,English,id024,train_set/train_set/voices/English/id024/04286.wav,16000,1,16,2.8
train,English,id024,train_set/train_set/voices/English/id024/03341.wav,16000,1,16,6.72
train,English,id024,train_set/train_set/voices/English/id024/02569.wav,16000,1,16,6.72
train,English,id024,train_set/train_set/voices/English/id024/04593.wav,16000,1,16,4.2
train,English,id024,train_set/train_set/voices/English/id024/02786.wav,16000,1,16,8.28
train,English,id024,train_set/train_set/voices/English/id024/03945.wav,16000,1,16,5.24
train,English,id024,train_set/train_set/voices/English/id024/05746.wav,16000,1,16,3.48
train,English,id024,train_set/train_set/voices/English/id024/02052.wav,16000,1,16,5.44
train,English,id024,train_set/train_set/voices/English/id024/04102.wav,16000,1,16,5.36
train,English,id024,train_set/train_set/voices/English/id024/03474.wav,16000,1,16,5.36
train,English,id024,train_set/train_set/voices/English/id024/04292.wav,16000,1,16,11.12
train,English,id024,train_set/train_set/voices/English/id024/01777.wav,16000,1,16,11.12
train,English,id024,train_set/train_set/voices/English/id024/02228.wav,16000,1,16,5.32
train,English,id024,train_set/train_set/voices/English/id024/02433.wav,16000,1,16,2.4
train,English,id024,train_set/train_set/voices/English/id024/00477.wav,16000,1,16,2.8
train,English,id024,train_set/train_set/voices/English/id024/03241.wav,16000,1,16,3.96
train,English,id024,train_set/train_set/voices/English/id024/05617.wav,16000,1,16,3.92
train,English,id024,train_set/train_set/voices/English/id024/04703.wav,16000,1,16,4.2
train,English,id024,train_set/train_set/voices/English/id024/03008.wav,16000,1,16,3.04
train,English,id024,train_set/train_set/voices/English/id024/06360.wav,16000,1,16,4.96
train,English,id024,train_set/train_set/voices/English/id024/03566.wav,16000,1,16,4.96
train,English,id024,train_set/train_set/voices/English/id024/04649.wav,16000,1,16,2.24
train,English,id024,train_set/train_set/voices/English/id024/01352.wav,16000,1,16,3.32
train,English,id024,train_set/train_set/voices/English/id024/01976.wav,16000,1,16,3.76
train,English,id024,train_set/train_set/voices/English/id024/01192.wav,16000,1,16,3.0
train,English,id024,train_set/train_set/voices/English/id024/00736.wav,16000,1,16,3.76
train,English,id024,train_set/train_set/voices/English/id024/04010.wav,16000,1,16,2.24
train,English,id024,train_set/train_set/voices/English/id024/01882.wav,16000,1,16,2.92
train,English,id039,train_set/train_set/voices/English/id039/04611.wav,16000,1,16,2.96
train,English,id039,train_set/train_set/voices/English/id039/06183.wav,16000,1,16,2.96
train,English,id039,train_set/train_set/voices/English/id039/02559.wav,16000,1,16,3.56
train,English,id039,train_set/train_set/voices/English/id039/05561.wav,16000,1,16,3.56
train,English,id039,train_set/train_set/voices/English/id039/03897.wav,16000,1,16,2.84
train,English,id039,train_set/train_set/voices/English/id039/01355.wav,16000,1,16,2.52
train,English,id039,train_set/train_set/voices/English/id039/00256.wav,16000,1,16,3.04
train,English,id039,train_set/train_set/voices/English/id039/01782.wav,16000,1,16,2.08
train,English,id039,train_set/train_set/voices/English/id039/05925.wav,16000,1,16,4.0
train,English,id039,train_set/train_set/voices/English/id039/00873.wav,16000,1,16,5.72
train,English,id039,train_set/train_set/voices/English/id039/00976.wav,16000,1,16,5.72
train,English,id039,train_set/train_set/voices/English/id039/03915.wav,16000,1,16,2.32
train,English,id039,train_set/train_set/voices/English/id039/05244.wav,16000,1,16,2.32
train,English,id039,train_set/train_set/voices/English/id039/04781.wav,16000,1,16,5.28
train,English,id039,train_set/train_set/voices/English/id039/06365.wav,16000,1,16,2.32
train,English,id039,train_set/train_set/voices/English/id039/01012.wav,16000,1,16,3.8
train,English,id039,train_set/train_set/voices/English/id039/04082.wav,16000,1,16,4.6
train,English,id039,train_set/train_set/voices/English/id039/03217.wav,16000,1,16,4.6
train,English,id039,train_set/train_set/voices/English/id039/04547.wav,16000,1,16,4.6
train,English,id039,train_set/train_set/voices/English/id039/00342.wav,16000,1,16,2.08
train,English,id039,train_set/train_set/voices/English/id039/03571.wav,16000,1,16,2.2
train,English,id039,train_set/train_set/voices/English/id039/04365.wav,16000,1,16,4.32
train,English,id039,train_set/train_set/voices/English/id039/05425.wav,16000,1,16,4.32
train,English,id039,train_set/train_set/voices/English/id039/03639.wav,16000,1,16,5.72
train,English,id039,train_set/train_set/voices/English/id039/00128.wav,16000,1,16,5.72
train,English,id039,train_set/train_set/voices/English/id039/04718.wav,16000,1,16,5.72
train,English,id039,train_set/train_set/voices/English/id039/02538.wav,16000,1,16,5.6
train,English,id039,train_set/train_set/voices/English/id039/06288.wav,16000,1,16,5.6
train,English,id039,train_set/train_set/voices/English/id039/05231.wav,16000,1,16,5.6
train,English,id039,train_set/train_set/voices/English/id039/01372.wav,16000,1,16,5.6
train,English,id039,train_set/train_set/voices/English/id039/04515.wav,16000,1,16,5.6
train,English,id039,train_set/train_set/voices/English/id039/05924.wav,16000,1,16,2.72
train,English,id039,train_set/train_set/voices/English/id039/02371.wav,16000,1,16,2.68
train,English,id039,train_set/train_set/voices/English/id039/00890.wav,16000,1,16,2.4
train,English,id039,train_set/train_set/voices/English/id039/02252.wav,16000,1,16,2.4
train,English,id039,train_set/train_set/voices/English/id039/06047.wav,16000,1,16,3.72
train,English,id039,train_set/train_set/voices/English/id039/02085.wav,16000,1,16,3.72
train,English,id039,train_set/train_set/voices/English/id039/00227.wav,16000,1,16,3.72
train,English,id039,train_set/train_set/voices/English/id039/00872.wav,16000,1,16,2.24
train,English,id039,train_set/train_set/voices/English/id039/02724.wav,16000,1,16,6.44
train,English,id039,train_set/train_set/voices/English/id039/03759.wav,16000,1,16,6.44
train,English,id039,train_set/train_set/voices/English/id039/04203.wav,16000,1,16,6.44
train,English,id039,train_set/train_set/voices/English/id039/04063.wav,16000,1,16,6.44
train,English,id039,train_set/train_set/voices/English/id039/05182.wav,16000,1,16,2.12
train,English,id039,train_set/train_set/voices/English/id039/01543.wav,16000,1,16,2.12
train,English,id039,train_set/train_set/voices/English/id039/05910.wav,16000,1,16,2.12
train,English,id039,train_set/train_set/voices/English/id039/03774.wav,16000,1,16,3.0
train,English,id039,train_set/train_set/voices/English/id039/03106.wav,16000,1,16,3.0
train,English,id039,train_set/train_set/voices/English/id039/03122.wav,16000,1,16,3.0
train,English,id039,train_set/train_set/voices/English/id039/00515.wav,16000,1,16,3.4
train,English,id039,train_set/train_set/voices/English/id039/03994.wav,16000,1,16,3.4
train,English,id039,train_set/train_set/voices/English/id039/05611.wav,16000,1,16,5.16
train,English,id039,train_set/train_set/voices/English/id039/01312.wav,16000,1,16,2.04
train,English,id039,train_set/train_set/voices/English/id039/02653.wav,16000,1,16,2.04
train,English,id039,train_set/train_set/voices/English/id039/03174.wav,16000,1,16,2.04
train,English,id039,train_set/train_set/voices/English/id039/05518.wav,16000,1,16,3.76
train,English,id039,train_set/train_set/voices/English/id039/04142.wav,16000,1,16,2.56
train,English,id039,train_set/train_set/voices/English/id039/06429.wav,16000,1,16,3.36
train,English,id039,train_set/train_set/voices/English/id039/02098.wav,16000,1,16,3.36
train,English,id039,train_set/train_set/voices/English/id039/02784.wav,16000,1,16,3.36
train,English,id039,train_set/train_set/voices/English/id039/01766.wav,16000,1,16,4.0
train,English,id039,train_set/train_set/voices/English/id039/06322.wav,16000,1,16,4.0
train,English,id039,train_set/train_set/voices/English/id039/01754.wav,16000,1,16,4.0
train,English,id039,train_set/train_set/voices/English/id039/00107.wav,16000,1,16,4.0
train,English,id039,train_set/train_set/voices/English/id039/02090.wav,16000,1,16,3.08
train,English,id039,train_set/train_set/voices/English/id039/02243.wav,16000,1,16,4.64
train,English,id039,train_set/train_set/voices/English/id039/05096.wav,16000,1,16,8.0
train,English,id039,train_set/train_set/voices/English/id039/02827.wav,16000,1,16,8.0
train,English,id039,train_set/train_set/voices/English/id039/02911.wav,16000,1,16,2.32
train,English,id039,train_set/train_set/voices/English/id039/04675.wav,16000,1,16,2.32
train,English,id039,train_set/train_set/voices/English/id039/04447.wav,16000,1,16,5.52
train,English,id039,train_set/train_set/voices/English/id039/02287.wav,16000,1,16,5.52
train,English,id039,train_set/train_set/voices/English/id039/03988.wav,16000,1,16,6.6
train,English,id039,train_set/train_set/voices/English/id039/06193.wav,16000,1,16,6.6
train,English,id039,train_set/train_set/voices/English/id039/05625.wav,16000,1,16,2.0
train,English,id039,train_set/train_set/voices/English/id039/05970.wav,16000,1,16,2.6
train,English,id039,train_set/train_set/voices/English/id039/04627.wav,16000,1,16,2.6
train,English,id039,train_set/train_set/voices/English/id039/03401.wav,16000,1,16,2.6
train,English,id039,train_set/train_set/voices/English/id039/04932.wav,16000,1,16,4.32
train,English,id039,train_set/train_set/voices/English/id039/00124.wav,16000,1,16,2.4
train,English,id039,train_set/train_set/voices/English/id039/03479.wav,16000,1,16,2.56
train,English,id039,train_set/train_set/voices/English/id039/04861.wav,16000,1,16,2.48
train,English,id039,train_set/train_set/voices/English/id039/01588.wav,16000,1,16,2.48
train,English,id039,train_set/train_set/voices/English/id039/00388.wav,16000,1,16,2.48
train,English,id039,train_set/train_set/voices/English/id039/05434.wav,16000,1,16,3.28
train,English,id039,train_set/train_set/voices/English/id039/01433.wav,16000,1,16,3.12
train,English,id039,train_set/train_set/voices/English/id039/05677.wav,16000,1,16,3.12
train,English,id039,train_set/train_set/voices/English/id039/00583.wav,16000,1,16,4.0
train,English,id039,train_set/train_set/voices/English/id039/05630.wav,16000,1,16,4.0
train,English,id039,train_set/train_set/voices/English/id039/02221.wav,16000,1,16,2.52
train,English,id039,train_set/train_set/voices/English/id039/02289.wav,16000,1,16,2.52
train,English,id039,train_set/train_set/voices/English/id039/03696.wav,16000,1,16,3.0
train,English,id039,train_set/train_set/voices/English/id039/01698.wav,16000,1,16,3.0
train,English,id039,train_set/train_set/voices/English/id039/00045.wav,16000,1,16,3.0
train,English,id039,train_set/train_set/voices/English/id039/05486.wav,16000,1,16,3.0
train,English,id039,train_set/train_set/voices/English/id039/03242.wav,16000,1,16,3.0
train,English,id039,train_set/train_set/voices/English/id039/03981.wav,16000,1,16,4.88
train,English,id039,train_set/train_set/voices/English/id039/01985.wav,16000,1,16,4.88
train,English,id039,train_set/train_set/voices/English/id039/04364.wav,16000,1,16,4.28
train,English,id039,train_set/train_set/voices/English/id039/01696.wav,16000,1,16,3.24
train,English,id039,train_set/train_set/voices/English/id039/00189.wav,16000,1,16,2.04
train,English,id039,train_set/train_set/voices/English/id039/05811.wav,16000,1,16,2.72
train,English,id039,train_set/train_set/voices/English/id039/00667.wav,16000,1,16,2.08
train,English,id039,train_set/train_set/voices/English/id039/04150.wav,16000,1,16,3.76
train,English,id039,train_set/train_set/voices/English/id039/03136.wav,16000,1,16,2.04
train,English,id039,train_set/train_set/voices/English/id039/00037.wav,16000,1,16,2.8
train,English,id039,train_set/train_set/voices/English/id039/01699.wav,16000,1,16,5.56
train,English,id039,train_set/train_set/voices/English/id039/01152.wav,16000,1,16,2.68
train,English,id039,train_set/train_set/voices/English/id039/01951.wav,16000,1,16,2.52
train,English,id039,train_set/train_set/voices/English/id039/01595.wav,16000,1,16,2.36
train,English,id039,train_set/train_set/voices/English/id039/02073.wav,16000,1,16,3.68
train,English,id039,train_set/train_set/voices/English/id039/04847.wav,16000,1,16,3.72
train,English,id039,train_set/train_set/voices/English/id039/02574.wav,16000,1,16,3.72
train,English,id039,train_set/train_set/voices/English/id039/04600.wav,16000,1,16,2.44
train,English,id039,train_set/train_set/voices/English/id039/01672.wav,16000,1,16,3.56
train,English,id039,train_set/train_set/voices/English/id039/02015.wav,16000,1,16,3.48
train,English,id039,train_set/train_set/voices/English/id039/00222.wav,16000,1,16,3.48
train,English,id039,train_set/train_set/voices/English/id039/05609.wav,16000,1,16,2.2
train,English,id039,train_set/train_set/voices/English/id039/06470.wav,16000,1,16,3.8
train,English,id039,train_set/train_set/voices/English/id039/06029.wav,16000,1,16,3.8
train,English,id039,train_set/train_set/voices/English/id039/00805.wav,16000,1,16,2.48
train,English,id039,train_set/train_set/voices/English/id039/04251.wav,16000,1,16,2.8
train,English,id039,train_set/train_set/voices/English/id039/03231.wav,16000,1,16,2.8
train,English,id039,train_set/train_set/voices/English/id039/03819.wav,16000,1,16,2.48
train,English,id039,train_set/train_set/voices/English/id039/04289.wav,16000,1,16,4.32
train,English,id039,train_set/train_set/voices/English/id039/02315.wav,16000,1,16,5.84
train,English,id039,train_set/train_set/voices/English/id039/01284.wav,16000,1,16,8.12
train,English,id039,train_set/train_set/voices/English/id039/04117.wav,16000,1,16,8.12
train,English,id039,train_set/train_set/voices/English/id039/04481.wav,16000,1,16,8.12
train,English,id039,train_set/train_set/voices/English/id039/04317.wav,16000,1,16,8.12
train,English,id039,train_set/train_set/voices/English/id039/05370.wav,16000,1,16,9.2
train,English,id039,train_set/train_set/voices/English/id039/01006.wav,16000,1,16,9.2
train,English,id039,train_set/train_set/voices/English/id039/04366.wav,16000,1,16,9.28
train,English,id039,train_set/train_set/voices/English/id039/01618.wav,16000,1,16,9.28
train,English,id039,train_set/train_set/voices/English/id039/05890.wav,16000,1,16,9.28
train,English,id039,train_set/train_set/voices/English/id039/01851.wav,16000,1,16,6.4
train,English,id039,train_set/train_set/voices/English/id039/05973.wav,16000,1,16,6.4
train,English,id039,train_set/train_set/voices/English/id039/04993.wav,16000,1,16,6.4
train,English,id039,train_set/train_set/voices/English/id039/02420.wav,16000,1,16,2.68
train,English,id039,train_set/train_set/voices/English/id039/03354.wav,16000,1,16,10.24
train,English,id039,train_set/train_set/voices/English/id039/00894.wav,16000,1,16,10.24
train,English,id039,train_set/train_set/voices/English/id039/05993.wav,16000,1,16,10.24
train,English,id039,train_set/train_set/voices/English/id039/04514.wav,16000,1,16,10.24
train,English,id039,train_set/train_set/voices/English/id039/04448.wav,16000,1,16,10.24
train,English,id039,train_set/train_set/voices/English/id039/00298.wav,16000,1,16,10.24
train,English,id039,train_set/train_set/voices/English/id039/04651.wav,16000,1,16,10.24
train,English,id039,train_set/train_set/voices/English/id039/04824.wav,16000,1,16,10.24
train,English,id039,train_set/train_set/voices/English/id039/05086.wav,16000,1,16,10.24
train,English,id039,train_set/train_set/voices/English/id039/02939.wav,16000,1,16,5.44
train,English,id039,train_set/train_set/voices/English/id039/06212.wav,16000,1,16,5.44
train,English,id039,train_set/train_set/voices/English/id039/05021.wav,16000,1,16,6.04
train,English,id039,train_set/train_set/voices/English/id039/03648.wav,16000,1,16,6.04
train,English,id039,train_set/train_set/voices/English/id039/05835.wav,16000,1,16,6.04
train,English,id039,train_set/train_set/voices/English/id039/05661.wav,16000,1,16,4.92
train,English,id039,train_set/train_set/voices/English/id039/03262.wav,16000,1,16,4.92
train,English,id039,train_set/train_set/voices/English/id039/01928.wav,16000,1,16,4.92
train,English,id039,train_set/train_set/voices/English/id039/06357.wav,16000,1,16,4.92
train,English,id039,train_set/train_set/voices/English/id039/04279.wav,16000,1,16,2.32
train,English,id039,train_set/train_set/voices/English/id039/05353.wav,16000,1,16,2.32
train,English,id039,train_set/train_set/voices/English/id039/02293.wav,16000,1,16,2.16
train,English,id070,train_set/train_set/voices/English/id070/03928.wav,16000,1,16,11.56
train,English,id070,train_set/train_set/voices/English/id070/06218.wav,16000,1,16,11.56
train,English,id070,train_set/train_set/voices/English/id070/00211.wav,16000,1,16,11.56
train,English,id070,train_set/train_set/voices/English/id070/01346.wav,16000,1,16,11.56
train,English,id070,train_set/train_set/voices/English/id070/04508.wav,16000,1,16,8.04
train,English,id070,train_set/train_set/voices/English/id070/02741.wav,16000,1,16,12.84
train,English,id070,train_set/train_set/voices/English/id070/01062.wav,16000,1,16,14.32
train,English,id070,train_set/train_set/voices/English/id070/00483.wav,16000,1,16,14.32
train,English,id070,train_set/train_set/voices/English/id070/00289.wav,16000,1,16,18.52
train,English,id070,train_set/train_set/voices/English/id070/02560.wav,16000,1,16,18.52
train,English,id070,train_set/train_set/voices/English/id070/05772.wav,16000,1,16,7.92
train,English,id070,train_set/train_set/voices/English/id070/01036.wav,16000,1,16,23.68
train,English,id070,train_set/train_set/voices/English/id070/03110.wav,16000,1,16,23.68
train,English,id070,train_set/train_set/voices/English/id070/00487.wav,16000,1,16,23.68
train,English,id070,train_set/train_set/voices/English/id070/04436.wav,16000,1,16,10.08
train,English,id070,train_set/train_set/voices/English/id070/05329.wav,16000,1,16,10.08
train,English,id070,train_set/train_set/voices/English/id070/04449.wav,16000,1,16,10.08
train,English,id070,train_set/train_set/voices/English/id070/02121.wav,16000,1,16,8.48
train,English,id070,train_set/train_set/voices/English/id070/01704.wav,16000,1,16,8.48
train,English,id070,train_set/train_set/voices/English/id070/03454.wav,16000,1,16,2.64
train,English,id070,train_set/train_set/voices/English/id070/02470.wav,16000,1,16,11.92
train,English,id070,train_set/train_set/voices/English/id070/00767.wav,16000,1,16,11.92
train,English,id070,train_set/train_set/voices/English/id070/02878.wav,16000,1,16,11.92
train,English,id070,train_set/train_set/voices/English/id070/05340.wav,16000,1,16,13.68
train,English,id070,train_set/train_set/voices/English/id070/03085.wav,16000,1,16,13.68
train,English,id070,train_set/train_set/voices/English/id070/02335.wav,16000,1,16,13.68
train,English,id070,train_set/train_set/voices/English/id070/04371.wav,16000,1,16,13.68
train,English,id070,train_set/train_set/voices/English/id070/02760.wav,16000,1,16,27.84
train,English,id070,train_set/train_set/voices/English/id070/00527.wav,16000,1,16,27.84
train,English,id070,train_set/train_set/voices/English/id070/00082.wav,16000,1,16,27.84
train,English,id070,train_set/train_set/voices/English/id070/02902.wav,16000,1,16,27.84
train,English,id070,train_set/train_set/voices/English/id070/02480.wav,16000,1,16,3.0
train,English,id070,train_set/train_set/voices/English/id070/03719.wav,16000,1,16,15.92
train,English,id070,train_set/train_set/voices/English/id070/02726.wav,16000,1,16,15.92
train,English,id070,train_set/train_set/voices/English/id070/01791.wav,16000,1,16,15.92
train,English,id070,train_set/train_set/voices/English/id070/06124.wav,16000,1,16,4.4
train,English,id070,train_set/train_set/voices/English/id070/01386.wav,16000,1,16,10.32
train,English,id070,train_set/train_set/voices/English/id070/01446.wav,16000,1,16,5.0
train,English,id070,train_set/train_set/voices/English/id070/01073.wav,16000,1,16,10.68
train,English,id070,train_set/train_set/voices/English/id070/04424.wav,16000,1,16,10.68
train,English,id070,train_set/train_set/voices/English/id070/00771.wav,16000,1,16,10.68
train,English,id070,train_set/train_set/voices/English/id070/00356.wav,16000,1,16,10.68
train,English,id070,train_set/train_set/voices/English/id070/04816.wav,16000,1,16,10.28
train,English,id070,train_set/train_set/voices/English/id070/00238.wav,16000,1,16,16.4
train,English,id070,train_set/train_set/voices/English/id070/00576.wav,16000,1,16,16.4
train,English,id070,train_set/train_set/voices/English/id070/05831.wav,16000,1,16,18.04
train,English,id070,train_set/train_set/voices/English/id070/03971.wav,16000,1,16,18.04
train,English,id070,train_set/train_set/voices/English/id070/00700.wav,16000,1,16,18.04
train,English,id070,train_set/train_set/voices/English/id070/04732.wav,16000,1,16,27.12
train,English,id070,train_set/train_set/voices/English/id070/00882.wav,16000,1,16,27.12
train,English,id070,train_set/train_set/voices/English/id070/03376.wav,16000,1,16,27.12
train,English,id070,train_set/train_set/voices/English/id070/05840.wav,16000,1,16,27.12
train,English,id070,train_set/train_set/voices/English/id070/00702.wav,16000,1,16,22.72
train,English,id070,train_set/train_set/voices/English/id070/02076.wav,16000,1,16,14.32
train,English,id070,train_set/train_set/voices/English/id070/04577.wav,16000,1,16,14.32
train,English,id070,train_set/train_set/voices/English/id070/03222.wav,16000,1,16,14.32
train,English,id070,train_set/train_set/voices/English/id070/00754.wav,16000,1,16,10.36
train,English,id070,train_set/train_set/voices/English/id070/05161.wav,16000,1,16,15.0
train,English,id070,train_set/train_set/voices/English/id070/06321.wav,16000,1,16,15.0
train,English,id070,train_set/train_set/voices/English/id070/05057.wav,16000,1,16,5.8
train,English,id070,train_set/train_set/voices/English/id070/05475.wav,16000,1,16,8.2
train,English,id070,train_set/train_set/voices/English/id070/05889.wav,16000,1,16,5.16
train,English,id070,train_set/train_set/voices/English/id070/04412.wav,16000,1,16,11.32
train,English,id070,train_set/train_set/voices/English/id070/00585.wav,16000,1,16,11.32
train,English,id070,train_set/train_set/voices/English/id070/05191.wav,16000,1,16,5.2
train,English,id070,train_set/train_set/voices/English/id070/02473.wav,16000,1,16,9.48
train,English,id070,train_set/train_set/voices/English/id070/04601.wav,16000,1,16,20.0
train,English,id070,train_set/train_set/voices/English/id070/02235.wav,16000,1,16,20.0
train,English,id070,train_set/train_set/voices/English/id070/03239.wav,16000,1,16,19.16
train,English,id070,train_set/train_set/voices/English/id070/03626.wav,16000,1,16,9.88
train,English,id070,train_set/train_set/voices/English/id070/01112.wav,16000,1,16,3.68
train,English,id070,train_set/train_set/voices/English/id070/04597.wav,16000,1,16,8.16
train,English,id070,train_set/train_set/voices/English/id070/02118.wav,16000,1,16,3.48
train,English,id070,train_set/train_set/voices/English/id070/05796.wav,16000,1,16,10.04
train,English,id070,train_set/train_set/voices/English/id070/00966.wav,16000,1,16,10.04
train,English,id070,train_set/train_set/voices/English/id070/05257.wav,16000,1,16,3.2
train,English,id070,train_set/train_set/voices/English/id070/04479.wav,16000,1,16,2.6
train,English,id070,train_set/train_set/voices/English/id070/01288.wav,16000,1,16,8.12
train,English,id070,train_set/train_set/voices/English/id070/06030.wav,16000,1,16,8.12
train,English,id070,train_set/train_set/voices/English/id070/06195.wav,16000,1,16,8.12
train,English,id070,train_set/train_set/voices/English/id070/05131.wav,16000,1,16,13.88
train,English,id070,train_set/train_set/voices/English/id070/03970.wav,16000,1,16,6.48
train,English,id070,train_set/train_set/voices/English/id070/01801.wav,16000,1,16,6.48
train,English,id070,train_set/train_set/voices/English/id070/05225.wav,16000,1,16,12.8
train,English,id070,train_set/train_set/voices/English/id070/01215.wav,16000,1,16,4.68
train,English,id070,train_set/train_set/voices/English/id070/02338.wav,16000,1,16,4.68
train,English,id070,train_set/train_set/voices/English/id070/02246.wav,16000,1,16,4.68
train,English,id070,train_set/train_set/voices/English/id070/06437.wav,16000,1,16,7.6
train,English,id070,train_set/train_set/voices/English/id070/05438.wav,16000,1,16,4.0
train,English,id070,train_set/train_set/voices/English/id070/01238.wav,16000,1,16,2.36
train,English,id070,train_set/train_set/voices/English/id070/06436.wav,16000,1,16,2.36
train,English,id070,train_set/train_set/voices/English/id070/01004.wav,16000,1,16,3.8
train,English,id070,train_set/train_set/voices/English/id070/01615.wav,16000,1,16,5.92
train,English,id070,train_set/train_set/voices/English/id070/03238.wav,16000,1,16,5.92
train,English,id070,train_set/train_set/voices/English/id070/00983.wav,16000,1,16,3.84
train,English,id070,train_set/train_set/voices/English/id070/02884.wav,16000,1,16,9.12
train,English,id070,train_set/train_set/voices/English/id070/05108.wav,16000,1,16,2.28
train,English,id070,train_set/train_set/voices/English/id070/01978.wav,16000,1,16,10.8
train,English,id070,train_set/train_set/voices/English/id070/06337.wav,16000,1,16,8.16
train,English,id070,train_set/train_set/voices/English/id070/04909.wav,16000,1,16,5.24
train,English,id070,train_set/train_set/voices/English/id070/02610.wav,16000,1,16,2.44
train,English,id070,train_set/train_set/voices/English/id070/04000.wav,16000,1,16,4.16
train,English,id070,train_set/train_set/voices/English/id070/00809.wav,16000,1,16,4.16
train,English,id070,train_set/train_set/voices/English/id070/04893.wav,16000,1,16,2.68
train,English,id070,train_set/train_set/voices/English/id070/00040.wav,16000,1,16,4.6
train,English,id070,train_set/train_set/voices/English/id070/02158.wav,16000,1,16,3.44
train,English,id070,train_set/train_set/voices/English/id070/04301.wav,16000,1,16,3.72
train,English,id070,train_set/train_set/voices/English/id070/03792.wav,16000,1,16,2.2
train,English,id070,train_set/train_set/voices/English/id070/00328.wav,16000,1,16,2.4
train,English,id070,train_set/train_set/voices/English/id070/02194.wav,16000,1,16,2.04
train,English,id008,train_set/train_set/voices/English/id008/01058.wav,16000,1,16,2.64
train,English,id008,train_set/train_set/voices/English/id008/03340.wav,16000,1,16,9.12
train,English,id008,train_set/train_set/voices/English/id008/00474.wav,16000,1,16,9.12
train,English,id008,train_set/train_set/voices/English/id008/05929.wav,16000,1,16,7.72
train,English,id008,train_set/train_set/voices/English/id008/03126.wav,16000,1,16,7.72
train,English,id008,train_set/train_set/voices/English/id008/06173.wav,16000,1,16,5.04
train,English,id008,train_set/train_set/voices/English/id008/02783.wav,16000,1,16,2.12
train,English,id008,train_set/train_set/voices/English/id008/05235.wav,16000,1,16,4.08
train,English,id008,train_set/train_set/voices/English/id008/02654.wav,16000,1,16,3.68
train,English,id008,train_set/train_set/voices/English/id008/05830.wav,16000,1,16,2.48
train,English,id008,train_set/train_set/voices/English/id008/03745.wav,16000,1,16,2.16
train,English,id008,train_set/train_set/voices/English/id008/01812.wav,16000,1,16,5.84
train,English,id008,train_set/train_set/voices/English/id008/05960.wav,16000,1,16,4.04
train,English,id008,train_set/train_set/voices/English/id008/06370.wav,16000,1,16,2.56
train,English,id008,train_set/train_set/voices/English/id008/02398.wav,16000,1,16,6.04
train,English,id008,train_set/train_set/voices/English/id008/00219.wav,16000,1,16,2.16
train,English,id008,train_set/train_set/voices/English/id008/03282.wav,16000,1,16,2.8
train,English,id008,train_set/train_set/voices/English/id008/05211.wav,16000,1,16,2.24
train,English,id008,train_set/train_set/voices/English/id008/03344.wav,16000,1,16,5.96
train,English,id008,train_set/train_set/voices/English/id008/01273.wav,16000,1,16,9.76
train,English,id008,train_set/train_set/voices/English/id008/00228.wav,16000,1,16,9.76
train,English,id008,train_set/train_set/voices/English/id008/02219.wav,16000,1,16,9.76
train,English,id008,train_set/train_set/voices/English/id008/03293.wav,16000,1,16,7.16
train,English,id008,train_set/train_set/voices/English/id008/00853.wav,16000,1,16,7.16
train,English,id008,train_set/train_set/voices/English/id008/03985.wav,16000,1,16,7.16
train,English,id008,train_set/train_set/voices/English/id008/03258.wav,16000,1,16,3.92
train,English,id008,train_set/train_set/voices/English/id008/00042.wav,16000,1,16,3.48
train,English,id008,train_set/train_set/voices/English/id008/06034.wav,16000,1,16,2.32
train,English,id008,train_set/train_set/voices/English/id008/02391.wav,16000,1,16,2.32
train,English,id008,train_set/train_set/voices/English/id008/03684.wav,16000,1,16,2.28
train,English,id008,train_set/train_set/voices/English/id008/02777.wav,16000,1,16,3.48
train,English,id008,train_set/train_set/voices/English/id008/05506.wav,16000,1,16,2.24
train,English,id008,train_set/train_set/voices/English/id008/02026.wav,16000,1,16,2.04
train,English,id032,train_set/train_set/voices/English/id032/02077.wav,16000,1,16,7.96
train,English,id032,train_set/train_set/voices/English/id032/01570.wav,16000,1,16,5.2
train,English,id032,train_set/train_set/voices/English/id032/01862.wav,16000,1,16,16.48
train,English,id032,train_set/train_set/voices/English/id032/04190.wav,16000,1,16,5.4
train,English,id032,train_set/train_set/voices/English/id032/01125.wav,16000,1,16,5.28
train,English,id032,train_set/train_set/voices/English/id032/04170.wav,16000,1,16,3.24
train,English,id032,train_set/train_set/voices/English/id032/03415.wav,16000,1,16,10.44
train,English,id032,train_set/train_set/voices/English/id032/00414.wav,16000,1,16,5.88
train,English,id032,train_set/train_set/voices/English/id032/01534.wav,16000,1,16,16.36
train,English,id032,train_set/train_set/voices/English/id032/00880.wav,16000,1,16,16.36
train,English,id032,train_set/train_set/voices/English/id032/02991.wav,16000,1,16,16.36
train,English,id032,train_set/train_set/voices/English/id032/03363.wav,16000,1,16,12.96
train,English,id032,train_set/train_set/voices/English/id032/00892.wav,16000,1,16,12.96
train,English,id032,train_set/train_set/voices/English/id032/04255.wav,16000,1,16,3.6
train,English,id032,train_set/train_set/voices/English/id032/06310.wav,16000,1,16,25.68
train,English,id032,train_set/train_set/voices/English/id032/02922.wav,16000,1,16,5.32
train,English,id032,train_set/train_set/voices/English/id032/04072.wav,16000,1,16,8.6
train,English,id032,train_set/train_set/voices/English/id032/04819.wav,16000,1,16,11.28
train,English,id032,train_set/train_set/voices/English/id032/02150.wav,16000,1,16,8.28
train,English,id032,train_set/train_set/voices/English/id032/04109.wav,16000,1,16,11.16
train,English,id032,train_set/train_set/voices/English/id032/05239.wav,16000,1,16,9.36
train,English,id032,train_set/train_set/voices/English/id032/01378.wav,16000,1,16,2.48
train,English,id032,train_set/train_set/voices/English/id032/04896.wav,16000,1,16,15.48
train,English,id032,train_set/train_set/voices/English/id032/02088.wav,16000,1,16,4.32
train,English,id032,train_set/train_set/voices/English/id032/00524.wav,16000,1,16,6.24
train,English,id032,train_set/train_set/voices/English/id032/02040.wav,16000,1,16,15.48
train,English,id032,train_set/train_set/voices/English/id032/05217.wav,16000,1,16,15.48
train,English,id032,train_set/train_set/voices/English/id032/01962.wav,16000,1,16,10.4
train,English,id032,train_set/train_set/voices/English/id032/03902.wav,16000,1,16,10.4
train,English,id032,train_set/train_set/voices/English/id032/01013.wav,16000,1,16,9.8
train,English,id032,train_set/train_set/voices/English/id032/02084.wav,16000,1,16,2.48
train,English,id032,train_set/train_set/voices/English/id032/05980.wav,16000,1,16,7.2
train,English,id032,train_set/train_set/voices/English/id032/05460.wav,16000,1,16,3.04
train,English,id032,train_set/train_set/voices/English/id032/03102.wav,16000,1,16,11.56
train,English,id032,train_set/train_set/voices/English/id032/02125.wav,16000,1,16,2.92
train,English,id032,train_set/train_set/voices/English/id032/04092.wav,16000,1,16,6.68
train,English,id032,train_set/train_set/voices/English/id032/04228.wav,16000,1,16,8.64
train,English,id032,train_set/train_set/voices/English/id032/05147.wav,16000,1,16,7.72
train,English,id032,train_set/train_set/voices/English/id032/00593.wav,16000,1,16,7.72
train,English,id032,train_set/train_set/voices/English/id032/05984.wav,16000,1,16,8.24
train,English,id032,train_set/train_set/voices/English/id032/01533.wav,16000,1,16,11.8
train,English,id032,train_set/train_set/voices/English/id032/00249.wav,16000,1,16,11.8
train,English,id032,train_set/train_set/voices/English/id032/01027.wav,16000,1,16,11.96
train,English,id032,train_set/train_set/voices/English/id032/01736.wav,16000,1,16,11.96
train,English,id032,train_set/train_set/voices/English/id032/01450.wav,16000,1,16,4.56
train,English,id032,train_set/train_set/voices/English/id032/01390.wav,16000,1,16,4.2
train,English,id032,train_set/train_set/voices/English/id032/01969.wav,16000,1,16,6.48
train,English,id032,train_set/train_set/voices/English/id032/01032.wav,16000,1,16,6.48
train,English,id032,train_set/train_set/voices/English/id032/05410.wav,16000,1,16,13.04
train,English,id032,train_set/train_set/voices/English/id032/03269.wav,16000,1,16,8.32
train,English,id032,train_set/train_set/voices/English/id032/05236.wav,16000,1,16,2.28
train,English,id032,train_set/train_set/voices/English/id032/01275.wav,16000,1,16,5.08
train,English,id032,train_set/train_set/voices/English/id032/00046.wav,16000,1,16,2.04
train,English,id032,train_set/train_set/voices/English/id032/01360.wav,16000,1,16,7.6
train,English,id032,train_set/train_set/voices/English/id032/05071.wav,16000,1,16,3.72
train,English,id032,train_set/train_set/voices/English/id032/06442.wav,16000,1,16,2.88
train,English,id032,train_set/train_set/voices/English/id032/05467.wav,16000,1,16,2.88
train,English,id032,train_set/train_set/voices/English/id032/05555.wav,16000,1,16,3.48
train,English,id032,train_set/train_set/voices/English/id032/00552.wav,16000,1,16,3.04
train,English,id032,train_set/train_set/voices/English/id032/03154.wav,16000,1,16,3.12
train,English,id032,train_set/train_set/voices/English/id032/05005.wav,16000,1,16,4.96
train,English,id032,train_set/train_set/voices/English/id032/00965.wav,16000,1,16,4.96
train,English,id032,train_set/train_set/voices/English/id032/00868.wav,16000,1,16,11.76
train,English,id032,train_set/train_set/voices/English/id032/05638.wav,16000,1,16,11.76
train,English,id032,train_set/train_set/voices/English/id032/02394.wav,16000,1,16,7.4
train,English,id032,train_set/train_set/voices/English/id032/02010.wav,16000,1,16,7.4
train,English,id032,train_set/train_set/voices/English/id032/04888.wav,16000,1,16,4.12
train,English,id032,train_set/train_set/voices/English/id032/04882.wav,16000,1,16,4.56
train,English,id032,train_set/train_set/voices/English/id032/01562.wav,16000,1,16,4.56
train,English,id004,train_set/train_set/voices/English/id004/02038.wav,16000,1,16,4.96
train,English,id004,train_set/train_set/voices/English/id004/01297.wav,16000,1,16,15.4
train,English,id004,train_set/train_set/voices/English/id004/05439.wav,16000,1,16,15.4
train,English,id004,train_set/train_set/voices/English/id004/02482.wav,16000,1,16,15.4
train,English,id004,train_set/train_set/voices/English/id004/05815.wav,16000,1,16,15.4
train,English,id004,train_set/train_set/voices/English/id004/01421.wav,16000,1,16,15.4
train,English,id004,train_set/train_set/voices/English/id004/05092.wav,16000,1,16,15.4
train,English,id004,train_set/train_set/voices/English/id004/01409.wav,16000,1,16,10.16
train,English,id004,train_set/train_set/voices/English/id004/01217.wav,16000,1,16,10.16
train,English,id004,train_set/train_set/voices/English/id004/04322.wav,16000,1,16,10.16
train,English,id004,train_set/train_set/voices/English/id004/01710.wav,16000,1,16,10.16
train,English,id004,train_set/train_set/voices/English/id004/05139.wav,16000,1,16,10.16
train,English,id004,train_set/train_set/voices/English/id004/02124.wav,16000,1,16,10.16
train,English,id004,train_set/train_set/voices/English/id004/05093.wav,16000,1,16,3.76
train,English,id004,train_set/train_set/voices/English/id004/00426.wav,16000,1,16,3.84
train,English,id004,train_set/train_set/voices/English/id004/00047.wav,16000,1,16,3.84
train,English,id004,train_set/train_set/voices/English/id004/04328.wav,16000,1,16,3.84
train,English,id004,train_set/train_set/voices/English/id004/05850.wav,16000,1,16,3.4
train,English,id004,train_set/train_set/voices/English/id004/01683.wav,16000,1,16,3.4
train,English,id022,train_set/train_set/voices/English/id022/02740.wav,16000,1,16,5.04
train,English,id022,train_set/train_set/voices/English/id022/02511.wav,16000,1,16,7.68
train,English,id022,train_set/train_set/voices/English/id022/05923.wav,16000,1,16,13.52
train,English,id022,train_set/train_set/voices/English/id022/00048.wav,16000,1,16,13.52
train,English,id022,train_set/train_set/voices/English/id022/04465.wav,16000,1,16,7.56
train,English,id022,train_set/train_set/voices/English/id022/04498.wav,16000,1,16,4.96
train,English,id022,train_set/train_set/voices/English/id022/00177.wav,16000,1,16,3.6
train,English,id022,train_set/train_set/voices/English/id022/02325.wav,16000,1,16,14.16
train,English,id022,train_set/train_set/voices/English/id022/00421.wav,16000,1,16,14.16
train,English,id022,train_set/train_set/voices/English/id022/01387.wav,16000,1,16,2.52
train,English,id022,train_set/train_set/voices/English/id022/03489.wav,16000,1,16,3.48
train,English,id022,train_set/train_set/voices/English/id022/02507.wav,16000,1,16,12.28
train,English,id022,train_set/train_set/voices/English/id022/05679.wav,16000,1,16,12.28
train,English,id022,train_set/train_set/voices/English/id022/00446.wav,16000,1,16,10.4
train,English,id022,train_set/train_set/voices/English/id022/03107.wav,16000,1,16,10.4
train,English,id022,train_set/train_set/voices/English/id022/00279.wav,16000,1,16,10.4
train,English,id022,train_set/train_set/voices/English/id022/03663.wav,16000,1,16,5.12
train,English,id022,train_set/train_set/voices/English/id022/00217.wav,16000,1,16,6.96
train,English,id022,train_set/train_set/voices/English/id022/05480.wav,16000,1,16,3.6
train,English,id022,train_set/train_set/voices/English/id022/03905.wav,16000,1,16,3.6
train,English,id022,train_set/train_set/voices/English/id022/00131.wav,16000,1,16,9.56
train,English,id022,train_set/train_set/voices/English/id022/05546.wav,16000,1,16,2.28
train,English,id022,train_set/train_set/voices/English/id022/06289.wav,16000,1,16,12.36
train,English,id022,train_set/train_set/voices/English/id022/01483.wav,16000,1,16,4.32
train,English,id022,train_set/train_set/voices/English/id022/01743.wav,16000,1,16,6.32
train,English,id022,train_set/train_set/voices/English/id022/02642.wav,16000,1,16,16.48
train,English,id022,train_set/train_set/voices/English/id022/04397.wav,16000,1,16,16.48
train,English,id022,train_set/train_set/voices/English/id022/05885.wav,16000,1,16,17.24
train,English,id022,train_set/train_set/voices/English/id022/00980.wav,16000,1,16,17.24
train,English,id022,train_set/train_set/voices/English/id022/00972.wav,16000,1,16,4.0
train,English,id022,train_set/train_set/voices/English/id022/05608.wav,16000,1,16,7.76
train,English,id022,train_set/train_set/voices/English/id022/05857.wav,16000,1,16,7.76
train,English,id022,train_set/train_set/voices/English/id022/04620.wav,16000,1,16,3.4
train,English,id022,train_set/train_set/voices/English/id022/00327.wav,16000,1,16,5.84
train,English,id022,train_set/train_set/voices/English/id022/00871.wav,16000,1,16,7.24
train,English,id022,train_set/train_set/voices/English/id022/05039.wav,16000,1,16,7.24
train,English,id022,train_set/train_set/voices/English/id022/05194.wav,16000,1,16,7.12
train,English,id022,train_set/train_set/voices/English/id022/01341.wav,16000,1,16,6.96
train,English,id022,train_set/train_set/voices/English/id022/05320.wav,16000,1,16,6.32
train,English,id022,train_set/train_set/voices/English/id022/06213.wav,16000,1,16,9.84
train,English,id022,train_set/train_set/voices/English/id022/04795.wav,16000,1,16,8.2
train,English,id022,train_set/train_set/voices/English/id022/03237.wav,16000,1,16,3.64
train,English,id022,train_set/train_set/voices/English/id022/05385.wav,16000,1,16,3.64
train,English,id022,train_set/train_set/voices/English/id022/00445.wav,16000,1,16,2.72
train,English,id022,train_set/train_set/voices/English/id022/00373.wav,16000,1,16,2.32
train,English,id022,train_set/train_set/voices/English/id022/05298.wav,16000,1,16,3.0
train,English,id022,train_set/train_set/voices/English/id022/00550.wav,16000,1,16,3.0
train,English,id022,train_set/train_set/voices/English/id022/04709.wav,16000,1,16,11.16
train,English,id022,train_set/train_set/voices/English/id022/00261.wav,16000,1,16,12.64
train,English,id022,train_set/train_set/voices/English/id022/01021.wav,16000,1,16,12.64
train,English,id022,train_set/train_set/voices/English/id022/00609.wav,16000,1,16,12.64
train,English,id022,train_set/train_set/voices/English/id022/05903.wav,16000,1,16,4.96
train,English,id022,train_set/train_set/voices/English/id022/01846.wav,16000,1,16,7.24
train,English,id022,train_set/train_set/voices/English/id022/03190.wav,16000,1,16,2.92
train,English,id022,train_set/train_set/voices/English/id022/04316.wav,16000,1,16,5.6
train,English,id022,train_set/train_set/voices/English/id022/00701.wav,16000,1,16,3.08
train,English,id022,train_set/train_set/voices/English/id022/01049.wav,16000,1,16,5.36
train,English,id022,train_set/train_set/voices/English/id022/06192.wav,16000,1,16,5.04
train,English,id022,train_set/train_set/voices/English/id022/05317.wav,16000,1,16,7.0
train,English,id022,train_set/train_set/voices/English/id022/00512.wav,16000,1,16,2.4
train,English,id022,train_set/train_set/voices/English/id022/03794.wav,16000,1,16,13.4
train,English,id022,train_set/train_set/voices/English/id022/03569.wav,16000,1,16,13.4
train,English,id022,train_set/train_set/voices/English/id022/05645.wav,16000,1,16,13.4
train,English,id022,train_set/train_set/voices/English/id022/01011.wav,16000,1,16,7.0
train,English,id022,train_set/train_set/voices/English/id022/04505.wav,16000,1,16,7.0
train,English,id022,train_set/train_set/voices/English/id022/04103.wav,16000,1,16,8.36
train,English,id022,train_set/train_set/voices/English/id022/05430.wav,16000,1,16,3.88
train,English,id022,train_set/train_set/voices/English/id022/01865.wav,16000,1,16,3.08
train,English,id022,train_set/train_set/voices/English/id022/04153.wav,16000,1,16,5.04
train,English,id022,train_set/train_set/voices/English/id022/03380.wav,16000,1,16,12.0
train,English,id022,train_set/train_set/voices/English/id022/01145.wav,16000,1,16,5.52
train,English,id022,train_set/train_set/voices/English/id022/04281.wav,16000,1,16,5.52
train,English,id022,train_set/train_set/voices/English/id022/02352.wav,16000,1,16,9.72
train,English,id022,train_set/train_set/voices/English/id022/06023.wav,16000,1,16,9.72
train,English,id022,train_set/train_set/voices/English/id022/04167.wav,16000,1,16,6.04
train,English,id022,train_set/train_set/voices/English/id022/00607.wav,16000,1,16,3.12
train,English,id022,train_set/train_set/voices/English/id022/02744.wav,16000,1,16,3.12
train,English,id022,train_set/train_set/voices/English/id022/02962.wav,16000,1,16,6.2
train,English,id022,train_set/train_set/voices/English/id022/06161.wav,16000,1,16,6.2
train,English,id022,train_set/train_set/voices/English/id022/01156.wav,16000,1,16,6.2
train,English,id022,train_set/train_set/voices/English/id022/00714.wav,16000,1,16,2.0
train,English,id022,train_set/train_set/voices/English/id022/00309.wav,16000,1,16,3.04
train,English,id022,train_set/train_set/voices/English/id022/04901.wav,16000,1,16,2.4
train,English,id022,train_set/train_set/voices/English/id022/03918.wav,16000,1,16,3.2
train,English,id022,train_set/train_set/voices/English/id022/02755.wav,16000,1,16,2.12
train,English,id022,train_set/train_set/voices/English/id022/02961.wav,16000,1,16,6.08
train,English,id022,train_set/train_set/voices/English/id022/06390.wav,16000,1,16,3.84
train,English,id022,train_set/train_set/voices/English/id022/01000.wav,16000,1,16,2.2
train,English,id022,train_set/train_set/voices/English/id022/03668.wav,16000,1,16,2.04
train,English,id022,train_set/train_set/voices/English/id022/06381.wav,16000,1,16,4.04
train,English,id022,train_set/train_set/voices/English/id022/04442.wav,16000,1,16,2.24
train,English,id022,train_set/train_set/voices/English/id022/01106.wav,16000,1,16,3.36
train,English,id022,train_set/train_set/voices/English/id022/04475.wav,16000,1,16,2.96
train,English,id022,train_set/train_set/voices/English/id022/01089.wav,16000,1,16,2.08
train,English,id022,train_set/train_set/voices/English/id022/03402.wav,16000,1,16,2.08
train,English,id022,train_set/train_set/voices/English/id022/03827.wav,16000,1,16,2.76
train,English,id063,train_set/train_set/voices/English/id063/03043.wav,16000,1,16,6.24
train,English,id063,train_set/train_set/voices/English/id063/03523.wav,16000,1,16,8.72
train,English,id063,train_set/train_set/voices/English/id063/05596.wav,16000,1,16,3.52
train,English,id063,train_set/train_set/voices/English/id063/04864.wav,16000,1,16,7.44
train,English,id063,train_set/train_set/voices/English/id063/00085.wav,16000,1,16,5.36
train,English,id063,train_set/train_set/voices/English/id063/05347.wav,16000,1,16,3.2
train,English,id063,train_set/train_set/voices/English/id063/04759.wav,16000,1,16,16.36
train,English,id063,train_set/train_set/voices/English/id063/02140.wav,16000,1,16,6.48
train,English,id063,train_set/train_set/voices/English/id063/00324.wav,16000,1,16,10.64
train,English,id063,train_set/train_set/voices/English/id063/04168.wav,16000,1,16,16.36
train,English,id063,train_set/train_set/voices/English/id063/01852.wav,16000,1,16,7.2
train,English,id063,train_set/train_set/voices/English/id063/00429.wav,16000,1,16,11.72
train,English,id063,train_set/train_set/voices/English/id063/06330.wav,16000,1,16,5.68
train,English,id063,train_set/train_set/voices/English/id063/02646.wav,16000,1,16,5.68
train,English,id063,train_set/train_set/voices/English/id063/05812.wav,16000,1,16,4.8
train,English,id063,train_set/train_set/voices/English/id063/04851.wav,16000,1,16,5.04
train,English,id063,train_set/train_set/voices/English/id063/04127.wav,16000,1,16,11.24
train,English,id063,train_set/train_set/voices/English/id063/03123.wav,16000,1,16,4.6
train,English,id063,train_set/train_set/voices/English/id063/01181.wav,16000,1,16,2.4
train,English,id063,train_set/train_set/voices/English/id063/06111.wav,16000,1,16,2.6
train,English,id063,train_set/train_set/voices/English/id063/02086.wav,16000,1,16,11.96
train,English,id063,train_set/train_set/voices/English/id063/03200.wav,16000,1,16,11.96
train,English,id063,train_set/train_set/voices/English/id063/03377.wav,16000,1,16,9.64
train,English,id063,train_set/train_set/voices/English/id063/05266.wav,16000,1,16,3.88
train,English,id063,train_set/train_set/voices/English/id063/01276.wav,16000,1,16,9.72
train,English,id063,train_set/train_set/voices/English/id063/02728.wav,16000,1,16,5.88
train,English,id063,train_set/train_set/voices/English/id063/04545.wav,16000,1,16,6.0
train,English,id063,train_set/train_set/voices/English/id063/03564.wav,16000,1,16,2.96
train,English,id063,train_set/train_set/voices/English/id063/01029.wav,16000,1,16,4.92
train,English,id063,train_set/train_set/voices/English/id063/03855.wav,16000,1,16,4.8
train,English,id063,train_set/train_set/voices/English/id063/03950.wav,16000,1,16,2.2
train,English,id063,train_set/train_set/voices/English/id063/02364.wav,16000,1,16,3.28
train,English,id063,train_set/train_set/voices/English/id063/01850.wav,16000,1,16,3.68
train,English,id063,train_set/train_set/voices/English/id063/02350.wav,16000,1,16,2.6
train,English,id063,train_set/train_set/voices/English/id063/02765.wav,16000,1,16,3.08
train,English,id063,train_set/train_set/voices/English/id063/05599.wav,16000,1,16,5.8
train,English,id063,train_set/train_set/voices/English/id063/03877.wav,16000,1,16,2.48
train,English,id063,train_set/train_set/voices/English/id063/05382.wav,16000,1,16,3.72
train,English,id063,train_set/train_set/voices/English/id063/01674.wav,16000,1,16,3.12
train,English,id063,train_set/train_set/voices/English/id063/03318.wav,16000,1,16,2.64
train,English,id063,train_set/train_set/voices/English/id063/03557.wav,16000,1,16,3.16
train,English,id063,train_set/train_set/voices/English/id063/05163.wav,16000,1,16,2.04
train,English,id063,train_set/train_set/voices/English/id063/05718.wav,16000,1,16,2.8
train,English,id063,train_set/train_set/voices/English/id063/04414.wav,16000,1,16,3.16
train,English,id063,train_set/train_set/voices/English/id063/05724.wav,16000,1,16,5.2
train,English,id063,train_set/train_set/voices/English/id063/05734.wav,16000,1,16,5.64
train,English,id063,train_set/train_set/voices/English/id063/01741.wav,16000,1,16,3.16
train,English,id063,train_set/train_set/voices/English/id063/06419.wav,16000,1,16,6.16
train,English,id063,train_set/train_set/voices/English/id063/01983.wav,16000,1,16,3.36
train,English,id063,train_set/train_set/voices/English/id063/06179.wav,16000,1,16,3.36
train,English,id063,train_set/train_set/voices/English/id063/05802.wav,16000,1,16,4.48
train,English,id063,train_set/train_set/voices/English/id063/01837.wav,16000,1,16,5.28
train,English,id063,train_set/train_set/voices/English/id063/01921.wav,16000,1,16,4.96
train,English,id063,train_set/train_set/voices/English/id063/04742.wav,16000,1,16,8.76
train,English,id063,train_set/train_set/voices/English/id063/00053.wav,16000,1,16,5.04
train,English,id063,train_set/train_set/voices/English/id063/04340.wav,16000,1,16,7.44
train,English,id063,train_set/train_set/voices/English/id063/05372.wav,16000,1,16,14.6
train,English,id063,train_set/train_set/voices/English/id063/00858.wav,16000,1,16,3.4
train,English,id063,train_set/train_set/voices/English/id063/02825.wav,16000,1,16,9.84
train,English,id063,train_set/train_set/voices/English/id063/04388.wav,16000,1,16,4.24
train,English,id063,train_set/train_set/voices/English/id063/04425.wav,16000,1,16,4.88
train,English,id063,train_set/train_set/voices/English/id063/01655.wav,16000,1,16,5.84
train,English,id063,train_set/train_set/voices/English/id063/05721.wav,16000,1,16,5.76
train,English,id063,train_set/train_set/voices/English/id063/04303.wav,16000,1,16,20.32
train,English,id063,train_set/train_set/voices/English/id063/04336.wav,16000,1,16,20.32
train,English,id063,train_set/train_set/voices/English/id063/05939.wav,16000,1,16,12.2
train,English,id063,train_set/train_set/voices/English/id063/03842.wav,16000,1,16,3.96
train,English,id063,train_set/train_set/voices/English/id063/04975.wav,16000,1,16,3.16
train,English,id063,train_set/train_set/voices/English/id063/02023.wav,16000,1,16,4.04
train,English,id063,train_set/train_set/voices/English/id063/03030.wav,16000,1,16,5.32
train,English,id063,train_set/train_set/voices/English/id063/02588.wav,16000,1,16,5.32
train,English,id063,train_set/train_set/voices/English/id063/03394.wav,16000,1,16,3.84
train,English,id063,train_set/train_set/voices/English/id063/00684.wav,16000,1,16,4.76
train,English,id063,train_set/train_set/voices/English/id063/05821.wav,16000,1,16,4.12
train,English,id063,train_set/train_set/voices/English/id063/00651.wav,16000,1,16,4.2
train,English,id063,train_set/train_set/voices/English/id063/06050.wav,16000,1,16,2.04
train,English,id063,train_set/train_set/voices/English/id063/03205.wav,16000,1,16,10.24
train,English,id063,train_set/train_set/voices/English/id063/04147.wav,16000,1,16,7.12
train,English,id063,train_set/train_set/voices/English/id063/04444.wav,16000,1,16,3.48
train,English,id063,train_set/train_set/voices/English/id063/03867.wav,16000,1,16,2.08
train,English,id063,train_set/train_set/voices/English/id063/04739.wav,16000,1,16,4.04
train,English,id063,train_set/train_set/voices/English/id063/02956.wav,16000,1,16,5.28
train,English,id063,train_set/train_set/voices/English/id063/00486.wav,16000,1,16,12.56
train,English,id063,train_set/train_set/voices/English/id063/01077.wav,16000,1,16,3.44
train,English,id063,train_set/train_set/voices/English/id063/06207.wav,16000,1,16,5.6
train,English,id063,train_set/train_set/voices/English/id063/03259.wav,16000,1,16,2.16
train,English,id063,train_set/train_set/voices/English/id063/04976.wav,16000,1,16,7.12
train,English,id063,train_set/train_set/voices/English/id063/04789.wav,16000,1,16,3.96
train,English,id063,train_set/train_set/voices/English/id063/00629.wav,16000,1,16,4.4
train,English,id063,train_set/train_set/voices/English/id063/05073.wav,16000,1,16,3.2
train,English,id063,train_set/train_set/voices/English/id063/00300.wav,16000,1,16,4.68
train,English,id063,train_set/train_set/voices/English/id063/06142.wav,16000,1,16,3.96
train,English,id063,train_set/train_set/voices/English/id063/03133.wav,16000,1,16,3.76
train,English,id063,train_set/train_set/voices/English/id063/04527.wav,16000,1,16,6.44
train,English,id063,train_set/train_set/voices/English/id063/03203.wav,16000,1,16,4.2
train,English,id063,train_set/train_set/voices/English/id063/01451.wav,16000,1,16,3.4
train,English,id063,train_set/train_set/voices/English/id063/03506.wav,16000,1,16,3.88
train,English,id063,train_set/train_set/voices/English/id063/00465.wav,16000,1,16,3.6
train,English,id063,train_set/train_set/voices/English/id063/00278.wav,16000,1,16,2.68
train,English,id063,train_set/train_set/voices/English/id063/00408.wav,16000,1,16,5.32
train,English,id063,train_set/train_set/voices/English/id063/03542.wav,16000,1,16,3.04
train,English,id063,train_set/train_set/voices/English/id063/01474.wav,16000,1,16,4.0
train,English,id063,train_set/train_set/voices/English/id063/03932.wav,16000,1,16,9.12
train,English,id063,train_set/train_set/voices/English/id063/01804.wav,16000,1,16,2.08
train,English,id063,train_set/train_set/voices/English/id063/01651.wav,16000,1,16,2.08
train,English,id063,train_set/train_set/voices/English/id063/04089.wav,16000,1,16,6.04
train,English,id063,train_set/train_set/voices/English/id063/01640.wav,16000,1,16,7.08
train,English,id063,train_set/train_set/voices/English/id063/06235.wav,16000,1,16,6.88
train,English,id063,train_set/train_set/voices/English/id063/02192.wav,16000,1,16,6.88
train,English,id063,train_set/train_set/voices/English/id063/03851.wav,16000,1,16,5.68
train,English,id063,train_set/train_set/voices/English/id063/00495.wav,16000,1,16,5.68
train,English,id063,train_set/train_set/voices/English/id063/02244.wav,16000,1,16,2.48
train,English,id063,train_set/train_set/voices/English/id063/05788.wav,16000,1,16,11.64
train,English,id063,train_set/train_set/voices/English/id063/01544.wav,16000,1,16,8.52
train,English,id063,train_set/train_set/voices/English/id063/03042.wav,16000,1,16,11.84
train,English,id063,train_set/train_set/voices/English/id063/00146.wav,16000,1,16,3.2
train,English,id063,train_set/train_set/voices/English/id063/01057.wav,16000,1,16,7.64
train,English,id063,train_set/train_set/voices/English/id063/02284.wav,16000,1,16,2.2
train,English,id063,train_set/train_set/voices/English/id063/06098.wav,16000,1,16,3.36
train,English,id063,train_set/train_set/voices/English/id063/02875.wav,16000,1,16,5.68
train,English,id063,train_set/train_set/voices/English/id063/01842.wav,16000,1,16,4.16
train,English,id063,train_set/train_set/voices/English/id063/01854.wav,16000,1,16,5.08
train,English,id063,train_set/train_set/voices/English/id063/05990.wav,16000,1,16,2.28
train,English,id063,train_set/train_set/voices/English/id063/01679.wav,16000,1,16,2.16
train,English,id063,train_set/train_set/voices/English/id063/00746.wav,16000,1,16,9.68
train,English,id063,train_set/train_set/voices/English/id063/05419.wav,16000,1,16,3.16
train,English,id063,train_set/train_set/voices/English/id063/03795.wav,16000,1,16,5.2
train,English,id063,train_set/train_set/voices/English/id063/00469.wav,16000,1,16,3.56
train,English,id063,train_set/train_set/voices/English/id063/04825.wav,16000,1,16,3.64
train,English,id063,train_set/train_set/voices/English/id063/00525.wav,16000,1,16,4.6
train,English,id063,train_set/train_set/voices/English/id063/04880.wav,16000,1,16,2.56
train,English,id063,train_set/train_set/voices/English/id063/04195.wav,16000,1,16,5.0
train,English,id063,train_set/train_set/voices/English/id063/00652.wav,16000,1,16,2.64
train,English,id063,train_set/train_set/voices/English/id063/04221.wav,16000,1,16,4.08
train,English,id063,train_set/train_set/voices/English/id063/05526.wav,16000,1,16,4.08
train,English,id063,train_set/train_set/voices/English/id063/00338.wav,16000,1,16,5.96
train,English,id063,train_set/train_set/voices/English/id063/03949.wav,16000,1,16,5.96
train,English,id063,train_set/train_set/voices/English/id063/03539.wav,16000,1,16,5.16
train,English,id063,train_set/train_set/voices/English/id063/03400.wav,16000,1,16,3.04
train,English,id063,train_set/train_set/voices/English/id063/03324.wav,16000,1,16,2.2
train,English,id063,train_set/train_set/voices/English/id063/00772.wav,16000,1,16,3.12
train,English,id063,train_set/train_set/voices/English/id063/00628.wav,16000,1,16,3.12
train,English,id063,train_set/train_set/voices/English/id063/05436.wav,16000,1,16,5.44
train,English,id063,train_set/train_set/voices/English/id063/04602.wav,16000,1,16,4.0
train,English,id063,train_set/train_set/voices/English/id063/03021.wav,16000,1,16,2.6
train,English,id063,train_set/train_set/voices/English/id063/01113.wav,16000,1,16,4.12
train,English,id063,train_set/train_set/voices/English/id063/02617.wav,16000,1,16,2.44
train,English,id063,train_set/train_set/voices/English/id063/00412.wav,16000,1,16,3.0
train,English,id063,train_set/train_set/voices/English/id063/04353.wav,16000,1,16,2.68
train,English,id063,train_set/train_set/voices/English/id063/04940.wav,16000,1,16,3.6
train,English,id063,train_set/train_set/voices/English/id063/05825.wav,16000,1,16,3.12
train,English,id035,train_set/train_set/voices/English/id035/05133.wav,16000,1,16,2.4
train,English,id035,train_set/train_set/voices/English/id035/01798.wav,16000,1,16,2.4
train,English,id035,train_set/train_set/voices/English/id035/03700.wav,16000,1,16,2.4
train,English,id035,train_set/train_set/voices/English/id035/02215.wav,16000,1,16,4.28
train,English,id035,train_set/train_set/voices/English/id035/00533.wav,16000,1,16,4.28
train,English,id035,train_set/train_set/voices/English/id035/05618.wav,16000,1,16,4.28
train,English,id035,train_set/train_set/voices/English/id035/00144.wav,16000,1,16,4.28
train,English,id035,train_set/train_set/voices/English/id035/04784.wav,16000,1,16,15.2
train,English,id035,train_set/train_set/voices/English/id035/02952.wav,16000,1,16,15.2
train,English,id035,train_set/train_set/voices/English/id035/06032.wav,16000,1,16,15.2
train,English,id035,train_set/train_set/voices/English/id035/04418.wav,16000,1,16,15.2
train,English,id035,train_set/train_set/voices/English/id035/01876.wav,16000,1,16,15.2
train,English,id035,train_set/train_set/voices/English/id035/00195.wav,16000,1,16,15.2
train,English,id035,train_set/train_set/voices/English/id035/05260.wav,16000,1,16,15.2
train,English,id035,train_set/train_set/voices/English/id035/05378.wav,16000,1,16,15.2
train,English,id035,train_set/train_set/voices/English/id035/02672.wav,16000,1,16,15.2
train,English,id035,train_set/train_set/voices/English/id035/01220.wav,16000,1,16,15.2
train,English,id035,train_set/train_set/voices/English/id035/06399.wav,16000,1,16,15.2
train,English,id035,train_set/train_set/voices/English/id035/03038.wav,16000,1,16,15.2
train,English,id035,train_set/train_set/voices/English/id035/05682.wav,16000,1,16,15.2
train,English,id035,train_set/train_set/voices/English/id035/00985.wav,16000,1,16,15.2
train,English,id035,train_set/train_set/voices/English/id035/03179.wav,16000,1,16,5.2
train,English,id035,train_set/train_set/voices/English/id035/03873.wav,16000,1,16,5.2
train,English,id035,train_set/train_set/voices/English/id035/00270.wav,16000,1,16,5.2
train,English,id035,train_set/train_set/voices/English/id035/02171.wav,16000,1,16,10.08
train,English,id035,train_set/train_set/voices/English/id035/00055.wav,16000,1,16,10.08
train,English,id035,train_set/train_set/voices/English/id035/00191.wav,16000,1,16,10.08
train,English,id035,train_set/train_set/voices/English/id035/01055.wav,16000,1,16,10.08
train,English,id035,train_set/train_set/voices/English/id035/00974.wav,16000,1,16,10.08
train,English,id035,train_set/train_set/voices/English/id035/02767.wav,16000,1,16,10.08
train,English,id035,train_set/train_set/voices/English/id035/04521.wav,16000,1,16,3.4
train,English,id035,train_set/train_set/voices/English/id035/01641.wav,16000,1,16,3.4
train,English,id035,train_set/train_set/voices/English/id035/01376.wav,16000,1,16,3.4
train,English,id035,train_set/train_set/voices/English/id035/00840.wav,16000,1,16,3.4
train,English,id035,train_set/train_set/voices/English/id035/01889.wav,16000,1,16,20.92
train,English,id035,train_set/train_set/voices/English/id035/00326.wav,16000,1,16,20.92
train,English,id035,train_set/train_set/voices/English/id035/02201.wav,16000,1,16,20.92
train,English,id035,train_set/train_set/voices/English/id035/03508.wav,16000,1,16,20.92
train,English,id035,train_set/train_set/voices/English/id035/02240.wav,16000,1,16,20.92
train,English,id035,train_set/train_set/voices/English/id035/04409.wav,16000,1,16,20.92
train,English,id035,train_set/train_set/voices/English/id035/01132.wav,16000,1,16,20.92
train,English,id035,train_set/train_set/voices/English/id035/02101.wav,16000,1,16,20.92
train,English,id035,train_set/train_set/voices/English/id035/03540.wav,16000,1,16,20.92
train,English,id035,train_set/train_set/voices/English/id035/03530.wav,16000,1,16,20.92
train,English,id035,train_set/train_set/voices/English/id035/04770.wav,16000,1,16,20.92
train,English,id035,train_set/train_set/voices/English/id035/02594.wav,16000,1,16,10.68
train,English,id035,train_set/train_set/voices/English/id035/01379.wav,16000,1,16,10.68
train,English,id035,train_set/train_set/voices/English/id035/04753.wav,16000,1,16,10.68
train,English,id035,train_set/train_set/voices/English/id035/00164.wav,16000,1,16,10.68
train,English,id035,train_set/train_set/voices/English/id035/02033.wav,16000,1,16,10.68
train,English,id035,train_set/train_set/voices/English/id035/00410.wav,16000,1,16,10.68
train,English,id035,train_set/train_set/voices/English/id035/03502.wav,16000,1,16,10.68
train,English,id035,train_set/train_set/voices/English/id035/05917.wav,16000,1,16,10.68
train,English,id035,train_set/train_set/voices/English/id035/01586.wav,16000,1,16,10.68
train,English,id035,train_set/train_set/voices/English/id035/00484.wav,16000,1,16,10.68
train,English,id035,train_set/train_set/voices/English/id035/01888.wav,16000,1,16,10.68
train,English,id035,train_set/train_set/voices/English/id035/03475.wav,16000,1,16,3.52
train,English,id035,train_set/train_set/voices/English/id035/00590.wav,16000,1,16,3.52
train,English,id035,train_set/train_set/voices/English/id035/04390.wav,16000,1,16,7.76
train,English,id035,train_set/train_set/voices/English/id035/01331.wav,16000,1,16,7.76
train,English,id035,train_set/train_set/voices/English/id035/06042.wav,16000,1,16,7.76
train,English,id035,train_set/train_set/voices/English/id035/01530.wav,16000,1,16,7.76
train,English,id035,train_set/train_set/voices/English/id035/00676.wav,16000,1,16,7.76
train,English,id035,train_set/train_set/voices/English/id035/01015.wav,16000,1,16,7.76
train,English,id035,train_set/train_set/voices/English/id035/04455.wav,16000,1,16,7.76
train,English,id035,train_set/train_set/voices/English/id035/05634.wav,16000,1,16,3.24
train,English,id035,train_set/train_set/voices/English/id035/00927.wav,16000,1,16,3.24
train,English,id035,train_set/train_set/voices/English/id035/02973.wav,16000,1,16,3.24
train,English,id035,train_set/train_set/voices/English/id035/00956.wav,16000,1,16,3.24
train,English,id035,train_set/train_set/voices/English/id035/04772.wav,16000,1,16,4.12
train,English,id035,train_set/train_set/voices/English/id035/02220.wav,16000,1,16,3.28
train,English,id035,train_set/train_set/voices/English/id035/03864.wav,16000,1,16,3.28
train,English,id035,train_set/train_set/voices/English/id035/04807.wav,16000,1,16,2.96
train,English,id035,train_set/train_set/voices/English/id035/02236.wav,16000,1,16,2.96
train,English,id035,train_set/train_set/voices/English/id035/03634.wav,16000,1,16,12.92
train,English,id035,train_set/train_set/voices/English/id035/05228.wav,16000,1,16,12.92
train,English,id035,train_set/train_set/voices/English/id035/04578.wav,16000,1,16,12.92
train,English,id035,train_set/train_set/voices/English/id035/02819.wav,16000,1,16,12.92
train,English,id035,train_set/train_set/voices/English/id035/05717.wav,16000,1,16,12.92
train,English,id035,train_set/train_set/voices/English/id035/00358.wav,16000,1,16,12.92
train,English,id035,train_set/train_set/voices/English/id035/02710.wav,16000,1,16,12.92
train,English,id035,train_set/train_set/voices/English/id035/00176.wav,16000,1,16,12.92
train,English,id035,train_set/train_set/voices/English/id035/00245.wav,16000,1,16,12.92
train,English,id035,train_set/train_set/voices/English/id035/06327.wav,16000,1,16,8.8
train,English,id035,train_set/train_set/voices/English/id035/04050.wav,16000,1,16,8.8
train,English,id035,train_set/train_set/voices/English/id035/00779.wav,16000,1,16,8.8
train,English,id035,train_set/train_set/voices/English/id035/00761.wav,16000,1,16,8.8
train,English,id035,train_set/train_set/voices/English/id035/03656.wav,16000,1,16,8.8
train,English,id035,train_set/train_set/voices/English/id035/06334.wav,16000,1,16,2.36
train,English,id035,train_set/train_set/voices/English/id035/05386.wav,16000,1,16,2.36
train,English,id035,train_set/train_set/voices/English/id035/05152.wav,16000,1,16,2.4
train,English,id035,train_set/train_set/voices/English/id035/03590.wav,16000,1,16,8.6
train,English,id035,train_set/train_set/voices/English/id035/03206.wav,16000,1,16,8.6
train,English,id035,train_set/train_set/voices/English/id035/01166.wav,16000,1,16,8.6
train,English,id035,train_set/train_set/voices/English/id035/01144.wav,16000,1,16,8.6
train,English,id035,train_set/train_set/voices/English/id035/05269.wav,16000,1,16,2.96
train,English,id035,train_set/train_set/voices/English/id035/05522.wav,16000,1,16,2.96
train,English,id035,train_set/train_set/voices/English/id035/03333.wav,16000,1,16,2.96
train,English,id035,train_set/train_set/voices/English/id035/03826.wav,16000,1,16,4.24
train,English,id035,train_set/train_set/voices/English/id035/05858.wav,16000,1,16,4.24
train,English,id035,train_set/train_set/voices/English/id035/06477.wav,16000,1,16,4.24
train,English,id035,train_set/train_set/voices/English/id035/05692.wav,16000,1,16,4.24
train,English,id035,train_set/train_set/voices/English/id035/05127.wav,16000,1,16,10.12
train,English,id035,train_set/train_set/voices/English/id035/04261.wav,16000,1,16,10.12
train,English,id035,train_set/train_set/voices/English/id035/05992.wav,16000,1,16,10.12
train,English,id035,train_set/train_set/voices/English/id035/03068.wav,16000,1,16,10.12
train,English,id035,train_set/train_set/voices/English/id035/01688.wav,16000,1,16,10.12
train,English,id035,train_set/train_set/voices/English/id035/05476.wav,16000,1,16,10.12
train,English,id035,train_set/train_set/voices/English/id035/05650.wav,16000,1,16,10.12
train,English,id035,train_set/train_set/voices/English/id035/01023.wav,16000,1,16,10.12
train,English,id035,train_set/train_set/voices/English/id035/04782.wav,16000,1,16,3.6
train,English,id035,train_set/train_set/voices/English/id035/04728.wav,16000,1,16,3.6
train,English,id035,train_set/train_set/voices/English/id035/03265.wav,16000,1,16,6.12
train,English,id035,train_set/train_set/voices/English/id035/01212.wav,16000,1,16,6.12
train,English,id035,train_set/train_set/voices/English/id035/03247.wav,16000,1,16,6.12
train,English,id035,train_set/train_set/voices/English/id035/05995.wav,16000,1,16,6.12
train,English,id035,train_set/train_set/voices/English/id035/03216.wav,16000,1,16,6.12
train,English,id035,train_set/train_set/voices/English/id035/00451.wav,16000,1,16,6.12
train,English,id035,train_set/train_set/voices/English/id035/04594.wav,16000,1,16,6.12
train,English,id035,train_set/train_set/voices/English/id035/04466.wav,16000,1,16,6.12
train,English,id035,train_set/train_set/voices/English/id035/03671.wav,16000,1,16,8.84
train,English,id035,train_set/train_set/voices/English/id035/02910.wav,16000,1,16,8.84
train,English,id035,train_set/train_set/voices/English/id035/00205.wav,16000,1,16,8.84
train,English,id035,train_set/train_set/voices/English/id035/04462.wav,16000,1,16,8.84
train,English,id035,train_set/train_set/voices/English/id035/04642.wav,16000,1,16,8.84
train,English,id035,train_set/train_set/voices/English/id035/04369.wav,16000,1,16,4.48
train,English,id035,train_set/train_set/voices/English/id035/04917.wav,16000,1,16,4.4
train,English,id035,train_set/train_set/voices/English/id035/01082.wav,16000,1,16,4.4
train,English,id055,train_set/train_set/voices/English/id055/05482.wav,16000,1,16,14.48
train,English,id055,train_set/train_set/voices/English/id055/00190.wav,16000,1,16,14.48
train,English,id055,train_set/train_set/voices/English/id055/05495.wav,16000,1,16,14.48
train,English,id055,train_set/train_set/voices/English/id055/03782.wav,16000,1,16,14.48
train,English,id055,train_set/train_set/voices/English/id055/01518.wav,16000,1,16,14.48
train,English,id055,train_set/train_set/voices/English/id055/04067.wav,16000,1,16,3.68
train,English,id055,train_set/train_set/voices/English/id055/03947.wav,16000,1,16,3.68
train,English,id055,train_set/train_set/voices/English/id055/05017.wav,16000,1,16,3.68
train,English,id055,train_set/train_set/voices/English/id055/05767.wav,16000,1,16,3.68
train,English,id055,train_set/train_set/voices/English/id055/04617.wav,16000,1,16,3.68
train,English,id055,train_set/train_set/voices/English/id055/02483.wav,16000,1,16,4.12
train,English,id055,train_set/train_set/voices/English/id055/05739.wav,16000,1,16,4.12
train,English,id055,train_set/train_set/voices/English/id055/04682.wav,16000,1,16,4.12
train,English,id055,train_set/train_set/voices/English/id055/04785.wav,16000,1,16,4.12
train,English,id055,train_set/train_set/voices/English/id055/04511.wav,16000,1,16,3.0
train,English,id055,train_set/train_set/voices/English/id055/04855.wav,16000,1,16,3.0
train,English,id055,train_set/train_set/voices/English/id055/05832.wav,16000,1,16,3.0
train,English,id055,train_set/train_set/voices/English/id055/02533.wav,16000,1,16,3.0
train,English,id055,train_set/train_set/voices/English/id055/05251.wav,16000,1,16,3.48
train,English,id055,train_set/train_set/voices/English/id055/05669.wav,16000,1,16,3.48
train,English,id055,train_set/train_set/voices/English/id055/03706.wav,16000,1,16,2.0
train,English,id055,train_set/train_set/voices/English/id055/05462.wav,16000,1,16,3.0
train,English,id055,train_set/train_set/voices/English/id055/03875.wav,16000,1,16,7.68
train,English,id055,train_set/train_set/voices/English/id055/03704.wav,16000,1,16,7.68
train,English,id055,train_set/train_set/voices/English/id055/04755.wav,16000,1,16,6.6
train,English,id055,train_set/train_set/voices/English/id055/03893.wav,16000,1,16,6.6
train,English,id055,train_set/train_set/voices/English/id055/04080.wav,16000,1,16,10.76
train,English,id055,train_set/train_set/voices/English/id055/02620.wav,16000,1,16,10.76
train,English,id055,train_set/train_set/voices/English/id055/05007.wav,16000,1,16,10.76
train,English,id055,train_set/train_set/voices/English/id055/00060.wav,16000,1,16,10.76
train,English,id055,train_set/train_set/voices/English/id055/01235.wav,16000,1,16,10.76
train,English,id055,train_set/train_set/voices/English/id055/02685.wav,16000,1,16,6.24
train,English,id055,train_set/train_set/voices/English/id055/01056.wav,16000,1,16,9.08
train,English,id055,train_set/train_set/voices/English/id055/02797.wav,16000,1,16,9.08
train,English,id055,train_set/train_set/voices/English/id055/06308.wav,16000,1,16,9.08
train,English,id055,train_set/train_set/voices/English/id055/01457.wav,16000,1,16,9.08
train,English,id055,train_set/train_set/voices/English/id055/06190.wav,16000,1,16,9.08
train,English,id055,train_set/train_set/voices/English/id055/01337.wav,16000,1,16,9.08
train,English,id055,train_set/train_set/voices/English/id055/05101.wav,16000,1,16,9.08
train,English,id055,train_set/train_set/voices/English/id055/00970.wav,16000,1,16,9.08
train,English,id055,train_set/train_set/voices/English/id055/02135.wav,16000,1,16,9.08
train,English,id055,train_set/train_set/voices/English/id055/01529.wav,16000,1,16,9.08
train,English,id055,train_set/train_set/voices/English/id055/04238.wav,16000,1,16,2.28
train,English,id055,train_set/train_set/voices/English/id055/06021.wav,16000,1,16,5.84
train,English,id055,train_set/train_set/voices/English/id055/01250.wav,16000,1,16,4.84
train,English,id055,train_set/train_set/voices/English/id055/04291.wav,16000,1,16,6.72
train,English,id055,train_set/train_set/voices/English/id055/03059.wav,16000,1,16,6.72
train,English,id055,train_set/train_set/voices/English/id055/01003.wav,16000,1,16,2.08
train,English,id055,train_set/train_set/voices/English/id055/05653.wav,16000,1,16,2.08
train,English,id055,train_set/train_set/voices/English/id055/00952.wav,16000,1,16,2.08
train,English,id055,train_set/train_set/voices/English/id055/03163.wav,16000,1,16,5.24
train,English,id055,train_set/train_set/voices/English/id055/00723.wav,16000,1,16,5.24
train,English,id055,train_set/train_set/voices/English/id055/04166.wav,16000,1,16,2.72
train,English,id055,train_set/train_set/voices/English/id055/04386.wav,16000,1,16,2.72
train,English,id055,train_set/train_set/voices/English/id055/04790.wav,16000,1,16,3.4
train,English,id055,train_set/train_set/voices/English/id055/01422.wav,16000,1,16,2.4
train,English,id055,train_set/train_set/voices/English/id055/03844.wav,16000,1,16,4.64
train,English,id055,train_set/train_set/voices/English/id055/05537.wav,16000,1,16,4.64
train,English,id055,train_set/train_set/voices/English/id055/00790.wav,16000,1,16,4.64
train,English,id055,train_set/train_set/voices/English/id055/00367.wav,16000,1,16,4.64
train,English,id055,train_set/train_set/voices/English/id055/00471.wav,16000,1,16,7.48
train,English,id055,train_set/train_set/voices/English/id055/05229.wav,16000,1,16,7.48
train,English,id055,train_set/train_set/voices/English/id055/03009.wav,16000,1,16,7.48
train,English,id055,train_set/train_set/voices/English/id055/04689.wav,16000,1,16,2.4
train,English,id055,train_set/train_set/voices/English/id055/00581.wav,16000,1,16,2.4
train,English,id055,train_set/train_set/voices/English/id055/03062.wav,16000,1,16,4.76
train,English,id055,train_set/train_set/voices/English/id055/01287.wav,16000,1,16,4.76
train,English,id055,train_set/train_set/voices/English/id055/03033.wav,16000,1,16,5.36
train,English,id055,train_set/train_set/voices/English/id055/01984.wav,16000,1,16,2.68
train,English,id055,train_set/train_set/voices/English/id055/02575.wav,16000,1,16,2.6
train,English,id055,train_set/train_set/voices/English/id055/03532.wav,16000,1,16,13.24
train,English,id055,train_set/train_set/voices/English/id055/03099.wav,16000,1,16,13.24
train,English,id055,train_set/train_set/voices/English/id055/02960.wav,16000,1,16,13.24
train,English,id055,train_set/train_set/voices/English/id055/05122.wav,16000,1,16,13.24
train,English,id055,train_set/train_set/voices/English/id055/02977.wav,16000,1,16,13.24
train,English,id055,train_set/train_set/voices/English/id055/00574.wav,16000,1,16,13.24
train,English,id055,train_set/train_set/voices/English/id055/01418.wav,16000,1,16,5.36
train,English,id055,train_set/train_set/voices/English/id055/03692.wav,16000,1,16,2.76
train,English,id055,train_set/train_set/voices/English/id055/03524.wav,16000,1,16,6.8
train,English,id055,train_set/train_set/voices/English/id055/06483.wav,16000,1,16,6.8
train,English,id055,train_set/train_set/voices/English/id055/03561.wav,16000,1,16,12.84
train,English,id055,train_set/train_set/voices/English/id055/04766.wav,16000,1,16,12.84
train,English,id055,train_set/train_set/voices/English/id055/05833.wav,16000,1,16,12.84
train,English,id055,train_set/train_set/voices/English/id055/00403.wav,16000,1,16,12.84
train,English,id055,train_set/train_set/voices/English/id055/04087.wav,16000,1,16,12.84
train,English,id055,train_set/train_set/voices/English/id055/06472.wav,16000,1,16,12.84
train,English,id055,train_set/train_set/voices/English/id055/06010.wav,16000,1,16,12.84
train,English,id055,train_set/train_set/voices/English/id055/03006.wav,16000,1,16,3.52
train,English,id055,train_set/train_set/voices/English/id055/01461.wav,16000,1,16,3.52
train,English,id055,train_set/train_set/voices/English/id055/04351.wav,16000,1,16,3.52
train,English,id055,train_set/train_set/voices/English/id055/02494.wav,16000,1,16,5.24
train,English,id055,train_set/train_set/voices/English/id055/02479.wav,16000,1,16,4.68
train,English,id055,train_set/train_set/voices/English/id055/00376.wav,16000,1,16,7.04
train,English,id055,train_set/train_set/voices/English/id055/03446.wav,16000,1,16,7.04
train,English,id055,train_set/train_set/voices/English/id055/05199.wav,16000,1,16,5.12
train,English,id055,train_set/train_set/voices/English/id055/03155.wav,16000,1,16,3.68
train,English,id055,train_set/train_set/voices/English/id055/00732.wav,16000,1,16,3.68
train,English,id055,train_set/train_set/voices/English/id055/02020.wav,16000,1,16,3.68
train,English,id055,train_set/train_set/voices/English/id055/06073.wav,16000,1,16,7.32
train,English,id055,train_set/train_set/voices/English/id055/04973.wav,16000,1,16,7.32
train,English,id055,train_set/train_set/voices/English/id055/06112.wav,16000,1,16,7.32
train,English,id055,train_set/train_set/voices/English/id055/02885.wav,16000,1,16,7.32
train,English,id055,train_set/train_set/voices/English/id055/01274.wav,16000,1,16,7.32
train,English,id055,train_set/train_set/voices/English/id055/05826.wav,16000,1,16,7.32
train,English,id055,train_set/train_set/voices/English/id055/01608.wav,16000,1,16,7.32
train,English,id055,train_set/train_set/voices/English/id055/01535.wav,16000,1,16,4.16
train,English,id055,train_set/train_set/voices/English/id055/05287.wav,16000,1,16,4.16
train,English,id055,train_set/train_set/voices/English/id055/06312.wav,16000,1,16,3.56
train,English,id055,train_set/train_set/voices/English/id055/04329.wav,16000,1,16,3.56
train,English,id055,train_set/train_set/voices/English/id055/04557.wav,16000,1,16,2.92
train,English,id055,train_set/train_set/voices/English/id055/01772.wav,16000,1,16,2.92
train,English,id055,train_set/train_set/voices/English/id055/03121.wav,16000,1,16,7.48
train,English,id055,train_set/train_set/voices/English/id055/06332.wav,16000,1,16,7.48
train,English,id055,train_set/train_set/voices/English/id055/03708.wav,16000,1,16,7.48
train,English,id055,train_set/train_set/voices/English/id055/03384.wav,16000,1,16,7.48
train,English,id055,train_set/train_set/voices/English/id055/04362.wav,16000,1,16,7.48
train,English,id055,train_set/train_set/voices/English/id055/00521.wav,16000,1,16,7.48
train,English,id055,train_set/train_set/voices/English/id055/03548.wav,16000,1,16,4.44
train,English,id055,train_set/train_set/voices/English/id055/00605.wav,16000,1,16,4.44
train,English,id055,train_set/train_set/voices/English/id055/03545.wav,16000,1,16,4.44
train,English,id055,train_set/train_set/voices/English/id055/06233.wav,16000,1,16,4.2
train,English,id055,train_set/train_set/voices/English/id055/00178.wav,16000,1,16,4.2
train,English,id055,train_set/train_set/voices/English/id055/00988.wav,16000,1,16,4.2
train,English,id055,train_set/train_set/voices/English/id055/03740.wav,16000,1,16,5.28
train,English,id055,train_set/train_set/voices/English/id055/04956.wav,16000,1,16,5.28
train,English,id055,train_set/train_set/voices/English/id055/00186.wav,16000,1,16,5.28
train,English,id055,train_set/train_set/voices/English/id055/00699.wav,16000,1,16,3.2
train,English,id055,train_set/train_set/voices/English/id055/05212.wav,16000,1,16,3.2
train,English,id055,train_set/train_set/voices/English/id055/01351.wav,16000,1,16,2.0
train,English,id055,train_set/train_set/voices/English/id055/02459.wav,16000,1,16,2.72
train,English,id055,train_set/train_set/voices/English/id055/03351.wav,16000,1,16,2.84
train,English,id055,train_set/train_set/voices/English/id055/05342.wav,16000,1,16,4.48
train,English,id055,train_set/train_set/voices/English/id055/02337.wav,16000,1,16,4.48
train,English,id055,train_set/train_set/voices/English/id055/02831.wav,16000,1,16,4.48
train,English,id055,train_set/train_set/voices/English/id055/05222.wav,16000,1,16,11.32
train,English,id055,train_set/train_set/voices/English/id055/01411.wav,16000,1,16,11.32
train,English,id055,train_set/train_set/voices/English/id055/01917.wav,16000,1,16,11.32
train,English,id055,train_set/train_set/voices/English/id055/06401.wav,16000,1,16,3.76
train,English,id055,train_set/train_set/voices/English/id055/00820.wav,16000,1,16,3.76
train,English,id055,train_set/train_set/voices/English/id055/01202.wav,16000,1,16,8.96
train,English,id055,train_set/train_set/voices/English/id055/00986.wav,16000,1,16,8.96
train,English,id055,train_set/train_set/voices/English/id055/00627.wav,16000,1,16,2.08
train,English,id055,train_set/train_set/voices/English/id055/04924.wav,16000,1,16,2.04
train,English,id055,train_set/train_set/voices/English/id055/02937.wav,16000,1,16,3.12
train,English,id055,train_set/train_set/voices/English/id055/00268.wav,16000,1,16,3.68
train,English,id055,train_set/train_set/voices/English/id055/00442.wav,16000,1,16,4.24
train,English,id055,train_set/train_set/voices/English/id055/02119.wav,16000,1,16,4.24
train,English,id055,train_set/train_set/voices/English/id055/06328.wav,16000,1,16,4.24
train,English,id055,train_set/train_set/voices/English/id055/05074.wav,16000,1,16,4.24
train,English,id055,train_set/train_set/voices/English/id055/05933.wav,16000,1,16,4.24
train,English,id055,train_set/train_set/voices/English/id055/06156.wav,16000,1,16,5.32
train,English,id055,train_set/train_set/voices/English/id055/02469.wav,16000,1,16,3.92
train,English,id055,train_set/train_set/voices/English/id055/02412.wav,16000,1,16,5.76
train,English,id055,train_set/train_set/voices/English/id055/01701.wav,16000,1,16,4.44
train,English,id055,train_set/train_set/voices/English/id055/03847.wav,16000,1,16,4.44
train,English,id055,train_set/train_set/voices/English/id055/01490.wav,16000,1,16,2.16
train,English,id055,train_set/train_set/voices/English/id055/03069.wav,16000,1,16,3.88
train,English,id055,train_set/train_set/voices/English/id055/01516.wav,16000,1,16,3.88
train,English,id055,train_set/train_set/voices/English/id055/04346.wav,16000,1,16,6.96
train,English,id055,train_set/train_set/voices/English/id055/00925.wav,16000,1,16,6.96
train,English,id055,train_set/train_set/voices/English/id055/03027.wav,16000,1,16,6.96
train,English,id055,train_set/train_set/voices/English/id055/00768.wav,16000,1,16,6.96
train,English,id055,train_set/train_set/voices/English/id055/03244.wav,16000,1,16,2.04
train,English,id055,train_set/train_set/voices/English/id055/01527.wav,16000,1,16,3.36
train,English,id055,train_set/train_set/voices/English/id055/05354.wav,16000,1,16,3.36
train,English,id055,train_set/train_set/voices/English/id055/03935.wav,16000,1,16,3.36
train,English,id055,train_set/train_set/voices/English/id055/02367.wav,16000,1,16,2.68
train,English,id055,train_set/train_set/voices/English/id055/06263.wav,16000,1,16,4.28
train,English,id055,train_set/train_set/voices/English/id055/04758.wav,16000,1,16,4.28
train,English,id055,train_set/train_set/voices/English/id055/00849.wav,16000,1,16,4.28
train,English,id055,train_set/train_set/voices/English/id055/05069.wav,16000,1,16,4.28
train,English,id055,train_set/train_set/voices/English/id055/04760.wav,16000,1,16,4.28
train,English,id055,train_set/train_set/voices/English/id055/03686.wav,16000,1,16,4.12
train,English,id055,train_set/train_set/voices/English/id055/00992.wav,16000,1,16,4.12
train,English,id055,train_set/train_set/voices/English/id055/03000.wav,16000,1,16,4.12
train,English,id055,train_set/train_set/voices/English/id055/02189.wav,16000,1,16,4.12
train,English,id055,train_set/train_set/voices/English/id055/02214.wav,16000,1,16,2.44
train,English,id055,train_set/train_set/voices/English/id055/01922.wav,16000,1,16,2.44
train,English,id055,train_set/train_set/voices/English/id055/04842.wav,16000,1,16,2.04
train,English,id055,train_set/train_set/voices/English/id055/02006.wav,16000,1,16,2.4
train,English,id055,train_set/train_set/voices/English/id055/00997.wav,16000,1,16,2.68
train,English,id055,train_set/train_set/voices/English/id055/02972.wav,16000,1,16,2.8
train,English,id055,train_set/train_set/voices/English/id055/04189.wav,16000,1,16,3.92
train,English,id055,train_set/train_set/voices/English/id055/00971.wav,16000,1,16,5.84
train,English,id055,train_set/train_set/voices/English/id055/00516.wav,16000,1,16,5.84
train,English,id055,train_set/train_set/voices/English/id055/00817.wav,16000,1,16,5.84
train,English,id055,train_set/train_set/voices/English/id055/00535.wav,16000,1,16,5.84
train,English,id055,train_set/train_set/voices/English/id055/00803.wav,16000,1,16,5.84
train,English,id055,train_set/train_set/voices/English/id055/06169.wav,16000,1,16,3.56
train,English,id055,train_set/train_set/voices/English/id055/05951.wav,16000,1,16,3.56
train,English,id059,train_set/train_set/voices/English/id059/05443.wav,16000,1,16,5.2
train,English,id059,train_set/train_set/voices/English/id059/00854.wav,16000,1,16,14.32
train,English,id059,train_set/train_set/voices/English/id059/00845.wav,16000,1,16,14.32
train,English,id059,train_set/train_set/voices/English/id059/00895.wav,16000,1,16,5.6
train,English,id059,train_set/train_set/voices/English/id059/02311.wav,16000,1,16,5.6
train,English,id059,train_set/train_set/voices/English/id059/02847.wav,16000,1,16,4.6
train,English,id059,train_set/train_set/voices/English/id059/04979.wav,16000,1,16,7.6
train,English,id059,train_set/train_set/voices/English/id059/04202.wav,16000,1,16,4.28
train,English,id059,train_set/train_set/voices/English/id059/02587.wav,16000,1,16,6.04
train,English,id059,train_set/train_set/voices/English/id059/03588.wav,16000,1,16,8.28
train,English,id059,train_set/train_set/voices/English/id059/01860.wav,16000,1,16,4.52
train,English,id059,train_set/train_set/voices/English/id059/04304.wav,16000,1,16,4.96
train,English,id059,train_set/train_set/voices/English/id059/01874.wav,16000,1,16,9.48
train,English,id059,train_set/train_set/voices/English/id059/05865.wav,16000,1,16,4.96
train,English,id059,train_set/train_set/voices/English/id059/04302.wav,16000,1,16,3.52
train,English,id059,train_set/train_set/voices/English/id059/02951.wav,16000,1,16,2.52
train,English,id059,train_set/train_set/voices/English/id059/01956.wav,16000,1,16,11.08
train,English,id059,train_set/train_set/voices/English/id059/05031.wav,16000,1,16,3.24
train,English,id059,train_set/train_set/voices/English/id059/01512.wav,16000,1,16,4.72
train,English,id059,train_set/train_set/voices/English/id059/05687.wav,16000,1,16,4.52
train,English,id059,train_set/train_set/voices/English/id059/02567.wav,16000,1,16,6.16
train,English,id059,train_set/train_set/voices/English/id059/06296.wav,16000,1,16,15.92
train,English,id059,train_set/train_set/voices/English/id059/05594.wav,16000,1,16,4.8
train,English,id059,train_set/train_set/voices/English/id059/05855.wav,16000,1,16,2.72
train,English,id059,train_set/train_set/voices/English/id059/06348.wav,16000,1,16,7.4
train,English,id059,train_set/train_set/voices/English/id059/00235.wav,16000,1,16,3.2
train,English,id059,train_set/train_set/voices/English/id059/02921.wav,16000,1,16,5.28
train,English,id059,train_set/train_set/voices/English/id059/02934.wav,16000,1,16,10.2
train,English,id059,train_set/train_set/voices/English/id059/00062.wav,16000,1,16,10.2
train,English,id059,train_set/train_set/voices/English/id059/00224.wav,16000,1,16,4.48
train,English,id059,train_set/train_set/voices/English/id059/00444.wav,16000,1,16,8.92
train,English,id059,train_set/train_set/voices/English/id059/00942.wav,16000,1,16,8.92
train,English,id059,train_set/train_set/voices/English/id059/04318.wav,16000,1,16,8.92
train,English,id059,train_set/train_set/voices/English/id059/00876.wav,16000,1,16,8.8
train,English,id059,train_set/train_set/voices/English/id059/05515.wav,16000,1,16,2.24
train,English,id059,train_set/train_set/voices/English/id059/05327.wav,16000,1,16,2.24
train,English,id059,train_set/train_set/voices/English/id059/06119.wav,16000,1,16,6.24
train,English,id059,train_set/train_set/voices/English/id059/02410.wav,16000,1,16,4.44
train,English,id059,train_set/train_set/voices/English/id059/04543.wav,16000,1,16,5.32
train,English,id059,train_set/train_set/voices/English/id059/00089.wav,16000,1,16,5.32
train,English,id059,train_set/train_set/voices/English/id059/06363.wav,16000,1,16,2.8
train,English,id059,train_set/train_set/voices/English/id059/04025.wav,16000,1,16,3.32
train,English,id059,train_set/train_set/voices/English/id059/05664.wav,16000,1,16,6.84
train,English,id059,train_set/train_set/voices/English/id059/05159.wav,16000,1,16,3.84
train,English,id059,train_set/train_set/voices/English/id059/03650.wav,16000,1,16,2.16
train,English,id059,train_set/train_set/voices/English/id059/04046.wav,16000,1,16,8.24
train,English,id059,train_set/train_set/voices/English/id059/00504.wav,16000,1,16,2.08
train,English,id059,train_set/train_set/voices/English/id059/05380.wav,16000,1,16,2.76
train,English,id059,train_set/train_set/voices/English/id059/01521.wav,16000,1,16,2.44
train,English,id059,train_set/train_set/voices/English/id059/03509.wav,16000,1,16,2.44
train,English,id059,train_set/train_set/voices/English/id059/04615.wav,16000,1,16,7.0
train,English,id059,train_set/train_set/voices/English/id059/05402.wav,16000,1,16,3.0
train,English,id059,train_set/train_set/voices/English/id059/02418.wav,16000,1,16,2.0
train,English,id059,train_set/train_set/voices/English/id059/04474.wav,16000,1,16,3.44
train,English,id059,train_set/train_set/voices/English/id059/06188.wav,16000,1,16,2.64
train,English,id059,train_set/train_set/voices/English/id059/02405.wav,16000,1,16,2.52
train,English,id059,train_set/train_set/voices/English/id059/02945.wav,16000,1,16,2.52
train,English,id059,train_set/train_set/voices/English/id059/06154.wav,16000,1,16,3.72
train,English,id047,train_set/train_set/voices/English/id047/05525.wav,16000,1,16,4.68
train,English,id047,train_set/train_set/voices/English/id047/03348.wav,16000,1,16,5.24
train,English,id047,train_set/train_set/voices/English/id047/02270.wav,16000,1,16,8.52
train,English,id047,train_set/train_set/voices/English/id047/05046.wav,16000,1,16,8.52
train,English,id047,train_set/train_set/voices/English/id047/01460.wav,16000,1,16,5.4
train,English,id047,train_set/train_set/voices/English/id047/03245.wav,16000,1,16,4.24
train,English,id047,train_set/train_set/voices/English/id047/00683.wav,16000,1,16,4.6
train,English,id047,train_set/train_set/voices/English/id047/04631.wav,16000,1,16,3.32
train,English,id047,train_set/train_set/voices/English/id047/04186.wav,16000,1,16,7.28
train,English,id047,train_set/train_set/voices/English/id047/00977.wav,16000,1,16,2.44
train,English,id047,train_set/train_set/voices/English/id047/02702.wav,16000,1,16,4.6
train,English,id047,train_set/train_set/voices/English/id047/02042.wav,16000,1,16,2.2
train,English,id047,train_set/train_set/voices/English/id047/01729.wav,16000,1,16,4.52
train,English,id047,train_set/train_set/voices/English/id047/02330.wav,16000,1,16,4.52
train,English,id047,train_set/train_set/voices/English/id047/01757.wav,16000,1,16,9.44
train,English,id047,train_set/train_set/voices/English/id047/00973.wav,16000,1,16,5.6
train,English,id047,train_set/train_set/voices/English/id047/05090.wav,16000,1,16,2.36
train,English,id047,train_set/train_set/voices/English/id047/06447.wav,16000,1,16,6.8
train,English,id047,train_set/train_set/voices/English/id047/04250.wav,16000,1,16,5.8
train,English,id047,train_set/train_set/voices/English/id047/00709.wav,16000,1,16,2.32
train,English,id047,train_set/train_set/voices/English/id047/02609.wav,16000,1,16,4.12
train,English,id047,train_set/train_set/voices/English/id047/02390.wav,16000,1,16,2.8
train,English,id047,train_set/train_set/voices/English/id047/01681.wav,16000,1,16,4.88
train,English,id047,train_set/train_set/voices/English/id047/05447.wav,16000,1,16,5.24
train,English,id047,train_set/train_set/voices/English/id047/05319.wav,16000,1,16,7.96
train,English,id047,train_set/train_set/voices/English/id047/04930.wav,16000,1,16,7.96
train,English,id047,train_set/train_set/voices/English/id047/00329.wav,16000,1,16,7.96
train,English,id047,train_set/train_set/voices/English/id047/06129.wav,16000,1,16,5.44
train,English,id047,train_set/train_set/voices/English/id047/01896.wav,16000,1,16,5.16
train,English,id047,train_set/train_set/voices/English/id047/02683.wav,16000,1,16,6.12
train,English,id047,train_set/train_set/voices/English/id047/00063.wav,16000,1,16,6.56
train,English,id047,train_set/train_set/voices/English/id047/03885.wav,16000,1,16,4.28
train,English,id047,train_set/train_set/voices/English/id047/03087.wav,16000,1,16,4.0
train,English,id047,train_set/train_set/voices/English/id047/03448.wav,16000,1,16,5.12
train,English,id047,train_set/train_set/voices/English/id047/00262.wav,16000,1,16,2.52
train,English,id047,train_set/train_set/voices/English/id047/03701.wav,16000,1,16,6.56
train,English,id047,train_set/train_set/voices/English/id047/06014.wav,16000,1,16,2.56
train,English,id047,train_set/train_set/voices/English/id047/03890.wav,16000,1,16,4.84
train,English,id047,train_set/train_set/voices/English/id047/02624.wav,16000,1,16,4.2
train,English,id047,train_set/train_set/voices/English/id047/03711.wav,16000,1,16,6.96
train,English,id047,train_set/train_set/voices/English/id047/04387.wav,16000,1,16,2.28
train,English,id047,train_set/train_set/voices/English/id047/01439.wav,16000,1,16,3.6
train,English,id047,train_set/train_set/voices/English/id047/00386.wav,16000,1,16,3.36
train,English,id047,train_set/train_set/voices/English/id047/05213.wav,16000,1,16,10.2
train,English,id047,train_set/train_set/voices/English/id047/04416.wav,16000,1,16,2.72
train,English,id047,train_set/train_set/voices/English/id047/03653.wav,16000,1,16,2.08
train,English,id047,train_set/train_set/voices/English/id047/04645.wav,16000,1,16,2.8
train,English,id047,train_set/train_set/voices/English/id047/01214.wav,16000,1,16,8.84
train,English,id047,train_set/train_set/voices/English/id047/00162.wav,16000,1,16,4.6
train,English,id047,train_set/train_set/voices/English/id047/06103.wav,16000,1,16,3.0
train,English,id047,train_set/train_set/voices/English/id047/00441.wav,16000,1,16,3.0
train,English,id047,train_set/train_set/voices/English/id047/04756.wav,16000,1,16,2.12
train,English,id047,train_set/train_set/voices/English/id047/02257.wav,16000,1,16,2.24
train,English,id047,train_set/train_set/voices/English/id047/00066.wav,16000,1,16,2.76
train,English,id047,train_set/train_set/voices/English/id047/01096.wav,16000,1,16,2.36
train,English,id047,train_set/train_set/voices/English/id047/06275.wav,16000,1,16,8.6
train,English,id047,train_set/train_set/voices/English/id047/00696.wav,16000,1,16,8.6
train,English,id047,train_set/train_set/voices/English/id047/03469.wav,16000,1,16,4.88
train,English,id047,train_set/train_set/voices/English/id047/02300.wav,16000,1,16,3.48
train,English,id047,train_set/train_set/voices/English/id047/04628.wav,16000,1,16,2.44
train,English,id047,train_set/train_set/voices/English/id047/04869.wav,16000,1,16,4.32
train,English,id047,train_set/train_set/voices/English/id047/03115.wav,16000,1,16,4.44
train,English,id047,train_set/train_set/voices/English/id047/00545.wav,16000,1,16,6.48
train,English,id047,train_set/train_set/voices/English/id047/05622.wav,16000,1,16,4.4
train,English,id047,train_set/train_set/voices/English/id047/05647.wav,16000,1,16,4.4
train,English,id047,train_set/train_set/voices/English/id047/04029.wav,16000,1,16,2.16
train,English,id047,train_set/train_set/voices/English/id047/04016.wav,16000,1,16,4.56
train,English,id047,train_set/train_set/voices/English/id047/06484.wav,16000,1,16,2.4
train,English,id047,train_set/train_set/voices/English/id047/03223.wav,16000,1,16,2.4
train,English,id047,train_set/train_set/voices/English/id047/01375.wav,16000,1,16,2.4
train,English,id047,train_set/train_set/voices/English/id047/05818.wav,16000,1,16,4.32
train,English,id047,train_set/train_set/voices/English/id047/05502.wav,16000,1,16,4.4
train,English,id047,train_set/train_set/voices/English/id047/02712.wav,16000,1,16,2.28
train,English,id047,train_set/train_set/voices/English/id047/01748.wav,16000,1,16,3.6
train,English,id021,train_set/train_set/voices/English/id021/02682.wav,16000,1,16,13.88
train,English,id021,train_set/train_set/voices/English/id021/02127.wav,16000,1,16,36.88
train,English,id021,train_set/train_set/voices/English/id021/01863.wav,16000,1,16,11.8
train,English,id021,train_set/train_set/voices/English/id021/03926.wav,16000,1,16,7.2
train,English,id021,train_set/train_set/voices/English/id021/00900.wav,16000,1,16,16.88
train,English,id021,train_set/train_set/voices/English/id021/01098.wav,16000,1,16,16.88
train,English,id021,train_set/train_set/voices/English/id021/00822.wav,16000,1,16,15.16
train,English,id021,train_set/train_set/voices/English/id021/06167.wav,16000,1,16,24.12
train,English,id021,train_set/train_set/voices/English/id021/05949.wav,16000,1,16,24.12
train,English,id021,train_set/train_set/voices/English/id021/01469.wav,16000,1,16,19.64
train,English,id021,train_set/train_set/voices/English/id021/03243.wav,16000,1,16,19.64
train,English,id021,train_set/train_set/voices/English/id021/04686.wav,16000,1,16,19.64
train,English,id021,train_set/train_set/voices/English/id021/04676.wav,16000,1,16,19.64
train,English,id021,train_set/train_set/voices/English/id021/06082.wav,16000,1,16,22.88
train,English,id021,train_set/train_set/voices/English/id021/04128.wav,16000,1,16,27.72
train,English,id021,train_set/train_set/voices/English/id021/02475.wav,16000,1,16,27.72
train,English,id021,train_set/train_set/voices/English/id021/02333.wav,16000,1,16,20.16
train,English,id021,train_set/train_set/voices/English/id021/02179.wav,16000,1,16,18.92
train,English,id021,train_set/train_set/voices/English/id021/01328.wav,16000,1,16,5.92
train,English,id021,train_set/train_set/voices/English/id021/03157.wav,16000,1,16,2.96
train,English,id021,train_set/train_set/voices/English/id021/03432.wav,16000,1,16,5.32
train,English,id021,train_set/train_set/voices/English/id021/05940.wav,16000,1,16,2.6
train,English,id021,train_set/train_set/voices/English/id021/00990.wav,16000,1,16,15.0
train,English,id021,train_set/train_set/voices/English/id021/00394.wav,16000,1,16,15.0
train,English,id021,train_set/train_set/voices/English/id021/00541.wav,16000,1,16,18.88
train,English,id021,train_set/train_set/voices/English/id021/02643.wav,16000,1,16,18.88
train,English,id021,train_set/train_set/voices/English/id021/06238.wav,16000,1,16,18.88
train,English,id021,train_set/train_set/voices/English/id021/04717.wav,16000,1,16,18.88
train,English,id021,train_set/train_set/voices/English/id021/00398.wav,16000,1,16,17.88
train,English,id021,train_set/train_set/voices/English/id021/04008.wav,16000,1,16,17.88
train,English,id021,train_set/train_set/voices/English/id021/06016.wav,16000,1,16,17.88
train,English,id021,train_set/train_set/voices/English/id021/00920.wav,16000,1,16,17.88
train,English,id021,train_set/train_set/voices/English/id021/00829.wav,16000,1,16,16.72
train,English,id021,train_set/train_set/voices/English/id021/06246.wav,16000,1,16,16.72
train,English,id021,train_set/train_set/voices/English/id021/04021.wav,16000,1,16,16.72
train,English,id021,train_set/train_set/voices/English/id021/02904.wav,16000,1,16,23.96
train,English,id021,train_set/train_set/voices/English/id021/06219.wav,16000,1,16,28.36
train,English,id021,train_set/train_set/voices/English/id021/03737.wav,16000,1,16,5.08
train,English,id021,train_set/train_set/voices/English/id021/01938.wav,16000,1,16,6.48
train,English,id021,train_set/train_set/voices/English/id021/04712.wav,16000,1,16,26.6
train,English,id021,train_set/train_set/voices/English/id021/05705.wav,16000,1,16,26.6
train,English,id021,train_set/train_set/voices/English/id021/00639.wav,16000,1,16,26.6
train,English,id021,train_set/train_set/voices/English/id021/03178.wav,16000,1,16,6.84
train,English,id021,train_set/train_set/voices/English/id021/04733.wav,16000,1,16,6.32
train,English,id021,train_set/train_set/voices/English/id021/02467.wav,16000,1,16,6.32
train,English,id021,train_set/train_set/voices/English/id021/04925.wav,16000,1,16,5.4
train,English,id021,train_set/train_set/voices/English/id021/03194.wav,16000,1,16,5.4
train,English,id021,train_set/train_set/voices/English/id021/02754.wav,16000,1,16,5.4
train,English,id021,train_set/train_set/voices/English/id021/03677.wav,16000,1,16,10.4
train,English,id021,train_set/train_set/voices/English/id021/02343.wav,16000,1,16,6.92
train,English,id021,train_set/train_set/voices/English/id021/02271.wav,16000,1,16,5.88
train,English,id021,train_set/train_set/voices/English/id021/00861.wav,16000,1,16,6.84
train,English,id021,train_set/train_set/voices/English/id021/03229.wav,16000,1,16,2.52
train,English,id021,train_set/train_set/voices/English/id021/03281.wav,16000,1,16,8.8
train,English,id021,train_set/train_set/voices/English/id021/02030.wav,16000,1,16,8.8
train,English,id021,train_set/train_set/voices/English/id021/00539.wav,16000,1,16,4.6
train,English,id021,train_set/train_set/voices/English/id021/00520.wav,16000,1,16,2.64
train,English,id021,train_set/train_set/voices/English/id021/06004.wav,16000,1,16,2.04
train,English,id021,train_set/train_set/voices/English/id021/01737.wav,16000,1,16,7.52
train,English,id021,train_set/train_set/voices/English/id021/03899.wav,16000,1,16,7.88
train,English,id021,train_set/train_set/voices/English/id021/03408.wav,16000,1,16,13.2
train,English,id021,train_set/train_set/voices/English/id021/02705.wav,16000,1,16,13.44
train,English,id021,train_set/train_set/voices/English/id021/06391.wav,16000,1,16,13.44
train,English,id021,train_set/train_set/voices/English/id021/00240.wav,16000,1,16,13.44
train,English,id021,train_set/train_set/voices/English/id021/03744.wav,16000,1,16,7.0
train,English,id021,train_set/train_set/voices/English/id021/00859.wav,16000,1,16,3.48
train,English,id021,train_set/train_set/voices/English/id021/03586.wav,16000,1,16,7.72
train,English,id021,train_set/train_set/voices/English/id021/00069.wav,16000,1,16,7.72
train,English,id021,train_set/train_set/voices/English/id021/05666.wav,16000,1,16,7.96
train,English,id021,train_set/train_set/voices/English/id021/05809.wav,16000,1,16,6.6
train,English,id021,train_set/train_set/voices/English/id021/01087.wav,16000,1,16,2.88
train,English,id021,train_set/train_set/voices/English/id021/03476.wav,16000,1,16,3.2
train,English,id021,train_set/train_set/voices/English/id021/06409.wav,16000,1,16,3.84
train,English,id021,train_set/train_set/voices/English/id021/03292.wav,16000,1,16,2.84
train,English,id021,train_set/train_set/voices/English/id021/02136.wav,16000,1,16,2.56
train,English,id021,train_set/train_set/voices/English/id021/03882.wav,16000,1,16,2.6
train,English,id021,train_set/train_set/voices/English/id021/01571.wav,16000,1,16,2.16
train,English,id021,train_set/train_set/voices/English/id021/04218.wav,16000,1,16,21.24
train,English,id021,train_set/train_set/voices/English/id021/03951.wav,16000,1,16,8.64
train,English,id021,train_set/train_set/voices/English/id021/03758.wav,16000,1,16,2.92
train,English,id021,train_set/train_set/voices/English/id021/06364.wav,16000,1,16,7.32
train,English,id021,train_set/train_set/voices/English/id021/02546.wav,16000,1,16,7.32
train,English,id021,train_set/train_set/voices/English/id021/05524.wav,16000,1,16,5.96
train,English,id021,train_set/train_set/voices/English/id021/06270.wav,16000,1,16,2.84
train,English,id021,train_set/train_set/voices/English/id021/03714.wav,16000,1,16,3.56
train,English,id021,train_set/train_set/voices/English/id021/06260.wav,16000,1,16,6.4
train,English,id021,train_set/train_set/voices/English/id021/01733.wav,16000,1,16,17.92
train,English,id021,train_set/train_set/voices/English/id021/04174.wav,16000,1,16,17.92
train,English,id021,train_set/train_set/voices/English/id021/00689.wav,16000,1,16,17.92
train,English,id021,train_set/train_set/voices/English/id021/02634.wav,16000,1,16,10.16
train,English,id021,train_set/train_set/voices/English/id021/03614.wav,16000,1,16,18.08
train,English,id021,train_set/train_set/voices/English/id021/02231.wav,16000,1,16,18.08
train,English,id021,train_set/train_set/voices/English/id021/04792.wav,16000,1,16,9.28
train,English,id021,train_set/train_set/voices/English/id021/03362.wav,16000,1,16,2.44
train,English,id021,train_set/train_set/voices/English/id021/02556.wav,16000,1,16,13.64
train,English,id021,train_set/train_set/voices/English/id021/02226.wav,16000,1,16,5.56
train,English,id021,train_set/train_set/voices/English/id021/02933.wav,16000,1,16,3.92
train,English,id021,train_set/train_set/voices/English/id021/05627.wav,16000,1,16,3.92
train,English,id021,train_set/train_set/voices/English/id021/04817.wav,16000,1,16,9.44
train,English,id021,train_set/train_set/voices/English/id021/05189.wav,16000,1,16,9.44
train,English,id021,train_set/train_set/voices/English/id021/01633.wav,16000,1,16,6.68
train,English,id021,train_set/train_set/voices/English/id021/02923.wav,16000,1,16,6.28
train,English,id021,train_set/train_set/voices/English/id021/04648.wav,16000,1,16,24.56
train,English,id021,train_set/train_set/voices/English/id021/05797.wav,16000,1,16,3.8
train,English,id021,train_set/train_set/voices/English/id021/00113.wav,16000,1,16,8.28
train,English,id021,train_set/train_set/voices/English/id021/02703.wav,16000,1,16,8.28
train,English,id021,train_set/train_set/voices/English/id021/05564.wav,16000,1,16,2.44
train,English,id021,train_set/train_set/voices/English/id021/00303.wav,16000,1,16,2.44
train,English,id021,train_set/train_set/voices/English/id021/03266.wav,16000,1,16,5.68
train,English,id021,train_set/train_set/voices/English/id021/01318.wav,16000,1,16,9.32
train,English,id021,train_set/train_set/voices/English/id021/03612.wav,16000,1,16,9.32
train,English,id021,train_set/train_set/voices/English/id021/00466.wav,16000,1,16,6.8
train,English,id021,train_set/train_set/voices/English/id021/02869.wav,16000,1,16,10.6
train,English,id021,train_set/train_set/voices/English/id021/04043.wav,16000,1,16,3.24
train,English,id021,train_set/train_set/voices/English/id021/02021.wav,16000,1,16,2.64
train,English,id021,train_set/train_set/voices/English/id021/00938.wav,16000,1,16,5.44
train,English,id021,train_set/train_set/voices/English/id021/00147.wav,16000,1,16,7.08
train,English,id021,train_set/train_set/voices/English/id021/06117.wav,16000,1,16,2.0
train,English,id021,train_set/train_set/voices/English/id021/06248.wav,16000,1,16,3.68
train,English,id021,train_set/train_set/voices/English/id021/02800.wav,16000,1,16,3.68
train,English,id021,train_set/train_set/voices/English/id021/02141.wav,16000,1,16,4.48
train,English,id021,train_set/train_set/voices/English/id021/02096.wav,16000,1,16,4.68
train,English,id021,train_set/train_set/voices/English/id021/05308.wav,16000,1,16,2.48
train,English,id021,train_set/train_set/voices/English/id021/02344.wav,16000,1,16,3.32
train,English,id021,train_set/train_set/voices/English/id021/01992.wav,16000,1,16,3.32
train,English,id021,train_set/train_set/voices/English/id021/05741.wav,16000,1,16,3.88
train,English,id021,train_set/train_set/voices/English/id021/06018.wav,16000,1,16,2.76
train,English,id016,train_set/train_set/voices/English/id016/04921.wav,16000,1,16,6.76
train,English,id016,train_set/train_set/voices/English/id016/01895.wav,16000,1,16,28.8
train,English,id016,train_set/train_set/voices/English/id016/02994.wav,16000,1,16,4.44
train,English,id016,train_set/train_set/voices/English/id016/05417.wav,16000,1,16,19.04
train,English,id016,train_set/train_set/voices/English/id016/02655.wav,16000,1,16,19.04
train,English,id016,train_set/train_set/voices/English/id016/01685.wav,16000,1,16,11.68
train,English,id016,train_set/train_set/voices/English/id016/00293.wav,16000,1,16,43.44
train,English,id016,train_set/train_set/voices/English/id016/01088.wav,16000,1,16,43.44
train,English,id016,train_set/train_set/voices/English/id016/05966.wav,16000,1,16,43.44
train,English,id016,train_set/train_set/voices/English/id016/02263.wav,16000,1,16,43.44
train,English,id016,train_set/train_set/voices/English/id016/04184.wav,16000,1,16,12.16
train,English,id016,train_set/train_set/voices/English/id016/00599.wav,16000,1,16,9.8
train,English,id016,train_set/train_set/voices/English/id016/06008.wav,16000,1,16,23.48
train,English,id016,train_set/train_set/voices/English/id016/03929.wav,16000,1,16,23.48
train,English,id016,train_set/train_set/voices/English/id016/04350.wav,16000,1,16,7.36
train,English,id016,train_set/train_set/voices/English/id016/01935.wav,16000,1,16,5.44
train,English,id016,train_set/train_set/voices/English/id016/04215.wav,16000,1,16,2.28
train,English,id016,train_set/train_set/voices/English/id016/02595.wav,16000,1,16,7.72
train,English,id016,train_set/train_set/voices/English/id016/03288.wav,16000,1,16,13.72
train,English,id016,train_set/train_set/voices/English/id016/04783.wav,16000,1,16,4.2
train,English,id016,train_set/train_set/voices/English/id016/04673.wav,16000,1,16,3.28
train,English,id016,train_set/train_set/voices/English/id016/00502.wav,16000,1,16,5.36
train,English,id016,train_set/train_set/voices/English/id016/05822.wav,16000,1,16,7.44
train,English,id016,train_set/train_set/voices/English/id016/03960.wav,16000,1,16,7.44
train,English,id016,train_set/train_set/voices/English/id016/01549.wav,16000,1,16,4.12
train,English,id016,train_set/train_set/voices/English/id016/03320.wav,16000,1,16,28.64
train,English,id016,train_set/train_set/voices/English/id016/02183.wav,16000,1,16,28.64
train,English,id016,train_set/train_set/voices/English/id016/02522.wav,16000,1,16,28.64
train,English,id016,train_set/train_set/voices/English/id016/03039.wav,16000,1,16,9.64
train,English,id016,train_set/train_set/voices/English/id016/01068.wav,16000,1,16,4.64
train,English,id016,train_set/train_set/voices/English/id016/01579.wav,16000,1,16,10.88
train,English,id016,train_set/train_set/voices/English/id016/03735.wav,16000,1,16,7.44
train,English,id016,train_set/train_set/voices/English/id016/01573.wav,16000,1,16,15.68
train,English,id016,train_set/train_set/voices/English/id016/05954.wav,16000,1,16,19.28
train,English,id016,train_set/train_set/voices/English/id016/05906.wav,16000,1,16,3.08
train,English,id016,train_set/train_set/voices/English/id016/03805.wav,16000,1,16,17.2
train,English,id016,train_set/train_set/voices/English/id016/03355.wav,16000,1,16,6.36
train,English,id016,train_set/train_set/voices/English/id016/02103.wav,16000,1,16,6.36
train,English,id016,train_set/train_set/voices/English/id016/04252.wav,16000,1,16,3.96
train,English,id016,train_set/train_set/voices/English/id016/04841.wav,16000,1,16,3.8
train,English,id016,train_set/train_set/voices/English/id016/04473.wav,16000,1,16,4.96
train,English,id016,train_set/train_set/voices/English/id016/02239.wav,16000,1,16,3.96
train,English,id016,train_set/train_set/voices/English/id016/04017.wav,16000,1,16,5.04
train,English,id016,train_set/train_set/voices/English/id016/05533.wav,16000,1,16,5.04
train,English,id016,train_set/train_set/voices/English/id016/05547.wav,16000,1,16,5.68
train,English,id016,train_set/train_set/voices/English/id016/02431.wav,16000,1,16,4.28
train,English,id016,train_set/train_set/voices/English/id016/02981.wav,16000,1,16,4.48
train,English,id016,train_set/train_set/voices/English/id016/06358.wav,16000,1,16,4.48
train,English,id016,train_set/train_set/voices/English/id016/01765.wav,16000,1,16,11.36
train,English,id016,train_set/train_set/voices/English/id016/03550.wav,16000,1,16,11.36
train,English,id016,train_set/train_set/voices/English/id016/03019.wav,16000,1,16,11.36
train,English,id016,train_set/train_set/voices/English/id016/02259.wav,16000,1,16,3.2
train,English,id016,train_set/train_set/voices/English/id016/01416.wav,16000,1,16,8.2
train,English,id016,train_set/train_set/voices/English/id016/04525.wav,16000,1,16,9.64
train,English,id016,train_set/train_set/voices/English/id016/05452.wav,16000,1,16,3.36
train,English,id016,train_set/train_set/voices/English/id016/02241.wav,16000,1,16,3.96
train,English,id016,train_set/train_set/voices/English/id016/06217.wav,16000,1,16,7.72
train,English,id016,train_set/train_set/voices/English/id016/01504.wav,16000,1,16,5.64
train,English,id016,train_set/train_set/voices/English/id016/03594.wav,16000,1,16,5.68
train,English,id016,train_set/train_set/voices/English/id016/05427.wav,16000,1,16,6.64
train,English,id016,train_set/train_set/voices/English/id016/05894.wav,16000,1,16,4.96
train,English,id016,train_set/train_set/voices/English/id016/01734.wav,16000,1,16,3.64
train,English,id016,train_set/train_set/voices/English/id016/01354.wav,16000,1,16,2.44
train,English,id016,train_set/train_set/voices/English/id016/00353.wav,16000,1,16,3.12
train,English,id016,train_set/train_set/voices/English/id016/03615.wav,16000,1,16,3.12
train,English,id016,train_set/train_set/voices/English/id016/05012.wav,16000,1,16,5.6
train,English,id016,train_set/train_set/voices/English/id016/04606.wav,16000,1,16,7.76
train,English,id016,train_set/train_set/voices/English/id016/02497.wav,16000,1,16,13.88
train,English,id016,train_set/train_set/voices/English/id016/05698.wav,16000,1,16,6.2
train,English,id016,train_set/train_set/voices/English/id016/01173.wav,16000,1,16,2.6
train,English,id016,train_set/train_set/voices/English/id016/05994.wav,16000,1,16,9.24
train,English,id016,train_set/train_set/voices/English/id016/05560.wav,16000,1,16,9.24
train,English,id016,train_set/train_set/voices/English/id016/00212.wav,16000,1,16,9.24
train,English,id016,train_set/train_set/voices/English/id016/04908.wav,16000,1,16,8.2
train,English,id016,train_set/train_set/voices/English/id016/06319.wav,16000,1,16,6.68
train,English,id016,train_set/train_set/voices/English/id016/03396.wav,16000,1,16,6.68
train,English,id016,train_set/train_set/voices/English/id016/06259.wav,16000,1,16,6.92
train,English,id016,train_set/train_set/voices/English/id016/01219.wav,16000,1,16,6.92
train,English,id016,train_set/train_set/voices/English/id016/00848.wav,16000,1,16,7.72
train,English,id016,train_set/train_set/voices/English/id016/03413.wav,16000,1,16,6.8
train,English,id016,train_set/train_set/voices/English/id016/00637.wav,16000,1,16,6.8
train,English,id016,train_set/train_set/voices/English/id016/01497.wav,16000,1,16,5.64
train,English,id016,train_set/train_set/voices/English/id016/02633.wav,16000,1,16,5.88
train,English,id016,train_set/train_set/voices/English/id016/01879.wav,16000,1,16,5.16
train,English,id016,train_set/train_set/voices/English/id016/05864.wav,16000,1,16,3.32
train,English,id016,train_set/train_set/voices/English/id016/03800.wav,16000,1,16,14.96
train,English,id016,train_set/train_set/voices/English/id016/01684.wav,16000,1,16,4.24
train,English,id016,train_set/train_set/voices/English/id016/02296.wav,16000,1,16,9.16
train,English,id016,train_set/train_set/voices/English/id016/04028.wav,16000,1,16,13.68
train,English,id016,train_set/train_set/voices/English/id016/05810.wav,16000,1,16,12.92
train,English,id016,train_set/train_set/voices/English/id016/01709.wav,16000,1,16,4.08
train,English,id016,train_set/train_set/voices/English/id016/03919.wav,16000,1,16,4.64
train,English,id016,train_set/train_set/voices/English/id016/05633.wav,16000,1,16,2.76
train,English,id016,train_set/train_set/voices/English/id016/02071.wav,16000,1,16,2.76
train,English,id016,train_set/train_set/voices/English/id016/04458.wav,16000,1,16,2.72
train,English,id016,train_set/train_set/voices/English/id016/02435.wav,16000,1,16,2.48
train,English,id016,train_set/train_set/voices/English/id016/06239.wav,16000,1,16,4.8
train,English,id016,train_set/train_set/voices/English/id016/00070.wav,16000,1,16,2.48
train,English,id016,train_set/train_set/voices/English/id016/01397.wav,16000,1,16,4.92
train,English,id016,train_set/train_set/voices/English/id016/02579.wav,16000,1,16,9.36
train,English,id016,train_set/train_set/voices/English/id016/03731.wav,16000,1,16,5.36
train,English,id016,train_set/train_set/voices/English/id016/01466.wav,16000,1,16,7.92
train,English,id016,train_set/train_set/voices/English/id016/00523.wav,16000,1,16,4.0
train,English,id016,train_set/train_set/voices/English/id016/00834.wav,16000,1,16,2.48
train,English,id016,train_set/train_set/voices/English/id016/06092.wav,16000,1,16,3.28
train,English,id016,train_set/train_set/voices/English/id016/02792.wav,16000,1,16,4.2
train,English,id016,train_set/train_set/voices/English/id016/05263.wav,16000,1,16,4.2
train,English,id016,train_set/train_set/voices/English/id016/00775.wav,16000,1,16,4.48
train,English,id016,train_set/train_set/voices/English/id016/00310.wav,16000,1,16,8.2
train,English,id016,train_set/train_set/voices/English/id016/03132.wav,16000,1,16,4.52
train,English,id016,train_set/train_set/voices/English/id016/01410.wav,16000,1,16,4.2
train,English,id016,train_set/train_set/voices/English/id016/05218.wav,16000,1,16,10.72
train,English,id016,train_set/train_set/voices/English/id016/04207.wav,16000,1,16,8.96
train,English,id016,train_set/train_set/voices/English/id016/04995.wav,16000,1,16,5.6
train,English,id016,train_set/train_set/voices/English/id016/00883.wav,16000,1,16,4.68
train,English,id016,train_set/train_set/voices/English/id016/00273.wav,16000,1,16,3.76
train,English,id016,train_set/train_set/voices/English/id016/00315.wav,16000,1,16,3.48
train,English,id016,train_set/train_set/voices/English/id016/02097.wav,16000,1,16,3.48
train,English,id016,train_set/train_set/voices/English/id016/03974.wav,16000,1,16,2.44
train,English,id016,train_set/train_set/voices/English/id016/03307.wav,16000,1,16,2.48
train,English,id016,train_set/train_set/voices/English/id016/03329.wav,16000,1,16,3.16
train,English,id016,train_set/train_set/voices/English/id016/01947.wav,16000,1,16,7.08
train,English,id016,train_set/train_set/voices/English/id016/04883.wav,16000,1,16,7.08
train,English,id016,train_set/train_set/voices/English/id016/03682.wav,16000,1,16,5.68
train,English,id016,train_set/train_set/voices/English/id016/00087.wav,16000,1,16,5.28
train,English,id016,train_set/train_set/voices/English/id016/00833.wav,16000,1,16,5.28
train,English,id016,train_set/train_set/voices/English/id016/03965.wav,16000,1,16,6.8
train,English,id017,train_set/train_set/voices/English/id017/00239.wav,16000,1,16,5.48
train,English,id017,train_set/train_set/voices/English/id017/06017.wav,16000,1,16,5.48
train,English,id017,train_set/train_set/voices/English/id017/06198.wav,16000,1,16,5.48
train,English,id017,train_set/train_set/voices/English/id017/00807.wav,16000,1,16,2.36
train,English,id017,train_set/train_set/voices/English/id017/06115.wav,16000,1,16,2.36
train,English,id017,train_set/train_set/voices/English/id017/04708.wav,16000,1,16,2.36
train,English,id017,train_set/train_set/voices/English/id017/00447.wav,16000,1,16,6.08
train,English,id017,train_set/train_set/voices/English/id017/02722.wav,16000,1,16,6.08
train,English,id017,train_set/train_set/voices/English/id017/04662.wav,16000,1,16,6.08
train,English,id017,train_set/train_set/voices/English/id017/05041.wav,16000,1,16,6.08
train,English,id017,train_set/train_set/voices/English/id017/03071.wav,16000,1,16,6.08
train,English,id017,train_set/train_set/voices/English/id017/00673.wav,16000,1,16,6.08
train,English,id017,train_set/train_set/voices/English/id017/04132.wav,16000,1,16,6.08
train,English,id017,train_set/train_set/voices/English/id017/03741.wav,16000,1,16,25.72
train,English,id017,train_set/train_set/voices/English/id017/04535.wav,16000,1,16,25.72
train,English,id017,train_set/train_set/voices/English/id017/01114.wav,16000,1,16,25.72
train,English,id017,train_set/train_set/voices/English/id017/05114.wav,16000,1,16,25.72
train,English,id017,train_set/train_set/voices/English/id017/06333.wav,16000,1,16,25.72
train,English,id017,train_set/train_set/voices/English/id017/06378.wav,16000,1,16,25.72
train,English,id017,train_set/train_set/voices/English/id017/01558.wav,16000,1,16,25.72
train,English,id017,train_set/train_set/voices/English/id017/03158.wav,16000,1,16,25.72
train,English,id017,train_set/train_set/voices/English/id017/02924.wav,16000,1,16,25.72
train,English,id017,train_set/train_set/voices/English/id017/05160.wav,16000,1,16,25.72
train,English,id017,train_set/train_set/voices/English/id017/03552.wav,16000,1,16,25.72
train,English,id017,train_set/train_set/voices/English/id017/01258.wav,16000,1,16,25.72
train,English,id017,train_set/train_set/voices/English/id017/06048.wav,16000,1,16,25.72
train,English,id017,train_set/train_set/voices/English/id017/04542.wav,16000,1,16,25.72
train,English,id017,train_set/train_set/voices/English/id017/05895.wav,16000,1,16,25.72
train,English,id017,train_set/train_set/voices/English/id017/02734.wav,16000,1,16,25.72
train,English,id017,train_set/train_set/voices/English/id017/05901.wav,16000,1,16,25.72
train,English,id017,train_set/train_set/voices/English/id017/04619.wav,16000,1,16,25.72
train,English,id017,train_set/train_set/voices/English/id017/05172.wav,16000,1,16,3.0
train,English,id017,train_set/train_set/voices/English/id017/02717.wav,16000,1,16,5.36
train,English,id017,train_set/train_set/voices/English/id017/03968.wav,16000,1,16,5.36
train,English,id017,train_set/train_set/voices/English/id017/02478.wav,16000,1,16,5.36
train,English,id017,train_set/train_set/voices/English/id017/02087.wav,16000,1,16,12.44
train,English,id017,train_set/train_set/voices/English/id017/01281.wav,16000,1,16,12.44
train,English,id017,train_set/train_set/voices/English/id017/00348.wav,16000,1,16,12.44
train,English,id017,train_set/train_set/voices/English/id017/01126.wav,16000,1,16,12.44
train,English,id017,train_set/train_set/voices/English/id017/06114.wav,16000,1,16,12.44
train,English,id017,train_set/train_set/voices/English/id017/01495.wav,16000,1,16,12.44
train,English,id017,train_set/train_set/voices/English/id017/00427.wav,16000,1,16,12.44
train,English,id017,train_set/train_set/voices/English/id017/02515.wav,16000,1,16,12.44
train,English,id017,train_set/train_set/voices/English/id017/02359.wav,16000,1,16,4.8
train,English,id017,train_set/train_set/voices/English/id017/05013.wav,16000,1,16,4.8
train,English,id017,train_set/train_set/voices/English/id017/02310.wav,16000,1,16,8.48
train,English,id017,train_set/train_set/voices/English/id017/02927.wav,16000,1,16,8.48
train,English,id017,train_set/train_set/voices/English/id017/04036.wav,16000,1,16,8.48
train,English,id017,train_set/train_set/voices/English/id017/03435.wav,16000,1,16,8.48
train,English,id017,train_set/train_set/voices/English/id017/01296.wav,16000,1,16,8.48
train,English,id017,train_set/train_set/voices/English/id017/04552.wav,16000,1,16,13.88
train,English,id017,train_set/train_set/voices/English/id017/03834.wav,16000,1,16,13.88
train,English,id017,train_set/train_set/voices/English/id017/01151.wav,16000,1,16,13.88
train,English,id017,train_set/train_set/voices/English/id017/05008.wav,16000,1,16,13.88
train,English,id017,train_set/train_set/voices/English/id017/05084.wav,16000,1,16,13.88
train,English,id017,train_set/train_set/voices/English/id017/04023.wav,16000,1,16,13.88
train,English,id017,train_set/train_set/voices/English/id017/03271.wav,16000,1,16,13.88
train,English,id017,train_set/train_set/voices/English/id017/01482.wav,16000,1,16,13.88
train,English,id017,train_set/train_set/voices/English/id017/00875.wav,16000,1,16,13.88
train,English,id017,train_set/train_set/voices/English/id017/04875.wav,16000,1,16,13.88
train,English,id017,train_set/train_set/voices/English/id017/05706.wav,16000,1,16,3.8
train,English,id017,train_set/train_set/voices/English/id017/06090.wav,16000,1,16,3.8
train,English,id017,train_set/train_set/voices/English/id017/05280.wav,16000,1,16,3.8
train,English,id017,train_set/train_set/voices/English/id017/00968.wav,16000,1,16,2.08
train,English,id017,train_set/train_set/voices/English/id017/03781.wav,16000,1,16,2.16
train,English,id017,train_set/train_set/voices/English/id017/00440.wav,16000,1,16,2.88
train,English,id017,train_set/train_set/voices/English/id017/04523.wav,16000,1,16,5.28
train,English,id017,train_set/train_set/voices/English/id017/06102.wav,16000,1,16,5.28
train,English,id017,train_set/train_set/voices/English/id017/05714.wav,16000,1,16,5.28
train,English,id017,train_set/train_set/voices/English/id017/04274.wav,16000,1,16,5.28
train,English,id017,train_set/train_set/voices/English/id017/00391.wav,16000,1,16,3.04
train,English,id017,train_set/train_set/voices/English/id017/01204.wav,16000,1,16,2.4
train,English,id017,train_set/train_set/voices/English/id017/00750.wav,16000,1,16,2.24
train,English,id017,train_set/train_set/voices/English/id017/03954.wav,16000,1,16,2.24
train,English,id017,train_set/train_set/voices/English/id017/01759.wav,16000,1,16,4.8
train,English,id017,train_set/train_set/voices/English/id017/05953.wav,16000,1,16,6.76
train,English,id017,train_set/train_set/voices/English/id017/02107.wav,16000,1,16,6.76
train,English,id017,train_set/train_set/voices/English/id017/02631.wav,16000,1,16,5.52
train,English,id017,train_set/train_set/voices/English/id017/02089.wav,16000,1,16,5.52
train,English,id017,train_set/train_set/voices/English/id017/05156.wav,16000,1,16,5.52
train,English,id017,train_set/train_set/voices/English/id017/03492.wav,16000,1,16,3.88
train,English,id017,train_set/train_set/voices/English/id017/00071.wav,16000,1,16,3.88
train,English,id017,train_set/train_set/voices/English/id017/06258.wav,16000,1,16,3.88
train,English,id017,train_set/train_set/voices/English/id017/00726.wav,16000,1,16,3.04
train,English,id017,train_set/train_set/voices/English/id017/01233.wav,16000,1,16,3.04
train,English,id017,train_set/train_set/voices/English/id017/01420.wav,16000,1,16,3.04
train,English,id017,train_set/train_set/voices/English/id017/04954.wav,16000,1,16,3.0
train,English,id017,train_set/train_set/voices/English/id017/05255.wav,16000,1,16,3.0
train,English,id017,train_set/train_set/voices/English/id017/01039.wav,16000,1,16,2.4
train,English,id017,train_set/train_set/voices/English/id017/04786.wav,16000,1,16,2.4
train,English,id017,train_set/train_set/voices/English/id017/04451.wav,16000,1,16,6.12
train,English,id017,train_set/train_set/voices/English/id017/03941.wav,16000,1,16,6.12
train,English,id017,train_set/train_set/voices/English/id017/02176.wav,16000,1,16,2.16
train,English,id017,train_set/train_set/voices/English/id017/02790.wav,16000,1,16,7.4
train,English,id017,train_set/train_set/voices/English/id017/00125.wav,16000,1,16,3.6
train,English,id017,train_set/train_set/voices/English/id017/01053.wav,16000,1,16,3.6
train,English,id017,train_set/train_set/voices/English/id017/00670.wav,16000,1,16,3.6
train,English,id017,train_set/train_set/voices/English/id017/00801.wav,16000,1,16,2.0
train,English,id017,train_set/train_set/voices/English/id017/04032.wav,16000,1,16,2.0
train,English,id017,train_set/train_set/voices/English/id017/06459.wav,16000,1,16,2.2
train,English,id017,train_set/train_set/voices/English/id017/00996.wav,16000,1,16,2.56
train,English,id017,train_set/train_set/voices/English/id017/00984.wav,16000,1,16,2.04
train,English,id017,train_set/train_set/voices/English/id017/01240.wav,16000,1,16,2.04
train,English,id017,train_set/train_set/voices/English/id017/02202.wav,16000,1,16,7.44
train,English,id017,train_set/train_set/voices/English/id017/01972.wav,16000,1,16,7.44
train,English,id017,train_set/train_set/voices/English/id017/01946.wav,16000,1,16,7.44
train,English,id017,train_set/train_set/voices/English/id017/06128.wav,16000,1,16,7.44
train,English,id017,train_set/train_set/voices/English/id017/05038.wav,16000,1,16,7.44
train,English,id017,train_set/train_set/voices/English/id017/02294.wav,16000,1,16,7.44
train,English,id017,train_set/train_set/voices/English/id017/02269.wav,16000,1,16,7.44
train,English,id017,train_set/train_set/voices/English/id017/02857.wav,16000,1,16,7.44
train,English,id017,train_set/train_set/voices/English/id017/03051.wav,16000,1,16,7.44
train,English,id017,train_set/train_set/voices/English/id017/02690.wav,16000,1,16,7.44
train,English,id017,train_set/train_set/voices/English/id017/01794.wav,16000,1,16,4.08
train,English,id017,train_set/train_set/voices/English/id017/06025.wav,16000,1,16,4.08
train,English,id017,train_set/train_set/voices/English/id017/02965.wav,16000,1,16,3.24
train,English,id017,train_set/train_set/voices/English/id017/00330.wav,16000,1,16,2.76
train,English,id017,train_set/train_set/voices/English/id017/04694.wav,16000,1,16,3.36
train,English,id017,train_set/train_set/voices/English/id017/05628.wav,16000,1,16,3.36
train,English,id017,train_set/train_set/voices/English/id017/05843.wav,16000,1,16,5.8
train,English,id017,train_set/train_set/voices/English/id017/01321.wav,16000,1,16,5.8
train,English,id017,train_set/train_set/voices/English/id017/06293.wav,16000,1,16,5.8
train,English,id017,train_set/train_set/voices/English/id017/02063.wav,16000,1,16,5.64
train,English,id017,train_set/train_set/voices/English/id017/02372.wav,16000,1,16,5.64
train,English,id017,train_set/train_set/voices/English/id017/05785.wav,16000,1,16,5.64
train,English,id017,train_set/train_set/voices/English/id017/04665.wav,16000,1,16,2.64
train,English,id017,train_set/train_set/voices/English/id017/02319.wav,16000,1,16,2.64
train,English,id017,train_set/train_set/voices/English/id017/06307.wav,16000,1,16,2.64
train,English,id017,train_set/train_set/voices/English/id017/00547.wav,16000,1,16,2.64
train,English,id017,train_set/train_set/voices/English/id017/03349.wav,16000,1,16,2.64
train,English,id017,train_set/train_set/voices/English/id017/04906.wav,16000,1,16,2.28
train,English,id017,train_set/train_set/voices/English/id017/02395.wav,16000,1,16,2.28
train,English,id017,train_set/train_set/voices/English/id017/04311.wav,16000,1,16,7.0
train,English,id017,train_set/train_set/voices/English/id017/00193.wav,16000,1,16,7.0
train,English,id017,train_set/train_set/voices/English/id017/04987.wav,16000,1,16,7.0
train,English,id017,train_set/train_set/voices/English/id017/05494.wav,16000,1,16,7.0
train,English,id017,train_set/train_set/voices/English/id017/05200.wav,16000,1,16,7.0
train,English,id017,train_set/train_set/voices/English/id017/03801.wav,16000,1,16,3.68
train,English,id017,train_set/train_set/voices/English/id017/02290.wav,16000,1,16,2.16
train,English,id017,train_set/train_set/voices/English/id017/01880.wav,16000,1,16,3.44
train,English,id064,train_set/train_set/voices/English/id064/00893.wav,16000,1,16,4.6
train,English,id064,train_set/train_set/voices/English/id064/05936.wav,16000,1,16,3.2
train,English,id064,train_set/train_set/voices/English/id064/04666.wav,16000,1,16,3.2
train,English,id064,train_set/train_set/voices/English/id064/03095.wav,16000,1,16,4.2
train,English,id064,train_set/train_set/voices/English/id064/04960.wav,16000,1,16,6.56
train,English,id064,train_set/train_set/voices/English/id064/01244.wav,16000,1,16,6.56
train,English,id064,train_set/train_set/voices/English/id064/04310.wav,16000,1,16,6.56
train,English,id064,train_set/train_set/voices/English/id064/06243.wav,16000,1,16,6.56
train,English,id064,train_set/train_set/voices/English/id064/04943.wav,16000,1,16,6.56
train,English,id064,train_set/train_set/voices/English/id064/02476.wav,16000,1,16,2.44
train,English,id064,train_set/train_set/voices/English/id064/02967.wav,16000,1,16,3.48
train,English,id064,train_set/train_set/voices/English/id064/01690.wav,16000,1,16,3.48
train,English,id064,train_set/train_set/voices/English/id064/00233.wav,16000,1,16,3.48
train,English,id064,train_set/train_set/voices/English/id064/04312.wav,16000,1,16,5.0
train,English,id064,train_set/train_set/voices/English/id064/05307.wav,16000,1,16,5.0
train,English,id064,train_set/train_set/voices/English/id064/06185.wav,16000,1,16,5.0
train,English,id064,train_set/train_set/voices/English/id064/00708.wav,16000,1,16,2.28
train,English,id064,train_set/train_set/voices/English/id064/01290.wav,16000,1,16,2.28
train,English,id064,train_set/train_set/voices/English/id064/02250.wav,16000,1,16,4.44
train,English,id064,train_set/train_set/voices/English/id064/01002.wav,16000,1,16,4.44
train,English,id064,train_set/train_set/voices/English/id064/04349.wav,16000,1,16,4.28
train,English,id064,train_set/train_set/voices/English/id064/06191.wav,16000,1,16,5.8
train,English,id064,train_set/train_set/voices/English/id064/05497.wav,16000,1,16,4.0
train,English,id064,train_set/train_set/voices/English/id064/02821.wav,16000,1,16,4.84
train,English,id064,train_set/train_set/voices/English/id064/04895.wav,16000,1,16,6.52
train,English,id064,train_set/train_set/voices/English/id064/01248.wav,16000,1,16,6.52
train,English,id064,train_set/train_set/voices/English/id064/03642.wav,16000,1,16,4.76
train,English,id064,train_set/train_set/voices/English/id064/01593.wav,16000,1,16,3.6
train,English,id064,train_set/train_set/voices/English/id064/03749.wav,16000,1,16,3.6
train,English,id064,train_set/train_set/voices/English/id064/02025.wav,16000,1,16,3.6
train,English,id064,train_set/train_set/voices/English/id064/03358.wav,16000,1,16,5.8
train,English,id064,train_set/train_set/voices/English/id064/01923.wav,16000,1,16,5.8
train,English,id064,train_set/train_set/voices/English/id064/02602.wav,16000,1,16,5.8
train,English,id064,train_set/train_set/voices/English/id064/01731.wav,16000,1,16,7.56
train,English,id064,train_set/train_set/voices/English/id064/04471.wav,16000,1,16,2.52
train,English,id064,train_set/train_set/voices/English/id064/05285.wav,16000,1,16,4.48
train,English,id064,train_set/train_set/voices/English/id064/00582.wav,16000,1,16,4.48
train,English,id064,train_set/train_set/voices/English/id064/02691.wav,16000,1,16,4.48
train,English,id064,train_set/train_set/voices/English/id064/04636.wav,16000,1,16,8.44
train,English,id064,train_set/train_set/voices/English/id064/02217.wav,16000,1,16,8.44
train,English,id064,train_set/train_set/voices/English/id064/01878.wav,16000,1,16,8.44
train,English,id064,train_set/train_set/voices/English/id064/00519.wav,16000,1,16,8.44
train,English,id064,train_set/train_set/voices/English/id064/05786.wav,16000,1,16,6.24
train,English,id064,train_set/train_set/voices/English/id064/00887.wav,16000,1,16,5.72
train,English,id064,train_set/train_set/voices/English/id064/04331.wav,16000,1,16,5.72
train,English,id064,train_set/train_set/voices/English/id064/00160.wav,16000,1,16,5.72
train,English,id064,train_set/train_set/voices/English/id064/03467.wav,16000,1,16,5.72
train,English,id064,train_set/train_set/voices/English/id064/04823.wav,16000,1,16,3.64
train,English,id064,train_set/train_set/voices/English/id064/05813.wav,16000,1,16,3.0
train,English,id064,train_set/train_set/voices/English/id064/06286.wav,16000,1,16,7.36
train,English,id064,train_set/train_set/voices/English/id064/03527.wav,16000,1,16,7.36
train,English,id064,train_set/train_set/voices/English/id064/01227.wav,16000,1,16,7.36
train,English,id064,train_set/train_set/voices/English/id064/01774.wav,16000,1,16,7.36
train,English,id064,train_set/train_set/voices/English/id064/03335.wav,16000,1,16,7.36
train,English,id064,train_set/train_set/voices/English/id064/03672.wav,16000,1,16,7.36
train,English,id064,train_set/train_set/voices/English/id064/04347.wav,16000,1,16,7.36
train,English,id064,train_set/train_set/voices/English/id064/05603.wav,16000,1,16,7.36
train,English,id064,train_set/train_set/voices/English/id064/05624.wav,16000,1,16,7.36
train,English,id064,train_set/train_set/voices/English/id064/01936.wav,16000,1,16,4.48
train,English,id064,train_set/train_set/voices/English/id064/04607.wav,16000,1,16,2.24
train,English,id064,train_set/train_set/voices/English/id064/05665.wav,16000,1,16,5.6
train,English,id064,train_set/train_set/voices/English/id064/06138.wav,16000,1,16,6.12
train,English,id064,train_set/train_set/voices/English/id064/01647.wav,16000,1,16,6.12
train,English,id064,train_set/train_set/voices/English/id064/04668.wav,16000,1,16,8.8
train,English,id064,train_set/train_set/voices/English/id064/05521.wav,16000,1,16,8.8
train,English,id064,train_set/train_set/voices/English/id064/05360.wav,16000,1,16,3.16
train,English,id064,train_set/train_set/voices/English/id064/05967.wav,16000,1,16,3.4
train,English,id064,train_set/train_set/voices/English/id064/03302.wav,16000,1,16,3.4
train,English,id064,train_set/train_set/voices/English/id064/00913.wav,16000,1,16,3.56
train,English,id064,train_set/train_set/voices/English/id064/01728.wav,16000,1,16,3.56
train,English,id064,train_set/train_set/voices/English/id064/06215.wav,16000,1,16,4.88
train,English,id064,train_set/train_set/voices/English/id064/02495.wav,16000,1,16,4.88
train,English,id064,train_set/train_set/voices/English/id064/01480.wav,16000,1,16,4.88
train,English,id064,train_set/train_set/voices/English/id064/01134.wav,16000,1,16,4.88
train,English,id064,train_set/train_set/voices/English/id064/04919.wav,16000,1,16,4.88
train,English,id064,train_set/train_set/voices/English/id064/05752.wav,16000,1,16,2.92
train,English,id064,train_set/train_set/voices/English/id064/03651.wav,16000,1,16,4.4
train,English,id064,train_set/train_set/voices/English/id064/04086.wav,16000,1,16,4.4
train,English,id064,train_set/train_set/voices/English/id064/03221.wav,16000,1,16,4.4
train,English,id064,train_set/train_set/voices/English/id064/05277.wav,16000,1,16,6.72
train,English,id064,train_set/train_set/voices/English/id064/05823.wav,16000,1,16,11.76
train,English,id064,train_set/train_set/voices/English/id064/04707.wav,16000,1,16,11.76
train,English,id064,train_set/train_set/voices/English/id064/06171.wav,16000,1,16,11.76
train,English,id064,train_set/train_set/voices/English/id064/04446.wav,16000,1,16,11.76
train,English,id064,train_set/train_set/voices/English/id064/00764.wav,16000,1,16,11.76
train,English,id064,train_set/train_set/voices/English/id064/01067.wav,16000,1,16,5.4
train,English,id064,train_set/train_set/voices/English/id064/03004.wav,16000,1,16,5.4
train,English,id064,train_set/train_set/voices/English/id064/03658.wav,16000,1,16,5.4
train,English,id064,train_set/train_set/voices/English/id064/03412.wav,16000,1,16,5.84
train,English,id064,train_set/train_set/voices/English/id064/00073.wav,16000,1,16,5.84
train,English,id064,train_set/train_set/voices/English/id064/06450.wav,16000,1,16,6.4
train,English,id064,train_set/train_set/voices/English/id064/01308.wav,16000,1,16,6.4
train,English,id064,train_set/train_set/voices/English/id064/03430.wav,16000,1,16,6.4
train,English,id064,train_set/train_set/voices/English/id064/02068.wav,16000,1,16,6.4
train,English,id064,train_set/train_set/voices/English/id064/00999.wav,16000,1,16,6.4
train,English,id064,train_set/train_set/voices/English/id064/05233.wav,16000,1,16,6.4
train,English,id064,train_set/train_set/voices/English/id064/04130.wav,16000,1,16,7.24
train,English,id064,train_set/train_set/voices/English/id064/06252.wav,16000,1,16,7.24
train,English,id064,train_set/train_set/voices/English/id064/06290.wav,16000,1,16,7.24
train,English,id064,train_set/train_set/voices/English/id064/00354.wav,16000,1,16,9.88
train,English,id064,train_set/train_set/voices/English/id064/00206.wav,16000,1,16,9.88
train,English,id064,train_set/train_set/voices/English/id064/02527.wav,16000,1,16,4.4
train,English,id064,train_set/train_set/voices/English/id064/05129.wav,16000,1,16,4.4
train,English,id064,train_set/train_set/voices/English/id064/00116.wav,16000,1,16,2.36
train,English,id064,train_set/train_set/voices/English/id064/01301.wav,16000,1,16,2.36
train,English,id064,train_set/train_set/voices/English/id064/02605.wav,16000,1,16,3.92
train,English,id064,train_set/train_set/voices/English/id064/03598.wav,16000,1,16,8.8
train,English,id064,train_set/train_set/voices/English/id064/02571.wav,16000,1,16,8.8
train,English,id064,train_set/train_set/voices/English/id064/06064.wav,16000,1,16,8.8
train,English,id064,train_set/train_set/voices/English/id064/03733.wav,16000,1,16,3.4
train,English,id064,train_set/train_set/voices/English/id064/05680.wav,16000,1,16,3.4
train,English,id064,train_set/train_set/voices/English/id064/00677.wav,16000,1,16,3.0
train,English,id064,train_set/train_set/voices/English/id064/05598.wav,16000,1,16,3.0
train,English,id064,train_set/train_set/voices/English/id064/01932.wav,16000,1,16,3.0
train,English,id064,train_set/train_set/voices/English/id064/00306.wav,16000,1,16,3.0
train,English,id064,train_set/train_set/voices/English/id064/04962.wav,16000,1,16,8.84
train,English,id064,train_set/train_set/voices/English/id064/01778.wav,16000,1,16,10.96
train,English,id064,train_set/train_set/voices/English/id064/05979.wav,16000,1,16,10.96
train,English,id064,train_set/train_set/voices/English/id064/01435.wav,16000,1,16,3.04
train,English,id064,train_set/train_set/voices/English/id064/04616.wav,16000,1,16,3.8
train,English,id064,train_set/train_set/voices/English/id064/03576.wav,16000,1,16,5.84
train,English,id064,train_set/train_set/voices/English/id064/05758.wav,16000,1,16,3.24
train,English,id064,train_set/train_set/voices/English/id064/00896.wav,16000,1,16,3.24
train,English,id064,train_set/train_set/voices/English/id064/00598.wav,16000,1,16,3.24
train,English,id064,train_set/train_set/voices/English/id064/00341.wav,16000,1,16,5.84
train,English,id064,train_set/train_set/voices/English/id064/03860.wav,16000,1,16,5.84
train,English,id064,train_set/train_set/voices/English/id064/01656.wav,16000,1,16,2.44
train,English,id064,train_set/train_set/voices/English/id064/05749.wav,16000,1,16,4.04
train,English,id064,train_set/train_set/voices/English/id064/06194.wav,16000,1,16,2.24
train,English,id064,train_set/train_set/voices/English/id064/03993.wav,16000,1,16,2.24
train,English,id064,train_set/train_set/voices/English/id064/02651.wav,16000,1,16,2.88
train,English,id064,train_set/train_set/voices/English/id064/04220.wav,16000,1,16,4.52
train,English,id064,train_set/train_set/voices/English/id064/04354.wav,16000,1,16,4.52
train,English,id064,train_set/train_set/voices/English/id064/00246.wav,16000,1,16,2.6
train,English,id064,train_set/train_set/voices/English/id064/02855.wav,16000,1,16,2.6
train,English,id064,train_set/train_set/voices/English/id064/03617.wav,16000,1,16,2.6
train,English,id064,train_set/train_set/voices/English/id064/02464.wav,16000,1,16,3.76
train,English,id064,train_set/train_set/voices/English/id064/00294.wav,16000,1,16,3.76
train,English,id064,train_set/train_set/voices/English/id064/06385.wav,16000,1,16,3.44
train,English,id064,train_set/train_set/voices/English/id064/02514.wav,16000,1,16,3.44
train,English,id064,train_set/train_set/voices/English/id064/04348.wav,16000,1,16,3.44
train,English,id064,train_set/train_set/voices/English/id064/02674.wav,16000,1,16,3.44
train,English,id064,train_set/train_set/voices/English/id064/02012.wav,16000,1,16,2.72
train,English,id064,train_set/train_set/voices/English/id064/00136.wav,16000,1,16,2.72
train,English,id064,train_set/train_set/voices/English/id064/04844.wav,16000,1,16,3.08
train,English,id064,train_set/train_set/voices/English/id064/03058.wav,16000,1,16,2.28
train,English,id064,train_set/train_set/voices/English/id064/00141.wav,16000,1,16,2.76
train,English,id064,train_set/train_set/voices/English/id064/02298.wav,16000,1,16,2.76
train,English,id064,train_set/train_set/voices/English/id064/06066.wav,16000,1,16,2.76
train,English,id064,train_set/train_set/voices/English/id064/04246.wav,16000,1,16,2.84
train,English,id038,train_set/train_set/voices/English/id038/04680.wav,16000,1,16,6.48
train,English,id038,train_set/train_set/voices/English/id038/06051.wav,16000,1,16,6.48
train,English,id038,train_set/train_set/voices/English/id038/01412.wav,16000,1,16,3.88
train,English,id038,train_set/train_set/voices/English/id038/05411.wav,16000,1,16,3.88
train,English,id038,train_set/train_set/voices/English/id038/05762.wav,16000,1,16,3.88
train,English,id038,train_set/train_set/voices/English/id038/03109.wav,16000,1,16,3.88
train,English,id038,train_set/train_set/voices/English/id038/04663.wav,16000,1,16,3.88
train,English,id038,train_set/train_set/voices/English/id038/02570.wav,16000,1,16,3.76
train,English,id038,train_set/train_set/voices/English/id038/00334.wav,16000,1,16,2.28
train,English,id038,train_set/train_set/voices/English/id038/05121.wav,16000,1,16,2.28
train,English,id038,train_set/train_set/voices/English/id038/03848.wav,16000,1,16,3.28
train,English,id038,train_set/train_set/voices/English/id038/01775.wav,16000,1,16,3.28
train,English,id038,train_set/train_set/voices/English/id038/00987.wav,16000,1,16,3.28
train,English,id038,train_set/train_set/voices/English/id038/02237.wav,16000,1,16,3.28
train,English,id038,train_set/train_set/voices/English/id038/05204.wav,16000,1,16,3.28
train,English,id038,train_set/train_set/voices/English/id038/04372.wav,16000,1,16,14.04
train,English,id038,train_set/train_set/voices/English/id038/05730.wav,16000,1,16,4.44
train,English,id038,train_set/train_set/voices/English/id038/00455.wav,16000,1,16,3.88
train,English,id038,train_set/train_set/voices/English/id038/03966.wav,16000,1,16,3.88
train,English,id038,train_set/train_set/voices/English/id038/06053.wav,16000,1,16,3.88
train,English,id038,train_set/train_set/voices/English/id038/03916.wav,16000,1,16,3.88
train,English,id038,train_set/train_set/voices/English/id038/03471.wav,16000,1,16,3.88
train,English,id038,train_set/train_set/voices/English/id038/03707.wav,16000,1,16,3.88
train,English,id038,train_set/train_set/voices/English/id038/02274.wav,16000,1,16,5.6
train,English,id038,train_set/train_set/voices/English/id038/05667.wav,16000,1,16,4.2
train,English,id038,train_set/train_set/voices/English/id038/05238.wav,16000,1,16,8.44
train,English,id038,train_set/train_set/voices/English/id038/01365.wav,16000,1,16,9.32
train,English,id038,train_set/train_set/voices/English/id038/03393.wav,16000,1,16,12.6
train,English,id038,train_set/train_set/voices/English/id038/03427.wav,16000,1,16,10.2
train,English,id038,train_set/train_set/voices/English/id038/03040.wav,16000,1,16,6.44
train,English,id038,train_set/train_set/voices/English/id038/04226.wav,16000,1,16,6.44
train,English,id038,train_set/train_set/voices/English/id038/00362.wav,16000,1,16,5.56
train,English,id038,train_set/train_set/voices/English/id038/04859.wav,16000,1,16,5.56
train,English,id038,train_set/train_set/voices/English/id038/01263.wav,16000,1,16,2.56
train,English,id038,train_set/train_set/voices/English/id038/05880.wav,16000,1,16,3.2
train,English,id038,train_set/train_set/voices/English/id038/01601.wav,16000,1,16,4.6
train,English,id038,train_set/train_set/voices/English/id038/03127.wav,16000,1,16,3.16
train,English,id038,train_set/train_set/voices/English/id038/00250.wav,16000,1,16,3.92
train,English,id038,train_set/train_set/voices/English/id038/03549.wav,16000,1,16,4.84
train,English,id038,train_set/train_set/voices/English/id038/02985.wav,16000,1,16,5.6
train,English,id038,train_set/train_set/voices/English/id038/05550.wav,16000,1,16,6.04
train,English,id038,train_set/train_set/voices/English/id038/06123.wav,16000,1,16,2.04
train,English,id038,train_set/train_set/voices/English/id038/05641.wav,16000,1,16,4.48
train,English,id038,train_set/train_set/voices/English/id038/04720.wav,16000,1,16,3.48
train,English,id038,train_set/train_set/voices/English/id038/05656.wav,16000,1,16,3.56
train,English,id038,train_set/train_set/voices/English/id038/06181.wav,16000,1,16,2.52
train,English,id038,train_set/train_set/voices/English/id038/01028.wav,16000,1,16,6.68
train,English,id038,train_set/train_set/voices/English/id038/01546.wav,16000,1,16,9.6
train,English,id038,train_set/train_set/voices/English/id038/00482.wav,16000,1,16,9.6
train,English,id038,train_set/train_set/voices/English/id038/02530.wav,16000,1,16,13.76
train,English,id038,train_set/train_set/voices/English/id038/05283.wav,16000,1,16,3.8
train,English,id038,train_set/train_set/voices/English/id038/01059.wav,16000,1,16,3.8
train,English,id038,train_set/train_set/voices/English/id038/03693.wav,16000,1,16,10.8
train,English,id038,train_set/train_set/voices/English/id038/01255.wav,16000,1,16,10.8
train,English,id038,train_set/train_set/voices/English/id038/05789.wav,16000,1,16,6.52
train,English,id038,train_set/train_set/voices/English/id038/06054.wav,16000,1,16,6.52
train,English,id038,train_set/train_set/voices/English/id038/02980.wav,16000,1,16,6.52
train,English,id038,train_set/train_set/voices/English/id038/04460.wav,16000,1,16,6.52
train,English,id038,train_set/train_set/voices/English/id038/01186.wav,16000,1,16,12.8
train,English,id038,train_set/train_set/voices/English/id038/05801.wav,16000,1,16,17.72
train,English,id038,train_set/train_set/voices/English/id038/02547.wav,16000,1,16,20.6
train,English,id038,train_set/train_set/voices/English/id038/00588.wav,16000,1,16,10.88
train,English,id038,train_set/train_set/voices/English/id038/05601.wav,16000,1,16,10.88
train,English,id038,train_set/train_set/voices/English/id038/03874.wav,16000,1,16,10.88
train,English,id038,train_set/train_set/voices/English/id038/03170.wav,16000,1,16,8.52
train,English,id038,train_set/train_set/voices/English/id038/01660.wav,16000,1,16,2.68
train,English,id038,train_set/train_set/voices/English/id038/00077.wav,16000,1,16,16.68
train,English,id038,train_set/train_set/voices/English/id038/06001.wav,16000,1,16,16.68
train,English,id038,train_set/train_set/voices/English/id038/04411.wav,16000,1,16,16.68
train,English,id038,train_set/train_set/voices/English/id038/04065.wav,16000,1,16,30.48
train,English,id038,train_set/train_set/voices/English/id038/02757.wav,16000,1,16,30.48
train,English,id038,train_set/train_set/voices/English/id038/01502.wav,16000,1,16,30.48
train,English,id038,train_set/train_set/voices/English/id038/02465.wav,16000,1,16,30.48
train,English,id038,train_set/train_set/voices/English/id038/01489.wav,16000,1,16,35.64
train,English,id038,train_set/train_set/voices/English/id038/02517.wav,16000,1,16,35.64
train,English,id038,train_set/train_set/voices/English/id038/05262.wav,16000,1,16,26.44
train,English,id038,train_set/train_set/voices/English/id038/01686.wav,16000,1,16,26.44
train,English,id038,train_set/train_set/voices/English/id038/03172.wav,16000,1,16,26.44
train,English,id038,train_set/train_set/voices/English/id038/06456.wav,16000,1,16,7.8
train,English,id038,train_set/train_set/voices/English/id038/02055.wav,16000,1,16,25.84
train,English,id038,train_set/train_set/voices/English/id038/02860.wav,16000,1,16,16.44
train,English,id038,train_set/train_set/voices/English/id038/03727.wav,16000,1,16,5.76
train,English,id038,train_set/train_set/voices/English/id038/01230.wav,16000,1,16,9.68
train,English,id038,train_set/train_set/voices/English/id038/06418.wav,16000,1,16,9.68
train,English,id038,train_set/train_set/voices/English/id038/02781.wav,16000,1,16,9.68
train,English,id038,train_set/train_set/voices/English/id038/06040.wav,16000,1,16,20.84
train,English,id038,train_set/train_set/voices/English/id038/00438.wav,16000,1,16,28.76
train,English,id038,train_set/train_set/voices/English/id038/01075.wav,16000,1,16,23.8
train,English,id038,train_set/train_set/voices/English/id038/02774.wav,16000,1,16,26.16
train,English,id038,train_set/train_set/voices/English/id038/02377.wav,16000,1,16,26.16
train,English,id038,train_set/train_set/voices/English/id038/01613.wav,16000,1,16,26.16
train,English,id038,train_set/train_set/voices/English/id038/04787.wav,16000,1,16,7.2
train,English,id038,train_set/train_set/voices/English/id038/03165.wav,16000,1,16,7.2
train,English,id038,train_set/train_set/voices/English/id038/00226.wav,16000,1,16,8.24
train,English,id038,train_set/train_set/voices/English/id038/02606.wav,16000,1,16,17.12
train,English,id038,train_set/train_set/voices/English/id038/01063.wav,16000,1,16,5.76
train,English,id038,train_set/train_set/voices/English/id038/00127.wav,16000,1,16,3.24
train,English,id038,train_set/train_set/voices/English/id038/01616.wav,16000,1,16,7.12
train,English,id038,train_set/train_set/voices/English/id038/06277.wav,16000,1,16,4.4
train,English,id038,train_set/train_set/voices/English/id038/01093.wav,16000,1,16,4.04
train,English,id038,train_set/train_set/voices/English/id038/03486.wav,16000,1,16,3.08
train,English,id037,train_set/train_set/voices/English/id037/05988.wav,16000,1,16,3.52
train,English,id037,train_set/train_set/voices/English/id037/04644.wav,16000,1,16,7.24
train,English,id037,train_set/train_set/voices/English/id037/01566.wav,16000,1,16,7.24
train,English,id037,train_set/train_set/voices/English/id037/04926.wav,16000,1,16,7.12
train,English,id037,train_set/train_set/voices/English/id037/01246.wav,16000,1,16,2.76
train,English,id037,train_set/train_set/voices/English/id037/03956.wav,16000,1,16,2.04
train,English,id037,train_set/train_set/voices/English/id037/02978.wav,16000,1,16,2.44
train,English,id037,train_set/train_set/voices/English/id037/01101.wav,16000,1,16,4.0
train,English,id037,train_set/train_set/voices/English/id037/02286.wav,16000,1,16,5.32
train,English,id037,train_set/train_set/voices/English/id037/02585.wav,16000,1,16,7.32
train,English,id037,train_set/train_set/voices/English/id037/00080.wav,16000,1,16,3.4
train,English,id037,train_set/train_set/voices/English/id037/01881.wav,16000,1,16,5.24
train,English,id037,train_set/train_set/voices/English/id037/04517.wav,16000,1,16,2.2
train,English,id037,train_set/train_set/voices/English/id037/00551.wav,16000,1,16,3.2
train,English,id037,train_set/train_set/voices/English/id037/06236.wav,16000,1,16,6.56
train,English,id037,train_set/train_set/voices/English/id037/06404.wav,16000,1,16,3.56
train,English,id037,train_set/train_set/voices/English/id037/02441.wav,16000,1,16,2.48
train,English,id037,train_set/train_set/voices/English/id037/03754.wav,16000,1,16,3.8
train,English,id037,train_set/train_set/voices/English/id037/00908.wav,16000,1,16,5.16
train,English,id037,train_set/train_set/voices/English/id037/01654.wav,16000,1,16,5.16
train,English,id037,train_set/train_set/voices/English/id037/04489.wav,16000,1,16,5.2
train,English,id037,train_set/train_set/voices/English/id037/02493.wav,16000,1,16,3.76
train,English,id037,train_set/train_set/voices/English/id037/03072.wav,16000,1,16,4.44
train,English,id037,train_set/train_set/voices/English/id037/01172.wav,16000,1,16,2.64
train,English,id037,train_set/train_set/voices/English/id037/05735.wav,16000,1,16,2.08
train,English,id037,train_set/train_set/voices/English/id037/05778.wav,16000,1,16,2.76
train,English,id037,train_set/train_set/voices/English/id037/01333.wav,16000,1,16,2.76
train,English,id037,train_set/train_set/voices/English/id037/05442.wav,16000,1,16,2.28
train,English,id037,train_set/train_set/voices/English/id037/04162.wav,16000,1,16,4.72
train,English,id037,train_set/train_set/voices/English/id037/03546.wav,16000,1,16,2.52
train,English,id037,train_set/train_set/voices/English/id037/04320.wav,16000,1,16,2.8
train,English,id061,train_set/train_set/voices/English/id061/00252.wav,16000,1,16,3.0
train,English,id061,train_set/train_set/voices/English/id061/01394.wav,16000,1,16,8.56
train,English,id061,train_set/train_set/voices/English/id061/00969.wav,16000,1,16,8.56
train,English,id061,train_set/train_set/voices/English/id061/02375.wav,16000,1,16,3.04
train,English,id061,train_set/train_set/voices/English/id061/03710.wav,16000,1,16,3.04
train,English,id061,train_set/train_set/voices/English/id061/03736.wav,16000,1,16,3.04
train,English,id061,train_set/train_set/voices/English/id061/05433.wav,16000,1,16,2.04
train,English,id061,train_set/train_set/voices/English/id061/02193.wav,16000,1,16,2.08
train,English,id061,train_set/train_set/voices/English/id061/03108.wav,16000,1,16,2.08
train,English,id061,train_set/train_set/voices/English/id061/00091.wav,16000,1,16,3.32
train,English,id061,train_set/train_set/voices/English/id061/05099.wav,16000,1,16,2.72
train,English,id061,train_set/train_set/voices/English/id061/05875.wav,16000,1,16,4.2
train,English,id061,train_set/train_set/voices/English/id061/05400.wav,16000,1,16,4.2
train,English,id061,train_set/train_set/voices/English/id061/00220.wav,16000,1,16,4.2
train,English,id045,train_set/train_set/voices/English/id045/02509.wav,16000,1,16,4.44
train,English,id045,train_set/train_set/voices/English/id045/00092.wav,16000,1,16,5.28
train,English,id045,train_set/train_set/voices/English/id045/01609.wav,16000,1,16,3.68
train,English,id045,train_set/train_set/voices/English/id045/06175.wav,16000,1,16,2.24
train,English,id045,train_set/train_set/voices/English/id045/04219.wav,16000,1,16,18.2
train,English,id045,train_set/train_set/voices/English/id045/03636.wav,16000,1,16,3.0
train,English,id045,train_set/train_set/voices/English/id045/06318.wav,16000,1,16,3.08
train,English,id045,train_set/train_set/voices/English/id045/00937.wav,16000,1,16,4.48
train,English,id045,train_set/train_set/voices/English/id045/05143.wav,16000,1,16,3.6
train,English,id045,train_set/train_set/voices/English/id045/03896.wav,16000,1,16,8.2
train,English,id045,train_set/train_set/voices/English/id045/04989.wav,16000,1,16,17.88
train,English,id045,train_set/train_set/voices/English/id045/04635.wav,16000,1,16,5.56
train,English,id045,train_set/train_set/voices/English/id045/06072.wav,16000,1,16,2.48
train,English,id045,train_set/train_set/voices/English/id045/02261.wav,16000,1,16,6.36
train,English,id045,train_set/train_set/voices/English/id045/02809.wav,16000,1,16,4.32
train,English,id045,train_set/train_set/voices/English/id045/03211.wav,16000,1,16,6.76
train,English,id045,train_set/train_set/voices/English/id045/02638.wav,16000,1,16,2.84
train,English,id045,train_set/train_set/voices/English/id045/05514.wav,16000,1,16,4.4
train,English,id045,train_set/train_set/voices/English/id045/04492.wav,16000,1,16,5.44
train,English,id045,train_set/train_set/voices/English/id045/01797.wav,16000,1,16,9.0
train,English,id045,train_set/train_set/voices/English/id045/06325.wav,16000,1,16,3.32
train,English,id045,train_set/train_set/voices/English/id045/01092.wav,16000,1,16,6.28
train,English,id045,train_set/train_set/voices/English/id045/05083.wav,16000,1,16,2.44
train,English,id045,train_set/train_set/voices/English/id045/03175.wav,16000,1,16,5.68
train,English,id045,train_set/train_set/voices/English/id045/02882.wav,16000,1,16,4.08
train,English,id045,train_set/train_set/voices/English/id045/02893.wav,16000,1,16,2.52
train,English,id045,train_set/train_set/voices/English/id045/00693.wav,16000,1,16,5.28
train,English,id045,train_set/train_set/voices/English/id045/05912.wav,16000,1,16,5.92
train,English,id045,train_set/train_set/voices/English/id045/00813.wav,16000,1,16,8.36
train,English,id045,train_set/train_set/voices/English/id045/00666.wav,16000,1,16,2.6
train,English,id045,train_set/train_set/voices/English/id045/00844.wav,16000,1,16,2.6
train,English,id045,train_set/train_set/voices/English/id045/05344.wav,16000,1,16,5.0
train,English,id045,train_set/train_set/voices/English/id045/05332.wav,16000,1,16,4.4
train,English,id045,train_set/train_set/voices/English/id045/00244.wav,16000,1,16,4.04
train,English,id045,train_set/train_set/voices/English/id045/01292.wav,16000,1,16,3.36
train,English,id045,train_set/train_set/voices/English/id045/05286.wav,16000,1,16,3.96
train,English,id045,train_set/train_set/voices/English/id045/05686.wav,16000,1,16,3.68
train,English,id045,train_set/train_set/voices/English/id045/04030.wav,16000,1,16,2.36
train,English,id045,train_set/train_set/voices/English/id045/05181.wav,16000,1,16,3.12
train,English,id045,train_set/train_set/voices/English/id045/01952.wav,16000,1,16,2.36
train,English,id045,train_set/train_set/voices/English/id045/00258.wav,16000,1,16,6.08
train,English,id045,train_set/train_set/voices/English/id045/04833.wav,16000,1,16,5.0
train,English,id045,train_set/train_set/voices/English/id045/06315.wav,16000,1,16,4.32
train,English,id045,train_set/train_set/voices/English/id045/04778.wav,16000,1,16,5.16
train,English,id045,train_set/train_set/voices/English/id045/02776.wav,16000,1,16,6.96
train,English,id045,train_set/train_set/voices/English/id045/06144.wav,16000,1,16,7.2
train,English,id045,train_set/train_set/voices/English/id045/02230.wav,16000,1,16,4.72
train,English,id045,train_set/train_set/voices/English/id045/02562.wav,16000,1,16,4.72
train,English,id045,train_set/train_set/voices/English/id045/04866.wav,16000,1,16,2.32
train,English,id045,train_set/train_set/voices/English/id045/05655.wav,16000,1,16,10.72
train,English,id045,train_set/train_set/voices/English/id045/04504.wav,16000,1,16,3.32
train,English,id045,train_set/train_set/voices/English/id045/03141.wav,16000,1,16,2.92
train,English,id045,train_set/train_set/voices/English/id045/00964.wav,16000,1,16,4.32
train,English,id045,train_set/train_set/voices/English/id045/01727.wav,16000,1,16,4.2
train,English,id045,train_set/train_set/voices/English/id045/06186.wav,16000,1,16,4.2
train,English,id045,train_set/train_set/voices/English/id045/01303.wav,16000,1,16,3.36
train,English,id045,train_set/train_set/voices/English/id045/04470.wav,16000,1,16,7.2
train,English,id045,train_set/train_set/voices/English/id045/01767.wav,16000,1,16,7.2
train,English,id045,train_set/train_set/voices/English/id045/04287.wav,16000,1,16,7.08
train,English,id045,train_set/train_set/voices/English/id045/03787.wav,16000,1,16,7.08
train,English,id045,train_set/train_set/voices/English/id045/01205.wav,16000,1,16,6.88
train,English,id045,train_set/train_set/voices/English/id045/06067.wav,16000,1,16,4.24
train,English,id045,train_set/train_set/voices/English/id045/00366.wav,16000,1,16,5.56
train,English,id045,train_set/train_set/voices/English/id045/02942.wav,16000,1,16,6.84
train,English,id045,train_set/train_set/voices/English/id045/01611.wav,16000,1,16,5.48
train,English,id045,train_set/train_set/voices/English/id045/00171.wav,16000,1,16,3.36
train,English,id045,train_set/train_set/voices/English/id045/05313.wav,16000,1,16,3.56
train,English,id045,train_set/train_set/voices/English/id045/01885.wav,16000,1,16,3.32
train,English,id045,train_set/train_set/voices/English/id045/01934.wav,16000,1,16,3.96
train,English,id045,train_set/train_set/voices/English/id045/05712.wav,16000,1,16,6.16
train,English,id045,train_set/train_set/voices/English/id045/00492.wav,16000,1,16,4.16
train,English,id045,train_set/train_set/voices/English/id045/04431.wav,16000,1,16,4.28
train,English,id045,train_set/train_set/voices/English/id045/04361.wav,16000,1,16,2.36
train,English,id045,train_set/train_set/voices/English/id045/00325.wav,16000,1,16,7.0
train,English,id045,train_set/train_set/voices/English/id045/00209.wav,16000,1,16,5.92
train,English,id045,train_set/train_set/voices/English/id045/05455.wav,16000,1,16,5.24
train,English,id045,train_set/train_set/voices/English/id045/05998.wav,16000,1,16,2.48
train,English,id045,train_set/train_set/voices/English/id045/06196.wav,16000,1,16,4.4
train,English,id045,train_set/train_set/voices/English/id045/01345.wav,16000,1,16,3.56
train,English,id045,train_set/train_set/voices/English/id045/03767.wav,16000,1,16,2.52
train,English,id045,train_set/train_set/voices/English/id045/02778.wav,16000,1,16,6.32
train,English,id045,train_set/train_set/voices/English/id045/05167.wav,16000,1,16,4.88
train,English,id045,train_set/train_set/voices/English/id045/05209.wav,16000,1,16,3.6
train,English,id045,train_set/train_set/voices/English/id045/03879.wav,16000,1,16,3.28
train,English,id045,train_set/train_set/voices/English/id045/02984.wav,16000,1,16,5.04
train,English,id045,train_set/train_set/voices/English/id045/00568.wav,16000,1,16,5.44
train,English,id045,train_set/train_set/voices/English/id045/00962.wav,16000,1,16,5.28
train,English,id045,train_set/train_set/voices/English/id045/04902.wav,16000,1,16,3.08
train,English,id045,train_set/train_set/voices/English/id045/03609.wav,16000,1,16,6.96
train,English,id045,train_set/train_set/voices/English/id045/05001.wav,16000,1,16,5.6
train,English,id045,train_set/train_set/voices/English/id045/00611.wav,16000,1,16,2.44
train,English,id045,train_set/train_set/voices/English/id045/01234.wav,16000,1,16,2.04
train,English,id045,train_set/train_set/voices/English/id045/03466.wav,16000,1,16,3.0
train,English,id045,train_set/train_set/voices/English/id045/04991.wav,16000,1,16,7.16
train,English,id045,train_set/train_set/voices/English/id045/04428.wav,16000,1,16,4.76
train,English,id045,train_set/train_set/voices/English/id045/06313.wav,16000,1,16,4.28
train,English,id045,train_set/train_set/voices/English/id045/04048.wav,16000,1,16,4.28
train,English,id045,train_set/train_set/voices/English/id045/04910.wav,16000,1,16,4.0
train,English,id045,train_set/train_set/voices/English/id045/04405.wav,16000,1,16,2.24
train,English,id056,train_set/train_set/voices/English/id056/02346.wav,16000,1,16,18.12
train,English,id056,train_set/train_set/voices/English/id056/01703.wav,16000,1,16,18.12
train,English,id056,train_set/train_set/voices/English/id056/03297.wav,16000,1,16,18.12
train,English,id056,train_set/train_set/voices/English/id056/06292.wav,16000,1,16,14.4
train,English,id056,train_set/train_set/voices/English/id056/05080.wav,16000,1,16,14.4
train,English,id056,train_set/train_set/voices/English/id056/02491.wav,16000,1,16,18.36
train,English,id056,train_set/train_set/voices/English/id056/00811.wav,16000,1,16,18.36
train,English,id056,train_set/train_set/voices/English/id056/05201.wav,16000,1,16,9.68
train,English,id056,train_set/train_set/voices/English/id056/03183.wav,16000,1,16,9.68
train,English,id056,train_set/train_set/voices/English/id056/00378.wav,16000,1,16,15.92
train,English,id056,train_set/train_set/voices/English/id056/00886.wav,16000,1,16,15.92
train,English,id056,train_set/train_set/voices/English/id056/02862.wav,16000,1,16,15.92
train,English,id056,train_set/train_set/voices/English/id056/00847.wav,16000,1,16,12.88
train,English,id056,train_set/train_set/voices/English/id056/05783.wav,16000,1,16,12.88
train,English,id056,train_set/train_set/voices/English/id056/00836.wav,16000,1,16,19.4
train,English,id056,train_set/train_set/voices/English/id056/02715.wav,16000,1,16,12.28
train,English,id056,train_set/train_set/voices/English/id056/04256.wav,16000,1,16,12.28
train,English,id056,train_set/train_set/voices/English/id056/06464.wav,16000,1,16,12.28
train,English,id056,train_set/train_set/voices/English/id056/04994.wav,16000,1,16,14.56
train,English,id056,train_set/train_set/voices/English/id056/05757.wav,16000,1,16,14.56
train,English,id056,train_set/train_set/voices/English/id056/04754.wav,16000,1,16,14.56
train,English,id056,train_set/train_set/voices/English/id056/03248.wav,16000,1,16,3.4
train,English,id056,train_set/train_set/voices/English/id056/01742.wav,16000,1,16,7.44
train,English,id056,train_set/train_set/voices/English/id056/03778.wav,16000,1,16,7.44
train,English,id056,train_set/train_set/voices/English/id056/04654.wav,16000,1,16,35.48
train,English,id056,train_set/train_set/voices/English/id056/01582.wav,16000,1,16,35.48
train,English,id056,train_set/train_set/voices/English/id056/00097.wav,16000,1,16,35.48
train,English,id056,train_set/train_set/voices/English/id056/00889.wav,16000,1,16,35.48
train,English,id056,train_set/train_set/voices/English/id056/05934.wav,16000,1,16,35.48
train,English,id056,train_set/train_set/voices/English/id056/04522.wav,16000,1,16,35.48
train,English,id056,train_set/train_set/voices/English/id056/00982.wav,16000,1,16,35.48
train,English,id056,train_set/train_set/voices/English/id056/04235.wav,16000,1,16,35.48
train,English,id056,train_set/train_set/voices/English/id056/06446.wav,16000,1,16,35.48
train,English,id056,train_set/train_set/voices/English/id056/00167.wav,16000,1,16,14.0
train,English,id056,train_set/train_set/voices/English/id056/05643.wav,16000,1,16,6.6
train,English,id056,train_set/train_set/voices/English/id056/06316.wav,16000,1,16,6.6
train,English,id056,train_set/train_set/voices/English/id056/06398.wav,16000,1,16,6.76
train,English,id056,train_set/train_set/voices/English/id056/04922.wav,16000,1,16,7.68
train,English,id056,train_set/train_set/voices/English/id056/00313.wav,16000,1,16,7.68
train,English,id056,train_set/train_set/voices/English/id056/05761.wav,16000,1,16,12.04
train,English,id056,train_set/train_set/voices/English/id056/00150.wav,16000,1,16,12.04
train,English,id056,train_set/train_set/voices/English/id056/03806.wav,16000,1,16,12.24
train,English,id056,train_set/train_set/voices/English/id056/00784.wav,16000,1,16,12.24
train,English,id056,train_set/train_set/voices/English/id056/04513.wav,16000,1,16,12.24
train,English,id056,train_set/train_set/voices/English/id056/02111.wav,16000,1,16,12.24
train,English,id056,train_set/train_set/voices/English/id056/02541.wav,16000,1,16,12.24
train,English,id056,train_set/train_set/voices/English/id056/00406.wav,16000,1,16,12.04
train,English,id056,train_set/train_set/voices/English/id056/04410.wav,16000,1,16,12.04
train,English,id056,train_set/train_set/voices/English/id056/03490.wav,16000,1,16,12.04
train,English,id056,train_set/train_set/voices/English/id056/05854.wav,16000,1,16,2.4
train,English,id056,train_set/train_set/voices/English/id056/05168.wav,16000,1,16,4.44
train,English,id056,train_set/train_set/voices/English/id056/02471.wav,16000,1,16,6.44
train,English,id056,train_set/train_set/voices/English/id056/04604.wav,16000,1,16,3.84
train,English,id056,train_set/train_set/voices/English/id056/00769.wav,16000,1,16,23.16
train,English,id056,train_set/train_set/voices/English/id056/03572.wav,16000,1,16,23.16
train,English,id056,train_set/train_set/voices/English/id056/01572.wav,16000,1,16,23.16
train,English,id056,train_set/train_set/voices/English/id056/05582.wav,16000,1,16,9.36
train,English,id056,train_set/train_set/voices/English/id056/02396.wav,16000,1,16,9.52
train,English,id056,train_set/train_set/voices/English/id056/05305.wav,16000,1,16,37.8
train,English,id056,train_set/train_set/voices/English/id056/03512.wav,16000,1,16,37.8
train,English,id056,train_set/train_set/voices/English/id056/03310.wav,16000,1,16,37.8
train,English,id056,train_set/train_set/voices/English/id056/01981.wav,16000,1,16,37.8
train,English,id056,train_set/train_set/voices/English/id056/03909.wav,16000,1,16,37.8
train,English,id056,train_set/train_set/voices/English/id056/02576.wav,16000,1,16,37.8
train,English,id056,train_set/train_set/voices/English/id056/05820.wav,16000,1,16,37.8
train,English,id056,train_set/train_set/voices/English/id056/04136.wav,16000,1,16,37.8
train,English,id056,train_set/train_set/voices/English/id056/05759.wav,16000,1,16,37.8
train,English,id056,train_set/train_set/voices/English/id056/01661.wav,16000,1,16,22.8
train,English,id056,train_set/train_set/voices/English/id056/04307.wav,16000,1,16,22.8
train,English,id056,train_set/train_set/voices/English/id056/00604.wav,16000,1,16,22.8
train,English,id056,train_set/train_set/voices/English/id056/02054.wav,16000,1,16,22.8
train,English,id056,train_set/train_set/voices/English/id056/01040.wav,16000,1,16,22.8
train,English,id056,train_set/train_set/voices/English/id056/02891.wav,16000,1,16,21.44
train,English,id056,train_set/train_set/voices/English/id056/06062.wav,16000,1,16,21.44
train,English,id056,train_set/train_set/voices/English/id056/00741.wav,16000,1,16,21.44
train,English,id056,train_set/train_set/voices/English/id056/04229.wav,16000,1,16,21.44
train,English,id056,train_set/train_set/voices/English/id056/04640.wav,16000,1,16,21.44
train,English,id056,train_set/train_set/voices/English/id056/03578.wav,16000,1,16,21.44
train,English,id056,train_set/train_set/voices/English/id056/03249.wav,16000,1,16,4.32
train,English,id056,train_set/train_set/voices/English/id056/01395.wav,16000,1,16,7.44
train,English,id056,train_set/train_set/voices/English/id056/02156.wav,16000,1,16,12.52
train,English,id056,train_set/train_set/voices/English/id056/03628.wav,16000,1,16,11.2
train,English,id056,train_set/train_set/voices/English/id056/05613.wav,16000,1,16,11.2
train,English,id056,train_set/train_set/voices/English/id056/02401.wav,16000,1,16,11.2
train,English,id056,train_set/train_set/voices/English/id056/05299.wav,16000,1,16,7.08
train,English,id056,train_set/train_set/voices/English/id056/02079.wav,16000,1,16,4.44
train,English,id056,train_set/train_set/voices/English/id056/04897.wav,16000,1,16,6.84
train,English,id056,train_set/train_set/voices/English/id056/02640.wav,16000,1,16,11.28
train,English,id056,train_set/train_set/voices/English/id056/05091.wav,16000,1,16,11.28
train,English,id056,train_set/train_set/voices/English/id056/01251.wav,16000,1,16,11.28
train,English,id056,train_set/train_set/voices/English/id056/04566.wav,16000,1,16,11.28
train,English,id056,train_set/train_set/voices/English/id056/01310.wav,16000,1,16,11.28
train,English,id056,train_set/train_set/voices/English/id056/05777.wav,16000,1,16,11.28
train,English,id056,train_set/train_set/voices/English/id056/03005.wav,16000,1,16,5.6
train,English,id056,train_set/train_set/voices/English/id056/01505.wav,16000,1,16,5.6
train,English,id056,train_set/train_set/voices/English/id056/00182.wav,16000,1,16,2.16
train,English,id023,train_set/train_set/voices/English/id023/05492.wav,16000,1,16,7.0
train,English,id023,train_set/train_set/voices/English/id023/01330.wav,16000,1,16,7.0
train,English,id023,train_set/train_set/voices/English/id023/00610.wav,16000,1,16,3.12
train,English,id023,train_set/train_set/voices/English/id023/05431.wav,16000,1,16,3.12
train,English,id023,train_set/train_set/voices/English/id023/02130.wav,16000,1,16,5.08
train,English,id023,train_set/train_set/voices/English/id023/01693.wav,16000,1,16,10.92
train,English,id023,train_set/train_set/voices/English/id023/00395.wav,16000,1,16,14.08
train,English,id023,train_set/train_set/voices/English/id023/00339.wav,16000,1,16,5.6
train,English,id023,train_set/train_set/voices/English/id023/00197.wav,16000,1,16,5.6
train,English,id023,train_set/train_set/voices/English/id023/05623.wav,16000,1,16,5.6
train,English,id023,train_set/train_set/voices/English/id023/05948.wav,16000,1,16,5.6
train,English,id023,train_set/train_set/voices/English/id023/05157.wav,16000,1,16,5.6
train,English,id023,train_set/train_set/voices/English/id023/01939.wav,16000,1,16,5.6
train,English,id023,train_set/train_set/voices/English/id023/06241.wav,16000,1,16,5.6
train,English,id023,train_set/train_set/voices/English/id023/06035.wav,16000,1,16,5.6
train,English,id023,train_set/train_set/voices/English/id023/05026.wav,16000,1,16,5.6
train,English,id023,train_set/train_set/voices/English/id023/00879.wav,16000,1,16,3.24
train,English,id023,train_set/train_set/voices/English/id023/00435.wav,16000,1,16,9.76
train,English,id023,train_set/train_set/voices/English/id023/06210.wav,16000,1,16,9.76
train,English,id023,train_set/train_set/voices/English/id023/05713.wav,16000,1,16,6.28
train,English,id023,train_set/train_set/voices/English/id023/00456.wav,16000,1,16,19.4
train,English,id023,train_set/train_set/voices/English/id023/01037.wav,16000,1,16,30.76
train,English,id023,train_set/train_set/voices/English/id023/01327.wav,16000,1,16,30.76
train,English,id023,train_set/train_set/voices/English/id023/00260.wav,16000,1,16,30.76
train,English,id023,train_set/train_set/voices/English/id023/00198.wav,16000,1,16,9.96
train,English,id023,train_set/train_set/voices/English/id023/01592.wav,16000,1,16,4.24
train,English,id023,train_set/train_set/voices/English/id023/03798.wav,16000,1,16,13.56
train,English,id023,train_set/train_set/voices/English/id023/03236.wav,16000,1,16,4.44
train,English,id023,train_set/train_set/voices/English/id023/05944.wav,16000,1,16,10.36
train,English,id023,train_set/train_set/voices/English/id023/01858.wav,16000,1,16,10.56
train,English,id023,train_set/train_set/voices/English/id023/05787.wav,16000,1,16,10.0
train,English,id023,train_set/train_set/voices/English/id023/01467.wav,16000,1,16,10.0
train,English,id023,train_set/train_set/voices/English/id023/06254.wav,16000,1,16,4.88
train,English,id023,train_set/train_set/voices/English/id023/02129.wav,16000,1,16,5.68
train,English,id023,train_set/train_set/voices/English/id023/00572.wav,16000,1,16,3.32
train,English,id023,train_set/train_set/voices/English/id023/05806.wav,16000,1,16,2.72
train,English,id023,train_set/train_set/voices/English/id023/05695.wav,16000,1,16,6.8
train,English,id023,train_set/train_set/voices/English/id023/04370.wav,16000,1,16,11.28
train,English,id023,train_set/train_set/voices/English/id023/06059.wav,16000,1,16,3.12
train,English,id023,train_set/train_set/voices/English/id023/05921.wav,16000,1,16,5.04
train,English,id023,train_set/train_set/voices/English/id023/00476.wav,16000,1,16,5.04
train,English,id023,train_set/train_set/voices/English/id023/01048.wav,16000,1,16,5.8
train,English,id023,train_set/train_set/voices/English/id023/06283.wav,16000,1,16,5.8
train,English,id023,train_set/train_set/voices/English/id023/01538.wav,16000,1,16,9.56
train,English,id023,train_set/train_set/voices/English/id023/02873.wav,16000,1,16,9.56
train,English,id023,train_set/train_set/voices/English/id023/04337.wav,16000,1,16,4.2
train,English,id023,train_set/train_set/voices/English/id023/06329.wav,16000,1,16,7.44
train,English,id023,train_set/train_set/voices/English/id023/06389.wav,16000,1,16,2.64
train,English,id023,train_set/train_set/voices/English/id023/03854.wav,16000,1,16,7.68
train,English,id023,train_set/train_set/voices/English/id023/02399.wav,16000,1,16,7.68
train,English,id023,train_set/train_set/voices/English/id023/02513.wav,16000,1,16,4.36
train,English,id023,train_set/train_set/voices/English/id023/05610.wav,16000,1,16,2.36
train,English,id023,train_set/train_set/voices/English/id023/05569.wav,16000,1,16,3.28
train,English,id023,train_set/train_set/voices/English/id023/02504.wav,16000,1,16,2.28
train,English,id023,train_set/train_set/voices/English/id023/03440.wav,16000,1,16,5.76
train,English,id023,train_set/train_set/voices/English/id023/00489.wav,16000,1,16,6.12
train,English,id023,train_set/train_set/voices/English/id023/01929.wav,16000,1,16,7.92
train,English,id023,train_set/train_set/voices/English/id023/03416.wav,16000,1,16,2.32
train,English,id023,train_set/train_set/voices/English/id023/03610.wav,16000,1,16,3.24
train,English,id023,train_set/train_set/voices/English/id023/03914.wav,16000,1,16,4.32
train,English,id023,train_set/train_set/voices/English/id023/03325.wav,16000,1,16,3.0
train,English,id023,train_set/train_set/voices/English/id023/02804.wav,16000,1,16,3.0
train,English,id023,train_set/train_set/voices/English/id023/00363.wav,16000,1,16,3.0
train,English,id023,train_set/train_set/voices/English/id023/03181.wav,16000,1,16,3.4
train,English,id023,train_set/train_set/voices/English/id023/02039.wav,16000,1,16,3.4
train,English,id023,train_set/train_set/voices/English/id023/03046.wav,16000,1,16,2.6
train,English,id023,train_set/train_set/voices/English/id023/00154.wav,16000,1,16,2.52
train,English,id023,train_set/train_set/voices/English/id023/06278.wav,16000,1,16,2.52
train,English,id023,train_set/train_set/voices/English/id023/00098.wav,16000,1,16,13.8
train,English,id023,train_set/train_set/voices/English/id023/04315.wav,16000,1,16,13.8
train,English,id023,train_set/train_set/voices/English/id023/02841.wav,16000,1,16,13.8
train,English,id023,train_set/train_set/voices/English/id023/04456.wav,16000,1,16,3.68
train,English,id023,train_set/train_set/voices/English/id023/06408.wav,16000,1,16,23.0
train,English,id023,train_set/train_set/voices/English/id023/05318.wav,16000,1,16,23.0
train,English,id023,train_set/train_set/voices/English/id023/04699.wav,16000,1,16,9.28
train,English,id023,train_set/train_set/voices/English/id023/01721.wav,16000,1,16,9.28
train,English,id023,train_set/train_set/voices/English/id023/00710.wav,16000,1,16,9.28
train,English,id023,train_set/train_set/voices/English/id023/00981.wav,16000,1,16,6.44
train,English,id023,train_set/train_set/voices/English/id023/04892.wav,16000,1,16,9.08
train,English,id023,train_set/train_set/voices/English/id023/04831.wav,16000,1,16,9.08
train,English,id023,train_set/train_set/voices/English/id023/01550.wav,16000,1,16,4.88
train,English,id023,train_set/train_set/voices/English/id023/03637.wav,16000,1,16,15.36
train,English,id023,train_set/train_set/voices/English/id023/05339.wav,16000,1,16,3.76
train,English,id023,train_set/train_set/voices/English/id023/03649.wav,16000,1,16,12.8
train,English,id023,train_set/train_set/voices/English/id023/03428.wav,16000,1,16,6.52
train,English,id023,train_set/train_set/voices/English/id023/02756.wav,16000,1,16,6.52
train,English,id023,train_set/train_set/voices/English/id023/04282.wav,16000,1,16,4.92
train,English,id023,train_set/train_set/voices/English/id023/02694.wav,16000,1,16,4.72
train,English,id023,train_set/train_set/voices/English/id023/04730.wav,16000,1,16,7.68
train,English,id023,train_set/train_set/voices/English/id023/01509.wav,16000,1,16,12.0
train,English,id023,train_set/train_set/voices/English/id023/04810.wav,16000,1,16,6.96
train,English,id023,train_set/train_set/voices/English/id023/06481.wav,16000,1,16,6.96
train,English,id023,train_set/train_set/voices/English/id023/05120.wav,16000,1,16,19.16
train,English,id023,train_set/train_set/voices/English/id023/02629.wav,16000,1,16,19.16
train,English,id023,train_set/train_set/voices/English/id023/02582.wav,16000,1,16,19.16
train,English,id023,train_set/train_set/voices/English/id023/00950.wav,16000,1,16,7.12
train,English,id023,train_set/train_set/voices/English/id023/04001.wav,16000,1,16,4.04
train,English,id023,train_set/train_set/voices/English/id023/02058.wav,16000,1,16,10.2
train,English,id023,train_set/train_set/voices/English/id023/01903.wav,16000,1,16,5.56
train,English,id023,train_set/train_set/voices/English/id023/00623.wav,16000,1,16,5.4
train,English,id023,train_set/train_set/voices/English/id023/01182.wav,16000,1,16,5.4
train,English,id023,train_set/train_set/voices/English/id023/04437.wav,16000,1,16,3.96
train,English,id023,train_set/train_set/voices/English/id023/02207.wav,16000,1,16,13.6
train,English,id023,train_set/train_set/voices/English/id023/00344.wav,16000,1,16,13.6
train,English,id023,train_set/train_set/voices/English/id023/05259.wav,16000,1,16,13.6
train,English,id023,train_set/train_set/voices/English/id023/04559.wav,16000,1,16,5.6
train,English,id023,train_set/train_set/voices/English/id023/04899.wav,16000,1,16,5.72
train,English,id023,train_set/train_set/voices/English/id023/01222.wav,16000,1,16,3.32
train,English,id023,train_set/train_set/voices/English/id023/03997.wav,16000,1,16,3.32
train,English,id023,train_set/train_set/voices/English/id023/04259.wav,16000,1,16,4.84
train,English,id023,train_set/train_set/voices/English/id023/02317.wav,16000,1,16,14.0
train,English,id023,train_set/train_set/voices/English/id023/05383.wav,16000,1,16,14.0
train,English,id023,train_set/train_set/voices/English/id023/00707.wav,16000,1,16,14.0
train,English,id023,train_set/train_set/voices/English/id023/03020.wav,16000,1,16,14.0
train,English,id023,train_set/train_set/voices/English/id023/00454.wav,16000,1,16,14.0
train,English,id023,train_set/train_set/voices/English/id023/05170.wav,16000,1,16,14.0
train,English,id023,train_set/train_set/voices/English/id023/00573.wav,16000,1,16,3.56
train,English,id023,train_set/train_set/voices/English/id023/05278.wav,16000,1,16,3.36
train,English,id023,train_set/train_set/voices/English/id023/02106.wav,16000,1,16,6.08
train,English,id023,train_set/train_set/voices/English/id023/04811.wav,16000,1,16,3.68
train,English,id023,train_set/train_set/voices/English/id023/04173.wav,16000,1,16,3.68
train,English,id023,train_set/train_set/voices/English/id023/03952.wav,16000,1,16,3.68
train,English,id023,train_set/train_set/voices/English/id023/04589.wav,16000,1,16,2.32
train,English,id023,train_set/train_set/voices/English/id023/03765.wav,16000,1,16,6.76
train,English,id023,train_set/train_set/voices/English/id023/00620.wav,16000,1,16,6.76
train,English,id023,train_set/train_set/voices/English/id023/04211.wav,16000,1,16,5.52
train,English,id023,train_set/train_set/voices/English/id023/05919.wav,16000,1,16,5.52
train,English,id023,train_set/train_set/voices/English/id023/01131.wav,16000,1,16,5.52
train,English,id023,train_set/train_set/voices/English/id023/03904.wav,16000,1,16,5.04
train,English,id023,train_set/train_set/voices/English/id023/03444.wav,16000,1,16,6.32
train,English,id023,train_set/train_set/voices/English/id023/00793.wav,16000,1,16,2.92
train,English,id023,train_set/train_set/voices/English/id023/01822.wav,16000,1,16,6.76
train,English,id023,train_set/train_set/voices/English/id023/04003.wav,16000,1,16,6.76
train,English,id023,train_set/train_set/voices/English/id023/05965.wav,16000,1,16,4.04
train,English,id023,train_set/train_set/voices/English/id023/03811.wav,16000,1,16,2.8
train,English,id023,train_set/train_set/voices/English/id023/05070.wav,16000,1,16,2.8
train,English,id007,train_set/train_set/voices/English/id007/06406.wav,16000,1,16,8.16
train,English,id007,train_set/train_set/voices/English/id007/03312.wav,16000,1,16,8.16
train,English,id007,train_set/train_set/voices/English/id007/01559.wav,16000,1,16,9.56
train,English,id007,train_set/train_set/voices/English/id007/02919.wav,16000,1,16,10.12
train,English,id007,train_set/train_set/voices/English/id007/05726.wav,16000,1,16,10.12
train,English,id007,train_set/train_set/voices/English/id007/05374.wav,16000,1,16,5.04
train,English,id007,train_set/train_set/voices/English/id007/00503.wav,16000,1,16,5.04
train,English,id007,train_set/train_set/voices/English/id007/04980.wav,16000,1,16,5.68
train,English,id007,train_set/train_set/voices/English/id007/00106.wav,16000,1,16,10.12
train,English,id007,train_set/train_set/voices/English/id007/05540.wav,16000,1,16,2.24
train,English,id007,train_set/train_set/voices/English/id007/02002.wav,16000,1,16,2.48
train,English,id007,train_set/train_set/voices/English/id007/02679.wav,16000,1,16,5.32
train,English,id007,train_set/train_set/voices/English/id007/04027.wav,16000,1,16,9.92
train,English,id007,train_set/train_set/voices/English/id007/05576.wav,16000,1,16,12.68
train,English,id007,train_set/train_set/voices/English/id007/01366.wav,16000,1,16,7.44
train,English,id007,train_set/train_set/voices/English/id007/04239.wav,16000,1,16,7.44
train,English,id007,train_set/train_set/voices/English/id007/00796.wav,16000,1,16,13.2
train,English,id007,train_set/train_set/voices/English/id007/02415.wav,16000,1,16,2.6
train,English,id007,train_set/train_set/voices/English/id007/01870.wav,16000,1,16,4.68
train,English,id007,train_set/train_set/voices/English/id007/02248.wav,16000,1,16,7.12
train,English,id007,train_set/train_set/voices/English/id007/01187.wav,16000,1,16,7.12
train,English,id007,train_set/train_set/voices/English/id007/02736.wav,16000,1,16,7.12
train,English,id007,train_set/train_set/voices/English/id007/05963.wav,16000,1,16,5.84
train,English,id007,train_set/train_set/voices/English/id007/05879.wav,16000,1,16,5.56
train,English,id007,train_set/train_set/voices/English/id007/02695.wav,16000,1,16,3.04
train,English,id007,train_set/train_set/voices/English/id007/01614.wav,16000,1,16,4.08
train,English,id007,train_set/train_set/voices/English/id007/00417.wav,16000,1,16,6.6
train,English,id007,train_set/train_set/voices/English/id007/05905.wav,16000,1,16,2.64
train,English,id007,train_set/train_set/voices/English/id007/03942.wav,16000,1,16,5.48
train,English,id007,train_set/train_set/voices/English/id007/04958.wav,16000,1,16,5.48
train,English,id030,train_set/train_set/voices/English/id030/03551.wav,16000,1,16,15.84
train,English,id030,train_set/train_set/voices/English/id030/00145.wav,16000,1,16,15.84
train,English,id030,train_set/train_set/voices/English/id030/06417.wav,16000,1,16,15.84
train,English,id030,train_set/train_set/voices/English/id030/03621.wav,16000,1,16,7.36
train,English,id030,train_set/train_set/voices/English/id030/05243.wav,16000,1,16,7.36
train,English,id030,train_set/train_set/voices/English/id030/04595.wav,16000,1,16,11.76
train,English,id030,train_set/train_set/voices/English/id030/03603.wav,16000,1,16,11.76
train,English,id030,train_set/train_set/voices/English/id030/05384.wav,16000,1,16,11.76
train,English,id030,train_set/train_set/voices/English/id030/03624.wav,16000,1,16,3.64
train,English,id030,train_set/train_set/voices/English/id030/04946.wav,16000,1,16,6.16
train,English,id062,train_set/train_set/voices/English/id062/02743.wav,16000,1,16,29.28
train,English,id062,train_set/train_set/voices/English/id062/03593.wav,16000,1,16,29.28
train,English,id062,train_set/train_set/voices/English/id062/02603.wav,16000,1,16,29.28
train,English,id062,train_set/train_set/voices/English/id062/00788.wav,16000,1,16,29.28
train,English,id062,train_set/train_set/voices/English/id062/05632.wav,16000,1,16,29.28
train,English,id062,train_set/train_set/voices/English/id062/01407.wav,16000,1,16,29.28
train,English,id062,train_set/train_set/voices/English/id062/02366.wav,16000,1,16,29.28
train,English,id062,train_set/train_set/voices/English/id062/05115.wav,16000,1,16,29.28
train,English,id062,train_set/train_set/voices/English/id062/00149.wav,16000,1,16,29.28
train,English,id062,train_set/train_set/voices/English/id062/04725.wav,16000,1,16,29.28
train,English,id062,train_set/train_set/voices/English/id062/03790.wav,16000,1,16,29.28
train,English,id062,train_set/train_set/voices/English/id062/00949.wav,16000,1,16,29.28
train,English,id062,train_set/train_set/voices/English/id062/02592.wav,16000,1,16,29.28
train,English,id062,train_set/train_set/voices/English/id062/06208.wav,16000,1,16,29.28
train,English,id062,train_set/train_set/voices/English/id062/06056.wav,16000,1,16,14.4
train,English,id062,train_set/train_set/voices/English/id062/02462.wav,16000,1,16,14.4
train,English,id062,train_set/train_set/voices/English/id062/03934.wav,16000,1,16,4.04
train,English,id062,train_set/train_set/voices/English/id062/01872.wav,16000,1,16,18.48
train,English,id062,train_set/train_set/voices/English/id062/02356.wav,16000,1,16,18.48
train,English,id062,train_set/train_set/voices/English/id062/04751.wav,16000,1,16,4.4
train,English,id062,train_set/train_set/voices/English/id062/04677.wav,16000,1,16,4.4
train,English,id062,train_set/train_set/voices/English/id062/03503.wav,16000,1,16,6.92
train,English,id062,train_set/train_set/voices/English/id062/05814.wav,16000,1,16,6.92
train,English,id062,train_set/train_set/voices/English/id062/05429.wav,16000,1,16,2.68
train,English,id062,train_set/train_set/voices/English/id062/04804.wav,16000,1,16,4.64
train,English,id062,train_set/train_set/voices/English/id062/03705.wav,16000,1,16,4.64
train,English,id062,train_set/train_set/voices/English/id062/02501.wav,16000,1,16,2.16
train,English,id062,train_set/train_set/voices/English/id062/00888.wav,16000,1,16,2.16
train,English,id062,train_set/train_set/voices/English/id062/05779.wav,16000,1,16,5.28
train,English,id062,train_set/train_set/voices/English/id062/01079.wav,16000,1,16,6.16
train,English,id062,train_set/train_set/voices/English/id062/01719.wav,16000,1,16,8.76
train,English,id062,train_set/train_set/voices/English/id062/05081.wav,16000,1,16,8.76
train,English,id062,train_set/train_set/voices/English/id062/05736.wav,16000,1,16,8.76
train,English,id062,train_set/train_set/voices/English/id062/03140.wav,16000,1,16,8.76
train,English,id062,train_set/train_set/voices/English/id062/01887.wav,16000,1,16,3.52
train,English,id062,train_set/train_set/voices/English/id062/04911.wav,16000,1,16,4.84
train,English,id062,train_set/train_set/voices/English/id062/04518.wav,16000,1,16,4.84
train,English,id062,train_set/train_set/voices/English/id062/02561.wav,16000,1,16,4.84
train,English,id062,train_set/train_set/voices/English/id062/05315.wav,16000,1,16,3.8
train,English,id062,train_set/train_set/voices/English/id062/04632.wav,16000,1,16,5.0
train,English,id062,train_set/train_set/voices/English/id062/02407.wav,16000,1,16,5.0
train,English,id062,train_set/train_set/voices/English/id062/05469.wav,16000,1,16,8.08
train,English,id062,train_set/train_set/voices/English/id062/04192.wav,16000,1,16,2.56
train,English,id012,train_set/train_set/voices/English/id012/04692.wav,16000,1,16,21.8
train,English,id012,train_set/train_set/voices/English/id012/03113.wav,16000,1,16,11.96
train,English,id012,train_set/train_set/voices/English/id012/01902.wav,16000,1,16,10.0
train,English,id012,train_set/train_set/voices/English/id012/03337.wav,16000,1,16,10.0
train,English,id012,train_set/train_set/voices/English/id012/04966.wav,16000,1,16,6.28
train,English,id012,train_set/train_set/voices/English/id012/05986.wav,16000,1,16,4.0
train,English,id012,train_set/train_set/voices/English/id012/00837.wav,16000,1,16,4.0
train,English,id012,train_set/train_set/voices/English/id012/04551.wav,16000,1,16,8.28
train,English,id012,train_set/train_set/voices/English/id012/00161.wav,16000,1,16,6.76
train,English,id012,train_set/train_set/voices/English/id012/01541.wav,16000,1,16,5.56
train,English,id012,train_set/train_set/voices/English/id012/00658.wav,16000,1,16,5.84
train,English,id012,train_set/train_set/voices/English/id012/03766.wav,16000,1,16,6.4
train,English,id012,train_set/train_set/voices/English/id012/02773.wav,16000,1,16,5.88
train,English,id012,train_set/train_set/voices/English/id012/01724.wav,16000,1,16,7.64
train,English,id012,train_set/train_set/voices/English/id012/05828.wav,16000,1,16,2.92
train,English,id012,train_set/train_set/voices/English/id012/05545.wav,16000,1,16,9.0
train,English,id012,train_set/train_set/voices/English/id012/01556.wav,16000,1,16,14.36
train,English,id012,train_set/train_set/voices/English/id012/03522.wav,16000,1,16,7.72
train,English,id012,train_set/train_set/voices/English/id012/03465.wav,16000,1,16,4.52
train,English,id012,train_set/train_set/voices/English/id012/02032.wav,16000,1,16,4.52
train,English,id012,train_set/train_set/voices/English/id012/04172.wav,16000,1,16,2.2
train,English,id012,train_set/train_set/voices/English/id012/00635.wav,16000,1,16,11.52
train,English,id012,train_set/train_set/voices/English/id012/01153.wav,16000,1,16,11.52
train,English,id012,train_set/train_set/voices/English/id012/03111.wav,16000,1,16,6.44
train,English,id012,train_set/train_set/voices/English/id012/02829.wav,16000,1,16,5.6
train,English,id012,train_set/train_set/voices/English/id012/06007.wav,16000,1,16,5.6
train,English,id012,train_set/train_set/voices/English/id012/03437.wav,16000,1,16,3.12
train,English,id012,train_set/train_set/voices/English/id012/00564.wav,16000,1,16,5.32
train,English,id012,train_set/train_set/voices/English/id012/04262.wav,16000,1,16,5.32
train,English,id012,train_set/train_set/voices/English/id012/00321.wav,16000,1,16,5.32
train,English,id012,train_set/train_set/voices/English/id012/00963.wav,16000,1,16,5.76
train,English,id012,train_set/train_set/voices/English/id012/01547.wav,16000,1,16,2.44
train,English,id012,train_set/train_set/voices/English/id012/02445.wav,16000,1,16,8.04
train,English,id012,train_set/train_set/voices/English/id012/04609.wav,16000,1,16,10.68
train,English,id012,train_set/train_set/voices/English/id012/05874.wav,16000,1,16,4.52
train,English,id012,train_set/train_set/voices/English/id012/00905.wav,16000,1,16,2.68
train,English,id012,train_set/train_set/voices/English/id012/03309.wav,16000,1,16,4.8
train,English,id012,train_set/train_set/voices/English/id012/03616.wav,16000,1,16,4.2
train,English,id012,train_set/train_set/voices/English/id012/05563.wav,16000,1,16,8.16
train,English,id012,train_set/train_set/voices/English/id012/02762.wav,16000,1,16,2.96
train,English,id012,train_set/train_set/voices/English/id012/01139.wav,16000,1,16,3.56
train,English,id012,train_set/train_set/voices/English/id012/00534.wav,16000,1,16,5.48
train,English,id012,train_set/train_set/voices/English/id012/04794.wav,16000,1,16,4.0
train,English,id012,train_set/train_set/voices/English/id012/06043.wav,16000,1,16,10.96
train,English,id012,train_set/train_set/voices/English/id012/03493.wav,16000,1,16,5.12
train,English,id012,train_set/train_set/voices/English/id012/00940.wav,16000,1,16,4.48
train,English,id012,train_set/train_set/voices/English/id012/01561.wav,16000,1,16,7.76
train,English,id012,train_set/train_set/voices/English/id012/04178.wav,16000,1,16,7.76
train,English,id012,train_set/train_set/voices/English/id012/01715.wav,16000,1,16,3.8
train,English,id012,train_set/train_set/voices/English/id012/02447.wav,16000,1,16,3.28
train,English,id012,train_set/train_set/voices/English/id012/04064.wav,16000,1,16,4.52
train,English,id012,train_set/train_set/voices/English/id012/04344.wav,16000,1,16,8.16
train,English,id012,train_set/train_set/voices/English/id012/02048.wav,16000,1,16,8.0
train,English,id012,train_set/train_set/voices/English/id012/00214.wav,16000,1,16,3.44
train,English,id012,train_set/train_set/voices/English/id012/04054.wav,16000,1,16,2.48
train,English,id012,train_set/train_set/voices/English/id012/03619.wav,16000,1,16,2.48
train,English,id012,train_set/train_set/voices/English/id012/03558.wav,16000,1,16,4.12
train,English,id012,train_set/train_set/voices/English/id012/05375.wav,16000,1,16,2.44
train,English,id012,train_set/train_set/voices/English/id012/01820.wav,16000,1,16,3.76
train,English,id012,train_set/train_set/voices/English/id012/04937.wav,16000,1,16,3.72
train,English,id012,train_set/train_set/voices/English/id012/03536.wav,16000,1,16,2.64
train,English,id012,train_set/train_set/voices/English/id012/06386.wav,16000,1,16,9.88
train,English,id012,train_set/train_set/voices/English/id012/05644.wav,16000,1,16,5.4
train,English,id012,train_set/train_set/voices/English/id012/02332.wav,16000,1,16,6.12
train,English,id012,train_set/train_set/voices/English/id012/04854.wav,16000,1,16,3.28
train,English,id012,train_set/train_set/voices/English/id012/06085.wav,16000,1,16,5.24
train,English,id012,train_set/train_set/voices/English/id012/02780.wav,16000,1,16,2.4
train,English,id012,train_set/train_set/voices/English/id012/00830.wav,16000,1,16,4.36
train,English,id012,train_set/train_set/voices/English/id012/00933.wav,16000,1,16,4.0
train,English,id012,train_set/train_set/voices/English/id012/04034.wav,16000,1,16,3.4
train,English,id012,train_set/train_set/voices/English/id012/02281.wav,16000,1,16,3.28
train,English,id012,train_set/train_set/voices/English/id012/03820.wav,16000,1,16,4.12
train,English,id012,train_set/train_set/voices/English/id012/04977.wav,16000,1,16,3.0
train,English,id012,train_set/train_set/voices/English/id012/02378.wav,16000,1,16,2.72
train,English,id012,train_set/train_set/voices/English/id012/01723.wav,16000,1,16,3.48
train,English,id020,train_set/train_set/voices/English/id020/01624.wav,16000,1,16,2.88
train,English,id020,train_set/train_set/voices/English/id020/05164.wav,16000,1,16,2.84
train,English,id020,train_set/train_set/voices/English/id020/03166.wav,16000,1,16,5.56
train,English,id020,train_set/train_set/voices/English/id020/03516.wav,16000,1,16,12.2
train,English,id020,train_set/train_set/voices/English/id020/01508.wav,16000,1,16,12.2
train,English,id020,train_set/train_set/voices/English/id020/00305.wav,16000,1,16,10.04
train,English,id020,train_set/train_set/voices/English/id020/02273.wav,16000,1,16,6.6
train,English,id020,train_set/train_set/voices/English/id020/05334.wav,16000,1,16,9.48
train,English,id020,train_set/train_set/voices/English/id020/02589.wav,16000,1,16,3.2
train,English,id020,train_set/train_set/voices/English/id020/05584.wav,16000,1,16,13.48
train,English,id020,train_set/train_set/voices/English/id020/02053.wav,16000,1,16,13.48
train,English,id020,train_set/train_set/voices/English/id020/04403.wav,16000,1,16,13.48
train,English,id020,train_set/train_set/voices/English/id020/05581.wav,16000,1,16,4.36
train,English,id020,train_set/train_set/voices/English/id020/06326.wav,16000,1,16,4.36
train,English,id020,train_set/train_set/voices/English/id020/05754.wav,16000,1,16,4.36
train,English,id020,train_set/train_set/voices/English/id020/01607.wav,16000,1,16,4.36
train,English,id020,train_set/train_set/voices/English/id020/02708.wav,16000,1,16,6.12
train,English,id020,train_set/train_set/voices/English/id020/00514.wav,16000,1,16,6.32
train,English,id020,train_set/train_set/voices/English/id020/03763.wav,16000,1,16,2.76
train,English,id020,train_set/train_set/voices/English/id020/04253.wav,16000,1,16,4.04
train,English,id020,train_set/train_set/voices/English/id020/04058.wav,16000,1,16,5.56
train,English,id020,train_set/train_set/voices/English/id020/00733.wav,16000,1,16,3.2
train,English,id020,train_set/train_set/voices/English/id020/05763.wav,16000,1,16,5.2
train,English,id020,train_set/train_set/voices/English/id020/01756.wav,16000,1,16,6.0
train,English,id020,train_set/train_set/voices/English/id020/00877.wav,16000,1,16,7.08
train,English,id020,train_set/train_set/voices/English/id020/03962.wav,16000,1,16,4.32
train,English,id020,train_set/train_set/voices/English/id020/06474.wav,16000,1,16,9.32
train,English,id020,train_set/train_set/voices/English/id020/02543.wav,16000,1,16,9.48
train,English,id020,train_set/train_set/voices/English/id020/03419.wav,16000,1,16,9.48
train,English,id020,train_set/train_set/voices/English/id020/03014.wav,16000,1,16,3.52
train,English,id020,train_set/train_set/voices/English/id020/05915.wav,16000,1,16,3.52
train,English,id020,train_set/train_set/voices/English/id020/06105.wav,16000,1,16,12.92
train,English,id020,train_set/train_set/voices/English/id020/00618.wav,16000,1,16,12.92
train,English,id020,train_set/train_set/voices/English/id020/02888.wav,16000,1,16,5.4
train,English,id020,train_set/train_set/voices/English/id020/01732.wav,16000,1,16,10.84
train,English,id020,train_set/train_set/voices/English/id020/03580.wav,16000,1,16,6.92
train,English,id020,train_set/train_set/voices/English/id020/01065.wav,16000,1,16,6.92
train,English,id020,train_set/train_set/voices/English/id020/00506.wav,16000,1,16,3.6
train,English,id020,train_set/train_set/voices/English/id020/01298.wav,16000,1,16,2.48
train,English,id020,train_set/train_set/voices/English/id020/03434.wav,16000,1,16,3.96
train,English,id020,train_set/train_set/voices/English/id020/04441.wav,16000,1,16,6.24
train,English,id020,train_set/train_set/voices/English/id020/02689.wav,16000,1,16,5.0
train,English,id020,train_set/train_set/voices/English/id020/04959.wav,16000,1,16,3.92
train,English,id020,train_set/train_set/voices/English/id020/04249.wav,16000,1,16,5.52
train,English,id020,train_set/train_set/voices/English/id020/03595.wav,16000,1,16,5.52
train,English,id020,train_set/train_set/voices/English/id020/00179.wav,16000,1,16,9.96
train,English,id020,train_set/train_set/voices/English/id020/06317.wav,16000,1,16,9.0
train,English,id020,train_set/train_set/voices/English/id020/00633.wav,16000,1,16,3.28
train,English,id020,train_set/train_set/voices/English/id020/00954.wav,16000,1,16,3.28
train,English,id020,train_set/train_set/voices/English/id020/01359.wav,16000,1,16,5.36
train,English,id020,train_set/train_set/voices/English/id020/01300.wav,16000,1,16,4.88
train,English,id020,train_set/train_set/voices/English/id020/05612.wav,16000,1,16,2.72
train,English,id020,train_set/train_set/voices/English/id020/02868.wav,16000,1,16,5.12
train,English,id020,train_set/train_set/voices/English/id020/02046.wav,16000,1,16,7.52
train,English,id020,train_set/train_set/voices/English/id020/04773.wav,16000,1,16,7.08
train,English,id020,train_set/train_set/voices/English/id020/01560.wav,16000,1,16,2.44
train,English,id020,train_set/train_set/voices/English/id020/01178.wav,16000,1,16,3.92
train,English,id020,train_set/train_set/voices/English/id020/05252.wav,16000,1,16,6.2
train,English,id020,train_set/train_set/voices/English/id020/04748.wav,16000,1,16,6.2
train,English,id020,train_set/train_set/voices/English/id020/02720.wav,16000,1,16,7.8
train,English,id020,train_set/train_set/voices/English/id020/00169.wav,16000,1,16,5.6
train,English,id020,train_set/train_set/voices/English/id020/06355.wav,16000,1,16,5.6
train,English,id020,train_set/train_set/voices/English/id020/00869.wav,16000,1,16,4.84
train,English,id020,train_set/train_set/voices/English/id020/04918.wav,16000,1,16,3.2
train,English,id020,train_set/train_set/voices/English/id020/03815.wav,16000,1,16,8.64
train,English,id020,train_set/train_set/voices/English/id020/01584.wav,16000,1,16,3.44
train,English,id020,train_set/train_set/voices/English/id020/02353.wav,16000,1,16,3.44
train,English,id020,train_set/train_set/voices/English/id020/04413.wav,16000,1,16,8.92
train,English,id020,train_set/train_set/voices/English/id020/00698.wav,16000,1,16,2.52
train,English,id020,train_set/train_set/voices/English/id020/00657.wav,16000,1,16,5.92
train,English,id020,train_set/train_set/voices/English/id020/00862.wav,16000,1,16,5.92
train,English,id020,train_set/train_set/voices/English/id020/02413.wav,16000,1,16,4.6
train,English,id020,train_set/train_set/voices/English/id020/04234.wav,16000,1,16,2.04
train,English,id020,train_set/train_set/voices/English/id020/05500.wav,16000,1,16,5.92
train,English,id020,train_set/train_set/voices/English/id020/03770.wav,16000,1,16,2.92
train,English,id020,train_set/train_set/voices/English/id020/00866.wav,16000,1,16,2.52
train,English,id020,train_set/train_set/voices/English/id020/05648.wav,16000,1,16,2.88
train,English,id020,train_set/train_set/voices/English/id020/02339.wav,16000,1,16,2.52
train,English,id020,train_set/train_set/voices/English/id020/03456.wav,16000,1,16,2.28
train,English,id020,train_set/train_set/voices/English/id020/05197.wav,16000,1,16,2.56
train,English,id020,train_set/train_set/voices/English/id020/02056.wav,16000,1,16,5.12
train,English,id020,train_set/train_set/voices/English/id020/01620.wav,16000,1,16,3.68
train,English,id020,train_set/train_set/voices/English/id020/01784.wav,16000,1,16,3.68
train,English,id020,train_set/train_set/voices/English/id020/06122.wav,16000,1,16,2.24
train,English,id020,train_set/train_set/voices/English/id020/00694.wav,16000,1,16,2.96
train,English,id020,train_set/train_set/voices/English/id020/01283.wav,16000,1,16,2.96
train,English,id020,train_set/train_set/voices/English/id020/06026.wav,16000,1,16,3.76
train,English,id020,train_set/train_set/voices/English/id020/00851.wav,16000,1,16,3.76
dev/gender,Bangla,,dev_set/gender/Bangla_test/voices/00001.wav,16000,1,16,16.72
dev/gender,Bangla,,dev_set/gender/Bangla_test/voices/00002.wav,16000,1,16,4.92
dev/gender,Bangla,,dev_set/gender/Bangla_test/voices/00003.wav,16000,1,16,3.44
dev/gender,Bangla,,dev_set/gender/Bangla_test/voices/00005.wav,16000,1,16,7.32
dev/gender,Bangla,,dev_set/gender/Bangla_test/voices/00006.wav,16000,1,16,5.8
dev/gender,Bangla,,dev_set/gender/Bangla_test/voices/00008.wav,16000,1,16,6.0
dev/gender,Bangla,,dev_set/gender/Bangla_test/voices/00013.wav,16000,1,16,4.84
dev/gender,Bangla,,dev_set/gender/Bangla_test/voices/00014.wav,16000,1,16,4.44
dev/gender,Bangla,,dev_set/gender/Bangla_test/voices/00015.wav,16000,1,16,2.4
dev/gender,Bangla,,dev_set/gender/Bangla_test/voices/00017.wav,16000,1,16,11.88
dev/gender,Bangla,,dev_set/gender/Bangla_test/voices/00018.wav,16000,1,16,3.84
dev/gender,Bangla,,dev_set/gender/Bangla_test/voices/00019.wav,16000,1,16,3.44
dev/gender,Bangla,,dev_set/gender/Bangla_test/voices/00021.wav,16000,1,16,8.4
dev/gender,Bangla,,dev_set/gender/Bangla_test/voices/00022.wav,16000,1,16,4.68
dev/gender,Bangla,,dev_set/gender/Bangla_test/voices/00030.wav,16000,1,16,3.24
dev/gender,Bangla,,dev_set/gender/Bangla_test/voices/00031.wav,16000,1,16,5.68
dev/gender,Bangla,,dev_set/gender/Bangla_test/voices/00033.wav,16000,1,16,2.0
dev/gender,Bangla,,dev_set/gender/Bangla_test/voices/00034.wav,16000,1,16,5.32
dev/gender,Bangla,,dev_set/gender/Bangla_test/voices/00035.wav,16000,1,16,6.8
dev/gender,Bangla,,dev_set/gender/Bangla_test/voices/00036.wav,16000,1,16,5.28
dev/gender,Bangla,,dev_set/gender/Bangla_test/voices/00037.wav,16000,1,16,7.68
dev/gender,Bangla,,dev_set/gender/Bangla_test/voices/00041.wav,16000,1,16,3.44
dev/gender,Bangla,,dev_set/gender/Bangla_test/voices/00043.wav,16000,1,16,6.24
dev/gender,Bangla,,dev_set/gender/Bangla_test/voices/00044.wav,16000,1,16,3.68
dev/gender,Bangla,,dev_set/gender/Bangla_test/voices/00045.wav,16000,1,16,3.76
dev/gender,Bangla,,dev_set/gender/Bangla_test/voices/00046.wav,16000,1,16,2.88
dev/gender,Bangla,,dev_set/gender/Bangla_test/voices/00047.wav,16000,1,16,7.24
dev/gender,Bangla,,dev_set/gender/Bangla_test/voices/00049.wav,16000,1,16,3.68
dev/gender,Bangla,,dev_set/gender/Bangla_test/voices/00055.wav,16000,1,16,5.8
dev/gender,Bangla,,dev_set/gender/Bangla_test/voices/00058.wav,16000,1,16,3.92
dev/gender,Bangla,,dev_set/gender/Bangla_test/voices/00061.wav,16000,1,16,2.44
dev/gender,Bangla,,dev_set/gender/Bangla_test/voices/00065.wav,16000,1,16,2.72
dev/gender,Bangla,,dev_set/gender/Bangla_test/voices/00066.wav,16000,1,16,3.92
dev/gender,Bangla,,dev_set/gender/Bangla_test/voices/00067.wav,16000,1,16,5.04
dev/gender,Bangla,,dev_set/gender/Bangla_test/voices/00070.wav,16000,1,16,5.76
dev/gender,Bangla,,dev_set/gender/Bangla_test/voices/00072.wav,16000,1,16,4.4
dev/gender,Bangla,,dev_set/gender/Bangla_test/voices/00073.wav,16000,1,16,2.76
dev/gender,Bangla,,dev_set/gender/Bangla_test/voices/00075.wav,16000,1,16,5.52
dev/gender,Bangla,,dev_set/gender/Bangla_test/voices/00076.wav,16000,1,16,3.08
dev/gender,Bangla,,dev_set/gender/Bangla_test/voices/00077.wav,16000,1,16,3.12
dev/gender,Bangla,,dev_set/gender/Bangla_test/voices/00080.wav,16000,1,16,4.48
dev/gender,Bangla,,dev_set/gender/Bangla_test/voices/00085.wav,16000,1,16,6.16
dev/gender,Bangla,,dev_set/gender/Bangla_test/voices/00086.wav,16000,1,16,7.6
dev/gender,Bangla,,dev_set/gender/Bangla_test/voices/00087.wav,16000,1,16,9.36
dev/gender,Bangla,,dev_set/gender/Bangla_test/voices/00088.wav,16000,1,16,2.36
dev/gender,Bangla,,dev_set/gender/Bangla_test/voices/00092.wav,16000,1,16,3.56
dev/gender,Bangla,,dev_set/gender/Bangla_test/voices/00096.wav,16000,1,16,7.8
dev/gender,Bangla,,dev_set/gender/Bangla_test/voices/00098.wav,16000,1,16,9.16
dev/gender,Bangla,,dev_set/gender/Bangla_test/voices/00101.wav,16000,1,16,11.8
dev/gender,Bangla,,dev_set/gender/Bangla_test/voices/00103.wav,16000,1,16,9.56
dev/gender,Bangla,,dev_set/gender/Bangla_test/voices/00104.wav,16000,1,16,3.36
dev/gender,Bangla,,dev_set/gender/Bangla_test/voices/00110.wav,16000,1,16,6.6
dev/gender,Bangla,,dev_set/gender/Bangla_test/voices/00113.wav,16000,1,16,2.0
dev/gender,Bangla,,dev_set/gender/Bangla_test/voices/00115.wav,16000,1,16,3.2
dev/gender,Bangla,,dev_set/gender/Bangla_test/voices/00117.wav,16000,1,16,5.4
dev/gender,Bangla,,dev_set/gender/Bangla_test/voices/00118.wav,16000,1,16,2.44
dev/gender,Bangla,,dev_set/gender/Bangla_test/voices/00120.wav,16000,1,16,8.32
dev/gender,Bangla,,dev_set/gender/Bangla_test/voices/00121.wav,16000,1,16,7.96
dev/gender,Bangla,,dev_set/gender/Bangla_test/voices/00123.wav,16000,1,16,4.36
dev/gender,Bangla,,dev_set/gender/Bangla_test/voices/00125.wav,16000,1,16,25.84
dev/gender,Bangla,,dev_set/gender/Bangla_test/voices/00129.wav,16000,1,16,11.96
dev/gender,Bangla,,dev_set/gender/Bangla_test/voices/00131.wav,16000,1,16,5.08
dev/gender,Bangla,,dev_set/gender/Bangla_test/voices/00136.wav,16000,1,16,2.96
dev/gender,Bangla,,dev_set/gender/Bangla_test/voices/00137.wav,16000,1,16,4.12
dev/gender,Bangla,,dev_set/gender/Bangla_test/voices/00138.wav,16000,1,16,2.28
dev/gender,Bangla,,dev_set/gender/Bangla_test/voices/00141.wav,16000,1,16,9.04
dev/gender,Bangla,,dev_set/gender/Bangla_test/voices/00142.wav,16000,1,16,7.92
dev/gender,Bangla,,dev_set/gender/Bangla_test/voices/00146.wav,16000,1,16,4.08
dev/gender,Bangla,,dev_set/gender/Bangla_test/voices/00147.wav,16000,1,16,6.8
dev/gender,Bangla,,dev_set/gender/Bangla_test/voices/00148.wav,16000,1,16,6.08
dev/gender,Bangla,,dev_set/gender/Bangla_test/voices/00151.wav,16000,1,16,4.88
dev/gender,Bangla,,dev_set/gender/Bangla_test/voices/00152.wav,16000,1,16,8.08
dev/gender,Bangla,,dev_set/gender/Bangla_test/voices/00154.wav,16000,1,16,4.84
dev/gender,Bangla,,dev_set/gender/Bangla_test/voices/00156.wav,16000,1,16,5.12
dev/gender,Bangla,,dev_set/gender/Bangla_test/voices/00157.wav,16000,1,16,10.52
dev/gender,Bangla,,dev_set/gender/Bangla_test/voices/00162.wav,16000,1,16,7.2
dev/gender,Bangla,,dev_set/gender/Bangla_test/voices/00163.wav,16000,1,16,2.08
dev/gender,Bangla,,dev_set/gender/Bangla_test/voices/00164.wav,16000,1,16,2.88
dev/gender,Bangla,,dev_set/gender/Bangla_test/voices/00165.wav,16000,1,16,5.48
dev/gender,Bangla,,dev_set/gender/Bangla_test/voices/00169.wav,16000,1,16,4.04
dev/gender,Bangla,,dev_set/gender/Bangla_test/voices/00171.wav,16000,1,16,3.52
dev/gender,Bangla,,dev_set/gender/Bangla_test/voices/00172.wav,16000,1,16,4.28
dev/gender,Bangla,,dev_set/gender/Bangla_test/voices/00173.wav,16000,1,16,4.48
dev/gender,Bangla,,dev_set/gender/Bangla_test/voices/00177.wav,16000,1,16,5.24
dev/gender,Bangla,,dev_set/gender/Bangla_test/voices/00178.wav,16000,1,16,7.56
dev/gender,Bangla,,dev_set/gender/Bangla_test/voices/00179.wav,16000,1,16,3.48
dev/gender,Bangla,,dev_set/gender/Bangla_test/voices/00180.wav,16000,1,16,4.6
dev/gender,Bangla,,dev_set/gender/Bangla_test/voices/00182.wav,16000,1,16,6.32
dev/gender,Bangla,,dev_set/gender/Bangla_test/voices/00183.wav,16000,1,16,2.4
dev/gender,Bangla,,dev_set/gender/Bangla_test/voices/00187.wav,16000,1,16,2.8
dev/gender,Bangla,,dev_set/gender/Bangla_test/voices/00188.wav,16000,1,16,4.76
dev/gender,Bangla,,dev_set/gender/Bangla_test/voices/00189.wav,16000,1,16,8.96
dev/gender,Bangla,,dev_set/gender/Bangla_test/voices/00190.wav,16000,1,16,4.36
dev/gender,Bangla,,dev_set/gender/Bangla_test/voices/00191.wav,16000,1,16,12.68
dev/gender,Bangla,,dev_set/gender/Bangla_test/voices/00193.wav,16000,1,16,4.52
dev/gender,Bangla,,dev_set/gender/Bangla_test/voices/00195.wav,16000,1,16,7.48
dev/gender,Bangla,,dev_set/gender/Bangla_test/voices/00199.wav,16000,1,16,5.72
dev/gender,Bangla,,dev_set/gender/Bangla_test/voices/00200.wav,16000,1,16,8.4
dev/gender,Bangla,,dev_set/gender/Bangla_test/voices/00201.wav,16000,1,16,4.0
dev/gender,Bangla,,dev_set/gender/Bangla_test/voices/00202.wav,16000,1,16,2.24
dev/gender,Bangla,,dev_set/gender/Bangla_test/voices/00204.wav,16000,1,16,5.6
dev/gender,Bangla,,dev_set/gender/Bangla_test/voices/00205.wav,16000,1,16,5.32
dev/gender,Bangla,,dev_set/gender/Bangla_test/voices/00207.wav,16000,1,16,2.4
dev/gender,Bangla,,dev_set/gender/Bangla_test/voices/00208.wav,16000,1,16,2.8
dev/gender,Bangla,,dev_set/gender/Bangla_test/voices/00210.wav,16000,1,16,3.12
dev/gender,Bangla,,dev_set/gender/Bangla_test/voices/00213.wav,16000,1,16,9.52
dev/gender,Bangla,,dev_set/gender/Bangla_test/voices/00215.wav,16000,1,16,4.0
dev/gender,Bangla,,dev_set/gender/Bangla_test/voices/00217.wav,16000,1,16,7.36
dev/gender,Bangla,,dev_set/gender/Bangla_test/voices/00222.wav,16000,1,16,2.32
dev/gender,Bangla,,dev_set/gender/Bangla_test/voices/00224.wav,16000,1,16,3.04
dev/gender,Bangla,,dev_set/gender/Bangla_test/voices/00225.wav,16000,1,16,4.08
dev/gender,Bangla,,dev_set/gender/Bangla_test/voices/00230.wav,16000,1,16,4.2
dev/gender,Bangla,,dev_set/gender/Bangla_test/voices/00232.wav,16000,1,16,4.64
dev/gender,Bangla,,dev_set/gender/Bangla_test/voices/00236.wav,16000,1,16,20.28
dev/gender,Bangla,,dev_set/gender/Bangla_test/voices/00238.wav,16000,1,16,5.32
dev/gender,Bangla,,dev_set/gender/Bangla_test/voices/00239.wav,16000,1,16,2.56
dev/gender,Bangla,,dev_set/gender/Bangla_test/voices/00246.wav,16000,1,16,7.12
dev/gender,Bangla,,dev_set/gender/Bangla_test/voices/00247.wav,16000,1,16,3.12
dev/gender,Bangla,,dev_set/gender/Bangla_test/voices/00248.wav,16000,1,16,12.32
dev/gender,Bangla,,dev_set/gender/Bangla_test/voices/00250.wav,16000,1,16,4.56
dev/gender,Bangla,,dev_set/gender/Bangla_test/voices/00253.wav,16000,1,16,4.04
dev/gender,Bangla,,dev_set/gender/Bangla_test/voices/00259.wav,16000,1,16,5.52
dev/gender,Bangla,,dev_set/gender/Bangla_test/voices/00260.wav,16000,1,16,6.56
dev/gender,Bangla,,dev_set/gender/Bangla_test/voices/00262.wav,16000,1,16,5.4
dev/gender,Bangla,,dev_set/gender/Bangla_test/voices/00263.wav,16000,1,16,11.04
dev/gender,Bangla,,dev_set/gender/Bangla_test/voices/00275.wav,16000,1,16,7.68
dev/gender,Bangla,,dev_set/gender/Bangla_test/voices/00277.wav,16000,1,16,9.6
dev/gender,Bangla,,dev_set/gender/Bangla_test/voices/00282.wav,16000,1,16,3.76
dev/gender,Bangla,,dev_set/gender/Bangla_test/voices/00284.wav,16000,1,16,12.32
dev/gender,Bangla,,dev_set/gender/Bangla_test/voices/00285.wav,16000,1,16,4.32
dev/gender,Bangla,,dev_set/gender/Bangla_test/voices/00289.wav,16000,1,16,2.0
dev/gender,Bangla,,dev_set/gender/Bangla_test/voices/00291.wav,16000,1,16,6.36
dev/gender,Bangla,,dev_set/gender/Bangla_test/voices/00295.wav,16000,1,16,4.0
dev/gender,Bangla,,dev_set/gender/Bangla_test/voices/00297.wav,16000,1,16,2.28
dev/gender,Bangla,,dev_set/gender/Bangla_test/voices/00299.wav,16000,1,16,2.0
dev/gender,Bangla,,dev_set/gender/Bangla_test/voices/00301.wav,16000,1,16,4.16
dev/gender,Bangla,,dev_set/gender/Bangla_test/voices/00302.wav,16000,1,16,4.04
dev/gender,Bangla,,dev_set/gender/Bangla_test/voices/00304.wav,16000,1,16,7.8
dev/gender,Bangla,,dev_set/gender/Bangla_test/voices/00305.wav,16000,1,16,12.0
dev/gender,Bangla,,dev_set/gender/Bangla_test/voices/00309.wav,16000,1,16,3.4
dev/gender,Bangla,,dev_set/gender/Bangla_test/voices/00311.wav,16000,1,16,3.16
dev/gender,Bangla,,dev_set/gender/Bangla_test/voices/00312.wav,16000,1,16,3.08
dev/gender,Bangla,,dev_set/gender/Bangla_test/voices/00314.wav,16000,1,16,5.4
dev/gender,Bangla,,dev_set/gender/Bangla_test/voices/00323.wav,16000,1,16,3.44
dev/gender,Bangla,,dev_set/gender/Bangla_test/voices/00325.wav,16000,1,16,2.44
dev/gender,Bangla,,dev_set/gender/Bangla_test/voices/00326.wav,16000,1,16,2.08
dev/gender,Bangla,,dev_set/gender/Bangla_test/voices/00327.wav,16000,1,16,4.28
dev/gender,Bangla,,dev_set/gender/Bangla_test/voices/00328.wav,16000,1,16,6.72
dev/gender,Bangla,,dev_set/gender/Bangla_test/voices/00330.wav,16000,1,16,4.8
dev/gender,Bangla,,dev_set/gender/Bangla_test/voices/00333.wav,16000,1,16,7.52
dev/gender,Bangla,,dev_set/gender/Bangla_test/voices/00334.wav,16000,1,16,10.12
dev/gender,Bangla,,dev_set/gender/Bangla_test/voices/00335.wav,16000,1,16,3.88
dev/gender,Bangla,,dev_set/gender/Bangla_test/voices/00336.wav,16000,1,16,2.36
dev/gender,Bangla,,dev_set/gender/Bangla_test/voices/00337.wav,16000,1,16,6.2
dev/gender,Bangla,,dev_set/gender/Bangla_test/voices/00339.wav,16000,1,16,6.16
dev/gender,Bangla,,dev_set/gender/Bangla_test/voices/00340.wav,16000,1,16,3.76
dev/gender,Bangla,,dev_set/gender/Bangla_test/voices/00353.wav,16000,1,16,6.72
dev/gender,Bangla,,dev_set/gender/Bangla_test/voices/00357.wav,16000,1,16,14.4
dev/gender,Bangla,,dev_set/gender/Bangla_test/voices/00358.wav,16000,1,16,8.24
dev/gender,Bangla,,dev_set/gender/Bangla_test/voices/00360.wav,16000,1,16,3.04
dev/gender,Bangla,,dev_set/gender/Bangla_test/voices/00361.wav,16000,1,16,10.12
dev/gender,Bangla,,dev_set/gender/Bangla_test/voices/00362.wav,16000,1,16,2.84
dev/gender,Bangla,,dev_set/gender/Bangla_test/voices/00363.wav,16000,1,16,5.8
dev/gender,Bangla,,dev_set/gender/Bangla_test/voices/00364.wav,16000,1,16,5.6
dev/gender,Bangla,,dev_set/gender/Bangla_test/voices/00365.wav,16000,1,16,5.96
dev/gender,Bangla,,dev_set/gender/Bangla_test/voices/00366.wav,16000,1,16,7.56
dev/gender,Bangla,,dev_set/gender/Bangla_test/voices/00368.wav,16000,1,16,4.52
dev/gender,Bangla,,dev_set/gender/Bangla_test/voices/00369.wav,16000,1,16,4.36
dev/gender,Bangla,,dev_set/gender/Bangla_test/voices/00372.wav,16000,1,16,11.8
dev/gender,Bangla,,dev_set/gender/Bangla_test/voices/00373.wav,16000,1,16,2.0
dev/gender,Bangla,,dev_set/gender/Bangla_test/voices/00375.wav,16000,1,16,5.28
dev/gender,Bangla,,dev_set/gender/Bangla_test/voices/00376.wav,16000,1,16,3.28
dev/gender,Bangla,,dev_set/gender/Bangla_test/voices/00377.wav,16000,1,16,2.04
dev/gender,Bangla,,dev_set/gender/Bangla_test/voices/00386.wav,16000,1,16,4.04
dev/gender,Bangla,,dev_set/gender/Bangla_test/voices/00390.wav,16000,1,16,4.6
dev/gender,Bangla,,dev_set/gender/Bangla_test/voices/00391.wav,16000,1,16,2.68
dev/gender,Bangla,,dev_set/gender/Bangla_test/voices/00392.wav,16000,1,16,3.12
dev/gender,Bangla,,dev_set/gender/Bangla_test/voices/00393.wav,16000,1,16,14.68
dev/gender,Bangla,,dev_set/gender/Bangla_test/voices/00396.wav,16000,1,16,4.72
dev/gender,Bangla,,dev_set/gender/Bangla_test/voices/00397.wav,16000,1,16,7.08
dev/gender,Bangla,,dev_set/gender/Bangla_test/voices/00398.wav,16000,1,16,2.84
dev/gender,Bangla,,dev_set/gender/Bangla_test/voices/00400.wav,16000,1,16,9.12
dev/gender,Bangla,,dev_set/gender/Bangla_test/voices/00401.wav,16000,1,16,5.36
dev/gender,Bangla,,dev_set/gender/Bangla_test/voices/00403.wav,16000,1,16,14.56
dev/gender,Bangla,,dev_set/gender/Bangla_test/voices/00405.wav,16000,1,16,3.16
dev/gender,Bangla,,dev_set/gender/Bangla_test/voices/00410.wav,16000,1,16,8.4
dev/gender,Bangla,,dev_set/gender/Bangla_test/voices/00412.wav,16000,1,16,2.84
dev/gender,Bangla,,dev_set/gender/Bangla_test/voices/00413.wav,16000,1,16,2.72
dev/gender,Bangla,,dev_set/gender/Bangla_test/voices/00414.wav,16000,1,16,10.64
dev/gender,Bangla,,dev_set/gender/Bangla_test/voices/00418.wav,16000,1,16,5.28
dev/gender,Bangla,,dev_set/gender/Bangla_test/voices/00420.wav,16000,1,16,7.56
dev/gender,Bangla,,dev_set/gender/Bangla_test/voices/00421.wav,16000,1,16,10.0
dev/gender,Bangla,,dev_set/gender/Bangla_test/voices/00425.wav,16000,1,16,8.6
dev/gender,Bangla,,dev_set/gender/Bangla_test/voices/00429.wav,16000,1,16,3.6
dev/gender,Bangla,,dev_set/gender/Bangla_test/voices/00430.wav,16000,1,16,10.72
dev/gender,Bangla,,dev_set/gender/Bangla_test/voices/00431.wav,16000,1,16,2.96
dev/gender,Bangla,,dev_set/gender/Bangla_test/voices/00432.wav,16000,1,16,5.96
dev/gender,Bangla,,dev_set/gender/Bangla_test/voices/00435.wav,16000,1,16,5.48
dev/gender,Bangla,,dev_set/gender/Bangla_test/voices/00438.wav,16000,1,16,7.24
dev/gender,Bangla,,dev_set/gender/Bangla_test/voices/00440.wav,16000,1,16,3.96
dev/gender,Bangla,,dev_set/gender/Bangla_test/voices/00441.wav,16000,1,16,2.28
dev/gender,Bangla,,dev_set/gender/Bangla_test/voices/00443.wav,16000,1,16,4.32
dev/gender,Bangla,,dev_set/gender/Bangla_test/voices/00445.wav,16000,1,16,4.84
dev/gender,Bangla,,dev_set/gender/Bangla_test/voices/00447.wav,16000,1,16,8.48
dev/gender,Bangla,,dev_set/gender/Bangla_test/voices/00448.wav,16000,1,16,9.68
dev/gender,Bangla,,dev_set/gender/Bangla_test/voices/00449.wav,16000,1,16,9.52
dev/gender,Bangla,,dev_set/gender/Bangla_test/voices/00450.wav,16000,1,16,12.76
dev/gender,Bangla,,dev_set/gender/Bangla_test/voices/00451.wav,16000,1,16,2.4
dev/gender,Bangla,,dev_set/gender/Bangla_test/voices/00452.wav,16000,1,16,9.68
dev/gender,Bangla,,dev_set/gender/Bangla_test/voices/00453.wav,16000,1,16,14.32
dev/gender,Bangla,,dev_set/gender/Bangla_test/voices/00455.wav,16000,1,16,2.88
dev/gender,Bangla,,dev_set/gender/Bangla_test/voices/00459.wav,16000,1,16,2.56
dev/gender,Bangla,,dev_set/gender/Bangla_test/voices/00466.wav,16000,1,16,5.92
dev/gender,Bangla,,dev_set/gender/Bangla_test/voices/00467.wav,16000,1,16,6.72
dev/gender,Bangla,,dev_set/gender/Bangla_test/voices/00469.wav,16000,1,16,2.28
dev/gender,Bangla,,dev_set/gender/Bangla_test/voices/00471.wav,16000,1,16,7.28
dev/gender,Bangla,,dev_set/gender/Bangla_test/voices/00473.wav,16000,1,16,3.0
dev/gender,Bangla,,dev_set/gender/Bangla_test/voices/00478.wav,16000,1,16,8.24
dev/gender,Bangla,,dev_set/gender/Bangla_test/voices/00479.wav,16000,1,16,9.84
dev/gender,Bangla,,dev_set/gender/Bangla_test/voices/00480.wav,16000,1,16,8.8
dev/gender,Bangla,,dev_set/gender/Bangla_test/voices/00485.wav,16000,1,16,5.12
dev/gender,Bangla,,dev_set/gender/Bangla_test/voices/00486.wav,16000,1,16,2.24
dev/gender,Bangla,,dev_set/gender/Bangla_test/voices/00488.wav,16000,1,16,5.68
dev/gender,Bangla,,dev_set/gender/Bangla_test/voices/00490.wav,16000,1,16,2.64
dev/gender,Bangla,,dev_set/gender/Bangla_test/voices/00491.wav,16000,1,16,4.04
dev/gender,Bangla,,dev_set/gender/Bangla_test/voices/00492.wav,16000,1,16,2.36
dev/gender,Bangla,,dev_set/gender/Bangla_test/voices/00493.wav,16000,1,16,14.12
dev/gender,Bangla,,dev_set/gender/Bangla_test/voices/00495.wav,16000,1,16,2.92
dev/gender,Bangla,,dev_set/gender/Bangla_test/voices/00496.wav,16000,1,16,6.16
dev/gender,Bangla,,dev_set/gender/Bangla_test/voices/00498.wav,16000,1,16,15.32
dev/gender,Bangla,,dev_set/gender/Bangla_test/voices/00502.wav,16000,1,16,2.2
dev/gender,Bangla,,dev_set/gender/Bangla_test/voices/00504.wav,16000,1,16,6.0
dev/gender,Bangla,,dev_set/gender/Bangla_test/voices/00505.wav,16000,1,16,4.08
dev/gender,Bangla,,dev_set/gender/Bangla_test/voices/00506.wav,16000,1,16,2.4
dev/gender,Bangla,,dev_set/gender/Bangla_test/voices/00507.wav,16000,1,16,8.56
dev/gender,Bangla,,dev_set/gender/Bangla_test/voices/00509.wav,16000,1,16,14.64
dev/gender,Bangla,,dev_set/gender/Bangla_test/voices/00515.wav,16000,1,16,3.0
dev/gender,Bangla,,dev_set/gender/Bangla_test/voices/00516.wav,16000,1,16,4.6
dev/gender,Bangla,,dev_set/gender/Bangla_test/voices/00518.wav,16000,1,16,3.8
dev/gender,Bangla,,dev_set/gender/Bangla_test/voices/00522.wav,16000,1,16,7.12
dev/gender,Bangla,,dev_set/gender/Bangla_test/voices/00523.wav,16000,1,16,5.52
dev/gender,Bangla,,dev_set/gender/Bangla_test/voices/00525.wav,16000,1,16,2.56
dev/gender,Bangla,,dev_set/gender/Bangla_test/voices/00526.wav,16000,1,16,5.36
dev/gender,Bangla,,dev_set/gender/Bangla_test/voices/00529.wav,16000,1,16,3.76
dev/gender,Bangla,,dev_set/gender/Bangla_test/voices/00530.wav,16000,1,16,15.52
dev/gender,Bangla,,dev_set/gender/Bangla_test/voices/00533.wav,16000,1,16,4.64
dev/gender,Bangla,,dev_set/gender/Bangla_test/voices/00534.wav,16000,1,16,19.04
dev/gender,Bangla,,dev_set/gender/Bangla_test/voices/00542.wav,16000,1,16,18.56
dev/gender,Bangla,,dev_set/gender/Bangla_test/voices/00544.wav,16000,1,16,3.0
dev/gender,Bangla,,dev_set/gender/Bangla_test/voices/00545.wav,16000,1,16,5.96
dev/gender,Bangla,,dev_set/gender/Bangla_test/voices/00547.wav,16000,1,16,10.44
dev/gender,Bangla,,dev_set/gender/Bangla_test/voices/00548.wav,16000,1,16,2.88
dev/gender,Bangla,,dev_set/gender/Bangla_test/voices/00549.wav,16000,1,16,14.68
dev/gender,Bangla,,dev_set/gender/Bangla_test/voices/00550.wav,16000,1,16,3.52
dev/gender,Bangla,,dev_set/gender/Bangla_test/voices/00554.wav,16000,1,16,4.96
dev/gender,Bangla,,dev_set/gender/Bangla_test/voices/00555.wav,16000,1,16,2.04
dev/gender,Bangla,,dev_set/gender/Bangla_test/voices/00556.wav,16000,1,16,6.72
dev/gender,Bangla,,dev_set/gender/Bangla_test/voices/00557.wav,16000,1,16,7.36
dev/gender,Bangla,,dev_set/gender/Bangla_test/voices/00560.wav,16000,1,16,4.56
dev/gender,Bangla,,dev_set/gender/Bangla_test/voices/00563.wav,16000,1,16,2.52
dev/gender,Bangla,,dev_set/gender/Bangla_test/voices/00566.wav,16000,1,16,4.96
dev/gender,Bangla,,dev_set/gender/Bangla_test/voices/00568.wav,16000,1,16,4.0
dev/gender,Bangla,,dev_set/gender/Bangla_test/voices/00570.wav,16000,1,16,6.4
dev/gender,Bangla,,dev_set/gender/Bangla_test/voices/00572.wav,16000,1,16,7.52
dev/gender,Bangla,,dev_set/gender/Bangla_test/voices/00573.wav,16000,1,16,12.64
dev/gender,Bangla,,dev_set/gender/Bangla_test/voices/00575.wav,16000,1,16,2.88
dev/gender,Bangla,,dev_set/gender/Bangla_test/voices/00576.wav,16000,1,16,2.08
dev/gender,Bangla,,dev_set/gender/Bangla_test/voices/00579.wav,16000,1,16,4.0
dev/gender,Bangla,,dev_set/gender/Bangla_test/voices/00580.wav,16000,1,16,2.6
dev/gender,Bangla,,dev_set/gender/Bangla_test/voices/00581.wav,16000,1,16,3.32
dev/gender,Bangla,,dev_set/gender/Bangla_test/voices/00582.wav,16000,1,16,4.48
dev/gender,Bangla,,dev_set/gender/Bangla_test/voices/00587.wav,16000,1,16,3.08
dev/gender,Bangla,,dev_set/gender/Bangla_test/voices/00588.wav,16000,1,16,2.2
dev/gender,Bangla,,dev_set/gender/Bangla_test/voices/00589.wav,16000,1,16,4.04
dev/gender,Bangla,,dev_set/gender/Bangla_test/voices/00590.wav,16000,1,16,4.28
dev/gender,Bangla,,dev_set/gender/Bangla_test/voices/00593.wav,16000,1,16,4.2
dev/gender,Bangla,,dev_set/gender/Bangla_test/voices/00595.wav,16000,1,16,5.76
dev/gender,Bangla,,dev_set/gender/Bangla_test/voices/00605.wav,16000,1,16,7.04
dev/gender,Bangla,,dev_set/gender/Bangla_test/voices/00606.wav,16000,1,16,7.24
dev/gender,Bangla,,dev_set/gender/Bangla_test/voices/00607.wav,16000,1,16,12.08
dev/gender,Bangla,,dev_set/gender/Bangla_test/voices/00608.wav,16000,1,16,2.04
dev/gender,Bangla,,dev_set/gender/Bangla_test/voices/00613.wav,16000,1,16,8.16
dev/gender,Bangla,,dev_set/gender/Bangla_test/voices/00614.wav,16000,1,16,2.0
dev/gender,Bangla,,dev_set/gender/Bangla_test/voices/00621.wav,16000,1,16,5.56
dev/gender,Bangla,,dev_set/gender/Bangla_test/voices/00626.wav,16000,1,16,10.36
dev/gender,Bangla,,dev_set/gender/Bangla_test/voices/00627.wav,16000,1,16,4.24
dev/gender,Bangla,,dev_set/gender/Bangla_test/voices/00631.wav,16000,1,16,2.4
dev/gender,Bangla,,dev_set/gender/Bangla_test/voices/00634.wav,16000,1,16,6.44
dev/gender,Bangla,,dev_set/gender/Bangla_test/voices/00636.wav,16000,1,16,5.28
dev/gender,Bangla,,dev_set/gender/Bangla_test/voices/00638.wav,16000,1,16,2.96
dev/gender,Bangla,,dev_set/gender/Bangla_test/voices/00642.wav,16000,1,16,2.28
dev/gender,Bangla,,dev_set/gender/Bangla_test/voices/00646.wav,16000,1,16,3.36
dev/gender,Bangla,,dev_set/gender/Bangla_test/voices/00647.wav,16000,1,16,2.4
dev/gender,Bangla,,dev_set/gender/Bangla_test/voices/00648.wav,16000,1,16,3.88
dev/gender,Bangla,,dev_set/gender/Bangla_test/voices/00649.wav,16000,1,16,2.48
dev/gender,Bangla,,dev_set/gender/Bangla_test/voices/00650.wav,16000,1,16,3.32
dev/gender,Bangla,,dev_set/gender/Bangla_test/voices/00652.wav,16000,1,16,3.52
dev/gender,Bangla,,dev_set/gender/Bangla_test/voices/00654.wav,16000,1,16,2.92
dev/gender,Bangla,,dev_set/gender/Bangla_test/voices/00657.wav,16000,1,16,2.44
dev/gender,Bangla,,dev_set/gender/Bangla_test/voices/00664.wav,16000,1,16,3.32
dev/gender,Bangla,,dev_set/gender/Bangla_test/voices/00668.wav,16000,1,16,7.28
dev/gender,Bangla,,dev_set/gender/Bangla_test/voices/00673.wav,16000,1,16,7.92
dev/gender,Bangla,,dev_set/gender/Bangla_test/voices/00674.wav,16000,1,16,2.68
dev/gender,Bangla,,dev_set/gender/Bangla_test/voices/00677.wav,16000,1,16,3.36
dev/gender,Bangla,,dev_set/gender/Bangla_test/voices/00686.wav,16000,1,16,8.16
dev/gender,Bangla,,dev_set/gender/Bangla_test/voices/00687.wav,16000,1,16,7.64
dev/gender,Bangla,,dev_set/gender/Bangla_test/voices/00690.wav,16000,1,16,10.2
dev/gender,Bangla,,dev_set/gender/Bangla_test/voices/00691.wav,16000,1,16,5.48
dev/gender,Bangla,,dev_set/gender/Bangla_test/voices/00693.wav,16000,1,16,2.68
dev/gender,Bangla,,dev_set/gender/Bangla_test/voices/00695.wav,16000,1,16,14.56
dev/gender,Bangla,,dev_set/gender/Bangla_test/voices/00697.wav,16000,1,16,12.68
dev/gender,Bangla,,dev_set/gender/Bangla_test/voices/00698.wav,16000,1,16,2.64
dev/gender,Bangla,,dev_set/gender/Bangla_test/voices/00699.wav,16000,1,16,4.92
dev/gender,Bangla,,dev_set/gender/Bangla_test/voices/00702.wav,16000,1,16,6.64
dev/gender,Bangla,,dev_set/gender/Bangla_test/voices/00703.wav,16000,1,16,4.76
dev/gender,Bangla,,dev_set/gender/Bangla_test/voices/00704.wav,16000,1,16,13.88
dev/gender,Bangla,,dev_set/gender/Bangla_test/voices/00706.wav,16000,1,16,7.12
dev/gender,Bangla,,dev_set/gender/Bangla_test/voices/00707.wav,16000,1,16,4.48
dev/gender,Bangla,,dev_set/gender/Bangla_test/voices/00708.wav,16000,1,16,7.04
dev/gender,Bangla,,dev_set/gender/Bangla_test/voices/00711.wav,16000,1,16,4.48
dev/gender,Bangla,,dev_set/gender/Bangla_test/voices/00713.wav,16000,1,16,6.68
dev/gender,Bangla,,dev_set/gender/Bangla_test/voices/00716.wav,16000,1,16,2.88
dev/gender,Bangla,,dev_set/gender/Bangla_test/voices/00718.wav,16000,1,16,5.08
dev/gender,Bangla,,dev_set/gender/Bangla_test/voices/00720.wav,16000,1,16,3.36
dev/gender,Bangla,,dev_set/gender/Bangla_test/voices/00721.wav,16000,1,16,5.84
dev/gender,Bangla,,dev_set/gender/Bangla_test/voices/00725.wav,16000,1,16,3.64
dev/gender,Bangla,,dev_set/gender/Bangla_test/voices/00726.wav,16000,1,16,5.76
dev/gender,Bangla,,dev_set/gender/Bangla_test/voices/00730.wav,16000,1,16,3.96
dev/gender,Bangla,,dev_set/gender/Bangla_test/voices/00732.wav,16000,1,16,9.28
dev/gender,Bangla,,dev_set/gender/Bangla_test/voices/00733.wav,16000,1,16,9.0
dev/gender,Bangla,,dev_set/gender/Bangla_test/voices/00734.wav,16000,1,16,7.52
dev/gender,Bangla,,dev_set/gender/Bangla_test/voices/00736.wav,16000,1,16,3.08
dev/gender,Bangla,,dev_set/gender/Bangla_test/voices/00738.wav,16000,1,16,3.92
dev/gender,Bangla,,dev_set/gender/Bangla_test/voices/00741.wav,16000,1,16,4.68
dev/gender,Bangla,,dev_set/gender/Bangla_test/voices/00742.wav,16000,1,16,6.16
dev/gender,Bangla,,dev_set/gender/Bangla_test/voices/00743.wav,16000,1,16,11.96
dev/gender,Bangla,,dev_set/gender/Bangla_test/voices/00746.wav,16000,1,16,3.72
dev/gender,Bangla,,dev_set/gender/Bangla_test/voices/00748.wav,16000,1,16,6.12
dev/gender,Bangla,,dev_set/gender/Bangla_test/voices/00750.wav,16000,1,16,10.36
dev/gender,Bangla,,dev_set/gender/Bangla_test/voices/00751.wav,16000,1,16,21.72
dev/gender,Bangla,,dev_set/gender/Bangla_test/voices/00752.wav,16000,1,16,3.08
dev/gender,Bangla,,dev_set/gender/Bangla_test/voices/00757.wav,16000,1,16,8.36
dev/gender,Bangla,,dev_set/gender/Bangla_test/voices/00758.wav,16000,1,16,3.48
dev/gender,Bangla,,dev_set/gender/Bangla_test/voices/00762.wav,16000,1,16,5.76
dev/gender,Bangla,,dev_set/gender/Bangla_test/voices/00766.wav,16000,1,16,4.28
dev/gender,Bangla,,dev_set/gender/Bangla_test/voices/00769.wav,16000,1,16,5.84
dev/gender,Bangla,,dev_set/gender/Bangla_test/voices/00772.wav,16000,1,16,5.12
dev/gender,Bangla,,dev_set/gender/Bangla_test/voices/00773.wav,16000,1,16,3.12
dev/gender,Bangla,,dev_set/gender/Bangla_test/voices/00774.wav,16000,1,16,12.24
dev/gender,Bangla,,dev_set/gender/Bangla_test/voices/00777.wav,16000,1,16,4.64
dev/gender,Bangla,,dev_set/gender/Bangla_test/voices/00779.wav,16000,1,16,3.36
dev/gender,Bangla,,dev_set/gender/Bangla_test/voices/00780.wav,16000,1,16,19.76
dev/gender,Bangla,,dev_set/gender/Bangla_test/voices/00781.wav,16000,1,16,5.08
dev/gender,Bangla,,dev_set/gender/Bangla_test/voices/00782.wav,16000,1,16,5.04
dev/gender,Bangla,,dev_set/gender/Bangla_test/voices/00784.wav,16000,1,16,12.68
dev/gender,Bangla,,dev_set/gender/Bangla_test/voices/00785.wav,16000,1,16,3.2
dev/gender,Bangla,,dev_set/gender/Bangla_test/voices/00786.wav,16000,1,16,4.08
dev/gender,Bangla,,dev_set/gender/Bangla_test/voices/00787.wav,16000,1,16,3.68
dev/gender,Bangla,,dev_set/gender/Bangla_test/voices/00788.wav,16000,1,16,3.92
dev/gender,Bangla,,dev_set/gender/Bangla_test/voices/00792.wav,16000,1,16,18.88
dev/gender,Bangla,,dev_set/gender/Bangla_test/voices/00794.wav,16000,1,16,11.64
dev/gender,Bangla,,dev_set/gender/Bangla_test/voices/00795.wav,16000,1,16,5.28
dev/gender,Bangla,,dev_set/gender/Bangla_test/voices/00796.wav,16000,1,16,3.0
dev/gender,Bangla,,dev_set/gender/Bangla_test/voices/00797.wav,16000,1,16,7.24
dev/gender,Bangla,,dev_set/gender/Bangla_test/voices/00799.wav,16000,1,16,4.56
dev/gender,Bangla,,dev_set/gender/Bangla_test/voices/00800.wav,16000,1,16,3.68
dev/gender,Bangla,,dev_set/gender/Bangla_test/voices/00801.wav,16000,1,16,4.68
dev/gender,Bangla,,dev_set/gender/Bangla_test/voices/00802.wav,16000,1,16,15.56
dev/gender,Bangla,,dev_set/gender/Bangla_test/voices/00804.wav,16000,1,16,6.64
dev/gender,Bangla,,dev_set/gender/Bangla_test/voices/00805.wav,16000,1,16,8.4
dev/gender,Bangla,,dev_set/gender/Bangla_test/voices/00808.wav,16000,1,16,6.92
dev/gender,Bangla,,dev_set/gender/Bangla_test/voices/00810.wav,16000,1,16,3.36
dev/gender,Bangla,,dev_set/gender/Bangla_test/voices/00813.wav,16000,1,16,6.72
dev/gender,Bangla,,dev_set/gender/Bangla_test/voices/00815.wav,16000,1,16,7.4
dev/gender,Bangla,,dev_set/gender/Bangla_test/voices/00816.wav,16000,1,16,4.36
dev/gender,Bangla,,dev_set/gender/Bangla_test/voices/00819.wav,16000,1,16,5.12
dev/gender,Bangla,,dev_set/gender/Bangla_test/voices/00821.wav,16000,1,16,4.04
dev/gender,Bangla,,dev_set/gender/Bangla_test/voices/00822.wav,16000,1,16,2.72
dev/gender,Bangla,,dev_set/gender/Bangla_test/voices/00824.wav,16000,1,16,5.0
dev/gender,Bangla,,dev_set/gender/Bangla_test/voices/00826.wav,16000,1,16,3.08
dev/gender,Bangla,,dev_set/gender/Bangla_test/voices/00827.wav,16000,1,16,7.56
dev/gender,Bangla,,dev_set/gender/Bangla_test/voices/00830.wav,16000,1,16,12.48
dev/gender,Bangla,,dev_set/gender/Bangla_test/voices/00831.wav,16000,1,16,6.96
dev/gender,Bangla,,dev_set/gender/Bangla_test/voices/00833.wav,16000,1,16,4.32
dev/gender,Bangla,,dev_set/gender/Bangla_test/voices/00835.wav,16000,1,16,8.36
dev/gender,Bangla,,dev_set/gender/Bangla_test/voices/00836.wav,16000,1,16,2.88
dev/gender,Bangla,,dev_set/gender/Bangla_test/voices/00843.wav,16000,1,16,3.56
dev/gender,Bangla,,dev_set/gender/Bangla_test/voices/00845.wav,16000,1,16,3.68
dev/gender,Bangla,,dev_set/gender/Bangla_test/voices/00848.wav,16000,1,16,2.08
dev/gender,Bangla,,dev_set/gender/Bangla_test/voices/00850.wav,16000,1,16,2.0
dev/gender,Bangla,,dev_set/gender/Bangla_test/voices/00852.wav,16000,1,16,3.72
dev/gender,Bangla,,dev_set/gender/Bangla_test/voices/00853.wav,16000,1,16,2.4
dev/gender,Bangla,,dev_set/gender/Bangla_test/voices/00855.wav,16000,1,16,2.04
dev/gender,Bangla,,dev_set/gender/Bangla_test/voices/00856.wav,16000,1,16,8.8
dev/gender,Bangla,,dev_set/gender/Bangla_test/voices/00858.wav,16000,1,16,9.32
dev/gender,Bangla,,dev_set/gender/Bangla_test/voices/00861.wav,16000,1,16,5.2
dev/gender,Bangla,,dev_set/gender/Bangla_test/voices/00862.wav,16000,1,16,2.12
dev/gender,Bangla,,dev_set/gender/Bangla_test/voices/00865.wav,16000,1,16,3.16
dev/gender,Bangla,,dev_set/gender/Bangla_test/voices/00867.wav,16000,1,16,4.84
dev/gender,Bangla,,dev_set/gender/Bangla_test/voices/00868.wav,16000,1,16,6.76
dev/gender,Bangla,,dev_set/gender/Bangla_test/voices/00869.wav,16000,1,16,5.16
dev/gender,Bangla,,dev_set/gender/Bangla_test/voices/00870.wav,16000,1,16,3.52
dev/gender,Bangla,,dev_set/gender/Bangla_test/voices/00871.wav,16000,1,16,18.12
dev/gender,Bangla,,dev_set/gender/Bangla_test/voices/00872.wav,16000,1,16,6.64
dev/gender,Bangla,,dev_set/gender/Bangla_test/voices/00873.wav,16000,1,16,7.2
dev/gender,Bangla,,dev_set/gender/Bangla_test/voices/00877.wav,16000,1,16,2.4
dev/gender,Bangla,,dev_set/gender/Bangla_test/voices/00879.wav,16000,1,16,4.6
dev/gender,Bangla,,dev_set/gender/Bangla_test/voices/00884.wav,16000,1,16,4.16
dev/gender,Bangla,,dev_set/gender/Bangla_test/voices/00887.wav,16000,1,16,9.12
dev/gender,Bangla,,dev_set/gender/Bangla_test/voices/00889.wav,16000,1,16,7.76
dev/gender,Bangla,,dev_set/gender/Bangla_test/voices/00896.wav,16000,1,16,6.96
dev/gender,Bangla,,dev_set/gender/Bangla_test/voices/00899.wav,16000,1,16,2.48
dev/gender,Bangla,,dev_set/gender/Bangla_test/voices/00900.wav,16000,1,16,5.24
dev/gender,Bangla,,dev_set/gender/Bangla_test/voices/00901.wav,16000,1,16,9.92
dev/gender,Bangla,,dev_set/gender/Bangla_test/voices/00903.wav,16000,1,16,4.24
dev/gender,Bangla,,dev_set/gender/Bangla_test/voices/00907.wav,16000,1,16,4.92
dev/gender,Bangla,,dev_set/gender/Bangla_test/voices/00908.wav,16000,1,16,7.72
dev/gender,Bangla,,dev_set/gender/Bangla_test/voices/00909.wav,16000,1,16,2.24
dev/gender,Bangla,,dev_set/gender/Bangla_test/voices/00911.wav,16000,1,16,5.76
dev/gender,Bangla,,dev_set/gender/Bangla_test/voices/00912.wav,16000,1,16,3.32
dev/gender,Bangla,,dev_set/gender/Bangla_test/voices/00914.wav,16000,1,16,3.72
dev/gender,Bangla,,dev_set/gender/Bangla_test/voices/00916.wav,16000,1,16,3.92
dev/gender,Bangla,,dev_set/gender/Bangla_test/voices/00917.wav,16000,1,16,2.56
dev/gender,Bangla,,dev_set/gender/Bangla_test/voices/00918.wav,16000,1,16,4.68
dev/gender,Bangla,,dev_set/gender/Bangla_test/voices/00919.wav,16000,1,16,3.4
dev/gender,Bangla,,dev_set/gender/Bangla_test/voices/00920.wav,16000,1,16,7.04
dev/gender,Bangla,,dev_set/gender/Bangla_test/voices/00923.wav,16000,1,16,2.56
dev/gender,Bangla,,dev_set/gender/Bangla_test/voices/00924.wav,16000,1,16,4.24
dev/gender,Bangla,,dev_set/gender/Bangla_test/voices/00925.wav,16000,1,16,4.84
dev/gender,Bangla,,dev_set/gender/Bangla_test/voices/00927.wav,16000,1,16,5.12
dev/gender,Bangla,,dev_set/gender/Bangla_test/voices/00934.wav,16000,1,16,3.48
dev/gender,Bangla,,dev_set/gender/Bangla_test/voices/00938.wav,16000,1,16,11.0
dev/gender,Bangla,,dev_set/gender/Bangla_test/voices/00939.wav,16000,1,16,2.36
dev/gender,Bangla,,dev_set/gender/Bangla_test/voices/00940.wav,16000,1,16,2.24
dev/gender,Bangla,,dev_set/gender/Bangla_test/voices/00943.wav,16000,1,16,2.48
dev/gender,Bangla,,dev_set/gender/Bangla_test/voices/00947.wav,16000,1,16,2.2
dev/gender,Bangla,,dev_set/gender/Bangla_test/voices/00948.wav,16000,1,16,2.08
dev/gender,Bangla,,dev_set/gender/Bangla_test/voices/00950.wav,16000,1,16,7.04
dev/gender,Bangla,,dev_set/gender/Bangla_test/voices/00955.wav,16000,1,16,4.84
dev/gender,Bangla,,dev_set/gender/Bangla_test/voices/00957.wav,16000,1,16,10.96
dev/gender,Bangla,,dev_set/gender/Bangla_test/voices/00961.wav,16000,1,16,4.24
dev/gender,Bangla,,dev_set/gender/Bangla_test/voices/00963.wav,16000,1,16,5.76
dev/gender,Bangla,,dev_set/gender/Bangla_test/voices/00965.wav,16000,1,16,9.36
dev/gender,Bangla,,dev_set/gender/Bangla_test/voices/00966.wav,16000,1,16,5.32
dev/gender,Bangla,,dev_set/gender/Bangla_test/voices/00968.wav,16000,1,16,4.4
dev/gender,Bangla,,dev_set/gender/Bangla_test/voices/00970.wav,16000,1,16,3.4
dev/gender,Bangla,,dev_set/gender/Bangla_test/voices/00971.wav,16000,1,16,7.8
dev/gender,Bangla,,dev_set/gender/Bangla_test/voices/00975.wav,16000,1,16,6.76
dev/gender,Bangla,,dev_set/gender/Bangla_test/voices/00977.wav,16000,1,16,5.96
dev/gender,Bangla,,dev_set/gender/Bangla_test/voices/00982.wav,16000,1,16,4.0
dev/gender,Bangla,,dev_set/gender/Bangla_test/voices/00984.wav,16000,1,16,3.76
dev/gender,Bangla,,dev_set/gender/Bangla_test/voices/00989.wav,16000,1,16,5.08
dev/gender,Bangla,,dev_set/gender/Bangla_test/voices/00990.wav,16000,1,16,17.32
dev/gender,Bangla,,dev_set/gender/Bangla_test/voices/00994.wav,16000,1,16,6.16
dev/gender,Bangla,,dev_set/gender/Bangla_test/voices/00995.wav,16000,1,16,4.24
dev/gender,Bangla,,dev_set/gender/Bangla_test/voices/00998.wav,16000,1,16,4.28
dev/gender,Bangla,,dev_set/gender/Bangla_test/voices/01003.wav,16000,1,16,5.24
dev/gender,Bangla,,dev_set/gender/Bangla_test/voices/01005.wav,16000,1,16,6.8
dev/gender,Bangla,,dev_set/gender/Bangla_test/voices/01009.wav,16000,1,16,5.04
dev/gender,Bangla,,dev_set/gender/Bangla_test/voices/01010.wav,16000,1,16,2.0
dev/gender,Bangla,,dev_set/gender/Bangla_test/voices/01012.wav,16000,1,16,3.0
dev/gender,Bangla,,dev_set/gender/Bangla_test/voices/01016.wav,16000,1,16,3.72
dev/gender,Bangla,,dev_set/gender/Bangla_test/voices/01017.wav,16000,1,16,4.44
dev/gender,Bangla,,dev_set/gender/Bangla_test/voices/01019.wav,16000,1,16,5.28
dev/gender,Bangla,,dev_set/gender/Bangla_test/voices/01021.wav,16000,1,16,5.2
dev/gender,Bangla,,dev_set/gender/Bangla_test/voices/01027.wav,16000,1,16,2.0
dev/gender,Bangla,,dev_set/gender/Bangla_test/voices/01034.wav,16000,1,16,4.52
dev/gender,Bangla,,dev_set/gender/Bangla_test/voices/01035.wav,16000,1,16,3.0
dev/gender,Bangla,,dev_set/gender/Bangla_test/voices/01039.wav,16000,1,16,3.08
dev/gender,Bangla,,dev_set/gender/Bangla_test/voices/01041.wav,16000,1,16,5.2
dev/gender,Bangla,,dev_set/gender/Bangla_test/voices/01043.wav,16000,1,16,10.36
dev/gender,Bangla,,dev_set/gender/Bangla_test/voices/01045.wav,16000,1,16,6.04
dev/gender,Bangla,,dev_set/gender/Bangla_test/voices/01049.wav,16000,1,16,5.68
dev/gender,Bangla,,dev_set/gender/Bangla_test/voices/01051.wav,16000,1,16,5.52
dev/gender,Bangla,,dev_set/gender/Bangla_test/voices/01052.wav,16000,1,16,2.48
dev/gender,Bangla,,dev_set/gender/Bangla_test/voices/01055.wav,16000,1,16,3.2
dev/gender,Bangla,,dev_set/gender/Bangla_test/voices/01056.wav,16000,1,16,6.04
dev/gender,Bangla,,dev_set/gender/Bangla_test/voices/01058.wav,16000,1,16,4.08
dev/gender,Bangla,,dev_set/gender/Bangla_test/voices/01061.wav,16000,1,16,3.04
dev/gender,Bangla,,dev_set/gender/Bangla_test/voices/01064.wav,16000,1,16,3.72
dev/gender,Bangla,,dev_set/gender/Bangla_test/voices/01066.wav,16000,1,16,21.8
dev/gender,Bangla,,dev_set/gender/Bangla_test/voices/01068.wav,16000,1,16,7.44
dev/gender,Bangla,,dev_set/gender/Bangla_test/voices/01070.wav,16000,1,16,9.0
dev/gender,Bangla,,dev_set/gender/Bangla_test/voices/01071.wav,16000,1,16,2.84
dev/gender,Bangla,,dev_set/gender/Bangla_test/voices/01074.wav,16000,1,16,7.16
dev/gender,Bangla,,dev_set/gender/Bangla_test/voices/01076.wav,16000,1,16,4.04
dev/gender,Bangla,,dev_set/gender/Bangla_test/voices/01078.wav,16000,1,16,3.68
dev/gender,Bangla,,dev_set/gender/Bangla_test/voices/01082.wav,16000,1,16,3.24
dev/gender,Bangla,,dev_set/gender/Bangla_test/voices/01085.wav,16000,1,16,9.4
dev/gender,Bangla,,dev_set/gender/Bangla_test/voices/01086.wav,16000,1,16,7.84
dev/gender,Bangla,,dev_set/gender/Bangla_test/voices/01088.wav,16000,1,16,3.88
dev/gender,Bangla,,dev_set/gender/Bangla_test/voices/01089.wav,16000,1,16,7.28
dev/gender,Bangla,,dev_set/gender/Bangla_test/voices/01090.wav,16000,1,16,15.48
dev/gender,Bangla,,dev_set/gender/Bangla_test/voices/01091.wav,16000,1,16,3.12
dev/gender,Bangla,,dev_set/gender/Bangla_test/voices/01092.wav,16000,1,16,5.88
dev/gender,Bangla,,dev_set/gender/Bangla_test/voices/01099.wav,16000,1,16,15.64
dev/gender,Bangla,,dev_set/gender/Bangla_test/voices/01101.wav,16000,1,16,4.24
dev/gender,Bangla,,dev_set/gender/Bangla_test/voices/01102.wav,16000,1,16,2.16
dev/gender,Bangla,,dev_set/gender/Bangla_test/voices/01104.wav,16000,1,16,2.28
dev/gender,Bangla,,dev_set/gender/Bangla_test/voices/01105.wav,16000,1,16,4.28
dev/gender,Bangla,,dev_set/gender/Bangla_test/voices/01110.wav,16000,1,16,3.12
dev/gender,Bangla,,dev_set/gender/Bangla_test/voices/01112.wav,16000,1,16,4.52
dev/gender,Bangla,,dev_set/gender/Bangla_test/voices/01114.wav,16000,1,16,7.24
dev/gender,Bangla,,dev_set/gender/Bangla_test/voices/01117.wav,16000,1,16,6.24
dev/gender,Bangla,,dev_set/gender/Bangla_test/voices/01118.wav,16000,1,16,3.88
dev/gender,Bangla,,dev_set/gender/Bangla_test/voices/01120.wav,16000,1,16,2.52
dev/gender,Bangla,,dev_set/gender/Bangla_test/voices/01121.wav,16000,1,16,4.0
dev/gender,Bangla,,dev_set/gender/Bangla_test/voices/01124.wav,16000,1,16,4.0
dev/gender,Bangla,,dev_set/gender/Bangla_test/voices/01129.wav,16000,1,16,3.04
dev/gender,Bangla,,dev_set/gender/Bangla_test/voices/01134.wav,16000,1,16,25.48
dev/gender,Bangla,,dev_set/gender/Bangla_test/voices/01136.wav,16000,1,16,2.52
dev/gender,Bangla,,dev_set/gender/Bangla_test/voices/01138.wav,16000,1,16,5.08
dev/gender,Bangla,,dev_set/gender/Bangla_test/voices/01139.wav,16000,1,16,10.48
dev/gender,Bangla,,dev_set/gender/Bangla_test/voices/01140.wav,16000,1,16,2.4
dev/gender,Bangla,,dev_set/gender/Bangla_test/voices/01141.wav,16000,1,16,2.64
dev/gender,Bangla,,dev_set/gender/Bangla_test/voices/01142.wav,16000,1,16,11.48
dev/gender,Bangla,,dev_set/gender/Bangla_test/voices/01143.wav,16000,1,16,4.12
dev/gender,Bangla,,dev_set/gender/Bangla_test/voices/01145.wav,16000,1,16,2.2
dev/gender,Bangla,,dev_set/gender/Bangla_test/voices/01148.wav,16000,1,16,10.32
dev/gender,Bangla,,dev_set/gender/Bangla_test/voices/01150.wav,16000,1,16,5.8
dev/gender,Bangla,,dev_set/gender/Bangla_test/voices/01157.wav,16000,1,16,3.72
dev/gender,Bangla,,dev_set/gender/Bangla_test/voices/01160.wav,16000,1,16,5.76
dev/gender,Bangla,,dev_set/gender/Bangla_test/voices/01163.wav,16000,1,16,6.48
dev/gender,Bangla,,dev_set/gender/Bangla_test/voices/01164.wav,16000,1,16,3.28
dev/gender,Bangla,,dev_set/gender/Bangla_test/voices/01165.wav,16000,1,16,3.92
dev/gender,Bangla,,dev_set/gender/Bangla_test/voices/01168.wav,16000,1,16,3.68
dev/gender,Bangla,,dev_set/gender/Bangla_test/voices/01170.wav,16000,1,16,4.72
dev/gender,Bangla,,dev_set/gender/Bangla_test/voices/01171.wav,16000,1,16,11.72
dev/gender,Bangla,,dev_set/gender/Bangla_test/voices/01176.wav,16000,1,16,2.8
dev/gender,Bangla,,dev_set/gender/Bangla_test/voices/01178.wav,16000,1,16,5.24
dev/gender,Bangla,,dev_set/gender/Bangla_test/voices/01179.wav,16000,1,16,2.28
dev/gender,Bangla,,dev_set/gender/Bangla_test/voices/01180.wav,16000,1,16,3.6
dev/gender,Bangla,,dev_set/gender/Bangla_test/voices/01181.wav,16000,1,16,10.56
dev/gender,Bangla,,dev_set/gender/Bangla_test/voices/01185.wav,16000,1,16,9.2
dev/gender,Bangla,,dev_set/gender/Bangla_test/voices/01189.wav,16000,1,16,2.68
dev/gender,Bangla,,dev_set/gender/Bangla_test/voices/01191.wav,16000,1,16,9.04
dev/gender,Bangla,,dev_set/gender/Bangla_test/voices/01193.wav,16000,1,16,2.72
dev/gender,Bangla,,dev_set/gender/Bangla_test/voices/01194.wav,16000,1,16,5.12
dev/gender,Bangla,,dev_set/gender/Bangla_test/voices/01195.wav,16000,1,16,2.4
dev/gender,Bangla,,dev_set/gender/Bangla_test/voices/01196.wav,16000,1,16,5.28
dev/gender,Bangla,,dev_set/gender/Bangla_test/voices/01197.wav,16000,1,16,6.28
dev/gender,Bangla,,dev_set/gender/Bangla_test/voices/01200.wav,16000,1,16,5.08
dev/gender,Bangla,,dev_set/gender/Bangla_test/voices/01201.wav,16000,1,16,10.28
dev/gender,Bangla,,dev_set/gender/Bangla_test/voices/01202.wav,16000,1,16,2.68
dev/gender,Bangla,,dev_set/gender/Bangla_test/voices/01204.wav,16000,1,16,6.64
dev/gender,Bangla,,dev_set/gender/Bangla_test/voices/01205.wav,16000,1,16,3.76
dev/gender,Bangla,,dev_set/gender/Bangla_test/voices/01208.wav,16000,1,16,10.88
dev/gender,Bangla,,dev_set/gender/Bangla_test/voices/01210.wav,16000,1,16,2.2
dev/gender,Bangla,,dev_set/gender/Bangla_test/voices/01212.wav,16000,1,16,4.52
dev/gender,Bangla,,dev_set/gender/Bangla_test/voices/01213.wav,16000,1,16,4.72
dev/gender,Bangla,,dev_set/gender/Bangla_test/voices/01220.wav,16000,1,16,2.44
dev/gender,Bangla,,dev_set/gender/Bangla_test/voices/01221.wav,16000,1,16,7.36
dev/gender,Bangla,,dev_set/gender/Bangla_test/voices/01222.wav,16000,1,16,6.88
dev/gender,Bangla,,dev_set/gender/Bangla_test/voices/01223.wav,16000,1,16,6.48
dev/gender,Bangla,,dev_set/gender/Bangla_test/voices/01225.wav,16000,1,16,5.92
dev/gender,Bangla,,dev_set/gender/Bangla_test/voices/01226.wav,16000,1,16,2.08
dev/gender,Bangla,,dev_set/gender/Bangla_test/voices/01227.wav,16000,1,16,2.6
dev/gender,Bangla,,dev_set/gender/Bangla_test/voices/01228.wav,16000,1,16,3.0
dev/gender,Bangla,,dev_set/gender/Bangla_test/voices/01230.wav,16000,1,16,9.0
dev/gender,Bangla,,dev_set/gender/Bangla_test/voices/01231.wav,16000,1,16,5.96
dev/gender,Bangla,,dev_set/gender/Bangla_test/voices/01232.wav,16000,1,16,5.2
dev/gender,Bangla,,dev_set/gender/Bangla_test/voices/01233.wav,16000,1,16,2.24
dev/gender,Bangla,,dev_set/gender/Bangla_test/voices/01238.wav,16000,1,16,4.08
dev/gender,Bangla,,dev_set/gender/Bangla_test/voices/01239.wav,16000,1,16,5.24
dev/gender,Bangla,,dev_set/gender/Bangla_test/voices/01241.wav,16000,1,16,7.44
dev/gender,Bangla,,dev_set/gender/Bangla_test/voices/01244.wav,16000,1,16,2.04
dev/gender,Bangla,,dev_set/gender/Bangla_test/voices/01245.wav,16000,1,16,4.92
dev/gender,Bangla,,dev_set/gender/Bangla_test/voices/01246.wav,16000,1,16,9.84
dev/gender,Bangla,,dev_set/gender/Bangla_test/voices/01247.wav,16000,1,16,4.92
dev/gender,Bangla,,dev_set/gender/Bangla_test/voices/01248.wav,16000,1,16,6.72
dev/gender,Bangla,,dev_set/gender/Bangla_test/voices/01249.wav,16000,1,16,7.08
dev/gender,Bangla,,dev_set/gender/Bangla_test/voices/01251.wav,16000,1,16,2.52
dev/gender,Bangla,,dev_set/gender/Bangla_test/voices/01253.wav,16000,1,16,7.2
dev/gender,Bangla,,dev_set/gender/Bangla_test/voices/01254.wav,16000,1,16,3.6
dev/gender,Bangla,,dev_set/gender/Bangla_test/voices/01256.wav,16000,1,16,5.08
dev/gender,Bangla,,dev_set/gender/Bangla_test/voices/01259.wav,16000,1,16,4.08
dev/gender,Bangla,,dev_set/gender/Bangla_test/voices/01260.wav,16000,1,16,18.2
dev/gender,Bangla,,dev_set/gender/Bangla_test/voices/01261.wav,16000,1,16,7.88
dev/gender,Bangla,,dev_set/gender/Bangla_test/voices/01262.wav,16000,1,16,4.6
dev/gender,Bangla,,dev_set/gender/Bangla_test/voices/01263.wav,16000,1,16,10.12
dev/gender,Bangla,,dev_set/gender/Bangla_test/voices/01264.wav,16000,1,16,7.08
dev/gender,Bangla,,dev_set/gender/Bangla_test/voices/01266.wav,16000,1,16,8.92
dev/gender,Bangla,,dev_set/gender/Bangla_test/voices/01267.wav,16000,1,16,7.48
dev/gender,Bangla,,dev_set/gender/Bangla_test/voices/01268.wav,16000,1,16,2.4
dev/gender,Bangla,,dev_set/gender/Bangla_test/voices/01270.wav,16000,1,16,2.16
dev/gender,Bangla,,dev_set/gender/Bangla_test/voices/01271.wav,16000,1,16,4.56
dev/gender,Bangla,,dev_set/gender/Bangla_test/voices/01273.wav,16000,1,16,7.08
dev/gender,Bangla,,dev_set/gender/Bangla_test/voices/01277.wav,16000,1,16,10.52
dev/gender,Bangla,,dev_set/gender/Bangla_test/voices/01281.wav,16000,1,16,4.96
dev/gender,Bangla,,dev_set/gender/Bangla_test/voices/01282.wav,16000,1,16,3.24
dev/gender,Bangla,,dev_set/gender/Bangla_test/voices/01284.wav,16000,1,16,4.32
dev/gender,Bangla,,dev_set/gender/Bangla_test/voices/01286.wav,16000,1,16,7.8
dev/gender,Bangla,,dev_set/gender/Bangla_test/voices/01288.wav,16000,1,16,3.32
dev/gender,Bangla,,dev_set/gender/Bangla_test/voices/01289.wav,16000,1,16,5.72
dev/gender,Bangla,,dev_set/gender/Bangla_test/voices/01292.wav,16000,1,16,2.4
dev/gender,Bangla,,dev_set/gender/Bangla_test/voices/01293.wav,16000,1,16,2.28
dev/gender,Bangla,,dev_set/gender/Bangla_test/voices/01295.wav,16000,1,16,10.68
dev/gender,Bangla,,dev_set/gender/Bangla_test/voices/01300.wav,16000,1,16,5.32
dev/gender,Bangla,,dev_set/gender/Bangla_test/voices/01302.wav,16000,1,16,5.28
dev/gender,Bangla,,dev_set/gender/Bangla_test/voices/01303.wav,16000,1,16,3.32
dev/gender,Bangla,,dev_set/gender/Bangla_test/voices/01306.wav,16000,1,16,6.0
dev/gender,Bangla,,dev_set/gender/Bangla_test/voices/01308.wav,16000,1,16,2.04
dev/gender,Bangla,,dev_set/gender/Bangla_test/voices/01310.wav,16000,1,16,4.68
dev/gender,Bangla,,dev_set/gender/Bangla_test/voices/01311.wav,16000,1,16,3.8
dev/gender,Bangla,,dev_set/gender/Bangla_test/voices/01312.wav,16000,1,16,2.2
dev/gender,Bangla,,dev_set/gender/Bangla_test/voices/01315.wav,16000,1,16,3.76
dev/gender,Bangla,,dev_set/gender/Bangla_test/voices/01318.wav,16000,1,16,5.08
dev/gender,Bangla,,dev_set/gender/Bangla_test/voices/01319.wav,16000,1,16,3.68
dev/gender,Bangla,,dev_set/gender/Bangla_test/voices/01323.wav,16000,1,16,7.6
dev/gender,Bangla,,dev_set/gender/Bangla_test/voices/01324.wav,16000,1,16,4.2
dev/gender,Bangla,,dev_set/gender/Bangla_test/voices/01326.wav,16000,1,16,5.04
dev/gender,Bangla,,dev_set/gender/Bangla_test/voices/01328.wav,16000,1,16,4.64
dev/gender,Bangla,,dev_set/gender/Bangla_test/voices/01330.wav,16000,1,16,2.08
dev/gender,Bangla,,dev_set/gender/Bangla_test/voices/01331.wav,16000,1,16,4.2
dev/gender,Bangla,,dev_set/gender/Bangla_test/voices/01332.wav,16000,1,16,2.04
dev/gender,Bangla,,dev_set/gender/Bangla_test/voices/01334.wav,16000,1,16,4.48
dev/gender,Bangla,,dev_set/gender/Bangla_test/voices/01335.wav,16000,1,16,5.52
dev/gender,Bangla,,dev_set/gender/Bangla_test/voices/01337.wav,16000,1,16,11.96
dev/gender,Bangla,,dev_set/gender/Bangla_test/voices/01342.wav,16000,1,16,2.08
dev/gender,Bangla,,dev_set/gender/Bangla_test/voices/01343.wav,16000,1,16,5.28
dev/gender,Bangla,,dev_set/gender/Bangla_test/voices/01344.wav,16000,1,16,2.28
dev/gender,Bangla,,dev_set/gender/Bangla_test/voices/01347.wav,16000,1,16,3.0
dev/gender,Bangla,,dev_set/gender/Bangla_test/voices/01349.wav,16000,1,16,6.32
dev/gender,Bangla,,dev_set/gender/Bangla_test/voices/01352.wav,16000,1,16,2.96
dev/gender,Bangla,,dev_set/gender/Bangla_test/voices/01354.wav,16000,1,16,4.08
dev/gender,Bangla,,dev_set/gender/Bangla_test/voices/01358.wav,16000,1,16,2.84
dev/gender,Bangla,,dev_set/gender/Bangla_test/voices/01359.wav,16000,1,16,2.4
dev/gender,Bangla,,dev_set/gender/Bangla_test/voices/01360.wav,16000,1,16,5.24
dev/gender,Bangla,,dev_set/gender/Bangla_test/voices/01362.wav,16000,1,16,14.2
dev/gender,Bangla,,dev_set/gender/Bangla_test/voices/01363.wav,16000,1,16,2.04
dev/gender,Bangla,,dev_set/gender/Bangla_test/voices/01364.wav,16000,1,16,6.56
dev/gender,Bangla,,dev_set/gender/Bangla_test/voices/01366.wav,16000,1,16,5.12
dev/gender,Bangla,,dev_set/gender/Bangla_test/voices/01367.wav,16000,1,16,4.0
dev/gender,Bangla,,dev_set/gender/Bangla_test/voices/01377.wav,16000,1,16,6.24
dev/gender,Bangla,,dev_set/gender/Bangla_test/voices/01382.wav,16000,1,16,2.12
dev/gender,Bangla,,dev_set/gender/Bangla_test/voices/01383.wav,16000,1,16,4.12
dev/gender,Bangla,,dev_set/gender/Bangla_test/voices/01385.wav,16000,1,16,3.52
dev/gender,Bangla,,dev_set/gender/Bangla_test/voices/01386.wav,16000,1,16,43.92
dev/gender,Bangla,,dev_set/gender/Bangla_test/voices/01387.wav,16000,1,16,6.96
dev/gender,Bangla,,dev_set/gender/Bangla_test/voices/01389.wav,16000,1,16,2.68
dev/gender,Bangla,,dev_set/gender/Bangla_test/voices/01391.wav,16000,1,16,8.76
dev/gender,Bangla,,dev_set/gender/Bangla_test/voices/01393.wav,16000,1,16,2.08
dev/gender,Bangla,,dev_set/gender/Bangla_test/voices/01396.wav,16000,1,16,4.56
dev/gender,Bangla,,dev_set/gender/Bangla_test/voices/01399.wav,16000,1,16,16.48
dev/gender,Bangla,,dev_set/gender/Bangla_test/voices/01400.wav,16000,1,16,2.2
dev/gender,Bangla,,dev_set/gender/Bangla_test/voices/01402.wav,16000,1,16,6.0
dev/gender,Bangla,,dev_set/gender/Bangla_test/voices/01404.wav,16000,1,16,3.32
dev/gender,Bangla,,dev_set/gender/Bangla_test/voices/01407.wav,16000,1,16,2.92
dev/gender,Bangla,,dev_set/gender/Bangla_test/voices/01408.wav,16000,1,16,4.16
dev/gender,Bangla,,dev_set/gender/Bangla_test/voices/01412.wav,16000,1,16,2.24
dev/gender,Bangla,,dev_set/gender/Bangla_test/voices/01415.wav,16000,1,16,4.2
dev/gender,Bangla,,dev_set/gender/Bangla_test/voices/01416.wav,16000,1,16,8.68
dev/gender,Bangla,,dev_set/gender/Bangla_test/voices/01419.wav,16000,1,16,5.68
dev/gender,Bangla,,dev_set/gender/Bangla_test/voices/01420.wav,16000,1,16,6.0
dev/gender,Bangla,,dev_set/gender/Bangla_test/voices/01424.wav,16000,1,16,2.96
dev/gender,Bangla,,dev_set/gender/Bangla_test/voices/01425.wav,16000,1,16,3.88
dev/gender,Bangla,,dev_set/gender/Bangla_test/voices/01429.wav,16000,1,16,6.08
dev/gender,Bangla,,dev_set/gender/Bangla_test/voices/01431.wav,16000,1,16,4.92
dev/gender,Bangla,,dev_set/gender/Bangla_test/voices/01432.wav,16000,1,16,2.96
dev/gender,Bangla,,dev_set/gender/Bangla_test/voices/01433.wav,16000,1,16,6.68
dev/gender,Bangla,,dev_set/gender/Bangla_test/voices/01436.wav,16000,1,16,2.48
dev/gender,Bangla,,dev_set/gender/Bangla_test/voices/01442.wav,16000,1,16,5.32
dev/gender,Bangla,,dev_set/gender/Bangla_test/voices/01443.wav,16000,1,16,9.12
dev/gender,Bangla,,dev_set/gender/Bangla_test/voices/01446.wav,16000,1,16,3.64
dev/gender,Bangla,,dev_set/gender/Bangla_test/voices/01448.wav,16000,1,16,2.92
dev/gender,Bangla,,dev_set/gender/Bangla_test/voices/01449.wav,16000,1,16,8.2
dev/gender,Bangla,,dev_set/gender/Bangla_test/voices/01451.wav,16000,1,16,2.64
dev/gender,Bangla,,dev_set/gender/Bangla_test/voices/01453.wav,16000,1,16,3.24
dev/gender,Bangla,,dev_set/gender/Bangla_test/voices/01454.wav,16000,1,16,4.24
dev/gender,Bangla,,dev_set/gender/Bangla_test/voices/01455.wav,16000,1,16,4.68
dev/gender,Bangla,,dev_set/gender/Bangla_test/voices/01457.wav,16000,1,16,4.0
dev/gender,Bangla,,dev_set/gender/Bangla_test/voices/01460.wav,16000,1,16,4.44
dev/gender,Bangla,,dev_set/gender/Bangla_test/voices/01463.wav,16000,1,16,5.52
dev/gender,Bangla,,dev_set/gender/Bangla_test/voices/01464.wav,16000,1,16,6.0
dev/gender,Bangla,,dev_set/gender/Bangla_test/voices/01465.wav,16000,1,16,3.76
dev/gender,Bangla,,dev_set/gender/Bangla_test/voices/01466.wav,16000,1,16,2.84
dev/gender,Bangla,,dev_set/gender/Bangla_test/voices/00004.wav,16000,1,16,3.6
dev/gender,Bangla,,dev_set/gender/Bangla_test/voices/00007.wav,16000,1,16,7.68
dev/gender,Bangla,,dev_set/gender/Bangla_test/voices/00009.wav,16000,1,16,2.4
dev/gender,Bangla,,dev_set/gender/Bangla_test/voices/00010.wav,16000,1,16,2.4
dev/gender,Bangla,,dev_set/gender/Bangla_test/voices/00011.wav,16000,1,16,2.6
dev/gender,Bangla,,dev_set/gender/Bangla_test/voices/00023.wav,16000,1,16,7.96
dev/gender,Bangla,,dev_set/gender/Bangla_test/voices/00024.wav,16000,1,16,4.36
dev/gender,Bangla,,dev_set/gender/Bangla_test/voices/00025.wav,16000,1,16,8.8
dev/gender,Bangla,,dev_set/gender/Bangla_test/voices/00029.wav,16000,1,16,6.24
dev/gender,Bangla,,dev_set/gender/Bangla_test/voices/00038.wav,16000,1,16,4.2
dev/gender,Bangla,,dev_set/gender/Bangla_test/voices/00048.wav,16000,1,16,2.0
dev/gender,Bangla,,dev_set/gender/Bangla_test/voices/00050.wav,16000,1,16,7.32
dev/gender,Bangla,,dev_set/gender/Bangla_test/voices/00054.wav,16000,1,16,6.2
dev/gender,Bangla,,dev_set/gender/Bangla_test/voices/00056.wav,16000,1,16,4.96
dev/gender,Bangla,,dev_set/gender/Bangla_test/voices/00057.wav,16000,1,16,7.92
dev/gender,Bangla,,dev_set/gender/Bangla_test/voices/00059.wav,16000,1,16,5.04
dev/gender,Bangla,,dev_set/gender/Bangla_test/voices/00062.wav,16000,1,16,9.04
dev/gender,Bangla,,dev_set/gender/Bangla_test/voices/00063.wav,16000,1,16,5.4
dev/gender,Bangla,,dev_set/gender/Bangla_test/voices/00081.wav,16000,1,16,4.36
dev/gender,Bangla,,dev_set/gender/Bangla_test/voices/00082.wav,16000,1,16,4.36
dev/gender,Bangla,,dev_set/gender/Bangla_test/voices/00083.wav,16000,1,16,8.2
dev/gender,Bangla,,dev_set/gender/Bangla_test/voices/00084.wav,16000,1,16,5.64
dev/gender,Bangla,,dev_set/gender/Bangla_test/voices/00090.wav,16000,1,16,2.72
dev/gender,Bangla,,dev_set/gender/Bangla_test/voices/00094.wav,16000,1,16,3.24
dev/gender,Bangla,,dev_set/gender/Bangla_test/voices/00102.wav,16000,1,16,3.12
dev/gender,Bangla,,dev_set/gender/Bangla_test/voices/00105.wav,16000,1,16,12.28
dev/gender,Bangla,,dev_set/gender/Bangla_test/voices/00107.wav,16000,1,16,2.08
dev/gender,Bangla,,dev_set/gender/Bangla_test/voices/00109.wav,16000,1,16,6.96
dev/gender,Bangla,,dev_set/gender/Bangla_test/voices/00127.wav,16000,1,16,3.8
dev/gender,Bangla,,dev_set/gender/Bangla_test/voices/00132.wav,16000,1,16,9.64
dev/gender,Bangla,,dev_set/gender/Bangla_test/voices/00135.wav,16000,1,16,9.32
dev/gender,Bangla,,dev_set/gender/Bangla_test/voices/00144.wav,16000,1,16,4.6
dev/gender,Bangla,,dev_set/gender/Bangla_test/voices/00145.wav,16000,1,16,6.0
dev/gender,Bangla,,dev_set/gender/Bangla_test/voices/00153.wav,16000,1,16,3.6
dev/gender,Bangla,,dev_set/gender/Bangla_test/voices/00158.wav,16000,1,16,5.12
dev/gender,Bangla,,dev_set/gender/Bangla_test/voices/00160.wav,16000,1,16,4.76
dev/gender,Bangla,,dev_set/gender/Bangla_test/voices/00161.wav,16000,1,16,7.8
dev/gender,Bangla,,dev_set/gender/Bangla_test/voices/00166.wav,16000,1,16,2.56
dev/gender,Bangla,,dev_set/gender/Bangla_test/voices/00167.wav,16000,1,16,2.68
dev/gender,Bangla,,dev_set/gender/Bangla_test/voices/00170.wav,16000,1,16,2.04
dev/gender,Bangla,,dev_set/gender/Bangla_test/voices/00185.wav,16000,1,16,2.6
dev/gender,Bangla,,dev_set/gender/Bangla_test/voices/00186.wav,16000,1,16,9.64
dev/gender,Bangla,,dev_set/gender/Bangla_test/voices/00194.wav,16000,1,16,4.68
dev/gender,Bangla,,dev_set/gender/Bangla_test/voices/00196.wav,16000,1,16,2.8
dev/gender,Bangla,,dev_set/gender/Bangla_test/voices/00206.wav,16000,1,16,6.16
dev/gender,Bangla,,dev_set/gender/Bangla_test/voices/00211.wav,16000,1,16,3.56
dev/gender,Bangla,,dev_set/gender/Bangla_test/voices/00212.wav,16000,1,16,12.48
dev/gender,Bangla,,dev_set/gender/Bangla_test/voices/00214.wav,16000,1,16,9.6
dev/gender,Bangla,,dev_set/gender/Bangla_test/voices/00216.wav,16000,1,16,7.96
dev/gender,Bangla,,dev_set/gender/Bangla_test/voices/00220.wav,16000,1,16,16.72
dev/gender,Bangla,,dev_set/gender/Bangla_test/voices/00223.wav,16000,1,16,6.88
dev/gender,Bangla,,dev_set/gender/Bangla_test/voices/00228.wav,16000,1,16,6.24
dev/gender,Bangla,,dev_set/gender/Bangla_test/voices/00231.wav,16000,1,16,27.0
dev/gender,Bangla,,dev_set/gender/Bangla_test/voices/00235.wav,16000,1,16,5.96
dev/gender,Bangla,,dev_set/gender/Bangla_test/voices/00237.wav,16000,1,16,4.0
dev/gender,Bangla,,dev_set/gender/Bangla_test/voices/00240.wav,16000,1,16,12.64
dev/gender,Bangla,,dev_set/gender/Bangla_test/voices/00241.wav,16000,1,16,2.96
dev/gender,Bangla,,dev_set/gender/Bangla_test/voices/00242.wav,16000,1,16,4.28
dev/gender,Bangla,,dev_set/gender/Bangla_test/voices/00243.wav,16000,1,16,8.0
dev/gender,Bangla,,dev_set/gender/Bangla_test/voices/00245.wav,16000,1,16,10.56
dev/gender,Bangla,,dev_set/gender/Bangla_test/voices/00249.wav,16000,1,16,2.72
dev/gender,Bangla,,dev_set/gender/Bangla_test/voices/00251.wav,16000,1,16,19.04
dev/gender,Bangla,,dev_set/gender/Bangla_test/voices/00266.wav,16000,1,16,3.52
dev/gender,Bangla,,dev_set/gender/Bangla_test/voices/00267.wav,16000,1,16,9.56
dev/gender,Bangla,,dev_set/gender/Bangla_test/voices/00270.wav,16000,1,16,5.52
dev/gender,Bangla,,dev_set/gender/Bangla_test/voices/00271.wav,16000,1,16,8.92
dev/gender,Bangla,,dev_set/gender/Bangla_test/voices/00272.wav,16000,1,16,2.0
dev/gender,Bangla,,dev_set/gender/Bangla_test/voices/00273.wav,16000,1,16,3.76
dev/gender,Bangla,,dev_set/gender/Bangla_test/voices/00278.wav,16000,1,16,2.76
dev/gender,Bangla,,dev_set/gender/Bangla_test/voices/00279.wav,16000,1,16,18.56
dev/gender,Bangla,,dev_set/gender/Bangla_test/voices/00281.wav,16000,1,16,6.64
dev/gender,Bangla,,dev_set/gender/Bangla_test/voices/00286.wav,16000,1,16,13.88
dev/gender,Bangla,,dev_set/gender/Bangla_test/voices/00292.wav,16000,1,16,2.76
dev/gender,Bangla,,dev_set/gender/Bangla_test/voices/00294.wav,16000,1,16,9.36
dev/gender,Bangla,,dev_set/gender/Bangla_test/voices/00296.wav,16000,1,16,11.8
dev/gender,Bangla,,dev_set/gender/Bangla_test/voices/00300.wav,16000,1,16,9.28
dev/gender,Bangla,,dev_set/gender/Bangla_test/voices/00303.wav,16000,1,16,3.36
dev/gender,Bangla,,dev_set/gender/Bangla_test/voices/00310.wav,16000,1,16,7.52
dev/gender,Bangla,,dev_set/gender/Bangla_test/voices/00313.wav,16000,1,16,6.2
dev/gender,Bangla,,dev_set/gender/Bangla_test/voices/00316.wav,16000,1,16,8.68
dev/gender,Bangla,,dev_set/gender/Bangla_test/voices/00319.wav,16000,1,16,3.32
dev/gender,Bangla,,dev_set/gender/Bangla_test/voices/00322.wav,16000,1,16,11.24
dev/gender,Bangla,,dev_set/gender/Bangla_test/voices/00329.wav,16000,1,16,2.4
dev/gender,Bangla,,dev_set/gender/Bangla_test/voices/00338.wav,16000,1,16,6.28
dev/gender,Bangla,,dev_set/gender/Bangla_test/voices/00342.wav,16000,1,16,4.12
dev/gender,Bangla,,dev_set/gender/Bangla_test/voices/00349.wav,16000,1,16,2.6
dev/gender,Bangla,,dev_set/gender/Bangla_test/voices/00350.wav,16000,1,16,4.44
dev/gender,Bangla,,dev_set/gender/Bangla_test/voices/00351.wav,16000,1,16,2.96
dev/gender,Bangla,,dev_set/gender/Bangla_test/voices/00356.wav,16000,1,16,4.68
dev/gender,Bangla,,dev_set/gender/Bangla_test/voices/00370.wav,16000,1,16,3.2
dev/gender,Bangla,,dev_set/gender/Bangla_test/voices/00379.wav,16000,1,16,4.0
dev/gender,Bangla,,dev_set/gender/Bangla_test/voices/00380.wav,16000,1,16,3.64
dev/gender,Bangla,,dev_set/gender/Bangla_test/voices/00381.wav,16000,1,16,4.8
dev/gender,Bangla,,dev_set/gender/Bangla_test/voices/00384.wav,16000,1,16,4.64
dev/gender,Bangla,,dev_set/gender/Bangla_test/voices/00388.wav,16000,1,16,5.04
dev/gender,Bangla,,dev_set/gender/Bangla_test/voices/00394.wav,16000,1,16,6.04
dev/gender,Bangla,,dev_set/gender/Bangla_test/voices/00407.wav,16000,1,16,2.0
dev/gender,Bangla,,dev_set/gender/Bangla_test/voices/00408.wav,16000,1,16,7.44
dev/gender,Bangla,,dev_set/gender/Bangla_test/voices/00409.wav,16000,1,16,6.76
dev/gender,Bangla,,dev_set/gender/Bangla_test/voices/00416.wav,16000,1,16,4.56
dev/gender,Bangla,,dev_set/gender/Bangla_test/voices/00417.wav,16000,1,16,7.04
dev/gender,Bangla,,dev_set/gender/Bangla_test/voices/00419.wav,16000,1,16,2.28
dev/gender,Bangla,,dev_set/gender/Bangla_test/voices/00422.wav,16000,1,16,11.28
dev/gender,Bangla,,dev_set/gender/Bangla_test/voices/00423.wav,16000,1,16,4.28
dev/gender,Bangla,,dev_set/gender/Bangla_test/voices/00427.wav,16000,1,16,2.04
dev/gender,Bangla,,dev_set/gender/Bangla_test/voices/00428.wav,16000,1,16,2.24
dev/gender,Bangla,,dev_set/gender/Bangla_test/voices/00433.wav,16000,1,16,4.56
dev/gender,Bangla,,dev_set/gender/Bangla_test/voices/00456.wav,16000,1,16,3.76
dev/gender,Bangla,,dev_set/gender/Bangla_test/voices/00464.wav,16000,1,16,17.36
dev/gender,Bangla,,dev_set/gender/Bangla_test/voices/00465.wav,16000,1,16,2.72
dev/gender,Bangla,,dev_set/gender/Bangla_test/voices/00474.wav,16000,1,16,4.12
dev/gender,Bangla,,dev_set/gender/Bangla_test/voices/00476.wav,16000,1,16,5.68
dev/gender,Bangla,,dev_set/gender/Bangla_test/voices/00477.wav,16000,1,16,8.92
dev/gender,Bangla,,dev_set/gender/Bangla_test/voices/00481.wav,16000,1,16,4.36
dev/gender,Bangla,,dev_set/gender/Bangla_test/voices/00482.wav,16000,1,16,14.84
dev/gender,Bangla,,dev_set/gender/Bangla_test/voices/00484.wav,16000,1,16,7.92
dev/gender,Bangla,,dev_set/gender/Bangla_test/voices/00487.wav,16000,1,16,2.92
dev/gender,Bangla,,dev_set/gender/Bangla_test/voices/00494.wav,16000,1,16,7.4
dev/gender,Bangla,,dev_set/gender/Bangla_test/voices/00500.wav,16000,1,16,3.64
dev/gender,Bangla,,dev_set/gender/Bangla_test/voices/00501.wav,16000,1,16,5.68
dev/gender,Bangla,,dev_set/gender/Bangla_test/voices/00512.wav,16000,1,16,4.04
dev/gender,Bangla,,dev_set/gender/Bangla_test/voices/00519.wav,16000,1,16,6.24
dev/gender,Bangla,,dev_set/gender/Bangla_test/voices/00521.wav,16000,1,16,8.56
dev/gender,Bangla,,dev_set/gender/Bangla_test/voices/00528.wav,16000,1,16,7.0
dev/gender,Bangla,,dev_set/gender/Bangla_test/voices/00532.wav,16000,1,16,2.48
dev/gender,Bangla,,dev_set/gender/Bangla_test/voices/00535.wav,16000,1,16,4.4
dev/gender,Bangla,,dev_set/gender/Bangla_test/voices/00546.wav,16000,1,16,3.6
dev/gender,Bangla,,dev_set/gender/Bangla_test/voices/00552.wav,16000,1,16,3.28
dev/gender,Bangla,,dev_set/gender/Bangla_test/voices/00553.wav,16000,1,16,8.28
dev/gender,Bangla,,dev_set/gender/Bangla_test/voices/00565.wav,16000,1,16,6.24
dev/gender,Bangla,,dev_set/gender/Bangla_test/voices/00577.wav,16000,1,16,5.0
dev/gender,Bangla,,dev_set/gender/Bangla_test/voices/00585.wav,16000,1,16,6.4
dev/gender,Bangla,,dev_set/gender/Bangla_test/voices/00586.wav,16000,1,16,8.68
dev/gender,Bangla,,dev_set/gender/Bangla_test/voices/00591.wav,16000,1,16,8.72
dev/gender,Bangla,,dev_set/gender/Bangla_test/voices/00597.wav,16000,1,16,3.52
dev/gender,Bangla,,dev_set/gender/Bangla_test/voices/00600.wav,16000,1,16,2.88
dev/gender,Bangla,,dev_set/gender/Bangla_test/voices/00601.wav,16000,1,16,10.52
dev/gender,Bangla,,dev_set/gender/Bangla_test/voices/00602.wav,16000,1,16,7.2
dev/gender,Bangla,,dev_set/gender/Bangla_test/voices/00604.wav,16000,1,16,13.96
dev/gender,Bangla,,dev_set/gender/Bangla_test/voices/00610.wav,16000,1,16,7.36
dev/gender,Bangla,,dev_set/gender/Bangla_test/voices/00612.wav,16000,1,16,3.64
dev/gender,Bangla,,dev_set/gender/Bangla_test/voices/00615.wav,16000,1,16,3.44
dev/gender,Bangla,,dev_set/gender/Bangla_test/voices/00616.wav,16000,1,16,2.28
dev/gender,Bangla,,dev_set/gender/Bangla_test/voices/00619.wav,16000,1,16,3.92
dev/gender,Bangla,,dev_set/gender/Bangla_test/voices/00620.wav,16000,1,16,9.32
dev/gender,Bangla,,dev_set/gender/Bangla_test/voices/00628.wav,16000,1,16,4.04
dev/gender,Bangla,,dev_set/gender/Bangla_test/voices/00632.wav,16000,1,16,2.96
dev/gender,Bangla,,dev_set/gender/Bangla_test/voices/00644.wav,16000,1,16,3.08
dev/gender,Bangla,,dev_set/gender/Bangla_test/voices/00645.wav,16000,1,16,8.24
dev/gender,Bangla,,dev_set/gender/Bangla_test/voices/00651.wav,16000,1,16,2.48
dev/gender,Bangla,,dev_set/gender/Bangla_test/voices/00653.wav,16000,1,16,4.08
dev/gender,Bangla,,dev_set/gender/Bangla_test/voices/00655.wav,16000,1,16,3.68
dev/gender,Bangla,,dev_set/gender/Bangla_test/voices/00658.wav,16000,1,16,4.56
dev/gender,Bangla,,dev_set/gender/Bangla_test/voices/00659.wav,16000,1,16,2.24
dev/gender,Bangla,,dev_set/gender/Bangla_test/voices/00661.wav,16000,1,16,8.8
dev/gender,Bangla,,dev_set/gender/Bangla_test/voices/00662.wav,16000,1,16,8.8
dev/gender,Bangla,,dev_set/gender/Bangla_test/voices/00663.wav,16000,1,16,8.68
dev/gender,Bangla,,dev_set/gender/Bangla_test/voices/00665.wav,16000,1,16,5.12
dev/gender,Bangla,,dev_set/gender/Bangla_test/voices/00670.wav,16000,1,16,3.0
dev/gender,Bangla,,dev_set/gender/Bangla_test/voices/00671.wav,16000,1,16,11.04
dev/gender,Bangla,,dev_set/gender/Bangla_test/voices/00672.wav,16000,1,16,2.04
dev/gender,Bangla,,dev_set/gender/Bangla_test/voices/00676.wav,16000,1,16,4.56
dev/gender,Bangla,,dev_set/gender/Bangla_test/voices/00682.wav,16000,1,16,6.2
dev/gender,Bangla,,dev_set/gender/Bangla_test/voices/00683.wav,16000,1,16,2.2
dev/gender,Bangla,,dev_set/gender/Bangla_test/voices/00685.wav,16000,1,16,2.84
dev/gender,Bangla,,dev_set/gender/Bangla_test/voices/00692.wav,16000,1,16,22.68
dev/gender,Bangla,,dev_set/gender/Bangla_test/voices/00696.wav,16000,1,16,8.08
dev/gender,Bangla,,dev_set/gender/Bangla_test/voices/00700.wav,16000,1,16,2.28
dev/gender,Bangla,,dev_set/gender/Bangla_test/voices/00701.wav,16000,1,16,15.44
dev/gender,Bangla,,dev_set/gender/Bangla_test/voices/00705.wav,16000,1,16,5.16
dev/gender,Bangla,,dev_set/gender/Bangla_test/voices/00709.wav,16000,1,16,4.84
dev/gender,Bangla,,dev_set/gender/Bangla_test/voices/00710.wav,16000,1,16,2.52
dev/gender,Bangla,,dev_set/gender/Bangla_test/voices/00715.wav,16000,1,16,5.8
dev/gender,Bangla,,dev_set/gender/Bangla_test/voices/00723.wav,16000,1,16,2.0
dev/gender,Bangla,,dev_set/gender/Bangla_test/voices/00724.wav,16000,1,16,2.44
dev/gender,Bangla,,dev_set/gender/Bangla_test/voices/00727.wav,16000,1,16,19.04
dev/gender,Bangla,,dev_set/gender/Bangla_test/voices/00729.wav,16000,1,16,2.76
dev/gender,Bangla,,dev_set/gender/Bangla_test/voices/00737.wav,16000,1,16,7.76
dev/gender,Bangla,,dev_set/gender/Bangla_test/voices/00739.wav,16000,1,16,2.84
dev/gender,Bangla,,dev_set/gender/Bangla_test/voices/00740.wav,16000,1,16,8.44
dev/gender,Bangla,,dev_set/gender/Bangla_test/voices/00744.wav,16000,1,16,4.0
dev/gender,Bangla,,dev_set/gender/Bangla_test/voices/00754.wav,16000,1,16,3.48
dev/gender,Bangla,,dev_set/gender/Bangla_test/voices/00761.wav,16000,1,16,2.08
dev/gender,Bangla,,dev_set/gender/Bangla_test/voices/00763.wav,16000,1,16,4.88
dev/gender,Bangla,,dev_set/gender/Bangla_test/voices/00764.wav,16000,1,16,3.56
dev/gender,Bangla,,dev_set/gender/Bangla_test/voices/00768.wav,16000,1,16,2.08
dev/gender,Bangla,,dev_set/gender/Bangla_test/voices/00775.wav,16000,1,16,2.36
dev/gender,Bangla,,dev_set/gender/Bangla_test/voices/00793.wav,16000,1,16,4.48
dev/gender,Bangla,,dev_set/gender/Bangla_test/voices/00798.wav,16000,1,16,2.24
dev/gender,Bangla,,dev_set/gender/Bangla_test/voices/00803.wav,16000,1,16,14.2
dev/gender,Bangla,,dev_set/gender/Bangla_test/voices/00806.wav,16000,1,16,4.12
dev/gender,Bangla,,dev_set/gender/Bangla_test/voices/00814.wav,16000,1,16,9.0
dev/gender,Bangla,,dev_set/gender/Bangla_test/voices/00828.wav,16000,1,16,2.32
dev/gender,Bangla,,dev_set/gender/Bangla_test/voices/00832.wav,16000,1,16,2.0
dev/gender,Bangla,,dev_set/gender/Bangla_test/voices/00837.wav,16000,1,16,4.64
dev/gender,Bangla,,dev_set/gender/Bangla_test/voices/00838.wav,16000,1,16,3.04
dev/gender,Bangla,,dev_set/gender/Bangla_test/voices/00840.wav,16000,1,16,2.8
dev/gender,Bangla,,dev_set/gender/Bangla_test/voices/00844.wav,16000,1,16,5.92
dev/gender,Bangla,,dev_set/gender/Bangla_test/voices/00851.wav,16000,1,16,5.0
dev/gender,Bangla,,dev_set/gender/Bangla_test/voices/00860.wav,16000,1,16,7.56
dev/gender,Bangla,,dev_set/gender/Bangla_test/voices/00864.wav,16000,1,16,3.12
dev/gender,Bangla,,dev_set/gender/Bangla_test/voices/00866.wav,16000,1,16,4.32
dev/gender,Bangla,,dev_set/gender/Bangla_test/voices/00881.wav,16000,1,16,6.4
dev/gender,Bangla,,dev_set/gender/Bangla_test/voices/00891.wav,16000,1,16,7.0
dev/gender,Bangla,,dev_set/gender/Bangla_test/voices/00893.wav,16000,1,16,2.72
dev/gender,Bangla,,dev_set/gender/Bangla_test/voices/00895.wav,16000,1,16,2.08
dev/gender,Bangla,,dev_set/gender/Bangla_test/voices/00897.wav,16000,1,16,7.52
dev/gender,Bangla,,dev_set/gender/Bangla_test/voices/00904.wav,16000,1,16,2.8
dev/gender,Bangla,,dev_set/gender/Bangla_test/voices/00910.wav,16000,1,16,5.28
dev/gender,Bangla,,dev_set/gender/Bangla_test/voices/00922.wav,16000,1,16,2.12
dev/gender,Bangla,,dev_set/gender/Bangla_test/voices/00930.wav,16000,1,16,7.92
dev/gender,Bangla,,dev_set/gender/Bangla_test/voices/00932.wav,16000,1,16,10.84
dev/gender,Bangla,,dev_set/gender/Bangla_test/voices/00936.wav,16000,1,16,4.6
dev/gender,Bangla,,dev_set/gender/Bangla_test/voices/00937.wav,16000,1,16,6.88
dev/gender,Bangla,,dev_set/gender/Bangla_test/voices/00941.wav,16000,1,16,5.64
dev/gender,Bangla,,dev_set/gender/Bangla_test/voices/00953.wav,16000,1,16,7.92
dev/gender,Bangla,,dev_set/gender/Bangla_test/voices/00954.wav,16000,1,16,5.28
dev/gender,Bangla,,dev_set/gender/Bangla_test/voices/00956.wav,16000,1,16,5.28
dev/gender,Bangla,,dev_set/gender/Bangla_test/voices/00960.wav,16000,1,16,6.6
dev/gender,Bangla,,dev_set/gender/Bangla_test/voices/00962.wav,16000,1,16,4.04
dev/gender,Bangla,,dev_set/gender/Bangla_test/voices/00964.wav,16000,1,16,3.4
dev/gender,Bangla,,dev_set/gender/Bangla_test/voices/00973.wav,16000,1,16,3.76
dev/gender,Bangla,,dev_set/gender/Bangla_test/voices/00976.wav,16000,1,16,4.36
dev/gender,Bangla,,dev_set/gender/Bangla_test/voices/00979.wav,16000,1,16,5.76
dev/gender,Bangla,,dev_set/gender/Bangla_test/voices/00980.wav,16000,1,16,3.68
dev/gender,Bangla,,dev_set/gender/Bangla_test/voices/00981.wav,16000,1,16,7.36
dev/gender,Bangla,,dev_set/gender/Bangla_test/voices/00983.wav,16000,1,16,3.28
dev/gender,Bangla,,dev_set/gender/Bangla_test/voices/00986.wav,16000,1,16,8.16
dev/gender,Bangla,,dev_set/gender/Bangla_test/voices/00988.wav,16000,1,16,8.48
dev/gender,Bangla,,dev_set/gender/Bangla_test/voices/00993.wav,16000,1,16,7.56
dev/gender,Bangla,,dev_set/gender/Bangla_test/voices/01004.wav,16000,1,16,3.48
dev/gender,Bangla,,dev_set/gender/Bangla_test/voices/01008.wav,16000,1,16,5.76
dev/gender,Bangla,,dev_set/gender/Bangla_test/voices/01014.wav,16000,1,16,5.04
dev/gender,Bangla,,dev_set/gender/Bangla_test/voices/01015.wav,16000,1,16,9.32
dev/gender,Bangla,,dev_set/gender/Bangla_test/voices/01020.wav,16000,1,16,4.08
dev/gender,Bangla,,dev_set/gender/Bangla_test/voices/01026.wav,16000,1,16,2.0
dev/gender,Bangla,,dev_set/gender/Bangla_test/voices/01028.wav,16000,1,16,12.24
dev/gender,Bangla,,dev_set/gender/Bangla_test/voices/01030.wav,16000,1,16,19.72
dev/gender,Bangla,,dev_set/gender/Bangla_test/voices/01031.wav,16000,1,16,2.92
dev/gender,Bangla,,dev_set/gender/Bangla_test/voices/01032.wav,16000,1,16,6.88
dev/gender,Bangla,,dev_set/gender/Bangla_test/voices/01033.wav,16000,1,16,4.48
dev/gender,Bangla,,dev_set/gender/Bangla_test/voices/01038.wav,16000,1,16,9.64
dev/gender,Bangla,,dev_set/gender/Bangla_test/voices/01047.wav,16000,1,16,13.96
dev/gender,Bangla,,dev_set/gender/Bangla_test/voices/01050.wav,16000,1,16,2.32
dev/gender,Bangla,,dev_set/gender/Bangla_test/voices/01053.wav,16000,1,16,12.8
dev/gender,Bangla,,dev_set/gender/Bangla_test/voices/01065.wav,16000,1,16,3.92
dev/gender,Bangla,,dev_set/gender/Bangla_test/voices/01080.wav,16000,1,16,2.12
dev/gender,Bangla,,dev_set/gender/Bangla_test/voices/01081.wav,16000,1,16,2.6
dev/gender,Bangla,,dev_set/gender/Bangla_test/voices/01084.wav,16000,1,16,4.76
dev/gender,Bangla,,dev_set/gender/Bangla_test/voices/01094.wav,16000,1,16,4.0
dev/gender,Bangla,,dev_set/gender/Bangla_test/voices/01098.wav,16000,1,16,2.12
dev/gender,Bangla,,dev_set/gender/Bangla_test/voices/01108.wav,16000,1,16,5.0
dev/gender,Bangla,,dev_set/gender/Bangla_test/voices/01109.wav,16000,1,16,4.16
dev/gender,Bangla,,dev_set/gender/Bangla_test/voices/01123.wav,16000,1,16,5.6
dev/gender,Bangla,,dev_set/gender/Bangla_test/voices/01126.wav,16000,1,16,5.76
dev/gender,Bangla,,dev_set/gender/Bangla_test/voices/01127.wav,16000,1,16,6.48
dev/gender,Bangla,,dev_set/gender/Bangla_test/voices/01144.wav,16000,1,16,5.72
dev/gender,Bangla,,dev_set/gender/Bangla_test/voices/01146.wav,16000,1,16,4.28
dev/gender,Bangla,,dev_set/gender/Bangla_test/voices/01152.wav,16000,1,16,8.48
dev/gender,Bangla,,dev_set/gender/Bangla_test/voices/01153.wav,16000,1,16,4.04
dev/gender,Bangla,,dev_set/gender/Bangla_test/voices/01156.wav,16000,1,16,2.16
dev/gender,Bangla,,dev_set/gender/Bangla_test/voices/01161.wav,16000,1,16,4.28
dev/gender,Bangla,,dev_set/gender/Bangla_test/voices/01162.wav,16000,1,16,4.92
dev/gender,Bangla,,dev_set/gender/Bangla_test/voices/01166.wav,16000,1,16,5.16
dev/gender,Bangla,,dev_set/gender/Bangla_test/voices/01167.wav,16000,1,16,6.36
dev/gender,Bangla,,dev_set/gender/Bangla_test/voices/01183.wav,16000,1,16,6.16
dev/gender,Bangla,,dev_set/gender/Bangla_test/voices/01186.wav,16000,1,16,5.16
dev/gender,Bangla,,dev_set/gender/Bangla_test/voices/01209.wav,16000,1,16,3.2
dev/gender,Bangla,,dev_set/gender/Bangla_test/voices/01214.wav,16000,1,16,9.16
dev/gender,Bangla,,dev_set/gender/Bangla_test/voices/01219.wav,16000,1,16,6.8
dev/gender,Bangla,,dev_set/gender/Bangla_test/voices/01224.wav,16000,1,16,6.72
dev/gender,Bangla,,dev_set/gender/Bangla_test/voices/01235.wav,16000,1,16,7.8
dev/gender,Bangla,,dev_set/gender/Bangla_test/voices/01237.wav,16000,1,16,5.08
dev/gender,Bangla,,dev_set/gender/Bangla_test/voices/01243.wav,16000,1,16,6.96
dev/gender,Bangla,,dev_set/gender/Bangla_test/voices/01250.wav,16000,1,16,2.68
dev/gender,Bangla,,dev_set/gender/Bangla_test/voices/01252.wav,16000,1,16,6.2
dev/gender,Bangla,,dev_set/gender/Bangla_test/voices/01257.wav,16000,1,16,7.24
dev/gender,Bangla,,dev_set/gender/Bangla_test/voices/01258.wav,16000,1,16,3.92
dev/gender,Bangla,,dev_set/gender/Bangla_test/voices/01265.wav,16000,1,16,7.2
dev/gender,Bangla,,dev_set/gender/Bangla_test/voices/01272.wav,16000,1,16,5.0
dev/gender,Bangla,,dev_set/gender/Bangla_test/voices/01274.wav,16000,1,16,7.2
dev/gender,Bangla,,dev_set/gender/Bangla_test/voices/01276.wav,16000,1,16,10.88
dev/gender,Bangla,,dev_set/gender/Bangla_test/voices/01279.wav,16000,1,16,5.12
dev/gender,Bangla,,dev_set/gender/Bangla_test/voices/01285.wav,16000,1,16,12.76
dev/gender,Bangla,,dev_set/gender/Bangla_test/voices/01287.wav,16000,1,16,4.12
dev/gender,Bangla,,dev_set/gender/Bangla_test/voices/01290.wav,16000,1,16,4.68
dev/gender,Bangla,,dev_set/gender/Bangla_test/voices/01299.wav,16000,1,16,4.12
dev/gender,Bangla,,dev_set/gender/Bangla_test/voices/01301.wav,16000,1,16,4.04
dev/gender,Bangla,,dev_set/gender/Bangla_test/voices/01307.wav,16000,1,16,9.4
dev/gender,Bangla,,dev_set/gender/Bangla_test/voices/01309.wav,16000,1,16,14.64
dev/gender,Bangla,,dev_set/gender/Bangla_test/voices/01314.wav,16000,1,16,10.24
dev/gender,Bangla,,dev_set/gender/Bangla_test/voices/01340.wav,16000,1,16,6.12
dev/gender,Bangla,,dev_set/gender/Bangla_test/voices/01345.wav,16000,1,16,2.08
dev/gender,Bangla,,dev_set/gender/Bangla_test/voices/01346.wav,16000,1,16,3.72
dev/gender,Bangla,,dev_set/gender/Bangla_test/voices/01348.wav,16000,1,16,6.48
dev/gender,Bangla,,dev_set/gender/Bangla_test/voices/01350.wav,16000,1,16,3.12
dev/gender,Bangla,,dev_set/gender/Bangla_test/voices/01351.wav,16000,1,16,2.8
dev/gender,Bangla,,dev_set/gender/Bangla_test/voices/01365.wav,16000,1,16,9.84
dev/gender,Bangla,,dev_set/gender/Bangla_test/voices/01369.wav,16000,1,16,9.96
dev/gender,Bangla,,dev_set/gender/Bangla_test/voices/01370.wav,16000,1,16,8.0
dev/gender,Bangla,,dev_set/gender/Bangla_test/voices/01371.wav,16000,1,16,5.88
dev/gender,Bangla,,dev_set/gender/Bangla_test/voices/01372.wav,16000,1,16,2.52
dev/gender,Bangla,,dev_set/gender/Bangla_test/voices/01374.wav,16000,1,16,7.4
dev/gender,Bangla,,dev_set/gender/Bangla_test/voices/01378.wav,16000,1,16,2.88
dev/gender,Bangla,,dev_set/gender/Bangla_test/voices/01388.wav,16000,1,16,3.44
dev/gender,Bangla,,dev_set/gender/Bangla_test/voices/01395.wav,16000,1,16,5.48
dev/gender,Bangla,,dev_set/gender/Bangla_test/voices/01397.wav,16000,1,16,3.48
dev/gender,Bangla,,dev_set/gender/Bangla_test/voices/01405.wav,16000,1,16,2.36
dev/gender,Bangla,,dev_set/gender/Bangla_test/voices/01406.wav,16000,1,16,4.36
dev/gender,Bangla,,dev_set/gender/Bangla_test/voices/01410.wav,16000,1,16,11.04
dev/gender,Bangla,,dev_set/gender/Bangla_test/voices/01411.wav,16000,1,16,3.2
dev/gender,Bangla,,dev_set/gender/Bangla_test/voices/01417.wav,16000,1,16,6.6
dev/gender,Bangla,,dev_set/gender/Bangla_test/voices/01418.wav,16000,1,16,3.68
dev/gender,Bangla,,dev_set/gender/Bangla_test/voices/01423.wav,16000,1,16,3.44
dev/gender,Bangla,,dev_set/gender/Bangla_test/voices/01430.wav,16000,1,16,8.72
dev/gender,Bangla,,dev_set/gender/Bangla_test/voices/01434.wav,16000,1,16,2.16
dev/gender,Bangla,,dev_set/gender/Bangla_test/voices/01439.wav,16000,1,16,3.24
dev/gender,Bangla,,dev_set/gender/Bangla_test/voices/01445.wav,16000,1,16,13.04
dev/gender,Bangla,,dev_set/gender/Bangla_test/voices/01447.wav,16000,1,16,6.08
dev/gender,Bangla,,dev_set/gender/Bangla_test/voices/01452.wav,16000,1,16,2.76
dev/gender,Bangla,,dev_set/gender/Bangla_test/voices/01456.wav,16000,1,16,3.52
dev/gender,Bangla,,dev_set/gender/Bangla_test/voices/01458.wav,16000,1,16,5.16
dev/gender,Bangla,,dev_set/gender/Bangla_test/voices/01462.wav,16000,1,16,3.72
dev/gender,Bangla,,dev_set/gender/Bangla_test/voices/01467.wav,16000,1,16,8.4
dev/gender,Bangla,,dev_set/gender/Bangla_test/voices/00000.wav,16000,1,16,2.92
dev/gender,Bangla,,dev_set/gender/Bangla_test/voices/00012.wav,16000,1,16,3.0
dev/gender,Bangla,,dev_set/gender/Bangla_test/voices/00016.wav,16000,1,16,4.76
dev/gender,Bangla,,dev_set/gender/Bangla_test/voices/00020.wav,16000,1,16,4.0
dev/gender,Bangla,,dev_set/gender/Bangla_test/voices/00026.wav,16000,1,16,11.56
dev/gender,Bangla,,dev_set/gender/Bangla_test/voices/00027.wav,16000,1,16,7.2
dev/gender,Bangla,,dev_set/gender/Bangla_test/voices/00028.wav,16000,1,16,3.96
dev/gender,Bangla,,dev_set/gender/Bangla_test/voices/00039.wav,16000,1,16,3.24
dev/gender,Bangla,,dev_set/gender/Bangla_test/voices/00042.wav,16000,1,16,4.12
dev/gender,Bangla,,dev_set/gender/Bangla_test/voices/00052.wav,16000,1,16,4.08
dev/gender,Bangla,,dev_set/gender/Bangla_test/voices/00053.wav,16000,1,16,6.12
dev/gender,Bangla,,dev_set/gender/Bangla_test/voices/00060.wav,16000,1,16,2.08
dev/gender,Bangla,,dev_set/gender/Bangla_test/voices/00068.wav,16000,1,16,3.0
dev/gender,Bangla,,dev_set/gender/Bangla_test/voices/00069.wav,16000,1,16,8.32
dev/gender,Bangla,,dev_set/gender/Bangla_test/voices/00071.wav,16000,1,16,3.6
dev/gender,Bangla,,dev_set/gender/Bangla_test/voices/00074.wav,16000,1,16,2.16
dev/gender,Bangla,,dev_set/gender/Bangla_test/voices/00079.wav,16000,1,16,2.44
dev/gender,Bangla,,dev_set/gender/Bangla_test/voices/00095.wav,16000,1,16,12.32
dev/gender,Bangla,,dev_set/gender/Bangla_test/voices/00097.wav,16000,1,16,3.96
dev/gender,Bangla,,dev_set/gender/Bangla_test/voices/00108.wav,16000,1,16,6.6
dev/gender,Bangla,,dev_set/gender/Bangla_test/voices/00111.wav,16000,1,16,4.44
dev/gender,Bangla,,dev_set/gender/Bangla_test/voices/00112.wav,16000,1,16,2.24
dev/gender,Bangla,,dev_set/gender/Bangla_test/voices/00114.wav,16000,1,16,3.12
dev/gender,Bangla,,dev_set/gender/Bangla_test/voices/00116.wav,16000,1,16,4.88
dev/gender,Bangla,,dev_set/gender/Bangla_test/voices/00122.wav,16000,1,16,2.2
dev/gender,Bangla,,dev_set/gender/Bangla_test/voices/00124.wav,16000,1,16,2.6
dev/gender,Bangla,,dev_set/gender/Bangla_test/voices/00126.wav,16000,1,16,3.0
dev/gender,Bangla,,dev_set/gender/Bangla_test/voices/00130.wav,16000,1,16,2.56
dev/gender,Bangla,,dev_set/gender/Bangla_test/voices/00133.wav,16000,1,16,5.88
dev/gender,Bangla,,dev_set/gender/Bangla_test/voices/00140.wav,16000,1,16,5.04
dev/gender,Bangla,,dev_set/gender/Bangla_test/voices/00149.wav,16000,1,16,8.8
dev/gender,Bangla,,dev_set/gender/Bangla_test/voices/00159.wav,16000,1,16,15.72
dev/gender,Bangla,,dev_set/gender/Bangla_test/voices/00168.wav,16000,1,16,2.48
dev/gender,Bangla,,dev_set/gender/Bangla_test/voices/00175.wav,16000,1,16,2.8
dev/gender,Bangla,,dev_set/gender/Bangla_test/voices/00181.wav,16000,1,16,5.72
dev/gender,Bangla,,dev_set/gender/Bangla_test/voices/00184.wav,16000,1,16,2.04
dev/gender,Bangla,,dev_set/gender/Bangla_test/voices/00192.wav,16000,1,16,5.28
dev/gender,Bangla,,dev_set/gender/Bangla_test/voices/00197.wav,16000,1,16,5.28
dev/gender,Bangla,,dev_set/gender/Bangla_test/voices/00198.wav,16000,1,16,8.68
dev/gender,Bangla,,dev_set/gender/Bangla_test/voices/00203.wav,16000,1,16,2.4
dev/gender,Bangla,,dev_set/gender/Bangla_test/voices/00218.wav,16000,1,16,4.28
dev/gender,Bangla,,dev_set/gender/Bangla_test/voices/00221.wav,16000,1,16,2.52
dev/gender,Bangla,,dev_set/gender/Bangla_test/voices/00227.wav,16000,1,16,15.44
dev/gender,Bangla,,dev_set/gender/Bangla_test/voices/00252.wav,16000,1,16,4.52
dev/gender,Bangla,,dev_set/gender/Bangla_test/voices/00255.wav,16000,1,16,4.92
dev/gender,Bangla,,dev_set/gender/Bangla_test/voices/00256.wav,16000,1,16,6.92
dev/gender,Bangla,,dev_set/gender/Bangla_test/voices/00258.wav,16000,1,16,6.8
dev/gender,Bangla,,dev_set/gender/Bangla_test/voices/00261.wav,16000,1,16,5.44
dev/gender,Bangla,,dev_set/gender/Bangla_test/voices/00265.wav,16000,1,16,5.08
dev/gender,Bangla,,dev_set/gender/Bangla_test/voices/00268.wav,16000,1,16,4.96
dev/gender,Bangla,,dev_set/gender/Bangla_test/voices/00269.wav,16000,1,16,10.52
dev/gender,Bangla,,dev_set/gender/Bangla_test/voices/00280.wav,16000,1,16,3.8
dev/gender,Bangla,,dev_set/gender/Bangla_test/voices/00283.wav,16000,1,16,3.88
dev/gender,Bangla,,dev_set/gender/Bangla_test/voices/00287.wav,16000,1,16,6.72
dev/gender,Bangla,,dev_set/gender/Bangla_test/voices/00288.wav,16000,1,16,7.88
dev/gender,Bangla,,dev_set/gender/Bangla_test/voices/00290.wav,16000,1,16,7.32
dev/gender,Bangla,,dev_set/gender/Bangla_test/voices/00293.wav,16000,1,16,4.88
dev/gender,Bangla,,dev_set/gender/Bangla_test/voices/00298.wav,16000,1,16,2.28
dev/gender,Bangla,,dev_set/gender/Bangla_test/voices/00308.wav,16000,1,16,4.44
dev/gender,Bangla,,dev_set/gender/Bangla_test/voices/00315.wav,16000,1,16,2.76
dev/gender,Bangla,,dev_set/gender/Bangla_test/voices/00317.wav,16000,1,16,4.24
dev/gender,Bangla,,dev_set/gender/Bangla_test/voices/00318.wav,16000,1,16,7.32
dev/gender,Bangla,,dev_set/gender/Bangla_test/voices/00324.wav,16000,1,16,2.32
dev/gender,Bangla,,dev_set/gender/Bangla_test/voices/00332.wav,16000,1,16,2.12
dev/gender,Bangla,,dev_set/gender/Bangla_test/voices/00341.wav,16000,1,16,14.04
dev/gender,Bangla,,dev_set/gender/Bangla_test/voices/00343.wav,16000,1,16,2.72
dev/gender,Bangla,,dev_set/gender/Bangla_test/voices/00344.wav,16000,1,16,3.32
dev/gender,Bangla,,dev_set/gender/Bangla_test/voices/00346.wav,16000,1,16,2.76
dev/gender,Bangla,,dev_set/gender/Bangla_test/voices/00348.wav,16000,1,16,4.96
dev/gender,Bangla,,dev_set/gender/Bangla_test/voices/00354.wav,16000,1,16,3.72
dev/gender,Bangla,,dev_set/gender/Bangla_test/voices/00355.wav,16000,1,16,6.12
dev/gender,Bangla,,dev_set/gender/Bangla_test/voices/00359.wav,16000,1,16,3.88
dev/gender,Bangla,,dev_set/gender/Bangla_test/voices/00371.wav,16000,1,16,11.96
dev/gender,Bangla,,dev_set/gender/Bangla_test/voices/00374.wav,16000,1,16,4.88
dev/gender,Bangla,,dev_set/gender/Bangla_test/voices/00378.wav,16000,1,16,3.0
dev/gender,Bangla,,dev_set/gender/Bangla_test/voices/00382.wav,16000,1,16,3.64
dev/gender,Bangla,,dev_set/gender/Bangla_test/voices/00385.wav,16000,1,16,10.88
dev/gender,Bangla,,dev_set/gender/Bangla_test/voices/00389.wav,16000,1,16,5.08
dev/gender,Bangla,,dev_set/gender/Bangla_test/voices/00395.wav,16000,1,16,2.8
dev/gender,Bangla,,dev_set/gender/Bangla_test/voices/00402.wav,16000,1,16,43.92
dev/gender,Bangla,,dev_set/gender/Bangla_test/voices/00404.wav,16000,1,16,3.2
dev/gender,Bangla,,dev_set/gender/Bangla_test/voices/00406.wav,16000,1,16,6.76
dev/gender,Bangla,,dev_set/gender/Bangla_test/voices/00411.wav,16000,1,16,9.12
dev/gender,Bangla,,dev_set/gender/Bangla_test/voices/00415.wav,16000,1,16,2.76
dev/gender,Bangla,,dev_set/gender/Bangla_test/voices/00426.wav,16000,1,16,3.44
dev/gender,Bangla,,dev_set/gender/Bangla_test/voices/00434.wav,16000,1,16,2.72
dev/gender,Bangla,,dev_set/gender/Bangla_test/voices/00437.wav,16000,1,16,6.28
dev/gender,Bangla,,dev_set/gender/Bangla_test/voices/00442.wav,16000,1,16,3.72
dev/gender,Bangla,,dev_set/gender/Bangla_test/voices/00444.wav,16000,1,16,3.84
dev/gender,Bangla,,dev_set/gender/Bangla_test/voices/00446.wav,16000,1,16,2.32
dev/gender,Bangla,,dev_set/gender/Bangla_test/voices/00454.wav,16000,1,16,4.28
dev/gender,Bangla,,dev_set/gender/Bangla_test/voices/00457.wav,16000,1,16,15.64
dev/gender,Bangla,,dev_set/gender/Bangla_test/voices/00460.wav,16000,1,16,10.88
dev/gender,Bangla,,dev_set/gender/Bangla_test/voices/00461.wav,16000,1,16,8.16
dev/gender,Bangla,,dev_set/gender/Bangla_test/voices/00463.wav,16000,1,16,4.04
dev/gender,Bangla,,dev_set/gender/Bangla_test/voices/00468.wav,16000,1,16,2.84
dev/gender,Bangla,,dev_set/gender/Bangla_test/voices/00470.wav,16000,1,16,3.76
dev/gender,Bangla,,dev_set/gender/Bangla_test/voices/00475.wav,16000,1,16,2.24
dev/gender,Bangla,,dev_set/gender/Bangla_test/voices/00497.wav,16000,1,16,10.12
dev/gender,Bangla,,dev_set/gender/Bangla_test/voices/00499.wav,16000,1,16,5.12
dev/gender,Bangla,,dev_set/gender/Bangla_test/voices/00503.wav,16000,1,16,6.48
dev/gender,Bangla,,dev_set/gender/Bangla_test/voices/00508.wav,16000,1,16,2.6
dev/gender,Bangla,,dev_set/gender/Bangla_test/voices/00510.wav,16000,1,16,3.08
dev/gender,Bangla,,dev_set/gender/Bangla_test/voices/00513.wav,16000,1,16,5.2
dev/gender,Bangla,,dev_set/gender/Bangla_test/voices/00514.wav,16000,1,16,2.44
dev/gender,Bangla,,dev_set/gender/Bangla_test/voices/00517.wav,16000,1,16,8.68
dev/gender,Bangla,,dev_set/gender/Bangla_test/voices/00520.wav,16000,1,16,7.28
dev/gender,Bangla,,dev_set/gender/Bangla_test/voices/00531.wav,16000,1,16,2.0
dev/gender,Bangla,,dev_set/gender/Bangla_test/voices/00536.wav,16000,1,16,5.48
dev/gender,Bangla,,dev_set/gender/Bangla_test/voices/00537.wav,16000,1,16,3.88
dev/gender,Bangla,,dev_set/gender/Bangla_test/voices/00539.wav,16000,1,16,6.04
dev/gender,Bangla,,dev_set/gender/Bangla_test/voices/00540.wav,16000,1,16,7.36
dev/gender,Bangla,,dev_set/gender/Bangla_test/voices/00541.wav,16000,1,16,6.8
dev/gender,Bangla,,dev_set/gender/Bangla_test/voices/00551.wav,16000,1,16,8.28
dev/gender,Bangla,,dev_set/gender/Bangla_test/voices/00558.wav,16000,1,16,7.32
dev/gender,Bangla,,dev_set/gender/Bangla_test/voices/00559.wav,16000,1,16,10.08
dev/gender,Bangla,,dev_set/gender/Bangla_test/voices/00561.wav,16000,1,16,11.24
dev/gender,Bangla,,dev_set/gender/Bangla_test/voices/00562.wav,16000,1,16,5.64
dev/gender,Bangla,,dev_set/gender/Bangla_test/voices/00564.wav,16000,1,16,10.56
dev/gender,Bangla,,dev_set/gender/Bangla_test/voices/00571.wav,16000,1,16,6.24
dev/gender,Bangla,,dev_set/gender/Bangla_test/voices/00583.wav,16000,1,16,4.4
dev/gender,Bangla,,dev_set/gender/Bangla_test/voices/00592.wav,16000,1,16,2.08
dev/gender,Bangla,,dev_set/gender/Bangla_test/voices/00594.wav,16000,1,16,3.72
dev/gender,Bangla,,dev_set/gender/Bangla_test/voices/00596.wav,16000,1,16,2.04
dev/gender,Bangla,,dev_set/gender/Bangla_test/voices/00603.wav,16000,1,16,3.44
dev/gender,Bangla,,dev_set/gender/Bangla_test/voices/00623.wav,16000,1,16,8.88
dev/gender,Bangla,,dev_set/gender/Bangla_test/voices/00624.wav,16000,1,16,11.96
dev/gender,Bangla,,dev_set/gender/Bangla_test/voices/00625.wav,16000,1,16,2.64
dev/gender,Bangla,,dev_set/gender/Bangla_test/voices/00629.wav,16000,1,16,5.68
dev/gender,Bangla,,dev_set/gender/Bangla_test/voices/00630.wav,16000,1,16,3.16
dev/gender,Bangla,,dev_set/gender/Bangla_test/voices/00633.wav,16000,1,16,2.68
dev/gender,Bangla,,dev_set/gender/Bangla_test/voices/00635.wav,16000,1,16,9.32
dev/gender,Bangla,,dev_set/gender/Bangla_test/voices/00640.wav,16000,1,16,8.16
dev/gender,Bangla,,dev_set/gender/Bangla_test/voices/00660.wav,16000,1,16,2.96
dev/gender,Bangla,,dev_set/gender/Bangla_test/voices/00666.wav,16000,1,16,21.48
dev/gender,Bangla,,dev_set/gender/Bangla_test/voices/00667.wav,16000,1,16,13.76
dev/gender,Bangla,,dev_set/gender/Bangla_test/voices/00669.wav,16000,1,16,2.52
dev/gender,Bangla,,dev_set/gender/Bangla_test/voices/00675.wav,16000,1,16,8.84
dev/gender,Bangla,,dev_set/gender/Bangla_test/voices/00678.wav,16000,1,16,4.76
dev/gender,Bangla,,dev_set/gender/Bangla_test/voices/00679.wav,16000,1,16,10.68
dev/gender,Bangla,,dev_set/gender/Bangla_test/voices/00680.wav,16000,1,16,4.96
dev/gender,Bangla,,dev_set/gender/Bangla_test/voices/00681.wav,16000,1,16,6.2
dev/gender,Bangla,,dev_set/gender/Bangla_test/voices/00689.wav,16000,1,16,4.16
dev/gender,Bangla,,dev_set/gender/Bangla_test/voices/00712.wav,16000,1,16,5.2
dev/gender,Bangla,,dev_set/gender/Bangla_test/voices/00714.wav,16000,1,16,2.56
dev/gender,Bangla,,dev_set/gender/Bangla_test/voices/00717.wav,16000,1,16,2.08
dev/gender,Bangla,,dev_set/gender/Bangla_test/voices/00719.wav,16000,1,16,13.92
dev/gender,Bangla,,dev_set/gender/Bangla_test/voices/00722.wav,16000,1,16,3.08
dev/gender,Bangla,,dev_set/gender/Bangla_test/voices/00728.wav,16000,1,16,2.04
dev/gender,Bangla,,dev_set/gender/Bangla_test/voices/00731.wav,16000,1,16,14.4
dev/gender,Bangla,,dev_set/gender/Bangla_test/voices/00735.wav,16000,1,16,2.96
dev/gender,Bangla,,dev_set/gender/Bangla_test/voices/00747.wav,16000,1,16,5.92
dev/gender,Bangla,,dev_set/gender/Bangla_test/voices/00753.wav,16000,1,16,7.2
dev/gender,Bangla,,dev_set/gender/Bangla_test/voices/00755.wav,16000,1,16,3.4
dev/gender,Bangla,,dev_set/gender/Bangla_test/voices/00756.wav,16000,1,16,4.32
dev/gender,Bangla,,dev_set/gender/Bangla_test/voices/00759.wav,16000,1,16,4.0
dev/gender,Bangla,,dev_set/gender/Bangla_test/voices/00760.wav,16000,1,16,8.88
dev/gender,Bangla,,dev_set/gender/Bangla_test/voices/00765.wav,16000,1,16,5.72
dev/gender,Bangla,,dev_set/gender/Bangla_test/voices/00767.wav,16000,1,16,2.04
dev/gender,Bangla,,dev_set/gender/Bangla_test/voices/00770.wav,16000,1,16,3.24
dev/gender,Bangla,,dev_set/gender/Bangla_test/voices/00771.wav,16000,1,16,8.64
dev/gender,Bangla,,dev_set/gender/Bangla_test/voices/00776.wav,16000,1,16,5.64
dev/gender,Bangla,,dev_set/gender/Bangla_test/voices/00778.wav,16000,1,16,3.76
dev/gender,Bangla,,dev_set/gender/Bangla_test/voices/00783.wav,16000,1,16,3.12
dev/gender,Bangla,,dev_set/gender/Bangla_test/voices/00789.wav,16000,1,16,2.72
dev/gender,Bangla,,dev_set/gender/Bangla_test/voices/00791.wav,16000,1,16,4.04
dev/gender,Bangla,,dev_set/gender/Bangla_test/voices/00807.wav,16000,1,16,5.4
dev/gender,Bangla,,dev_set/gender/Bangla_test/voices/00812.wav,16000,1,16,2.96
dev/gender,Bangla,,dev_set/gender/Bangla_test/voices/00817.wav,16000,1,16,6.4
dev/gender,Bangla,,dev_set/gender/Bangla_test/voices/00818.wav,16000,1,16,10.36
dev/gender,Bangla,,dev_set/gender/Bangla_test/voices/00820.wav,16000,1,16,8.04
dev/gender,Bangla,,dev_set/gender/Bangla_test/voices/00823.wav,16000,1,16,2.6
dev/gender,Bangla,,dev_set/gender/Bangla_test/voices/00829.wav,16000,1,16,11.2
dev/gender,Bangla,,dev_set/gender/Bangla_test/voices/00834.wav,16000,1,16,5.6
dev/gender,Bangla,,dev_set/gender/Bangla_test/voices/00839.wav,16000,1,16,4.6
dev/gender,Bangla,,dev_set/gender/Bangla_test/voices/00841.wav,16000,1,16,2.84
dev/gender,Bangla,,dev_set/gender/Bangla_test/voices/00847.wav,16000,1,16,4.68
dev/gender,Bangla,,dev_set/gender/Bangla_test/voices/00849.wav,16000,1,16,4.8
dev/gender,Bangla,,dev_set/gender/Bangla_test/voices/00854.wav,16000,1,16,21.72
dev/gender,Bangla,,dev_set/gender/Bangla_test/voices/00857.wav,16000,1,16,6.68
dev/gender,Bangla,,dev_set/gender/Bangla_test/voices/00859.wav,16000,1,16,6.6
dev/gender,Bangla,,dev_set/gender/Bangla_test/voices/00874.wav,16000,1,16,7.88
dev/gender,Bangla,,dev_set/gender/Bangla_test/voices/00878.wav,16000,1,16,4.4
dev/gender,Bangla,,dev_set/gender/Bangla_test/voices/00880.wav,16000,1,16,2.28
dev/gender,Bangla,,dev_set/gender/Bangla_test/voices/00882.wav,16000,1,16,2.4
dev/gender,Bangla,,dev_set/gender/Bangla_test/voices/00883.wav,16000,1,16,4.56
dev/gender,Bangla,,dev_set/gender/Bangla_test/voices/00885.wav,16000,1,16,2.44
dev/gender,Bangla,,dev_set/gender/Bangla_test/voices/00886.wav,16000,1,16,6.08
dev/gender,Bangla,,dev_set/gender/Bangla_test/voices/00888.wav,16000,1,16,4.56
dev/gender,Bangla,,dev_set/gender/Bangla_test/voices/00890.wav,16000,1,16,7.76
dev/gender,Bangla,,dev_set/gender/Bangla_test/voices/00894.wav,16000,1,16,2.12
dev/gender,Bangla,,dev_set/gender/Bangla_test/voices/00898.wav,16000,1,16,9.64
dev/gender,Bangla,,dev_set/gender/Bangla_test/voices/00902.wav,16000,1,16,5.0
dev/gender,Bangla,,dev_set/gender/Bangla_test/voices/00905.wav,16000,1,16,9.36
dev/gender,Bangla,,dev_set/gender/Bangla_test/voices/00913.wav,16000,1,16,3.12
dev/gender,Bangla,,dev_set/gender/Bangla_test/voices/00915.wav,16000,1,16,4.48
dev/gender,Bangla,,dev_set/gender/Bangla_test/voices/00921.wav,16000,1,16,4.4
dev/gender,Bangla,,dev_set/gender/Bangla_test/voices/00928.wav,16000,1,16,2.84
dev/gender,Bangla,,dev_set/gender/Bangla_test/voices/00931.wav,16000,1,16,5.68
dev/gender,Bangla,,dev_set/gender/Bangla_test/voices/00933.wav,16000,1,16,13.32
dev/gender,Bangla,,dev_set/gender/Bangla_test/voices/00935.wav,16000,1,16,8.16
dev/gender,Bangla,,dev_set/gender/Bangla_test/voices/00942.wav,16000,1,16,8.8
dev/gender,Bangla,,dev_set/gender/Bangla_test/voices/00944.wav,16000,1,16,3.08
dev/gender,Bangla,,dev_set/gender/Bangla_test/voices/00946.wav,16000,1,16,14.2
dev/gender,Bangla,,dev_set/gender/Bangla_test/voices/00951.wav,16000,1,16,11.84
dev/gender,Bangla,,dev_set/gender/Bangla_test/voices/00952.wav,16000,1,16,2.36
dev/gender,Bangla,,dev_set/gender/Bangla_test/voices/00958.wav,16000,1,16,7.32
dev/gender,Bangla,,dev_set/gender/Bangla_test/voices/00959.wav,16000,1,16,4.96
dev/gender,Bangla,,dev_set/gender/Bangla_test/voices/00972.wav,16000,1,16,5.28
dev/gender,Bangla,,dev_set/gender/Bangla_test/voices/00974.wav,16000,1,16,4.32
dev/gender,Bangla,,dev_set/gender/Bangla_test/voices/00978.wav,16000,1,16,2.72
dev/gender,Bangla,,dev_set/gender/Bangla_test/voices/00987.wav,16000,1,16,3.12
dev/gender,Bangla,,dev_set/gender/Bangla_test/voices/00991.wav,16000,1,16,8.76
dev/gender,Bangla,,dev_set/gender/Bangla_test/voices/00992.wav,16000,1,16,5.4
dev/gender,Bangla,,dev_set/gender/Bangla_test/voices/00999.wav,16000,1,16,5.24
dev/gender,Bangla,,dev_set/gender/Bangla_test/voices/01000.wav,16000,1,16,6.16
dev/gender,Bangla,,dev_set/gender/Bangla_test/voices/01001.wav,16000,1,16,10.0
dev/gender,Bangla,,dev_set/gender/Bangla_test/voices/01011.wav,16000,1,16,9.12
dev/gender,Bangla,,dev_set/gender/Bangla_test/voices/01013.wav,16000,1,16,5.92
dev/gender,Bangla,,dev_set/gender/Bangla_test/voices/01022.wav,16000,1,16,3.2
dev/gender,Bangla,,dev_set/gender/Bangla_test/voices/01024.wav,16000,1,16,9.08
dev/gender,Bangla,,dev_set/gender/Bangla_test/voices/01025.wav,16000,1,16,5.04
dev/gender,Bangla,,dev_set/gender/Bangla_test/voices/01036.wav,16000,1,16,2.04
dev/gender,Bangla,,dev_set/gender/Bangla_test/voices/01037.wav,16000,1,16,9.48
dev/gender,Bangla,,dev_set/gender/Bangla_test/voices/01042.wav,16000,1,16,2.4
dev/gender,Bangla,,dev_set/gender/Bangla_test/voices/01046.wav,16000,1,16,5.92
dev/gender,Bangla,,dev_set/gender/Bangla_test/voices/01048.wav,16000,1,16,14.92
dev/gender,Bangla,,dev_set/gender/Bangla_test/voices/01054.wav,16000,1,16,4.6
dev/gender,Bangla,,dev_set/gender/Bangla_test/voices/01057.wav,16000,1,16,2.92
dev/gender,Bangla,,dev_set/gender/Bangla_test/voices/01060.wav,16000,1,16,4.6
dev/gender,Bangla,,dev_set/gender/Bangla_test/voices/01062.wav,16000,1,16,10.88
dev/gender,Bangla,,dev_set/gender/Bangla_test/voices/01063.wav,16000,1,16,10.08
dev/gender,Bangla,,dev_set/gender/Bangla_test/voices/01067.wav,16000,1,16,6.24
dev/gender,Bangla,,dev_set/gender/Bangla_test/voices/01069.wav,16000,1,16,7.56
dev/gender,Bangla,,dev_set/gender/Bangla_test/voices/01072.wav,16000,1,16,9.96
dev/gender,Bangla,,dev_set/gender/Bangla_test/voices/01073.wav,16000,1,16,9.56
dev/gender,Bangla,,dev_set/gender/Bangla_test/voices/01075.wav,16000,1,16,5.68
dev/gender,Bangla,,dev_set/gender/Bangla_test/voices/01083.wav,16000,1,16,2.96
dev/gender,Bangla,,dev_set/gender/Bangla_test/voices/01093.wav,16000,1,16,4.4
dev/gender,Bangla,,dev_set/gender/Bangla_test/voices/01096.wav,16000,1,16,4.4
dev/gender,Bangla,,dev_set/gender/Bangla_test/voices/01097.wav,16000,1,16,2.68
dev/gender,Bangla,,dev_set/gender/Bangla_test/voices/01100.wav,16000,1,16,2.16
dev/gender,Bangla,,dev_set/gender/Bangla_test/voices/01103.wav,16000,1,16,5.84
dev/gender,Bangla,,dev_set/gender/Bangla_test/voices/01106.wav,16000,1,16,5.68
dev/gender,Bangla,,dev_set/gender/Bangla_test/voices/01107.wav,16000,1,16,12.16
dev/gender,Bangla,,dev_set/gender/Bangla_test/voices/01111.wav,16000,1,16,2.2
dev/gender,Bangla,,dev_set/gender/Bangla_test/voices/01113.wav,16000,1,16,4.6
dev/gender,Bangla,,dev_set/gender/Bangla_test/voices/01116.wav,16000,1,16,21.48
dev/gender,Bangla,,dev_set/gender/Bangla_test/voices/01119.wav,16000,1,16,7.32
dev/gender,Bangla,,dev_set/gender/Bangla_test/voices/01128.wav,16000,1,16,3.44
dev/gender,Bangla,,dev_set/gender/Bangla_test/voices/01130.wav,16000,1,16,7.0
dev/gender,Bangla,,dev_set/gender/Bangla_test/voices/01131.wav,16000,1,16,2.72
dev/gender,Bangla,,dev_set/gender/Bangla_test/voices/01132.wav,16000,1,16,2.88
dev/gender,Bangla,,dev_set/gender/Bangla_test/voices/01133.wav,16000,1,16,9.28
dev/gender,Bangla,,dev_set/gender/Bangla_test/voices/01135.wav,16000,1,16,5.0
dev/gender,Bangla,,dev_set/gender/Bangla_test/voices/01147.wav,16000,1,16,2.04
dev/gender,Bangla,,dev_set/gender/Bangla_test/voices/01151.wav,16000,1,16,4.76
dev/gender,Bangla,,dev_set/gender/Bangla_test/voices/01155.wav,16000,1,16,11.96
dev/gender,Bangla,,dev_set/gender/Bangla_test/voices/01159.wav,16000,1,16,2.72
dev/gender,Bangla,,dev_set/gender/Bangla_test/voices/01169.wav,16000,1,16,2.24
dev/gender,Bangla,,dev_set/gender/Bangla_test/voices/01172.wav,16000,1,16,2.68
dev/gender,Bangla,,dev_set/gender/Bangla_test/voices/01173.wav,16000,1,16,7.0
dev/gender,Bangla,,dev_set/gender/Bangla_test/voices/01175.wav,16000,1,16,6.48
dev/gender,Bangla,,dev_set/gender/Bangla_test/voices/01177.wav,16000,1,16,2.32
dev/gender,Bangla,,dev_set/gender/Bangla_test/voices/01182.wav,16000,1,16,8.12
dev/gender,Bangla,,dev_set/gender/Bangla_test/voices/01184.wav,16000,1,16,2.24
dev/gender,Bangla,,dev_set/gender/Bangla_test/voices/01187.wav,16000,1,16,5.08
dev/gender,Bangla,,dev_set/gender/Bangla_test/voices/01190.wav,16000,1,16,2.76
dev/gender,Bangla,,dev_set/gender/Bangla_test/voices/01198.wav,16000,1,16,4.84
dev/gender,Bangla,,dev_set/gender/Bangla_test/voices/01199.wav,16000,1,16,7.48
dev/gender,Bangla,,dev_set/gender/Bangla_test/voices/01203.wav,16000,1,16,2.68
dev/gender,Bangla,,dev_set/gender/Bangla_test/voices/01207.wav,16000,1,16,4.52
dev/gender,Bangla,,dev_set/gender/Bangla_test/voices/01215.wav,16000,1,16,4.4
dev/gender,Bangla,,dev_set/gender/Bangla_test/voices/01216.wav,16000,1,16,9.4
dev/gender,Bangla,,dev_set/gender/Bangla_test/voices/01217.wav,16000,1,16,3.16
dev/gender,Bangla,,dev_set/gender/Bangla_test/voices/01218.wav,16000,1,16,8.24
dev/gender,Bangla,,dev_set/gender/Bangla_test/voices/01236.wav,16000,1,16,7.76
dev/gender,Bangla,,dev_set/gender/Bangla_test/voices/01240.wav,16000,1,16,4.12
dev/gender,Bangla,,dev_set/gender/Bangla_test/voices/01242.wav,16000,1,16,4.12
dev/gender,Bangla,,dev_set/gender/Bangla_test/voices/01255.wav,16000,1,16,6.36
dev/gender,Bangla,,dev_set/gender/Bangla_test/voices/01278.wav,16000,1,16,11.96
dev/gender,Bangla,,dev_set/gender/Bangla_test/voices/01283.wav,16000,1,16,4.44
dev/gender,Bangla,,dev_set/gender/Bangla_test/voices/01291.wav,16000,1,16,7.96
dev/gender,Bangla,,dev_set/gender/Bangla_test/voices/01296.wav,16000,1,16,2.4
dev/gender,Bangla,,dev_set/gender/Bangla_test/voices/01297.wav,16000,1,16,4.56
dev/gender,Bangla,,dev_set/gender/Bangla_test/voices/01298.wav,16000,1,16,10.36
dev/gender,Bangla,,dev_set/gender/Bangla_test/voices/01304.wav,16000,1,16,6.32
dev/gender,Bangla,,dev_set/gender/Bangla_test/voices/01313.wav,16000,1,16,3.16
dev/gender,Bangla,,dev_set/gender/Bangla_test/voices/01316.wav,16000,1,16,9.84
dev/gender,Bangla,,dev_set/gender/Bangla_test/voices/01317.wav,16000,1,16,4.12
dev/gender,Bangla,,dev_set/gender/Bangla_test/voices/01320.wav,16000,1,16,5.84
dev/gender,Bangla,,dev_set/gender/Bangla_test/voices/01321.wav,16000,1,16,2.2
dev/gender,Bangla,,dev_set/gender/Bangla_test/voices/01327.wav,16000,1,16,3.64
dev/gender,Bangla,,dev_set/gender/Bangla_test/voices/01338.wav,16000,1,16,4.84
dev/gender,Bangla,,dev_set/gender/Bangla_test/voices/01339.wav,16000,1,16,3.72
dev/gender,Bangla,,dev_set/gender/Bangla_test/voices/01341.wav,16000,1,16,9.72
dev/gender,Bangla,,dev_set/gender/Bangla_test/voices/01353.wav,16000,1,16,8.36
dev/gender,Bangla,,dev_set/gender/Bangla_test/voices/01355.wav,16000,1,16,18.56
dev/gender,Bangla,,dev_set/gender/Bangla_test/voices/01361.wav,16000,1,16,6.28
dev/gender,Bangla,,dev_set/gender/Bangla_test/voices/01368.wav,16000,1,16,10.36
dev/gender,Bangla,,dev_set/gender/Bangla_test/voices/01373.wav,16000,1,16,19.04
dev/gender,Bangla,,dev_set/gender/Bangla_test/voices/01376.wav,16000,1,16,2.96
dev/gender,Bangla,,dev_set/gender/Bangla_test/voices/01379.wav,16000,1,16,2.92
dev/gender,Bangla,,dev_set/gender/Bangla_test/voices/01380.wav,16000,1,16,3.44
dev/gender,Bangla,,dev_set/gender/Bangla_test/voices/01384.wav,16000,1,16,7.36
dev/gender,Bangla,,dev_set/gender/Bangla_test/voices/01390.wav,16000,1,16,4.88
dev/gender,Bangla,,dev_set/gender/Bangla_test/voices/01392.wav,16000,1,16,2.44
dev/gender,Bangla,,dev_set/gender/Bangla_test/voices/01394.wav,16000,1,16,2.52
dev/gender,Bangla,,dev_set/gender/Bangla_test/voices/01398.wav,16000,1,16,3.72
dev/gender,Bangla,,dev_set/gender/Bangla_test/voices/01401.wav,16000,1,16,3.6
dev/gender,Bangla,,dev_set/gender/Bangla_test/voices/01403.wav,16000,1,16,4.12
dev/gender,Bangla,,dev_set/gender/Bangla_test/voices/01409.wav,16000,1,16,5.16
dev/gender,Bangla,,dev_set/gender/Bangla_test/voices/01413.wav,16000,1,16,3.28
dev/gender,Bangla,,dev_set/gender/Bangla_test/voices/01414.wav,16000,1,16,2.4
dev/gender,Bangla,,dev_set/gender/Bangla_test/voices/01426.wav,16000,1,16,2.48
dev/gender,Bangla,,dev_set/gender/Bangla_test/voices/01427.wav,16000,1,16,2.96
dev/gender,Bangla,,dev_set/gender/Bangla_test/voices/01428.wav,16000,1,16,9.2
dev/gender,Bangla,,dev_set/gender/Bangla_test/voices/01437.wav,16000,1,16,4.72
dev/gender,Bangla,,dev_set/gender/Bangla_test/voices/01440.wav,16000,1,16,9.0
dev/gender,Bangla,,dev_set/gender/Bangla_test/voices/01441.wav,16000,1,16,2.8
dev/gender,Bangla,,dev_set/gender/Bangla_test/voices/01444.wav,16000,1,16,6.12
dev/gender,Bangla,,dev_set/gender/Bangla_test/voices/01450.wav,16000,1,16,4.08
dev/gender,Bangla,,dev_set/gender/Bangla_test/voices/01459.wav,16000,1,16,13.92
dev/gender,Bangla,,dev_set/gender/Bangla_test/voices/01461.wav,16000,1,16,2.28
dev/gender,Bangla,,dev_set/gender/Bangla_test/voices/00032.wav,16000,1,16,4.08
dev/gender,Bangla,,dev_set/gender/Bangla_test/voices/00040.wav,16000,1,16,7.68
dev/gender,Bangla,,dev_set/gender/Bangla_test/voices/00051.wav,16000,1,16,4.72
dev/gender,Bangla,,dev_set/gender/Bangla_test/voices/00064.wav,16000,1,16,6.24
dev/gender,Bangla,,dev_set/gender/Bangla_test/voices/00078.wav,16000,1,16,3.4
dev/gender,Bangla,,dev_set/gender/Bangla_test/voices/00089.wav,16000,1,16,6.04
dev/gender,Bangla,,dev_set/gender/Bangla_test/voices/00091.wav,16000,1,16,2.48
dev/gender,Bangla,,dev_set/gender/Bangla_test/voices/00093.wav,16000,1,16,3.88
dev/gender,Bangla,,dev_set/gender/Bangla_test/voices/00099.wav,16000,1,16,4.0
dev/gender,Bangla,,dev_set/gender/Bangla_test/voices/00100.wav,16000,1,16,2.84
dev/gender,Bangla,,dev_set/gender/Bangla_test/voices/00106.wav,16000,1,16,3.88
dev/gender,Bangla,,dev_set/gender/Bangla_test/voices/00119.wav,16000,1,16,5.16
dev/gender,Bangla,,dev_set/gender/Bangla_test/voices/00128.wav,16000,1,16,2.24
dev/gender,Bangla,,dev_set/gender/Bangla_test/voices/00134.wav,16000,1,16,2.68
dev/gender,Bangla,,dev_set/gender/Bangla_test/voices/00139.wav,16000,1,16,5.32
dev/gender,Bangla,,dev_set/gender/Bangla_test/voices/00143.wav,16000,1,16,4.16
dev/gender,Bangla,,dev_set/gender/Bangla_test/voices/00150.wav,16000,1,16,4.0
dev/gender,Bangla,,dev_set/gender/Bangla_test/voices/00155.wav,16000,1,16,4.88
dev/gender,Bangla,,dev_set/gender/Bangla_test/voices/00174.wav,16000,1,16,11.96
dev/gender,Bangla,,dev_set/gender/Bangla_test/voices/00176.wav,16000,1,16,2.52
dev/gender,Bangla,,dev_set/gender/Bangla_test/voices/00209.wav,16000,1,16,2.48
dev/gender,Bangla,,dev_set/gender/Bangla_test/voices/00219.wav,16000,1,16,3.4
dev/gender,Bangla,,dev_set/gender/Bangla_test/voices/00226.wav,16000,1,16,4.08
dev/gender,Bangla,,dev_set/gender/Bangla_test/voices/00229.wav,16000,1,16,3.8
dev/gender,Bangla,,dev_set/gender/Bangla_test/voices/00233.wav,16000,1,16,4.56
dev/gender,Bangla,,dev_set/gender/Bangla_test/voices/00234.wav,16000,1,16,4.2
dev/gender,Bangla,,dev_set/gender/Bangla_test/voices/00244.wav,16000,1,16,6.0
dev/gender,Bangla,,dev_set/gender/Bangla_test/voices/00254.wav,16000,1,16,4.8
dev/gender,Bangla,,dev_set/gender/Bangla_test/voices/00257.wav,16000,1,16,8.32
dev/gender,Bangla,,dev_set/gender/Bangla_test/voices/00264.wav,16000,1,16,4.48
dev/gender,Bangla,,dev_set/gender/Bangla_test/voices/00274.wav,16000,1,16,3.12
dev/gender,Bangla,,dev_set/gender/Bangla_test/voices/00276.wav,16000,1,16,5.64
dev/gender,Bangla,,dev_set/gender/Bangla_test/voices/00306.wav,16000,1,16,6.16
dev/gender,Bangla,,dev_set/gender/Bangla_test/voices/00307.wav,16000,1,16,10.36
dev/gender,Bangla,,dev_set/gender/Bangla_test/voices/00320.wav,16000,1,16,2.04
dev/gender,Bangla,,dev_set/gender/Bangla_test/voices/00321.wav,16000,1,16,7.84
dev/gender,Bangla,,dev_set/gender/Bangla_test/voices/00331.wav,16000,1,16,4.8
dev/gender,Bangla,,dev_set/gender/Bangla_test/voices/00345.wav,16000,1,16,2.04
dev/gender,Bangla,,dev_set/gender/Bangla_test/voices/00347.wav,16000,1,16,3.48
dev/gender,Bangla,,dev_set/gender/Bangla_test/voices/00352.wav,16000,1,16,3.48
dev/gender,Bangla,,dev_set/gender/Bangla_test/voices/00367.wav,16000,1,16,5.72
dev/gender,Bangla,,dev_set/gender/Bangla_test/voices/00383.wav,16000,1,16,2.32
dev/gender,Bangla,,dev_set/gender/Bangla_test/voices/00387.wav,16000,1,16,2.92
dev/gender,Bangla,,dev_set/gender/Bangla_test/voices/00399.wav,16000,1,16,3.32
dev/gender,Bangla,,dev_set/gender/Bangla_test/voices/00424.wav,16000,1,16,6.44
dev/gender,Bangla,,dev_set/gender/Bangla_test/voices/00436.wav,16000,1,16,3.04
dev/gender,Bangla,,dev_set/gender/Bangla_test/voices/00439.wav,16000,1,16,2.84
dev/gender,Bangla,,dev_set/gender/Bangla_test/voices/00458.wav,16000,1,16,2.2
dev/gender,Bangla,,dev_set/gender/Bangla_test/voices/00462.wav,16000,1,16,3.08
dev/gender,Bangla,,dev_set/gender/Bangla_test/voices/00472.wav,16000,1,16,4.6
dev/gender,Bangla,,dev_set/gender/Bangla_test/voices/00483.wav,16000,1,16,3.64
dev/gender,Bangla,,dev_set/gender/Bangla_test/voices/00489.wav,16000,1,16,4.32
dev/gender,Bangla,,dev_set/gender/Bangla_test/voices/00511.wav,16000,1,16,3.64
dev/gender,Bangla,,dev_set/gender/Bangla_test/voices/00524.wav,16000,1,16,4.76
dev/gender,Bangla,,dev_set/gender/Bangla_test/voices/00527.wav,16000,1,16,3.0
dev/gender,Bangla,,dev_set/gender/Bangla_test/voices/00538.wav,16000,1,16,13.96
dev/gender,Bangla,,dev_set/gender/Bangla_test/voices/00543.wav,16000,1,16,4.0
dev/gender,Bangla,,dev_set/gender/Bangla_test/voices/00567.wav,16000,1,16,4.12
dev/gender,Bangla,,dev_set/gender/Bangla_test/voices/00569.wav,16000,1,16,3.96
dev/gender,Bangla,,dev_set/gender/Bangla_test/voices/00574.wav,16000,1,16,11.56
dev/gender,Bangla,,dev_set/gender/Bangla_test/voices/00578.wav,16000,1,16,3.36
dev/gender,Bangla,,dev_set/gender/Bangla_test/voices/00584.wav,16000,1,16,5.28
dev/gender,Bangla,,dev_set/gender/Bangla_test/voices/00598.wav,16000,1,16,3.44
dev/gender,Bangla,,dev_set/gender/Bangla_test/voices/00599.wav,16000,1,16,2.92
dev/gender,Bangla,,dev_set/gender/Bangla_test/voices/00609.wav,16000,1,16,13.88
dev/gender,Bangla,,dev_set/gender/Bangla_test/voices/00611.wav,16000,1,16,5.08
dev/gender,Bangla,,dev_set/gender/Bangla_test/voices/00617.wav,16000,1,16,6.8
dev/gender,Bangla,,dev_set/gender/Bangla_test/voices/00618.wav,16000,1,16,6.84
dev/gender,Bangla,,dev_set/gender/Bangla_test/voices/00622.wav,16000,1,16,11.96
dev/gender,Bangla,,dev_set/gender/Bangla_test/voices/00637.wav,16000,1,16,6.32
dev/gender,Bangla,,dev_set/gender/Bangla_test/voices/00639.wav,16000,1,16,3.8
dev/gender,Bangla,,dev_set/gender/Bangla_test/voices/00641.wav,16000,1,16,2.96
dev/gender,Bangla,,dev_set/gender/Bangla_test/voices/00643.wav,16000,1,16,4.0
dev/gender,Bangla,,dev_set/gender/Bangla_test/voices/00656.wav,16000,1,16,3.64
dev/gender,Bangla,,dev_set/gender/Bangla_test/voices/00684.wav,16000,1,16,7.88
dev/gender,Bangla,,dev_set/gender/Bangla_test/voices/00688.wav,16000,1,16,6.0
dev/gender,Bangla,,dev_set/gender/Bangla_test/voices/00694.wav,16000,1,16,4.96
dev/gender,Bangla,,dev_set/gender/Bangla_test/voices/00745.wav,16000,1,16,7.0
dev/gender,Bangla,,dev_set/gender/Bangla_test/voices/00749.wav,16000,1,16,2.56
dev/gender,Bangla,,dev_set/gender/Bangla_test/voices/00790.wav,16000,1,16,10.2
dev/gender,Bangla,,dev_set/gender/Bangla_test/voices/00809.wav,16000,1,16,5.12
dev/gender,Bangla,,dev_set/gender/Bangla_test/voices/00811.wav,16000,1,16,2.72
dev/gender,Bangla,,dev_set/gender/Bangla_test/voices/00825.wav,16000,1,16,3.36
dev/gender,Bangla,,dev_set/gender/Bangla_test/voices/00842.wav,16000,1,16,4.52
dev/gender,Bangla,,dev_set/gender/Bangla_test/voices/00846.wav,16000,1,16,3.92
dev/gender,Bangla,,dev_set/gender/Bangla_test/voices/00863.wav,16000,1,16,4.56
dev/gender,Bangla,,dev_set/gender/Bangla_test/voices/00875.wav,16000,1,16,4.2
dev/gender,Bangla,,dev_set/gender/Bangla_test/voices/00876.wav,16000,1,16,9.96
dev/gender,Bangla,,dev_set/gender/Bangla_test/voices/00892.wav,16000,1,16,6.8
dev/gender,Bangla,,dev_set/gender/Bangla_test/voices/00906.wav,16000,1,16,2.48
dev/gender,Bangla,,dev_set/gender/Bangla_test/voices/00926.wav,16000,1,16,4.32
dev/gender,Bangla,,dev_set/gender/Bangla_test/voices/00929.wav,16000,1,16,8.16
dev/gender,Bangla,,dev_set/gender/Bangla_test/voices/00945.wav,16000,1,16,2.12
dev/gender,Bangla,,dev_set/gender/Bangla_test/voices/00949.wav,16000,1,16,17.24
dev/gender,Bangla,,dev_set/gender/Bangla_test/voices/00967.wav,16000,1,16,4.92
dev/gender,Bangla,,dev_set/gender/Bangla_test/voices/00969.wav,16000,1,16,8.12
dev/gender,Bangla,,dev_set/gender/Bangla_test/voices/00985.wav,16000,1,16,2.16
dev/gender,Bangla,,dev_set/gender/Bangla_test/voices/00996.wav,16000,1,16,4.48
dev/gender,Bangla,,dev_set/gender/Bangla_test/voices/00997.wav,16000,1,16,6.6
dev/gender,Bangla,,dev_set/gender/Bangla_test/voices/01002.wav,16000,1,16,4.28
dev/gender,Bangla,,dev_set/gender/Bangla_test/voices/01006.wav,16000,1,16,13.04
dev/gender,Bangla,,dev_set/gender/Bangla_test/voices/01007.wav,16000,1,16,4.64
dev/gender,Bangla,,dev_set/gender/Bangla_test/voices/01018.wav,16000,1,16,6.56
dev/gender,Bangla,,dev_set/gender/Bangla_test/voices/01023.wav,16000,1,16,2.92
dev/gender,Bangla,,dev_set/gender/Bangla_test/voices/01029.wav,16000,1,16,13.88
dev/gender,Bangla,,dev_set/gender/Bangla_test/voices/01040.wav,16000,1,16,14.4
dev/gender,Bangla,,dev_set/gender/Bangla_test/voices/01044.wav,16000,1,16,3.4
dev/gender,Bangla,,dev_set/gender/Bangla_test/voices/01059.wav,16000,1,16,6.24
dev/gender,Bangla,,dev_set/gender/Bangla_test/voices/01077.wav,16000,1,16,7.56
dev/gender,Bangla,,dev_set/gender/Bangla_test/voices/01079.wav,16000,1,16,3.68
dev/gender,Bangla,,dev_set/gender/Bangla_test/voices/01087.wav,16000,1,16,8.52
dev/gender,Bangla,,dev_set/gender/Bangla_test/voices/01095.wav,16000,1,16,3.04
dev/gender,Bangla,,dev_set/gender/Bangla_test/voices/01115.wav,16000,1,16,6.08
dev/gender,Bangla,,dev_set/gender/Bangla_test/voices/01122.wav,16000,1,16,2.2
dev/gender,Bangla,,dev_set/gender/Bangla_test/voices/01125.wav,16000,1,16,5.56
dev/gender,Bangla,,dev_set/gender/Bangla_test/voices/01137.wav,16000,1,16,9.44
dev/gender,Bangla,,dev_set/gender/Bangla_test/voices/01149.wav,16000,1,16,13.96
dev/gender,Bangla,,dev_set/gender/Bangla_test/voices/01154.wav,16000,1,16,2.6
dev/gender,Bangla,,dev_set/gender/Bangla_test/voices/01158.wav,16000,1,16,3.44
dev/gender,Bangla,,dev_set/gender/Bangla_test/voices/01174.wav,16000,1,16,8.12
dev/gender,Bangla,,dev_set/gender/Bangla_test/voices/01188.wav,16000,1,16,6.76
dev/gender,Bangla,,dev_set/gender/Bangla_test/voices/01192.wav,16000,1,16,3.76
dev/gender,Bangla,,dev_set/gender/Bangla_test/voices/01206.wav,16000,1,16,4.48
dev/gender,Bangla,,dev_set/gender/Bangla_test/voices/01211.wav,16000,1,16,2.6
dev/gender,Bangla,,dev_set/gender/Bangla_test/voices/01229.wav,16000,1,16,3.52
dev/gender,Bangla,,dev_set/gender/Bangla_test/voices/01234.wav,16000,1,16,3.48
dev/gender,Bangla,,dev_set/gender/Bangla_test/voices/01269.wav,16000,1,16,5.52
dev/gender,Bangla,,dev_set/gender/Bangla_test/voices/01275.wav,16000,1,16,7.0
dev/gender,Bangla,,dev_set/gender/Bangla_test/voices/01280.wav,16000,1,16,4.16
dev/gender,Bangla,,dev_set/gender/Bangla_test/voices/01294.wav,16000,1,16,5.52
dev/gender,Bangla,,dev_set/gender/Bangla_test/voices/01305.wav,16000,1,16,3.24
dev/gender,Bangla,,dev_set/gender/Bangla_test/voices/01322.wav,16000,1,16,6.4
dev/gender,Bangla,,dev_set/gender/Bangla_test/voices/01325.wav,16000,1,16,4.4
dev/gender,Bangla,,dev_set/gender/Bangla_test/voices/01329.wav,16000,1,16,3.64
dev/gender,Bangla,,dev_set/gender/Bangla_test/voices/01333.wav,16000,1,16,3.0
dev/gender,Bangla,,dev_set/gender/Bangla_test/voices/01336.wav,16000,1,16,4.24
dev/gender,Bangla,,dev_set/gender/Bangla_test/voices/01356.wav,16000,1,16,6.24
dev/gender,Bangla,,dev_set/gender/Bangla_test/voices/01357.wav,16000,1,16,6.28
dev/gender,Bangla,,dev_set/gender/Bangla_test/voices/01375.wav,16000,1,16,6.12
dev/gender,Bangla,,dev_set/gender/Bangla_test/voices/01381.wav,16000,1,16,2.0
dev/gender,Bangla,,dev_set/gender/Bangla_test/voices/01421.wav,16000,1,16,2.0
dev/gender,Bangla,,dev_set/gender/Bangla_test/voices/01422.wav,16000,1,16,2.0
dev/gender,Bangla,,dev_set/gender/Bangla_test/voices/01435.wav,16000,1,16,3.96
dev/gender,Bangla,,dev_set/gender/Bangla_test/voices/01438.wav,16000,1,16,6.0
dev/gender,English,,dev_set/gender/English_test/voices/00000.wav,16000,1,16,3.04
dev/gender,English,,dev_set/gender/English_test/voices/00001.wav,16000,1,16,3.64
dev/gender,English,,dev_set/gender/English_test/voices/00002.wav,16000,1,16,8.28
dev/gender,English,,dev_set/gender/English_test/voices/00003.wav,16000,1,16,5.76
dev/gender,English,,dev_set/gender/English_test/voices/00004.wav,16000,1,16,9.68
dev/gender,English,,dev_set/gender/English_test/voices/00005.wav,16000,1,16,4.68
dev/gender,English,,dev_set/gender/English_test/voices/00006.wav,16000,1,16,2.96
dev/gender,English,,dev_set/gender/English_test/voices/00007.wav,16000,1,16,2.68
dev/gender,English,,dev_set/gender/English_test/voices/00008.wav,16000,1,16,2.32
dev/gender,English,,dev_set/gender/English_test/voices/00009.wav,16000,1,16,3.16
dev/gender,English,,dev_set/gender/English_test/voices/00010.wav,16000,1,16,15.84
dev/gender,English,,dev_set/gender/English_test/voices/00011.wav,16000,1,16,13.0
dev/gender,English,,dev_set/gender/English_test/voices/00012.wav,16000,1,16,2.8
dev/gender,English,,dev_set/gender/English_test/voices/00013.wav,16000,1,16,2.0
dev/gender,English,,dev_set/gender/English_test/voices/00014.wav,16000,1,16,4.08
dev/gender,English,,dev_set/gender/English_test/voices/00015.wav,16000,1,16,11.24
dev/gender,English,,dev_set/gender/English_test/voices/00016.wav,16000,1,16,3.44
dev/gender,English,,dev_set/gender/English_test/voices/00017.wav,16000,1,16,12.04
dev/gender,English,,dev_set/gender/English_test/voices/00018.wav,16000,1,16,22.04
dev/gender,English,,dev_set/gender/English_test/voices/00019.wav,16000,1,16,6.36
dev/gender,English,,dev_set/gender/English_test/voices/00020.wav,16000,1,16,5.6
dev/gender,English,,dev_set/gender/English_test/voices/00021.wav,16000,1,16,8.52
dev/gender,English,,dev_set/gender/English_test/voices/00022.wav,16000,1,16,2.28
dev/gender,English,,dev_set/gender/English_test/voices/00023.wav,16000,1,16,65.32
dev/gender,English,,dev_set/gender/English_test/voices/00024.wav,16000,1,16,4.2
dev/gender,English,,dev_set/gender/English_test/voices/00025.wav,16000,1,16,5.6
dev/gender,English,,dev_set/gender/English_test/voices/00026.wav,16000,1,16,7.28
dev/gender,English,,dev_set/gender/English_test/voices/00027.wav,16000,1,16,13.04
dev/gender,English,,dev_set/gender/English_test/voices/00028.wav,16000,1,16,5.44
dev/gender,English,,dev_set/gender/English_test/voices/00029.wav,16000,1,16,2.64
dev/gender,English,,dev_set/gender/English_test/voices/00030.wav,16000,1,16,2.24
dev/gender,English,,dev_set/gender/English_test/voices/00031.wav,16000,1,16,4.08
dev/gender,English,,dev_set/gender/English_test/voices/00032.wav,16000,1,16,15.84
dev/gender,English,,dev_set/gender/English_test/voices/00033.wav,16000,1,16,10.24
dev/gender,English,,dev_set/gender/English_test/voices/00034.wav,16000,1,16,3.76
dev/gender,English,,dev_set/gender/English_test/voices/00035.wav,16000,1,16,3.76
dev/gender,English,,dev_set/gender/English_test/voices/00036.wav,16000,1,16,6.52
dev/gender,English,,dev_set/gender/English_test/voices/00037.wav,16000,1,16,2.76
dev/gender,English,,dev_set/gender/English_test/voices/00038.wav,16000,1,16,13.36
dev/gender,English,,dev_set/gender/English_test/voices/00039.wav,16000,1,16,2.88
dev/gender,English,,dev_set/gender/English_test/voices/00040.wav,16000,1,16,5.2
dev/gender,English,,dev_set/gender/English_test/voices/00041.wav,16000,1,16,4.36
dev/gender,English,,dev_set/gender/English_test/voices/00042.wav,16000,1,16,5.6
dev/gender,English,,dev_set/gender/English_test/voices/00043.wav,16000,1,16,2.36
dev/gender,English,,dev_set/gender/English_test/voices/00044.wav,16000,1,16,24.64
dev/gender,English,,dev_set/gender/English_test/voices/00045.wav,16000,1,16,5.52
dev/gender,English,,dev_set/gender/English_test/voices/00046.wav,16000,1,16,12.8
dev/gender,English,,dev_set/gender/English_test/voices/00047.wav,16000,1,16,9.92
dev/gender,English,,dev_set/gender/English_test/voices/00048.wav,16000,1,16,7.0
dev/gender,English,,dev_set/gender/English_test/voices/00049.wav,16000,1,16,7.08
dev/gender,English,,dev_set/gender/English_test/voices/00050.wav,16000,1,16,8.64
dev/gender,English,,dev_set/gender/English_test/voices/00051.wav,16000,1,16,6.52
dev/gender,English,,dev_set/gender/English_test/voices/00052.wav,16000,1,16,2.08
dev/gender,English,,dev_set/gender/English_test/voices/00053.wav,16000,1,16,9.4
dev/gender,English,,dev_set/gender/English_test/voices/00054.wav,16000,1,16,11.84
dev/gender,English,,dev_set/gender/English_test/voices/00055.wav,16000,1,16,5.48
dev/gender,English,,dev_set/gender/English_test/voices/00056.wav,16000,1,16,2.12
dev/gender,English,,dev_set/gender/English_test/voices/00057.wav,16000,1,16,2.0
dev/gender,English,,dev_set/gender/English_test/voices/00058.wav,16000,1,16,4.12
dev/gender,English,,dev_set/gender/English_test/voices/00059.wav,16000,1,16,2.12
dev/gender,English,,dev_set/gender/English_test/voices/00060.wav,16000,1,16,7.32
dev/gender,English,,dev_set/gender/English_test/voices/00061.wav,16000,1,16,3.24
dev/gender,English,,dev_set/gender/English_test/voices/00062.wav,16000,1,16,7.28
dev/gender,English,,dev_set/gender/English_test/voices/00063.wav,16000,1,16,2.56
dev/gender,English,,dev_set/gender/English_test/voices/00064.wav,16000,1,16,4.04
dev/gender,English,,dev_set/gender/English_test/voices/00065.wav,16000,1,16,6.68
dev/gender,English,,dev_set/gender/English_test/voices/00066.wav,16000,1,16,8.84
dev/gender,English,,dev_set/gender/English_test/voices/00067.wav,16000,1,16,4.04
dev/gender,English,,dev_set/gender/English_test/voices/00068.wav,16000,1,16,4.16
dev/gender,English,,dev_set/gender/English_test/voices/00069.wav,16000,1,16,12.0
dev/gender,English,,dev_set/gender/English_test/voices/00070.wav,16000,1,16,4.28
dev/gender,English,,dev_set/gender/English_test/voices/00071.wav,16000,1,16,12.12
dev/gender,English,,dev_set/gender/English_test/voices/00072.wav,16000,1,16,2.08
dev/gender,English,,dev_set/gender/English_test/voices/00073.wav,16000,1,16,13.2
dev/gender,English,,dev_set/gender/English_test/voices/00074.wav,16000,1,16,3.32
dev/gender,English,,dev_set/gender/English_test/voices/00075.wav,16000,1,16,8.4
dev/gender,English,,dev_set/gender/English_test/voices/00076.wav,16000,1,16,9.56
dev/gender,English,,dev_set/gender/English_test/voices/00077.wav,16000,1,16,7.0
dev/gender,English,,dev_set/gender/English_test/voices/00078.wav,16000,1,16,3.32
dev/gender,English,,dev_set/gender/English_test/voices/00079.wav,16000,1,16,2.96
dev/gender,English,,dev_set/gender/English_test/voices/00080.wav,16000,1,16,6.48
dev/gender,English,,dev_set/gender/English_test/voices/00081.wav,16000,1,16,2.8
dev/gender,English,,dev_set/gender/English_test/voices/00082.wav,16000,1,16,18.56
dev/gender,English,,dev_set/gender/English_test/voices/00083.wav,16000,1,16,2.0
dev/gender,English,,dev_set/gender/English_test/voices/00084.wav,16000,1,16,6.04
dev/gender,English,,dev_set/gender/English_test/voices/00085.wav,16000,1,16,10.88
dev/gender,English,,dev_set/gender/English_test/voices/00086.wav,16000,1,16,3.92
dev/gender,English,,dev_set/gender/English_test/voices/00087.wav,16000,1,16,6.68
dev/gender,English,,dev_set/gender/English_test/voices/00088.wav,16000,1,16,4.12
dev/gender,English,,dev_set/gender/English_test/voices/00089.wav,16000,1,16,11.12
dev/gender,English,,dev_set/gender/English_test/voices/00090.wav,16000,1,16,22.84
dev/gender,English,,dev_set/gender/English_test/voices/00091.wav,16000,1,16,5.48
dev/gender,English,,dev_set/gender/English_test/voices/00092.wav,16000,1,16,2.8
dev/gender,English,,dev_set/gender/English_test/voices/00093.wav,16000,1,16,19.08
dev/gender,English,,dev_set/gender/English_test/voices/00094.wav,16000,1,16,3.32
dev/gender,English,,dev_set/gender/English_test/voices/00095.wav,16000,1,16,3.64
dev/gender,English,,dev_set/gender/English_test/voices/00096.wav,16000,1,16,15.24
dev/gender,English,,dev_set/gender/English_test/voices/00097.wav,16000,1,16,2.0
dev/gender,English,,dev_set/gender/English_test/voices/00098.wav,16000,1,16,12.0
dev/gender,English,,dev_set/gender/English_test/voices/00099.wav,16000,1,16,13.76
dev/gender,English,,dev_set/gender/English_test/voices/00100.wav,16000,1,16,5.56
dev/gender,English,,dev_set/gender/English_test/voices/00101.wav,16000,1,16,12.12
dev/gender,English,,dev_set/gender/English_test/voices/00102.wav,16000,1,16,5.08
dev/gender,English,,dev_set/gender/English_test/voices/00103.wav,16000,1,16,7.24
dev/gender,English,,dev_set/gender/English_test/voices/00104.wav,16000,1,16,3.88
dev/gender,English,,dev_set/gender/English_test/voices/00105.wav,16000,1,16,17.4
dev/gender,English,,dev_set/gender/English_test/voices/00106.wav,16000,1,16,5.72
dev/gender,English,,dev_set/gender/English_test/voices/00107.wav,16000,1,16,3.32
dev/gender,English,,dev_set/gender/English_test/voices/00108.wav,16000,1,16,19.08
dev/gender,English,,dev_set/gender/English_test/voices/00109.wav,16000,1,16,5.84
dev/gender,English,,dev_set/gender/English_test/voices/00110.wav,16000,1,16,3.28
dev/gender,English,,dev_set/gender/English_test/voices/00111.wav,16000,1,16,2.56
dev/gender,English,,dev_set/gender/English_test/voices/00112.wav,16000,1,16,9.96
dev/gender,English,,dev_set/gender/English_test/voices/00113.wav,16000,1,16,7.08
dev/gender,English,,dev_set/gender/English_test/voices/00114.wav,16000,1,16,9.6
dev/gender,English,,dev_set/gender/English_test/voices/00115.wav,16000,1,16,10.12
dev/gender,English,,dev_set/gender/English_test/voices/00116.wav,16000,1,16,2.76
dev/gender,English,,dev_set/gender/English_test/voices/00117.wav,16000,1,16,7.88
dev/gender,English,,dev_set/gender/English_test/voices/00118.wav,16000,1,16,6.72
dev/gender,English,,dev_set/gender/English_test/voices/00119.wav,16000,1,16,7.04
dev/gender,English,,dev_set/gender/English_test/voices/00120.wav,16000,1,16,81.56
dev/gender,English,,dev_set/gender/English_test/voices/00121.wav,16000,1,16,6.44
dev/gender,English,,dev_set/gender/English_test/voices/00122.wav,16000,1,16,5.8
dev/gender,English,,dev_set/gender/English_test/voices/00123.wav,16000,1,16,2.64
dev/gender,English,,dev_set/gender/English_test/voices/00124.wav,16000,1,16,4.96
dev/gender,English,,dev_set/gender/English_test/voices/00125.wav,16000,1,16,2.32
dev/gender,English,,dev_set/gender/English_test/voices/00126.wav,16000,1,16,6.72
dev/gender,English,,dev_set/gender/English_test/voices/00127.wav,16000,1,16,3.32
dev/gender,English,,dev_set/gender/English_test/voices/00128.wav,16000,1,16,10.04
dev/gender,English,,dev_set/gender/English_test/voices/00129.wav,16000,1,16,4.48
dev/gender,English,,dev_set/gender/English_test/voices/00130.wav,16000,1,16,3.84
dev/gender,English,,dev_set/gender/English_test/voices/00131.wav,16000,1,16,11.44
dev/gender,English,,dev_set/gender/English_test/voices/00132.wav,16000,1,16,4.72
dev/gender,English,,dev_set/gender/English_test/voices/00133.wav,16000,1,16,2.88
dev/gender,English,,dev_set/gender/English_test/voices/00134.wav,16000,1,16,2.64
dev/gender,English,,dev_set/gender/English_test/voices/00135.wav,16000,1,16,7.48
dev/gender,English,,dev_set/gender/English_test/voices/00136.wav,16000,1,16,4.32
dev/gender,English,,dev_set/gender/English_test/voices/00137.wav,16000,1,16,2.56
dev/gender,English,,dev_set/gender/English_test/voices/00138.wav,16000,1,16,81.56
dev/gender,English,,dev_set/gender/English_test/voices/00139.wav,16000,1,16,2.28
dev/gender,English,,dev_set/gender/English_test/voices/00140.wav,16000,1,16,8.64
dev/gender,English,,dev_set/gender/English_test/voices/00141.wav,16000,1,16,11.96
dev/gender,English,,dev_set/gender/English_test/voices/00142.wav,16000,1,16,4.76
dev/gender,English,,dev_set/gender/English_test/voices/00143.wav,16000,1,16,16.84
dev/gender,English,,dev_set/gender/English_test/voices/00144.wav,16000,1,16,5.96
dev/gender,English,,dev_set/gender/English_test/voices/00145.wav,16000,1,16,12.2
dev/gender,English,,dev_set/gender/English_test/voices/00146.wav,16000,1,16,2.0
dev/gender,English,,dev_set/gender/English_test/voices/00147.wav,16000,1,16,5.04
dev/gender,English,,dev_set/gender/English_test/voices/00148.wav,16000,1,16,3.88
dev/gender,English,,dev_set/gender/English_test/voices/00149.wav,16000,1,16,17.6
dev/gender,English,,dev_set/gender/English_test/voices/00150.wav,16000,1,16,8.28
dev/gender,English,,dev_set/gender/English_test/voices/00151.wav,16000,1,16,3.56
dev/gender,English,,dev_set/gender/English_test/voices/00152.wav,16000,1,16,2.28
dev/gender,English,,dev_set/gender/English_test/voices/00153.wav,16000,1,16,11.6
dev/gender,English,,dev_set/gender/English_test/voices/00154.wav,16000,1,16,5.24
dev/gender,English,,dev_set/gender/English_test/voices/00155.wav,16000,1,16,4.16
dev/gender,English,,dev_set/gender/English_test/voices/00156.wav,16000,1,16,5.4
dev/gender,English,,dev_set/gender/English_test/voices/00157.wav,16000,1,16,10.08
dev/gender,English,,dev_set/gender/English_test/voices/00158.wav,16000,1,16,5.48
dev/gender,English,,dev_set/gender/English_test/voices/00159.wav,16000,1,16,19.4
dev/gender,English,,dev_set/gender/English_test/voices/00160.wav,16000,1,16,4.6
dev/gender,English,,dev_set/gender/English_test/voices/00161.wav,16000,1,16,22.08
dev/gender,English,,dev_set/gender/English_test/voices/00162.wav,16000,1,16,4.44
dev/gender,English,,dev_set/gender/English_test/voices/00163.wav,16000,1,16,6.68
dev/gender,English,,dev_set/gender/English_test/voices/00164.wav,16000,1,16,6.08
dev/gender,English,,dev_set/gender/English_test/voices/00165.wav,16000,1,16,5.92
dev/gender,English,,dev_set/gender/English_test/voices/00166.wav,16000,1,16,12.08
dev/gender,English,,dev_set/gender/English_test/voices/00167.wav,16000,1,16,8.2
dev/gender,English,,dev_set/gender/English_test/voices/00168.wav,16000,1,16,5.32
dev/gender,English,,dev_set/gender/English_test/voices/00169.wav,16000,1,16,18.0
dev/gender,English,,dev_set/gender/English_test/voices/00170.wav,16000,1,16,7.52
dev/gender,English,,dev_set/gender/English_test/voices/00171.wav,16000,1,16,10.64
dev/gender,English,,dev_set/gender/English_test/voices/00172.wav,16000,1,16,9.04
dev/gender,English,,dev_set/gender/English_test/voices/00173.wav,16000,1,16,10.72
dev/gender,English,,dev_set/gender/English_test/voices/00174.wav,16000,1,16,8.28
dev/gender,English,,dev_set/gender/English_test/voices/00175.wav,16000,1,16,6.0
dev/gender,English,,dev_set/gender/English_test/voices/00176.wav,16000,1,16,5.92
dev/gender,English,,dev_set/gender/English_test/voices/00177.wav,16000,1,16,7.88
dev/gender,English,,dev_set/gender/English_test/voices/00178.wav,16000,1,16,2.28
dev/gender,English,,dev_set/gender/English_test/voices/00179.wav,16000,1,16,4.36
dev/gender,English,,dev_set/gender/English_test/voices/00180.wav,16000,1,16,10.48
dev/gender,English,,dev_set/gender/English_test/voices/00181.wav,16000,1,16,4.68
dev/gender,English,,dev_set/gender/English_test/voices/00182.wav,16000,1,16,33.8
dev/gender,English,,dev_set/gender/English_test/voices/00183.wav,16000,1,16,8.36
dev/gender,English,,dev_set/gender/English_test/voices/00184.wav,16000,1,16,3.48
dev/gender,English,,dev_set/gender/English_test/voices/00185.wav,16000,1,16,4.2
dev/gender,English,,dev_set/gender/English_test/voices/00186.wav,16000,1,16,4.4
dev/gender,English,,dev_set/gender/English_test/voices/00187.wav,16000,1,16,6.08
dev/gender,English,,dev_set/gender/English_test/voices/00188.wav,16000,1,16,21.76
dev/gender,English,,dev_set/gender/English_test/voices/00189.wav,16000,1,16,7.68
dev/gender,English,,dev_set/gender/English_test/voices/00190.wav,16000,1,16,2.8
dev/gender,English,,dev_set/gender/English_test/voices/00191.wav,16000,1,16,3.76
dev/gender,English,,dev_set/gender/English_test/voices/00192.wav,16000,1,16,12.12
dev/gender,English,,dev_set/gender/English_test/voices/00193.wav,16000,1,16,2.96
dev/gender,English,,dev_set/gender/English_test/voices/00194.wav,16000,1,16,6.4
dev/gender,English,,dev_set/gender/English_test/voices/00195.wav,16000,1,16,4.36
dev/gender,English,,dev_set/gender/English_test/voices/00196.wav,16000,1,16,5.08
dev/gender,English,,dev_set/gender/English_test/voices/00197.wav,16000,1,16,10.84
dev/gender,English,,dev_set/gender/English_test/voices/00198.wav,16000,1,16,3.32
dev/gender,English,,dev_set/gender/English_test/voices/00199.wav,16000,1,16,2.92
dev/gender,English,,dev_set/gender/English_test/voices/00200.wav,16000,1,16,2.04
dev/gender,English,,dev_set/gender/English_test/voices/00201.wav,16000,1,16,5.04
dev/gender,English,,dev_set/gender/English_test/voices/00202.wav,16000,1,16,5.8
dev/gender,English,,dev_set/gender/English_test/voices/00203.wav,16000,1,16,5.28
dev/gender,English,,dev_set/gender/English_test/voices/00204.wav,16000,1,16,5.24
dev/gender,English,,dev_set/gender/English_test/voices/00205.wav,16000,1,16,10.72
dev/gender,English,,dev_set/gender/English_test/voices/00206.wav,16000,1,16,10.84
dev/gender,English,,dev_set/gender/English_test/voices/00207.wav,16000,1,16,2.72
dev/gender,English,,dev_set/gender/English_test/voices/00208.wav,16000,1,16,2.48
dev/gender,English,,dev_set/gender/English_test/voices/00209.wav,16000,1,16,3.44
dev/gender,English,,dev_set/gender/English_test/voices/00210.wav,16000,1,16,5.64
dev/gender,English,,dev_set/gender/English_test/voices/00211.wav,16000,1,16,5.76
dev/gender,English,,dev_set/gender/English_test/voices/00212.wav,16000,1,16,7.44
dev/gender,English,,dev_set/gender/English_test/voices/00213.wav,16000,1,16,2.56
dev/gender,English,,dev_set/gender/English_test/voices/00214.wav,16000,1,16,2.08
dev/gender,English,,dev_set/gender/English_test/voices/00215.wav,16000,1,16,10.88
dev/gender,English,,dev_set/gender/English_test/voices/00216.wav,16000,1,16,18.72
dev/gender,English,,dev_set/gender/English_test/voices/00217.wav,16000,1,16,81.56
dev/gender,English,,dev_set/gender/English_test/voices/00218.wav,16000,1,16,2.64
dev/gender,English,,dev_set/gender/English_test/voices/00219.wav,16000,1,16,2.32
dev/gender,English,,dev_set/gender/English_test/voices/00220.wav,16000,1,16,4.44
dev/gender,English,,dev_set/gender/English_test/voices/00221.wav,16000,1,16,4.88
dev/gender,English,,dev_set/gender/English_test/voices/00222.wav,16000,1,16,2.64
dev/gender,English,,dev_set/gender/English_test/voices/00223.wav,16000,1,16,4.72
dev/gender,English,,dev_set/gender/English_test/voices/00224.wav,16000,1,16,6.52
dev/gender,English,,dev_set/gender/English_test/voices/00225.wav,16000,1,16,2.16
dev/gender,English,,dev_set/gender/English_test/voices/00226.wav,16000,1,16,8.28
dev/gender,English,,dev_set/gender/English_test/voices/00227.wav,16000,1,16,10.12
dev/gender,English,,dev_set/gender/English_test/voices/00228.wav,16000,1,16,33.8
dev/gender,English,,dev_set/gender/English_test/voices/00229.wav,16000,1,16,7.44
dev/gender,English,,dev_set/gender/English_test/voices/00230.wav,16000,1,16,7.44
dev/gender,English,,dev_set/gender/English_test/voices/00231.wav,16000,1,16,2.52
dev/gender,English,,dev_set/gender/English_test/voices/00232.wav,16000,1,16,13.84
dev/gender,English,,dev_set/gender/English_test/voices/00233.wav,16000,1,16,5.16
dev/gender,English,,dev_set/gender/English_test/voices/00234.wav,16000,1,16,5.52
dev/gender,English,,dev_set/gender/English_test/voices/00235.wav,16000,1,16,2.4
dev/gender,English,,dev_set/gender/English_test/voices/00236.wav,16000,1,16,3.52
dev/gender,English,,dev_set/gender/English_test/voices/00237.wav,16000,1,16,10.52
dev/gender,English,,dev_set/gender/English_test/voices/00238.wav,16000,1,16,5.24
dev/gender,English,,dev_set/gender/English_test/voices/00239.wav,16000,1,16,3.52
dev/gender,English,,dev_set/gender/English_test/voices/00240.wav,16000,1,16,6.16
dev/gender,English,,dev_set/gender/English_test/voices/00241.wav,16000,1,16,9.16
dev/gender,English,,dev_set/gender/English_test/voices/00242.wav,16000,1,16,2.12
dev/gender,English,,dev_set/gender/English_test/voices/00243.wav,16000,1,16,33.8
dev/gender,English,,dev_set/gender/English_test/voices/00244.wav,16000,1,16,9.4
dev/gender,English,,dev_set/gender/English_test/voices/00245.wav,16000,1,16,3.36
dev/gender,English,,dev_set/gender/English_test/voices/00246.wav,16000,1,16,2.64
dev/gender,English,,dev_set/gender/English_test/voices/00247.wav,16000,1,16,8.76
dev/gender,English,,dev_set/gender/English_test/voices/00248.wav,16000,1,16,6.12
dev/gender,English,,dev_set/gender/English_test/voices/00249.wav,16000,1,16,22.04
dev/gender,English,,dev_set/gender/English_test/voices/00250.wav,16000,1,16,2.56
dev/gender,English,,dev_set/gender/English_test/voices/00251.wav,16000,1,16,20.04
dev/gender,English,,dev_set/gender/English_test/voices/00252.wav,16000,1,16,8.84
dev/gender,English,,dev_set/gender/English_test/voices/00253.wav,16000,1,16,17.6
dev/gender,English,,dev_set/gender/English_test/voices/00254.wav,16000,1,16,2.8
dev/gender,English,,dev_set/gender/English_test/voices/00255.wav,16000,1,16,10.92
dev/gender,English,,dev_set/gender/English_test/voices/00256.wav,16000,1,16,9.76
dev/gender,English,,dev_set/gender/English_test/voices/00257.wav,16000,1,16,2.16
dev/gender,English,,dev_set/gender/English_test/voices/00258.wav,16000,1,16,12.04
dev/gender,English,,dev_set/gender/English_test/voices/00259.wav,16000,1,16,8.24
dev/gender,English,,dev_set/gender/English_test/voices/00260.wav,16000,1,16,2.32
dev/gender,English,,dev_set/gender/English_test/voices/00261.wav,16000,1,16,2.2
dev/gender,English,,dev_set/gender/English_test/voices/00262.wav,16000,1,16,2.32
dev/gender,English,,dev_set/gender/English_test/voices/00263.wav,16000,1,16,5.16
dev/gender,English,,dev_set/gender/English_test/voices/00264.wav,16000,1,16,8.32
dev/gender,English,,dev_set/gender/English_test/voices/00265.wav,16000,1,16,8.12
dev/gender,English,,dev_set/gender/English_test/voices/00266.wav,16000,1,16,6.4
dev/gender,English,,dev_set/gender/English_test/voices/00267.wav,16000,1,16,3.8
dev/gender,English,,dev_set/gender/English_test/voices/00268.wav,16000,1,16,7.72
dev/gender,English,,dev_set/gender/English_test/voices/00269.wav,16000,1,16,2.48
dev/gender,English,,dev_set/gender/English_test/voices/00270.wav,16000,1,16,3.04
dev/gender,English,,dev_set/gender/English_test/voices/00271.wav,16000,1,16,6.28
dev/gender,English,,dev_set/gender/English_test/voices/00272.wav,16000,1,16,4.24
dev/gender,English,,dev_set/gender/English_test/voices/00273.wav,16000,1,16,2.04
dev/gender,English,,dev_set/gender/English_test/voices/00274.wav,16000,1,16,10.88
dev/gender,English,,dev_set/gender/English_test/voices/00275.wav,16000,1,16,5.72
dev/gender,English,,dev_set/gender/English_test/voices/00276.wav,16000,1,16,5.84
dev/gender,English,,dev_set/gender/English_test/voices/00277.wav,16000,1,16,4.12
dev/gender,English,,dev_set/gender/English_test/voices/00278.wav,16000,1,16,6.12
dev/gender,English,,dev_set/gender/English_test/voices/00279.wav,16000,1,16,9.28
dev/gender,English,,dev_set/gender/English_test/voices/00280.wav,16000,1,16,4.4
dev/gender,English,,dev_set/gender/English_test/voices/00281.wav,16000,1,16,2.0
dev/gender,English,,dev_set/gender/English_test/voices/00282.wav,16000,1,16,2.24
dev/gender,English,,dev_set/gender/English_test/voices/00283.wav,16000,1,16,9.16
dev/gender,English,,dev_set/gender/English_test/voices/00284.wav,16000,1,16,2.44
dev/gender,English,,dev_set/gender/English_test/voices/00285.wav,16000,1,16,12.2
dev/gender,English,,dev_set/gender/English_test/voices/00286.wav,16000,1,16,10.08
dev/gender,English,,dev_set/gender/English_test/voices/00287.wav,16000,1,16,2.24
dev/gender,English,,dev_set/gender/English_test/voices/00288.wav,16000,1,16,2.8
dev/gender,English,,dev_set/gender/English_test/voices/00289.wav,16000,1,16,8.0
dev/gender,English,,dev_set/gender/English_test/voices/00290.wav,16000,1,16,4.48
dev/gender,English,,dev_set/gender/English_test/voices/00291.wav,16000,1,16,3.52
dev/gender,English,,dev_set/gender/English_test/voices/00292.wav,16000,1,16,8.0
dev/gender,English,,dev_set/gender/English_test/voices/00293.wav,16000,1,16,4.8
dev/gender,English,,dev_set/gender/English_test/voices/00294.wav,16000,1,16,4.4
dev/gender,English,,dev_set/gender/English_test/voices/00295.wav,16000,1,16,2.32
dev/gender,English,,dev_set/gender/English_test/voices/00296.wav,16000,1,16,4.08
dev/gender,English,,dev_set/gender/English_test/voices/00297.wav,16000,1,16,3.84
dev/gender,English,,dev_set/gender/English_test/voices/00298.wav,16000,1,16,4.56
dev/gender,English,,dev_set/gender/English_test/voices/00299.wav,16000,1,16,11.72
dev/gender,English,,dev_set/gender/English_test/voices/00300.wav,16000,1,16,29.24
dev/gender,English,,dev_set/gender/English_test/voices/00301.wav,16000,1,16,6.36
dev/gender,English,,dev_set/gender/English_test/voices/00302.wav,16000,1,16,7.2
dev/gender,English,,dev_set/gender/English_test/voices/00303.wav,16000,1,16,15.84
dev/gender,English,,dev_set/gender/English_test/voices/00304.wav,16000,1,16,2.32
dev/gender,English,,dev_set/gender/English_test/voices/00305.wav,16000,1,16,7.72
dev/gender,English,,dev_set/gender/English_test/voices/00306.wav,16000,1,16,7.64
dev/gender,English,,dev_set/gender/English_test/voices/00307.wav,16000,1,16,9.0
dev/gender,English,,dev_set/gender/English_test/voices/00308.wav,16000,1,16,21.76
dev/gender,English,,dev_set/gender/English_test/voices/00309.wav,16000,1,16,3.32
dev/gender,English,,dev_set/gender/English_test/voices/00310.wav,16000,1,16,6.68
dev/gender,English,,dev_set/gender/English_test/voices/00311.wav,16000,1,16,4.0
dev/gender,English,,dev_set/gender/English_test/voices/00312.wav,16000,1,16,3.28
dev/gender,English,,dev_set/gender/English_test/voices/00313.wav,16000,1,16,8.52
dev/gender,English,,dev_set/gender/English_test/voices/00314.wav,16000,1,16,2.96
dev/gender,English,,dev_set/gender/English_test/voices/00315.wav,16000,1,16,3.28
dev/gender,English,,dev_set/gender/English_test/voices/00316.wav,16000,1,16,2.56
dev/gender,English,,dev_set/gender/English_test/voices/00317.wav,16000,1,16,2.92
dev/gender,English,,dev_set/gender/English_test/voices/00318.wav,16000,1,16,5.96
dev/gender,English,,dev_set/gender/English_test/voices/00319.wav,16000,1,16,4.48
dev/gender,English,,dev_set/gender/English_test/voices/00320.wav,16000,1,16,14.4
dev/gender,English,,dev_set/gender/English_test/voices/00321.wav,16000,1,16,2.2
dev/gender,English,,dev_set/gender/English_test/voices/00322.wav,16000,1,16,30.44
dev/gender,English,,dev_set/gender/English_test/voices/00323.wav,16000,1,16,6.72
dev/gender,English,,dev_set/gender/English_test/voices/00324.wav,16000,1,16,5.72
dev/gender,English,,dev_set/gender/English_test/voices/00325.wav,16000,1,16,6.56
dev/gender,English,,dev_set/gender/English_test/voices/00326.wav,16000,1,16,25.6
dev/gender,English,,dev_set/gender/English_test/voices/00327.wav,16000,1,16,4.24
dev/gender,English,,dev_set/gender/English_test/voices/00328.wav,16000,1,16,16.36
dev/gender,English,,dev_set/gender/English_test/voices/00329.wav,16000,1,16,8.28
dev/gender,English,,dev_set/gender/English_test/voices/00330.wav,16000,1,16,8.64
dev/gender,English,,dev_set/gender/English_test/voices/00331.wav,16000,1,16,4.0
dev/gender,English,,dev_set/gender/English_test/voices/00332.wav,16000,1,16,15.84
dev/gender,English,,dev_set/gender/English_test/voices/00333.wav,16000,1,16,6.8
dev/gender,English,,dev_set/gender/English_test/voices/00334.wav,16000,1,16,2.36
dev/gender,English,,dev_set/gender/English_test/voices/00335.wav,16000,1,16,24.24
dev/gender,English,,dev_set/gender/English_test/voices/00336.wav,16000,1,16,9.4
dev/gender,English,,dev_set/gender/English_test/voices/00337.wav,16000,1,16,4.88
dev/gender,English,,dev_set/gender/English_test/voices/00338.wav,16000,1,16,6.28
dev/gender,English,,dev_set/gender/English_test/voices/00339.wav,16000,1,16,9.96
dev/gender,English,,dev_set/gender/English_test/voices/00340.wav,16000,1,16,9.2
dev/gender,English,,dev_set/gender/English_test/voices/00341.wav,16000,1,16,4.6
dev/gender,English,,dev_set/gender/English_test/voices/00342.wav,16000,1,16,3.36
dev/gender,English,,dev_set/gender/English_test/voices/00343.wav,16000,1,16,5.24
dev/gender,English,,dev_set/gender/English_test/voices/00344.wav,16000,1,16,10.08
dev/gender,English,,dev_set/gender/English_test/voices/00345.wav,16000,1,16,5.44
dev/gender,English,,dev_set/gender/English_test/voices/00346.wav,16000,1,16,3.16
dev/gender,English,,dev_set/gender/English_test/voices/00347.wav,16000,1,16,40.24
dev/gender,English,,dev_set/gender/English_test/voices/00348.wav,16000,1,16,3.28
dev/gender,English,,dev_set/gender/English_test/voices/00349.wav,16000,1,16,3.48
dev/gender,English,,dev_set/gender/English_test/voices/00350.wav,16000,1,16,3.36
dev/gender,English,,dev_set/gender/English_test/voices/00351.wav,16000,1,16,2.64
dev/gender,English,,dev_set/gender/English_test/voices/00352.wav,16000,1,16,2.44
dev/gender,English,,dev_set/gender/English_test/voices/00353.wav,16000,1,16,5.0
dev/gender,English,,dev_set/gender/English_test/voices/00354.wav,16000,1,16,8.64
dev/gender,English,,dev_set/gender/English_test/voices/00355.wav,16000,1,16,9.96
dev/gender,English,,dev_set/gender/English_test/voices/00356.wav,16000,1,16,10.08
dev/gender,English,,dev_set/gender/English_test/voices/00357.wav,16000,1,16,17.92
dev/gender,English,,dev_set/gender/English_test/voices/00358.wav,16000,1,16,5.08
dev/gender,English,,dev_set/gender/English_test/voices/00359.wav,16000,1,16,4.84
dev/gender,English,,dev_set/gender/English_test/voices/00360.wav,16000,1,16,9.8
dev/gender,English,,dev_set/gender/English_test/voices/00361.wav,16000,1,16,7.08
dev/gender,English,,dev_set/gender/English_test/voices/00362.wav,16000,1,16,4.68
dev/gender,English,,dev_set/gender/English_test/voices/00363.wav,16000,1,16,33.8
dev/gender,English,,dev_set/gender/English_test/voices/00364.wav,16000,1,16,6.8
dev/gender,English,,dev_set/gender/English_test/voices/00365.wav,16000,1,16,4.8
dev/gender,English,,dev_set/gender/English_test/voices/00366.wav,16000,1,16,8.76
dev/gender,English,,dev_set/gender/English_test/voices/00367.wav,16000,1,16,3.0
dev/gender,English,,dev_set/gender/English_test/voices/00368.wav,16000,1,16,7.44
dev/gender,English,,dev_set/gender/English_test/voices/00369.wav,16000,1,16,3.44
dev/gender,English,,dev_set/gender/English_test/voices/00370.wav,16000,1,16,13.04
dev/gender,English,,dev_set/gender/English_test/voices/00371.wav,16000,1,16,9.84
dev/gender,English,,dev_set/gender/English_test/voices/00372.wav,16000,1,16,7.32
dev/gender,English,,dev_set/gender/English_test/voices/00373.wav,16000,1,16,2.48
dev/gender,English,,dev_set/gender/English_test/voices/00374.wav,16000,1,16,17.4
dev/gender,English,,dev_set/gender/English_test/voices/00375.wav,16000,1,16,5.96
dev/gender,English,,dev_set/gender/English_test/voices/00376.wav,16000,1,16,3.96
dev/gender,English,,dev_set/gender/English_test/voices/00377.wav,16000,1,16,9.96
dev/gender,English,,dev_set/gender/English_test/voices/00378.wav,16000,1,16,10.72
dev/gender,English,,dev_set/gender/English_test/voices/00379.wav,16000,1,16,13.64
dev/gender,English,,dev_set/gender/English_test/voices/00380.wav,16000,1,16,4.92
dev/gender,English,,dev_set/gender/English_test/voices/00381.wav,16000,1,16,3.68
dev/gender,English,,dev_set/gender/English_test/voices/00382.wav,16000,1,16,2.44
dev/gender,English,,dev_set/gender/English_test/voices/00383.wav,16000,1,16,7.16
dev/gender,English,,dev_set/gender/English_test/voices/00384.wav,16000,1,16,14.2
dev/gender,English,,dev_set/gender/English_test/voices/00385.wav,16000,1,16,8.04
dev/gender,English,,dev_set/gender/English_test/voices/00386.wav,16000,1,16,12.48
dev/gender,English,,dev_set/gender/English_test/voices/00387.wav,16000,1,16,2.24
dev/gender,English,,dev_set/gender/English_test/voices/00388.wav,16000,1,16,21.76
dev/gender,English,,dev_set/gender/English_test/voices/00389.wav,16000,1,16,6.2
dev/gender,English,,dev_set/gender/English_test/voices/00390.wav,16000,1,16,31.84
dev/gender,English,,dev_set/gender/English_test/voices/00391.wav,16000,1,16,4.92
dev/gender,English,,dev_set/gender/English_test/voices/00392.wav,16000,1,16,11.84
dev/gender,English,,dev_set/gender/English_test/voices/00393.wav,16000,1,16,2.28
dev/gender,English,,dev_set/gender/English_test/voices/00394.wav,16000,1,16,6.76
dev/gender,English,,dev_set/gender/English_test/voices/00395.wav,16000,1,16,12.04
dev/gender,English,,dev_set/gender/English_test/voices/00396.wav,16000,1,16,7.08
dev/gender,English,,dev_set/gender/English_test/voices/00397.wav,16000,1,16,4.96
dev/gender,English,,dev_set/gender/English_test/voices/00398.wav,16000,1,16,7.08
dev/gender,English,,dev_set/gender/English_test/voices/00399.wav,16000,1,16,2.0
dev/gender,English,,dev_set/gender/English_test/voices/00400.wav,16000,1,16,11.56
dev/gender,English,,dev_set/gender/English_test/voices/00401.wav,16000,1,16,14.16
dev/gender,English,,dev_set/gender/English_test/voices/00402.wav,16000,1,16,6.44
dev/gender,English,,dev_set/gender/English_test/voices/00403.wav,16000,1,16,4.56
dev/gender,English,,dev_set/gender/English_test/voices/00404.wav,16000,1,16,13.84
dev/gender,English,,dev_set/gender/English_test/voices/00405.wav,16000,1,16,10.2
dev/gender,English,,dev_set/gender/English_test/voices/00406.wav,16000,1,16,11.4
dev/gender,English,,dev_set/gender/English_test/voices/00407.wav,16000,1,16,9.28
dev/gender,English,,dev_set/gender/English_test/voices/00408.wav,16000,1,16,2.28
dev/gender,English,,dev_set/gender/English_test/voices/00409.wav,16000,1,16,2.8
dev/gender,English,,dev_set/gender/English_test/voices/00410.wav,16000,1,16,7.84
dev/gender,English,,dev_set/gender/English_test/voices/00411.wav,16000,1,16,9.32
dev/gender,English,,dev_set/gender/English_test/voices/00412.wav,16000,1,16,7.2
dev/gender,English,,dev_set/gender/English_test/voices/00413.wav,16000,1,16,8.12
dev/gender,English,,dev_set/gender/English_test/voices/00414.wav,16000,1,16,4.0
dev/gender,English,,dev_set/gender/English_test/voices/00415.wav,16000,1,16,2.16
dev/gender,English,,dev_set/gender/English_test/voices/00416.wav,16000,1,16,6.08
dev/gender,English,,dev_set/gender/English_test/voices/00417.wav,16000,1,16,5.2
dev/gender,English,,dev_set/gender/English_test/voices/00418.wav,16000,1,16,3.04
dev/gender,English,,dev_set/gender/English_test/voices/00419.wav,16000,1,16,4.68
dev/gender,English,,dev_set/gender/English_test/voices/00420.wav,16000,1,16,8.0
dev/gender,English,,dev_set/gender/English_test/voices/00421.wav,16000,1,16,5.08
dev/gender,English,,dev_set/gender/English_test/voices/00422.wav,16000,1,16,6.56
dev/gender,English,,dev_set/gender/English_test/voices/00423.wav,16000,1,16,8.76
dev/gender,English,,dev_set/gender/English_test/voices/00424.wav,16000,1,16,3.2
dev/gender,English,,dev_set/gender/English_test/voices/00425.wav,16000,1,16,12.12
dev/gender,English,,dev_set/gender/English_test/voices/00426.wav,16000,1,16,4.88
dev/gender,English,,dev_set/gender/English_test/voices/00427.wav,16000,1,16,7.88
dev/gender,English,,dev_set/gender/English_test/voices/00428.wav,16000,1,16,12.04
dev/gender,English,,dev_set/gender/English_test/voices/00429.wav,16000,1,16,24.24
dev/gender,English,,dev_set/gender/English_test/voices/00430.wav,16000,1,16,8.68
dev/gender,English,,dev_set/gender/English_test/voices/00431.wav,16000,1,16,3.92
dev/gender,English,,dev_set/gender/English_test/voices/00432.wav,16000,1,16,3.36
dev/gender,English,,dev_set/gender/English_test/voices/00433.wav,16000,1,16,14.2
dev/gender,English,,dev_set/gender/English_test/voices/00434.wav,16000,1,16,13.0
dev/gender,English,,dev_set/gender/English_test/voices/00435.wav,16000,1,16,6.24
dev/gender,English,,dev_set/gender/English_test/voices/00436.wav,16000,1,16,16.84
dev/gender,English,,dev_set/gender/English_test/voices/00437.wav,16000,1,16,12.6
dev/gender,English,,dev_set/gender/English_test/voices/00438.wav,16000,1,16,31.84
dev/gender,English,,dev_set/gender/English_test/voices/00439.wav,16000,1,16,2.92
dev/gender,English,,dev_set/gender/English_test/voices/00440.wav,16000,1,16,7.08
dev/gender,English,,dev_set/gender/English_test/voices/00441.wav,16000,1,16,2.72
dev/gender,English,,dev_set/gender/English_test/voices/00442.wav,16000,1,16,10.4
dev/gender,English,,dev_set/gender/English_test/voices/00443.wav,16000,1,16,19.84
dev/gender,English,,dev_set/gender/English_test/voices/00444.wav,16000,1,16,7.96
dev/gender,English,,dev_set/gender/English_test/voices/00445.wav,16000,1,16,4.64
dev/gender,English,,dev_set/gender/English_test/voices/00446.wav,16000,1,16,7.6
dev/gender,English,,dev_set/gender/English_test/voices/00447.wav,16000,1,16,4.08
dev/gender,English,,dev_set/gender/English_test/voices/00448.wav,16000,1,16,2.2
dev/gender,English,,dev_set/gender/English_test/voices/00449.wav,16000,1,16,15.44
dev/gender,English,,dev_set/gender/English_test/voices/00450.wav,16000,1,16,65.32
dev/gender,English,,dev_set/gender/English_test/voices/00451.wav,16000,1,16,4.56
dev/gender,English,,dev_set/gender/English_test/voices/00452.wav,16000,1,16,4.36
dev/gender,English,,dev_set/gender/English_test/voices/00453.wav,16000,1,16,5.2
dev/gender,English,,dev_set/gender/English_test/voices/00454.wav,16000,1,16,18.0
dev/gender,English,,dev_set/gender/English_test/voices/00455.wav,16000,1,16,2.28
dev/gender,English,,dev_set/gender/English_test/voices/00456.wav,16000,1,16,7.08
dev/gender,English,,dev_set/gender/English_test/voices/00457.wav,16000,1,16,3.6
dev/gender,English,,dev_set/gender/English_test/voices/00458.wav,16000,1,16,11.0
dev/gender,English,,dev_set/gender/English_test/voices/00459.wav,16000,1,16,5.08
dev/gender,English,,dev_set/gender/English_test/voices/00460.wav,16000,1,16,6.84
dev/gender,English,,dev_set/gender/English_test/voices/00461.wav,16000,1,16,8.28
dev/gender,English,,dev_set/gender/English_test/voices/00462.wav,16000,1,16,3.04
dev/gender,English,,dev_set/gender/English_test/voices/00463.wav,16000,1,16,7.56
dev/gender,English,,dev_set/gender/English_test/voices/00464.wav,16000,1,16,3.8
dev/gender,English,,dev_set/gender/English_test/voices/00465.wav,16000,1,16,13.56
dev/gender,English,,dev_set/gender/English_test/voices/00466.wav,16000,1,16,2.88
dev/gender,English,,dev_set/gender/English_test/voices/00467.wav,16000,1,16,25.32
dev/gender,English,,dev_set/gender/English_test/voices/00468.wav,16000,1,16,2.0
dev/gender,English,,dev_set/gender/English_test/voices/00469.wav,16000,1,16,4.12
dev/gender,English,,dev_set/gender/English_test/voices/00470.wav,16000,1,16,14.32
dev/gender,English,,dev_set/gender/English_test/voices/00471.wav,16000,1,16,6.8
dev/gender,English,,dev_set/gender/English_test/voices/00472.wav,16000,1,16,8.0
dev/gender,English,,dev_set/gender/English_test/voices/00473.wav,16000,1,16,6.72
dev/gender,English,,dev_set/gender/English_test/voices/00474.wav,16000,1,16,9.6
dev/gender,English,,dev_set/gender/English_test/voices/00475.wav,16000,1,16,8.52
dev/gender,English,,dev_set/gender/English_test/voices/00476.wav,16000,1,16,4.44
dev/gender,English,,dev_set/gender/English_test/voices/00477.wav,16000,1,16,5.56
dev/gender,English,,dev_set/gender/English_test/voices/00478.wav,16000,1,16,10.28
dev/gender,English,,dev_set/gender/English_test/voices/00479.wav,16000,1,16,2.16
dev/gender,English,,dev_set/gender/English_test/voices/00480.wav,16000,1,16,4.52
dev/gender,English,,dev_set/gender/English_test/voices/00481.wav,16000,1,16,5.0
dev/gender,English,,dev_set/gender/English_test/voices/00482.wav,16000,1,16,2.08
dev/gender,English,,dev_set/gender/English_test/voices/00483.wav,16000,1,16,7.2
dev/gender,English,,dev_set/gender/English_test/voices/00484.wav,16000,1,16,3.96
dev/gender,English,,dev_set/gender/English_test/voices/00485.wav,16000,1,16,12.2
dev/gender,English,,dev_set/gender/English_test/voices/00486.wav,16000,1,16,2.0
dev/gender,English,,dev_set/gender/English_test/voices/00487.wav,16000,1,16,13.64
dev/gender,English,,dev_set/gender/English_test/voices/00488.wav,16000,1,16,4.16
dev/gender,English,,dev_set/gender/English_test/voices/00489.wav,16000,1,16,13.96
dev/gender,English,,dev_set/gender/English_test/voices/00490.wav,16000,1,16,5.28
dev/gender,English,,dev_set/gender/English_test/voices/00491.wav,16000,1,16,3.12
dev/gender,English,,dev_set/gender/English_test/voices/00492.wav,16000,1,16,9.8
dev/gender,English,,dev_set/gender/English_test/voices/00493.wav,16000,1,16,3.96
dev/gender,English,,dev_set/gender/English_test/voices/00494.wav,16000,1,16,4.64
dev/gender,English,,dev_set/gender/English_test/voices/00495.wav,16000,1,16,22.68
dev/gender,English,,dev_set/gender/English_test/voices/00496.wav,16000,1,16,14.0
dev/gender,English,,dev_set/gender/English_test/voices/00497.wav,16000,1,16,4.84
dev/gender,English,,dev_set/gender/English_test/voices/00498.wav,16000,1,16,2.24
dev/gender,English,,dev_set/gender/English_test/voices/00499.wav,16000,1,16,16.24
dev/gender,English,,dev_set/gender/English_test/voices/00500.wav,16000,1,16,3.28
dev/gender,English,,dev_set/gender/English_test/voices/00501.wav,16000,1,16,50.08
dev/gender,English,,dev_set/gender/English_test/voices/00502.wav,16000,1,16,15.0
dev/gender,English,,dev_set/gender/English_test/voices/00503.wav,16000,1,16,9.6
dev/gender,English,,dev_set/gender/English_test/voices/00504.wav,16000,1,16,2.2
dev/gender,English,,dev_set/gender/English_test/voices/00505.wav,16000,1,16,9.2
dev/gender,English,,dev_set/gender/English_test/voices/00506.wav,16000,1,16,5.84
dev/gender,English,,dev_set/gender/English_test/voices/00507.wav,16000,1,16,14.2
dev/gender,English,,dev_set/gender/English_test/voices/00508.wav,16000,1,16,2.4
dev/gender,English,,dev_set/gender/English_test/voices/00509.wav,16000,1,16,4.6
dev/gender,English,,dev_set/gender/English_test/voices/00510.wav,16000,1,16,7.08
dev/gender,English,,dev_set/gender/English_test/voices/00511.wav,16000,1,16,4.28
dev/gender,English,,dev_set/gender/English_test/voices/00512.wav,16000,1,16,6.48
dev/gender,English,,dev_set/gender/English_test/voices/00513.wav,16000,1,16,17.92
dev/gender,English,,dev_set/gender/English_test/voices/00514.wav,16000,1,16,7.96
dev/gender,English,,dev_set/gender/English_test/voices/00515.wav,16000,1,16,6.52
dev/gender,English,,dev_set/gender/English_test/voices/00516.wav,16000,1,16,10.68
dev/gender,English,,dev_set/gender/English_test/voices/00517.wav,16000,1,16,3.44
dev/gender,English,,dev_set/gender/English_test/voices/00518.wav,16000,1,16,6.92
dev/gender,English,,dev_set/gender/English_test/voices/00519.wav,16000,1,16,5.24
dev/gender,English,,dev_set/gender/English_test/voices/00520.wav,16000,1,16,4.64
dev/gender,English,,dev_set/gender/English_test/voices/00521.wav,16000,1,16,2.64
dev/gender,English,,dev_set/gender/English_test/voices/00522.wav,16000,1,16,7.6
dev/gender,English,,dev_set/gender/English_test/voices/00523.wav,16000,1,16,3.72
dev/gender,English,,dev_set/gender/English_test/voices/00524.wav,16000,1,16,4.88
dev/gender,English,,dev_set/gender/English_test/voices/00525.wav,16000,1,16,8.96
dev/gender,English,,dev_set/gender/English_test/voices/00526.wav,16000,1,16,4.24
dev/gender,English,,dev_set/gender/English_test/voices/00527.wav,16000,1,16,3.84
dev/gender,English,,dev_set/gender/English_test/voices/00528.wav,16000,1,16,40.24
dev/gender,English,,dev_set/gender/English_test/voices/00529.wav,16000,1,16,3.04
dev/gender,English,,dev_set/gender/English_test/voices/00530.wav,16000,1,16,3.6
dev/gender,English,,dev_set/gender/English_test/voices/00531.wav,16000,1,16,2.24
dev/gender,English,,dev_set/gender/English_test/voices/00532.wav,16000,1,16,12.6
dev/gender,English,,dev_set/gender/English_test/voices/00533.wav,16000,1,16,3.32
dev/gender,English,,dev_set/gender/English_test/voices/00534.wav,16000,1,16,3.96
dev/gender,English,,dev_set/gender/English_test/voices/00535.wav,16000,1,16,14.2
dev/gender,English,,dev_set/gender/English_test/voices/00536.wav,16000,1,16,11.36
dev/gender,English,,dev_set/gender/English_test/voices/00537.wav,16000,1,16,4.88
dev/gender,English,,dev_set/gender/English_test/voices/00538.wav,16000,1,16,28.4
dev/gender,English,,dev_set/gender/English_test/voices/00539.wav,16000,1,16,3.88
dev/gender,English,,dev_set/gender/English_test/voices/00540.wav,16000,1,16,5.68
dev/gender,English,,dev_set/gender/English_test/voices/00541.wav,16000,1,16,10.72
dev/gender,English,,dev_set/gender/English_test/voices/00542.wav,16000,1,16,10.88
dev/gender,English,,dev_set/gender/English_test/voices/00543.wav,16000,1,16,2.0
dev/gender,English,,dev_set/gender/English_test/voices/00544.wav,16000,1,16,13.04
dev/gender,English,,dev_set/gender/English_test/voices/00545.wav,16000,1,16,5.24
dev/gender,English,,dev_set/gender/English_test/voices/00546.wav,16000,1,16,7.04
dev/gender,English,,dev_set/gender/English_test/voices/00547.wav,16000,1,16,29.24
dev/gender,English,,dev_set/gender/English_test/voices/00548.wav,16000,1,16,5.48
dev/gender,English,,dev_set/gender/English_test/voices/00549.wav,16000,1,16,4.76
dev/gender,English,,dev_set/gender/English_test/voices/00550.wav,16000,1,16,3.36
dev/gender,English,,dev_set/gender/English_test/voices/00551.wav,16000,1,16,5.52
dev/gender,English,,dev_set/gender/English_test/voices/00552.wav,16000,1,16,4.44
dev/gender,English,,dev_set/gender/English_test/voices/00553.wav,16000,1,16,5.56
dev/gender,English,,dev_set/gender/English_test/voices/00554.wav,16000,1,16,3.32
dev/gender,English,,dev_set/gender/English_test/voices/00555.wav,16000,1,16,12.04
dev/gender,English,,dev_set/gender/English_test/voices/00556.wav,16000,1,16,12.24
dev/gender,English,,dev_set/gender/English_test/voices/00557.wav,16000,1,16,6.92
dev/gender,English,,dev_set/gender/English_test/voices/00558.wav,16000,1,16,15.52
dev/gender,English,,dev_set/gender/English_test/voices/00559.wav,16000,1,16,15.52
dev/gender,English,,dev_set/gender/English_test/voices/00560.wav,16000,1,16,4.44
dev/gender,English,,dev_set/gender/English_test/voices/00561.wav,16000,1,16,9.0
dev/gender,English,,dev_set/gender/English_test/voices/00562.wav,16000,1,16,5.8
dev/gender,English,,dev_set/gender/English_test/voices/00563.wav,16000,1,16,10.36
dev/gender,English,,dev_set/gender/English_test/voices/00564.wav,16000,1,16,5.2
dev/gender,English,,dev_set/gender/English_test/voices/00565.wav,16000,1,16,10.72
dev/gender,English,,dev_set/gender/English_test/voices/00566.wav,16000,1,16,3.16
dev/gender,English,,dev_set/gender/English_test/voices/00567.wav,16000,1,16,15.96
dev/gender,English,,dev_set/gender/English_test/voices/00568.wav,16000,1,16,5.52
dev/gender,English,,dev_set/gender/English_test/voices/00569.wav,16000,1,16,8.76
dev/gender,English,,dev_set/gender/English_test/voices/00570.wav,16000,1,16,2.24
dev/gender,English,,dev_set/gender/English_test/voices/00571.wav,16000,1,16,2.88
dev/gender,English,,dev_set/gender/English_test/voices/00572.wav,16000,1,16,7.28
dev/gender,English,,dev_set/gender/English_test/voices/00573.wav,16000,1,16,13.84
dev/gender,English,,dev_set/gender/English_test/voices/00574.wav,16000,1,16,5.24
dev/gender,English,,dev_set/gender/English_test/voices/00575.wav,16000,1,16,3.16
dev/gender,English,,dev_set/gender/English_test/voices/00576.wav,16000,1,16,6.92
dev/gender,English,,dev_set/gender/English_test/voices/00577.wav,16000,1,16,4.68
dev/gender,English,,dev_set/gender/English_test/voices/00578.wav,16000,1,16,7.28
dev/gender,English,,dev_set/gender/English_test/voices/00579.wav,16000,1,16,4.0
dev/gender,English,,dev_set/gender/English_test/voices/00580.wav,16000,1,16,5.6
dev/gender,English,,dev_set/gender/English_test/voices/00581.wav,16000,1,16,3.12
dev/gender,English,,dev_set/gender/English_test/voices/00582.wav,16000,1,16,6.4
dev/gender,English,,dev_set/gender/English_test/voices/00583.wav,16000,1,16,15.12
dev/gender,English,,dev_set/gender/English_test/voices/00584.wav,16000,1,16,2.96
dev/gender,English,,dev_set/gender/English_test/voices/00585.wav,16000,1,16,4.16
dev/gender,English,,dev_set/gender/English_test/voices/00586.wav,16000,1,16,13.16
dev/gender,English,,dev_set/gender/English_test/voices/00587.wav,16000,1,16,11.72
dev/gender,English,,dev_set/gender/English_test/voices/00588.wav,16000,1,16,22.84
dev/gender,English,,dev_set/gender/English_test/voices/00589.wav,16000,1,16,2.8
dev/gender,English,,dev_set/gender/English_test/voices/00590.wav,16000,1,16,7.0
dev/gender,English,,dev_set/gender/English_test/voices/00591.wav,16000,1,16,4.0
dev/gender,English,,dev_set/gender/English_test/voices/00592.wav,16000,1,16,11.8
dev/gender,English,,dev_set/gender/English_test/voices/00593.wav,16000,1,16,5.44
dev/gender,English,,dev_set/gender/English_test/voices/00594.wav,16000,1,16,10.0
dev/gender,English,,dev_set/gender/English_test/voices/00595.wav,16000,1,16,5.4
dev/gender,English,,dev_set/gender/English_test/voices/00596.wav,16000,1,16,3.28
dev/gender,English,,dev_set/gender/English_test/voices/00597.wav,16000,1,16,6.0
dev/gender,English,,dev_set/gender/English_test/voices/00598.wav,16000,1,16,2.88
dev/gender,English,,dev_set/gender/English_test/voices/00599.wav,16000,1,16,16.84
dev/gender,English,,dev_set/gender/English_test/voices/00600.wav,16000,1,16,6.84
dev/gender,English,,dev_set/gender/English_test/voices/00601.wav,16000,1,16,11.32
dev/gender,English,,dev_set/gender/English_test/voices/00602.wav,16000,1,16,5.2
dev/gender,English,,dev_set/gender/English_test/voices/00603.wav,16000,1,16,25.32
dev/gender,English,,dev_set/gender/English_test/voices/00604.wav,16000,1,16,10.88
dev/gender,English,,dev_set/gender/English_test/voices/00605.wav,16000,1,16,3.32
dev/gender,English,,dev_set/gender/English_test/voices/00606.wav,16000,1,16,2.76
dev/gender,English,,dev_set/gender/English_test/voices/00607.wav,16000,1,16,2.6
dev/gender,English,,dev_set/gender/English_test/voices/00608.wav,16000,1,16,12.28
dev/gender,English,,dev_set/gender/English_test/voices/00609.wav,16000,1,16,7.64
dev/gender,English,,dev_set/gender/English_test/voices/00610.wav,16000,1,16,5.64
dev/gender,English,,dev_set/gender/English_test/voices/00611.wav,16000,1,16,3.84
dev/gender,English,,dev_set/gender/English_test/voices/00612.wav,16000,1,16,11.16
dev/gender,English,,dev_set/gender/English_test/voices/00613.wav,16000,1,16,3.8
dev/gender,English,,dev_set/gender/English_test/voices/00614.wav,16000,1,16,12.84
dev/gender,English,,dev_set/gender/English_test/voices/00615.wav,16000,1,16,5.96
dev/gender,English,,dev_set/gender/English_test/voices/00616.wav,16000,1,16,6.68
dev/gender,English,,dev_set/gender/English_test/voices/00617.wav,16000,1,16,17.6
dev/gender,English,,dev_set/gender/English_test/voices/00618.wav,16000,1,16,4.84
dev/gender,English,,dev_set/gender/English_test/voices/00619.wav,16000,1,16,8.44
dev/gender,English,,dev_set/gender/English_test/voices/00620.wav,16000,1,16,8.2
dev/gender,English,,dev_set/gender/English_test/voices/00621.wav,16000,1,16,15.0
dev/gender,English,,dev_set/gender/English_test/voices/00622.wav,16000,1,16,10.2
dev/gender,English,,dev_set/gender/English_test/voices/00623.wav,16000,1,16,8.56
dev/gender,English,,dev_set/gender/English_test/voices/00624.wav,16000,1,16,5.04
dev/gender,English,,dev_set/gender/English_test/voices/00625.wav,16000,1,16,2.88
dev/gender,English,,dev_set/gender/English_test/voices/00626.wav,16000,1,16,7.28
dev/gender,English,,dev_set/gender/English_test/voices/00627.wav,16000,1,16,9.04
dev/gender,English,,dev_set/gender/English_test/voices/00628.wav,16000,1,16,6.2
dev/gender,English,,dev_set/gender/English_test/voices/00629.wav,16000,1,16,4.36
dev/gender,English,,dev_set/gender/English_test/voices/00630.wav,16000,1,16,2.52
dev/gender,English,,dev_set/gender/English_test/voices/00631.wav,16000,1,16,2.0
dev/gender,English,,dev_set/gender/English_test/voices/00632.wav,16000,1,16,5.24
dev/gender,English,,dev_set/gender/English_test/voices/00633.wav,16000,1,16,8.84
dev/gender,English,,dev_set/gender/English_test/voices/00634.wav,16000,1,16,3.68
dev/gender,English,,dev_set/gender/English_test/voices/00635.wav,16000,1,16,2.8
dev/gender,English,,dev_set/gender/English_test/voices/00636.wav,16000,1,16,2.36
dev/gender,English,,dev_set/gender/English_test/voices/00637.wav,16000,1,16,8.24
dev/gender,English,,dev_set/gender/English_test/voices/00638.wav,16000,1,16,11.8
dev/gender,English,,dev_set/gender/English_test/voices/00639.wav,16000,1,16,15.84
dev/gender,English,,dev_set/gender/English_test/voices/00640.wav,16000,1,16,37.12
dev/gender,English,,dev_set/gender/English_test/voices/00641.wav,16000,1,16,7.24
dev/gender,English,,dev_set/gender/English_test/voices/00642.wav,16000,1,16,5.04
dev/gender,English,,dev_set/gender/English_test/voices/00643.wav,16000,1,16,7.12
dev/gender,English,,dev_set/gender/English_test/voices/00644.wav,16000,1,16,19.84
dev/gender,English,,dev_set/gender/English_test/voices/00645.wav,16000,1,16,3.4
dev/gender,English,,dev_set/gender/English_test/voices/00646.wav,16000,1,16,4.04
dev/gender,English,,dev_set/gender/English_test/voices/00647.wav,16000,1,16,6.76
dev/gender,English,,dev_set/gender/English_test/voices/00648.wav,16000,1,16,6.92
dev/gender,English,,dev_set/gender/English_test/voices/00649.wav,16000,1,16,4.6
dev/gender,English,,dev_set/gender/English_test/voices/00650.wav,16000,1,16,13.88
dev/gender,English,,dev_set/gender/English_test/voices/00651.wav,16000,1,16,5.44
dev/gender,English,,dev_set/gender/English_test/voices/00652.wav,16000,1,16,11.12
dev/gender,English,,dev_set/gender/English_test/voices/00653.wav,16000,1,16,11.84
dev/gender,English,,dev_set/gender/English_test/voices/00654.wav,16000,1,16,5.24
dev/gender,English,,dev_set/gender/English_test/voices/00655.wav,16000,1,16,3.44
dev/gender,English,,dev_set/gender/English_test/voices/00656.wav,16000,1,16,2.64
dev/gender,English,,dev_set/gender/English_test/voices/00657.wav,16000,1,16,21.76
dev/gender,English,,dev_set/gender/English_test/voices/00658.wav,16000,1,16,15.28
dev/gender,English,,dev_set/gender/English_test/voices/00659.wav,16000,1,16,4.56
dev/gender,English,,dev_set/gender/English_test/voices/00660.wav,16000,1,16,3.32
dev/gender,English,,dev_set/gender/English_test/voices/00661.wav,16000,1,16,5.8
dev/gender,English,,dev_set/gender/English_test/voices/00662.wav,16000,1,16,5.2
dev/gender,English,,dev_set/gender/English_test/voices/00663.wav,16000,1,16,8.48
dev/gender,English,,dev_set/gender/English_test/voices/00664.wav,16000,1,16,2.76
dev/gender,English,,dev_set/gender/English_test/voices/00665.wav,16000,1,16,3.4
dev/gender,English,,dev_set/gender/English_test/voices/00666.wav,16000,1,16,8.8
dev/gender,English,,dev_set/gender/English_test/voices/00667.wav,16000,1,16,33.8
dev/gender,English,,dev_set/gender/English_test/voices/00668.wav,16000,1,16,10.88
dev/gender,English,,dev_set/gender/English_test/voices/00669.wav,16000,1,16,4.12
dev/gender,English,,dev_set/gender/English_test/voices/00670.wav,16000,1,16,2.88
dev/gender,English,,dev_set/gender/English_test/voices/00671.wav,16000,1,16,11.32
dev/gender,English,,dev_set/gender/English_test/voices/00672.wav,16000,1,16,4.6
dev/gender,English,,dev_set/gender/English_test/voices/00673.wav,16000,1,16,9.64
dev/gender,English,,dev_set/gender/English_test/voices/00674.wav,16000,1,16,5.4
dev/gender,English,,dev_set/gender/English_test/voices/00675.wav,16000,1,16,4.12
dev/gender,English,,dev_set/gender/English_test/voices/00676.wav,16000,1,16,21.76
dev/gender,English,,dev_set/gender/English_test/voices/00677.wav,16000,1,16,8.44
dev/gender,English,,dev_set/gender/English_test/voices/00678.wav,16000,1,16,6.04
dev/gender,English,,dev_set/gender/English_test/voices/00679.wav,16000,1,16,8.04
dev/gender,English,,dev_set/gender/English_test/voices/00680.wav,16000,1,16,4.0
dev/gender,English,,dev_set/gender/English_test/voices/00681.wav,16000,1,16,6.2
dev/gender,English,,dev_set/gender/English_test/voices/00682.wav,16000,1,16,9.8
dev/gender,English,,dev_set/gender/English_test/voices/00683.wav,16000,1,16,3.16
dev/gender,English,,dev_set/gender/English_test/voices/00684.wav,16000,1,16,2.76
dev/gender,English,,dev_set/gender/English_test/voices/00685.wav,16000,1,16,5.24
dev/gender,English,,dev_set/gender/English_test/voices/00686.wav,16000,1,16,5.08
dev/gender,English,,dev_set/gender/English_test/voices/00687.wav,16000,1,16,4.72
dev/gender,English,,dev_set/gender/English_test/voices/00688.wav,16000,1,16,5.24
dev/gender,English,,dev_set/gender/English_test/voices/00689.wav,16000,1,16,2.12
dev/gender,English,,dev_set/gender/English_test/voices/00690.wav,16000,1,16,6.96
dev/gender,English,,dev_set/gender/English_test/voices/00691.wav,16000,1,16,13.52
dev/gender,English,,dev_set/gender/English_test/voices/00692.wav,16000,1,16,4.12
dev/gender,English,,dev_set/gender/English_test/voices/00693.wav,16000,1,16,5.36
dev/gender,English,,dev_set/gender/English_test/voices/00694.wav,16000,1,16,2.16
dev/gender,English,,dev_set/gender/English_test/voices/00695.wav,16000,1,16,7.0
dev/gender,English,,dev_set/gender/English_test/voices/00696.wav,16000,1,16,6.4
dev/gender,English,,dev_set/gender/English_test/voices/00697.wav,16000,1,16,4.8
dev/gender,English,,dev_set/gender/English_test/voices/00698.wav,16000,1,16,7.2
dev/gender,English,,dev_set/gender/English_test/voices/00699.wav,16000,1,16,4.88
dev/gender,English,,dev_set/gender/English_test/voices/00700.wav,16000,1,16,11.12
dev/gender,English,,dev_set/gender/English_test/voices/00701.wav,16000,1,16,6.48
dev/gender,English,,dev_set/gender/English_test/voices/00702.wav,16000,1,16,2.08
dev/gender,English,,dev_set/gender/English_test/voices/00703.wav,16000,1,16,12.24
dev/gender,English,,dev_set/gender/English_test/voices/00704.wav,16000,1,16,4.68
dev/gender,English,,dev_set/gender/English_test/voices/00705.wav,16000,1,16,9.28
dev/gender,English,,dev_set/gender/English_test/voices/00706.wav,16000,1,16,5.16
dev/gender,English,,dev_set/gender/English_test/voices/00707.wav,16000,1,16,9.0
dev/gender,English,,dev_set/gender/English_test/voices/00708.wav,16000,1,16,3.72
dev/gender,English,,dev_set/gender/English_test/voices/00709.wav,16000,1,16,4.68
dev/gender,English,,dev_set/gender/English_test/voices/00710.wav,16000,1,16,7.6
dev/gender,English,,dev_set/gender/English_test/voices/00711.wav,16000,1,16,15.0
dev/gender,English,,dev_set/gender/English_test/voices/00712.wav,16000,1,16,2.0
dev/gender,English,,dev_set/gender/English_test/voices/00713.wav,16000,1,16,10.92
dev/gender,English,,dev_set/gender/English_test/voices/00714.wav,16000,1,16,9.2
dev/gender,English,,dev_set/gender/English_test/voices/00715.wav,16000,1,16,5.0
dev/gender,English,,dev_set/gender/English_test/voices/00716.wav,16000,1,16,16.24
dev/gender,English,,dev_set/gender/English_test/voices/00717.wav,16000,1,16,2.12
dev/gender,English,,dev_set/gender/English_test/voices/00718.wav,16000,1,16,24.12
dev/gender,English,,dev_set/gender/English_test/voices/00719.wav,16000,1,16,11.96
dev/gender,English,,dev_set/gender/English_test/voices/00720.wav,16000,1,16,2.12
dev/gender,English,,dev_set/gender/English_test/voices/00721.wav,16000,1,16,3.72
dev/gender,English,,dev_set/gender/English_test/voices/00722.wav,16000,1,16,7.84
dev/gender,English,,dev_set/gender/English_test/voices/00723.wav,16000,1,16,6.4
dev/gender,English,,dev_set/gender/English_test/voices/00724.wav,16000,1,16,4.2
dev/gender,English,,dev_set/gender/English_test/voices/00725.wav,16000,1,16,46.44
dev/gender,English,,dev_set/gender/English_test/voices/00726.wav,16000,1,16,4.0
dev/gender,English,,dev_set/gender/English_test/voices/00727.wav,16000,1,16,8.4
dev/gender,English,,dev_set/gender/English_test/voices/00728.wav,16000,1,16,81.56
dev/gender,English,,dev_set/gender/English_test/voices/00729.wav,16000,1,16,3.84
dev/gender,English,,dev_set/gender/English_test/voices/00730.wav,16000,1,16,4.88
dev/gender,English,,dev_set/gender/English_test/voices/00731.wav,16000,1,16,17.92
dev/gender,English,,dev_set/gender/English_test/voices/00732.wav,16000,1,16,13.28
dev/gender,English,,dev_set/gender/English_test/voices/00733.wav,16000,1,16,4.6
dev/gender,English,,dev_set/gender/English_test/voices/00734.wav,16000,1,16,3.32
dev/gender,English,,dev_set/gender/English_test/voices/00735.wav,16000,1,16,12.0
dev/gender,English,,dev_set/gender/English_test/voices/00736.wav,16000,1,16,2.28
dev/gender,English,,dev_set/gender/English_test/voices/00737.wav,16000,1,16,4.24
dev/gender,English,,dev_set/gender/English_test/voices/00738.wav,16000,1,16,3.4
dev/gender,English,,dev_set/gender/English_test/voices/00739.wav,16000,1,16,4.76
dev/gender,English,,dev_set/gender/English_test/voices/00740.wav,16000,1,16,7.24
dev/gender,English,,dev_set/gender/English_test/voices/00741.wav,16000,1,16,4.92
dev/gender,English,,dev_set/gender/English_test/voices/00742.wav,16000,1,16,21.32
dev/gender,English,,dev_set/gender/English_test/voices/00743.wav,16000,1,16,6.12
dev/gender,English,,dev_set/gender/English_test/voices/00744.wav,16000,1,16,11.6
dev/gender,English,,dev_set/gender/English_test/voices/00745.wav,16000,1,16,8.88
dev/gender,English,,dev_set/gender/English_test/voices/00746.wav,16000,1,16,2.48
dev/gender,English,,dev_set/gender/English_test/voices/00747.wav,16000,1,16,8.6
dev/gender,English,,dev_set/gender/English_test/voices/00748.wav,16000,1,16,9.04
dev/gender,English,,dev_set/gender/English_test/voices/00749.wav,16000,1,16,2.32
dev/gender,English,,dev_set/gender/English_test/voices/00750.wav,16000,1,16,12.8
dev/gender,English,,dev_set/gender/English_test/voices/00751.wav,16000,1,16,9.88
dev/gender,English,,dev_set/gender/English_test/voices/00752.wav,16000,1,16,7.2
dev/gender,English,,dev_set/gender/English_test/voices/00753.wav,16000,1,16,4.6
dev/gender,English,,dev_set/gender/English_test/voices/00754.wav,16000,1,16,5.76
dev/gender,English,,dev_set/gender/English_test/voices/00755.wav,16000,1,16,9.08
dev/gender,English,,dev_set/gender/English_test/voices/00756.wav,16000,1,16,4.36
dev/gender,English,,dev_set/gender/English_test/voices/00757.wav,16000,1,16,6.8
dev/gender,English,,dev_set/gender/English_test/voices/00758.wav,16000,1,16,5.4
dev/gender,English,,dev_set/gender/English_test/voices/00759.wav,16000,1,16,10.12
dev/gender,English,,dev_set/gender/English_test/voices/00760.wav,16000,1,16,9.52
dev/gender,English,,dev_set/gender/English_test/voices/00761.wav,16000,1,16,20.6
dev/gender,English,,dev_set/gender/English_test/voices/00762.wav,16000,1,16,4.72
dev/gender,English,,dev_set/gender/English_test/voices/00763.wav,16000,1,16,5.24
dev/gender,English,,dev_set/gender/English_test/voices/00764.wav,16000,1,16,8.12
dev/gender,English,,dev_set/gender/English_test/voices/00765.wav,16000,1,16,3.16
dev/gender,English,,dev_set/gender/English_test/voices/00766.wav,16000,1,16,3.04
dev/gender,English,,dev_set/gender/English_test/voices/00767.wav,16000,1,16,10.16
dev/gender,English,,dev_set/gender/English_test/voices/00768.wav,16000,1,16,7.36
dev/gender,English,,dev_set/gender/English_test/voices/00769.wav,16000,1,16,6.48
dev/gender,English,,dev_set/gender/English_test/voices/00770.wav,16000,1,16,4.88
dev/gender,English,,dev_set/gender/English_test/voices/00771.wav,16000,1,16,6.52
dev/gender,English,,dev_set/gender/English_test/voices/00772.wav,16000,1,16,12.04
dev/gender,English,,dev_set/gender/English_test/voices/00773.wav,16000,1,16,12.24
dev/gender,English,,dev_set/gender/English_test/voices/00774.wav,16000,1,16,6.72
dev/gender,English,,dev_set/gender/English_test/voices/00775.wav,16000,1,16,6.2
dev/gender,English,,dev_set/gender/English_test/voices/00776.wav,16000,1,16,8.52
dev/gender,English,,dev_set/gender/English_test/voices/00777.wav,16000,1,16,9.32
dev/gender,English,,dev_set/gender/English_test/voices/00778.wav,16000,1,16,4.56
dev/gender,English,,dev_set/gender/English_test/voices/00779.wav,16000,1,16,7.32
dev/gender,English,,dev_set/gender/English_test/voices/00780.wav,16000,1,16,10.16
dev/gender,English,,dev_set/gender/English_test/voices/00781.wav,16000,1,16,3.52
dev/gender,English,,dev_set/gender/English_test/voices/00782.wav,16000,1,16,3.52
dev/gender,English,,dev_set/gender/English_test/voices/00783.wav,16000,1,16,5.4
dev/gender,English,,dev_set/gender/English_test/voices/00784.wav,16000,1,16,6.68
dev/gender,English,,dev_set/gender/English_test/voices/00785.wav,16000,1,16,4.4
dev/gender,English,,dev_set/gender/English_test/voices/00786.wav,16000,1,16,13.12
dev/gender,English,,dev_set/gender/English_test/voices/00787.wav,16000,1,16,12.12
dev/gender,English,,dev_set/gender/English_test/voices/00788.wav,16000,1,16,3.32
dev/gender,English,,dev_set/gender/English_test/voices/00789.wav,16000,1,16,4.16
dev/gender,English,,dev_set/gender/English_test/voices/00790.wav,16000,1,16,6.24
dev/gender,English,,dev_set/gender/English_test/voices/00791.wav,16000,1,16,4.88
dev/gender,English,,dev_set/gender/English_test/voices/00792.wav,16000,1,16,2.48
dev/gender,English,,dev_set/gender/English_test/voices/00793.wav,16000,1,16,6.16
dev/gender,English,,dev_set/gender/English_test/voices/00794.wav,16000,1,16,2.6
dev/gender,English,,dev_set/gender/English_test/voices/00795.wav,16000,1,16,5.52
dev/gender,English,,dev_set/gender/English_test/voices/00796.wav,16000,1,16,2.64
dev/gender,English,,dev_set/gender/English_test/voices/00797.wav,16000,1,16,17.32
dev/gender,English,,dev_set/gender/English_test/voices/00798.wav,16000,1,16,9.68
dev/gender,English,,dev_set/gender/English_test/voices/00799.wav,16000,1,16,2.12
dev/gender,English,,dev_set/gender/English_test/voices/00800.wav,16000,1,16,8.84
dev/gender,English,,dev_set/gender/English_test/voices/00801.wav,16000,1,16,13.84
dev/gender,English,,dev_set/gender/English_test/voices/00802.wav,16000,1,16,2.88
dev/gender,English,,dev_set/gender/English_test/voices/00803.wav,16000,1,16,8.0
dev/gender,English,,dev_set/gender/English_test/voices/00804.wav,16000,1,16,2.72
dev/gender,English,,dev_set/gender/English_test/voices/00805.wav,16000,1,16,11.08
dev/gender,English,,dev_set/gender/English_test/voices/00806.wav,16000,1,16,4.4
dev/gender,English,,dev_set/gender/English_test/voices/00807.wav,16000,1,16,2.16
dev/gender,English,,dev_set/gender/English_test/voices/00808.wav,16000,1,16,2.16
dev/gender,English,,dev_set/gender/English_test/voices/00809.wav,16000,1,16,3.04
dev/gender,English,,dev_set/gender/English_test/voices/00810.wav,16000,1,16,7.08
dev/gender,English,,dev_set/gender/English_test/voices/00811.wav,16000,1,16,6.4
dev/gender,English,,dev_set/gender/English_test/voices/00812.wav,16000,1,16,11.4
dev/gender,English,,dev_set/gender/English_test/voices/00813.wav,16000,1,16,7.16
dev/gender,English,,dev_set/gender/English_test/voices/00814.wav,16000,1,16,2.64
dev/gender,English,,dev_set/gender/English_test/voices/00815.wav,16000,1,16,3.16
dev/gender,English,,dev_set/gender/English_test/voices/00816.wav,16000,1,16,17.92
dev/gender,English,,dev_set/gender/English_test/voices/00817.wav,16000,1,16,4.4
dev/gender,English,,dev_set/gender/English_test/voices/00818.wav,16000,1,16,9.92
dev/gender,English,,dev_set/gender/English_test/voices/00819.wav,16000,1,16,3.24
dev/gender,English,,dev_set/gender/English_test/voices/00820.wav,16000,1,16,2.12
dev/gender,English,,dev_set/gender/English_test/voices/00821.wav,16000,1,16,11.0
dev/gender,English,,dev_set/gender/English_test/voices/00822.wav,16000,1,16,7.0
dev/gender,English,,dev_set/gender/English_test/voices/00823.wav,16000,1,16,4.6
dev/gender,English,,dev_set/gender/English_test/voices/00824.wav,16000,1,16,36.76
dev/gender,English,,dev_set/gender/English_test/voices/00825.wav,16000,1,16,18.88
dev/gender,English,,dev_set/gender/English_test/voices/00826.wav,16000,1,16,10.76
dev/gender,English,,dev_set/gender/English_test/voices/00827.wav,16000,1,16,2.12
dev/gender,English,,dev_set/gender/English_test/voices/00828.wav,16000,1,16,13.52
dev/gender,English,,dev_set/gender/English_test/voices/00829.wav,16000,1,16,4.52
dev/gender,English,,dev_set/gender/English_test/voices/00830.wav,16000,1,16,7.96
dev/gender,English,,dev_set/gender/English_test/voices/00831.wav,16000,1,16,15.0
dev/gender,English,,dev_set/gender/English_test/voices/00832.wav,16000,1,16,13.88
dev/gender,English,,dev_set/gender/English_test/voices/00833.wav,16000,1,16,5.44
dev/gender,English,,dev_set/gender/English_test/voices/00834.wav,16000,1,16,2.12
dev/gender,English,,dev_set/gender/English_test/voices/00835.wav,16000,1,16,3.72
dev/gender,English,,dev_set/gender/English_test/voices/00836.wav,16000,1,16,4.56
dev/gender,English,,dev_set/gender/English_test/voices/00837.wav,16000,1,16,3.84
dev/gender,English,,dev_set/gender/English_test/voices/00838.wav,16000,1,16,8.32
dev/gender,English,,dev_set/gender/English_test/voices/00839.wav,16000,1,16,2.44
dev/gender,English,,dev_set/gender/English_test/voices/00840.wav,16000,1,16,3.04
dev/gender,English,,dev_set/gender/English_test/voices/00841.wav,16000,1,16,5.2
dev/gender,English,,dev_set/gender/English_test/voices/00842.wav,16000,1,16,2.08
dev/gender,English,,dev_set/gender/English_test/voices/00843.wav,16000,1,16,5.52
dev/gender,English,,dev_set/gender/English_test/voices/00844.wav,16000,1,16,9.04
dev/gender,English,,dev_set/gender/English_test/voices/00845.wav,16000,1,16,2.4
dev/gender,English,,dev_set/gender/English_test/voices/00846.wav,16000,1,16,8.44
dev/gender,English,,dev_set/gender/English_test/voices/00847.wav,16000,1,16,4.92
dev/gender,English,,dev_set/gender/English_test/voices/00848.wav,16000,1,16,8.44
dev/gender,English,,dev_set/gender/English_test/voices/00849.wav,16000,1,16,4.64
dev/gender,English,,dev_set/gender/English_test/voices/00850.wav,16000,1,16,6.56
dev/gender,English,,dev_set/gender/English_test/voices/00851.wav,16000,1,16,19.08
dev/gender,English,,dev_set/gender/English_test/voices/00852.wav,16000,1,16,50.08
dev/gender,English,,dev_set/gender/English_test/voices/00853.wav,16000,1,16,2.4
dev/gender,English,,dev_set/gender/English_test/voices/00854.wav,16000,1,16,4.96
dev/gender,English,,dev_set/gender/English_test/voices/00855.wav,16000,1,16,8.28
dev/gender,English,,dev_set/gender/English_test/voices/00856.wav,16000,1,16,21.8
dev/gender,English,,dev_set/gender/English_test/voices/00857.wav,16000,1,16,15.28
dev/gender,English,,dev_set/gender/English_test/voices/00858.wav,16000,1,16,17.4
dev/gender,English,,dev_set/gender/English_test/voices/00859.wav,16000,1,16,2.52
dev/gender,English,,dev_set/gender/English_test/voices/00860.wav,16000,1,16,3.2
dev/gender,English,,dev_set/gender/English_test/voices/00861.wav,16000,1,16,9.16
dev/gender,English,,dev_set/gender/English_test/voices/00862.wav,16000,1,16,4.52
dev/gender,English,,dev_set/gender/English_test/voices/00863.wav,16000,1,16,2.32
dev/gender,English,,dev_set/gender/English_test/voices/00864.wav,16000,1,16,21.76
dev/gender,English,,dev_set/gender/English_test/voices/00865.wav,16000,1,16,5.2
dev/gender,English,,dev_set/gender/English_test/voices/00866.wav,16000,1,16,4.6
dev/gender,English,,dev_set/gender/English_test/voices/00867.wav,16000,1,16,6.64
dev/gender,English,,dev_set/gender/English_test/voices/00868.wav,16000,1,16,7.92
dev/gender,English,,dev_set/gender/English_test/voices/00869.wav,16000,1,16,8.64
dev/gender,English,,dev_set/gender/English_test/voices/00870.wav,16000,1,16,15.28
dev/gender,English,,dev_set/gender/English_test/voices/00871.wav,16000,1,16,6.56
dev/gender,English,,dev_set/gender/English_test/voices/00872.wav,16000,1,16,7.0
dev/gender,English,,dev_set/gender/English_test/voices/00873.wav,16000,1,16,2.92
dev/gender,English,,dev_set/gender/English_test/voices/00874.wav,16000,1,16,4.16
dev/gender,English,,dev_set/gender/English_test/voices/00875.wav,16000,1,16,18.0
dev/gender,English,,dev_set/gender/English_test/voices/00876.wav,16000,1,16,3.4
dev/gender,English,,dev_set/gender/English_test/voices/00877.wav,16000,1,16,11.88
dev/gender,English,,dev_set/gender/English_test/voices/00878.wav,16000,1,16,9.4
dev/gender,English,,dev_set/gender/English_test/voices/00879.wav,16000,1,16,28.28
dev/gender,English,,dev_set/gender/English_test/voices/00880.wav,16000,1,16,5.16
dev/gender,English,,dev_set/gender/English_test/voices/00881.wav,16000,1,16,8.44
dev/gender,English,,dev_set/gender/English_test/voices/00882.wav,16000,1,16,4.4
dev/gender,English,,dev_set/gender/English_test/voices/00883.wav,16000,1,16,26.08
dev/gender,English,,dev_set/gender/English_test/voices/00884.wav,16000,1,16,5.2
dev/gender,English,,dev_set/gender/English_test/voices/00885.wav,16000,1,16,2.12
dev/gender,English,,dev_set/gender/English_test/voices/00886.wav,16000,1,16,5.32
dev/gender,English,,dev_set/gender/English_test/voices/00887.wav,16000,1,16,9.32
dev/gender,English,,dev_set/gender/English_test/voices/00888.wav,16000,1,16,4.72
dev/gender,English,,dev_set/gender/English_test/voices/00889.wav,16000,1,16,4.08
dev/gender,English,,dev_set/gender/English_test/voices/00890.wav,16000,1,16,2.28
dev/gender,English,,dev_set/gender/English_test/voices/00891.wav,16000,1,16,7.0
dev/gender,English,,dev_set/gender/English_test/voices/00892.wav,16000,1,16,2.48
dev/gender,English,,dev_set/gender/English_test/voices/00893.wav,16000,1,16,9.04
dev/gender,English,,dev_set/gender/English_test/voices/00894.wav,16000,1,16,2.6
dev/gender,English,,dev_set/gender/English_test/voices/00895.wav,16000,1,16,65.32
dev/gender,English,,dev_set/gender/English_test/voices/00896.wav,16000,1,16,4.72
dev/gender,English,,dev_set/gender/English_test/voices/00897.wav,16000,1,16,10.56
dev/gender,English,,dev_set/gender/English_test/voices/00898.wav,16000,1,16,4.56
dev/gender,English,,dev_set/gender/English_test/voices/00899.wav,16000,1,16,4.84
dev/gender,English,,dev_set/gender/English_test/voices/00900.wav,16000,1,16,3.32
dev/gender,English,,dev_set/gender/English_test/voices/00901.wav,16000,1,16,6.84
dev/gender,English,,dev_set/gender/English_test/voices/00902.wav,16000,1,16,13.8
dev/gender,English,,dev_set/gender/English_test/voices/00903.wav,16000,1,16,3.08
dev/gender,English,,dev_set/gender/English_test/voices/00904.wav,16000,1,16,5.28
dev/gender,English,,dev_set/gender/English_test/voices/00905.wav,16000,1,16,7.6
dev/gender,English,,dev_set/gender/English_test/voices/00906.wav,16000,1,16,12.0
dev/gender,English,,dev_set/gender/English_test/voices/00907.wav,16000,1,16,4.0
dev/gender,English,,dev_set/gender/English_test/voices/00908.wav,16000,1,16,6.08
dev/gender,English,,dev_set/gender/English_test/voices/00909.wav,16000,1,16,7.0
dev/gender,English,,dev_set/gender/English_test/voices/00910.wav,16000,1,16,4.6
dev/gender,English,,dev_set/gender/English_test/voices/00911.wav,16000,1,16,2.36
dev/gender,English,,dev_set/gender/English_test/voices/00912.wav,16000,1,16,4.6
dev/gender,English,,dev_set/gender/English_test/voices/00913.wav,16000,1,16,3.76
dev/gender,English,,dev_set/gender/English_test/voices/00914.wav,16000,1,16,6.84
dev/gender,English,,dev_set/gender/English_test/voices/00915.wav,16000,1,16,11.6
dev/gender,English,,dev_set/gender/English_test/voices/00916.wav,16000,1,16,3.4
dev/gender,English,,dev_set/gender/English_test/voices/00917.wav,16000,1,16,21.76
dev/gender,English,,dev_set/gender/English_test/voices/00918.wav,16000,1,16,4.8
dev/gender,English,,dev_set/gender/English_test/voices/00919.wav,16000,1,16,6.32
dev/gender,English,,dev_set/gender/English_test/voices/00920.wav,16000,1,16,7.0
dev/gender,English,,dev_set/gender/English_test/voices/00921.wav,16000,1,16,2.28
dev/gender,English,,dev_set/gender/English_test/voices/00922.wav,16000,1,16,19.12
dev/gender,English,,dev_set/gender/English_test/voices/00923.wav,16000,1,16,4.96
dev/gender,English,,dev_set/gender/English_test/voices/00924.wav,16000,1,16,8.4
dev/gender,English,,dev_set/gender/English_test/voices/00925.wav,16000,1,16,12.48
dev/gender,English,,dev_set/gender/English_test/voices/00926.wav,16000,1,16,4.52
dev/gender,English,,dev_set/gender/English_test/voices/00927.wav,16000,1,16,30.44
dev/gender,English,,dev_set/gender/English_test/voices/00928.wav,16000,1,16,2.52
dev/gender,English,,dev_set/gender/English_test/voices/00929.wav,16000,1,16,7.88
dev/gender,English,,dev_set/gender/English_test/voices/00930.wav,16000,1,16,10.76
dev/gender,English,,dev_set/gender/English_test/voices/00931.wav,16000,1,16,4.48
dev/gender,English,,dev_set/gender/English_test/voices/00932.wav,16000,1,16,4.52
dev/gender,English,,dev_set/gender/English_test/voices/00933.wav,16000,1,16,9.56
dev/gender,English,,dev_set/gender/English_test/voices/00934.wav,16000,1,16,3.32
dev/gender,English,,dev_set/gender/English_test/voices/00935.wav,16000,1,16,15.28
dev/gender,English,,dev_set/gender/English_test/voices/00936.wav,16000,1,16,6.56
dev/gender,English,,dev_set/gender/English_test/voices/00937.wav,16000,1,16,3.32
dev/gender,English,,dev_set/gender/English_test/voices/00938.wav,16000,1,16,5.04
dev/gender,English,,dev_set/gender/English_test/voices/00939.wav,16000,1,16,12.56
dev/gender,English,,dev_set/gender/English_test/voices/00940.wav,16000,1,16,10.28
dev/gender,English,,dev_set/gender/English_test/voices/00941.wav,16000,1,16,4.52
dev/gender,English,,dev_set/gender/English_test/voices/00942.wav,16000,1,16,4.92
dev/gender,English,,dev_set/gender/English_test/voices/00943.wav,16000,1,16,15.0
dev/gender,English,,dev_set/gender/English_test/voices/00944.wav,16000,1,16,4.36
dev/gender,English,,dev_set/gender/English_test/voices/00945.wav,16000,1,16,8.12
dev/gender,English,,dev_set/gender/English_test/voices/00946.wav,16000,1,16,4.36
dev/gender,English,,dev_set/gender/English_test/voices/00947.wav,16000,1,16,8.44
dev/gender,English,,dev_set/gender/English_test/voices/00948.wav,16000,1,16,10.84
dev/gender,English,,dev_set/gender/English_test/voices/00949.wav,16000,1,16,8.4
dev/gender,English,,dev_set/gender/English_test/voices/00950.wav,16000,1,16,15.0
dev/gender,English,,dev_set/gender/English_test/voices/00951.wav,16000,1,16,3.16
dev/gender,English,,dev_set/gender/English_test/voices/00952.wav,16000,1,16,4.08
dev/gender,English,,dev_set/gender/English_test/voices/00953.wav,16000,1,16,6.12
dev/gender,English,,dev_set/gender/English_test/voices/00954.wav,16000,1,16,6.12
dev/gender,English,,dev_set/gender/English_test/voices/00955.wav,16000,1,16,5.84
dev/gender,English,,dev_set/gender/English_test/voices/00956.wav,16000,1,16,7.28
dev/gender,English,,dev_set/gender/English_test/voices/00957.wav,16000,1,16,17.4
dev/gender,English,,dev_set/gender/English_test/voices/00958.wav,16000,1,16,3.84
dev/gender,English,,dev_set/gender/English_test/voices/00959.wav,16000,1,16,5.88
dev/gender,English,,dev_set/gender/English_test/voices/00960.wav,16000,1,16,14.2
dev/gender,English,,dev_set/gender/English_test/voices/00961.wav,16000,1,16,21.8
dev/gender,English,,dev_set/gender/English_test/voices/00962.wav,16000,1,16,4.72
dev/gender,English,,dev_set/gender/English_test/voices/00963.wav,16000,1,16,2.32
dev/gender,English,,dev_set/gender/English_test/voices/00964.wav,16000,1,16,6.24
dev/gender,English,,dev_set/gender/English_test/voices/00965.wav,16000,1,16,12.0
dev/gender,English,,dev_set/gender/English_test/voices/00966.wav,16000,1,16,6.16
dev/gender,English,,dev_set/gender/English_test/voices/00967.wav,16000,1,16,3.6
dev/gender,English,,dev_set/gender/English_test/voices/00968.wav,16000,1,16,7.24
dev/gender,English,,dev_set/gender/English_test/voices/00969.wav,16000,1,16,9.24
dev/gender,English,,dev_set/gender/English_test/voices/00970.wav,16000,1,16,3.96
dev/gender,English,,dev_set/gender/English_test/voices/00971.wav,16000,1,16,7.56
dev/gender,English,,dev_set/gender/English_test/voices/00972.wav,16000,1,16,7.28
dev/gender,English,,dev_set/gender/English_test/voices/00973.wav,16000,1,16,20.04
dev/gender,English,,dev_set/gender/English_test/voices/00974.wav,16000,1,16,6.76
dev/gender,English,,dev_set/gender/English_test/voices/00975.wav,16000,1,16,10.08
dev/gender,English,,dev_set/gender/English_test/voices/00976.wav,16000,1,16,3.0
dev/gender,English,,dev_set/gender/English_test/voices/00977.wav,16000,1,16,11.04
dev/gender,English,,dev_set/gender/English_test/voices/00978.wav,16000,1,16,3.04
dev/gender,English,,dev_set/gender/English_test/voices/00979.wav,16000,1,16,3.64
dev/gender,English,,dev_set/gender/English_test/voices/00980.wav,16000,1,16,7.68
dev/gender,English,,dev_set/gender/English_test/voices/00981.wav,16000,1,16,7.6
dev/no_gender,English,,dev_set/no_gender/English_test/voices/00000.wav,16000,1,16,9.84
dev/no_gender,English,,dev_set/no_gender/English_test/voices/00001.wav,16000,1,16,10.0
dev/no_gender,English,,dev_set/no_gender/English_test/voices/00002.wav,16000,1,16,9.76
dev/no_gender,English,,dev_set/no_gender/English_test/voices/00003.wav,16000,1,16,7.0
dev/no_gender,English,,dev_set/no_gender/English_test/voices/00004.wav,16000,1,16,5.96
dev/no_gender,English,,dev_set/no_gender/English_test/voices/00005.wav,16000,1,16,2.92
dev/no_gender,English,,dev_set/no_gender/English_test/voices/00006.wav,16000,1,16,5.8
dev/no_gender,English,,dev_set/no_gender/English_test/voices/00007.wav,16000,1,16,14.56
dev/no_gender,English,,dev_set/no_gender/English_test/voices/00008.wav,16000,1,16,11.04
dev/no_gender,English,,dev_set/no_gender/English_test/voices/00009.wav,16000,1,16,4.6
dev/no_gender,English,,dev_set/no_gender/English_test/voices/00010.wav,16000,1,16,11.64
dev/no_gender,English,,dev_set/no_gender/English_test/voices/00011.wav,16000,1,16,5.24
dev/no_gender,English,,dev_set/no_gender/English_test/voices/00012.wav,16000,1,16,5.04
dev/no_gender,English,,dev_set/no_gender/English_test/voices/00013.wav,16000,1,16,4.04
dev/no_gender,English,,dev_set/no_gender/English_test/voices/00014.wav,16000,1,16,12.84
dev/no_gender,English,,dev_set/no_gender/English_test/voices/00015.wav,16000,1,16,19.64
dev/no_gender,English,,dev_set/no_gender/English_test/voices/00016.wav,16000,1,16,4.52
dev/no_gender,English,,dev_set/no_gender/English_test/voices/00017.wav,16000,1,16,4.2
dev/no_gender,English,,dev_set/no_gender/English_test/voices/00018.wav,16000,1,16,2.64
dev/no_gender,English,,dev_set/no_gender/English_test/voices/00019.wav,16000,1,16,12.6
dev/no_gender,English,,dev_set/no_gender/English_test/voices/00020.wav,16000,1,16,6.36
dev/no_gender,English,,dev_set/no_gender/English_test/voices/00021.wav,16000,1,16,7.6
dev/no_gender,English,,dev_set/no_gender/English_test/voices/00022.wav,16000,1,16,4.48
dev/no_gender,English,,dev_set/no_gender/English_test/voices/00023.wav,16000,1,16,2.76
dev/no_gender,English,,dev_set/no_gender/English_test/voices/00024.wav,16000,1,16,6.56
dev/no_gender,English,,dev_set/no_gender/English_test/voices/00025.wav,16000,1,16,9.48
dev/no_gender,English,,dev_set/no_gender/English_test/voices/00026.wav,16000,1,16,2.8
dev/no_gender,English,,dev_set/no_gender/English_test/voices/00027.wav,16000,1,16,7.0
dev/no_gender,English,,dev_set/no_gender/English_test/voices/00028.wav,16000,1,16,15.8
dev/no_gender,English,,dev_set/no_gender/English_test/voices/00029.wav,16000,1,16,9.08
dev/no_gender,English,,dev_set/no_gender/English_test/voices/00030.wav,16000,1,16,5.72
dev/no_gender,English,,dev_set/no_gender/English_test/voices/00031.wav,16000,1,16,2.6
dev/no_gender,English,,dev_set/no_gender/English_test/voices/00032.wav,16000,1,16,4.56
dev/no_gender,English,,dev_set/no_gender/English_test/voices/00033.wav,16000,1,16,4.2
dev/no_gender,English,,dev_set/no_gender/English_test/voices/00034.wav,16000,1,16,6.12
dev/no_gender,English,,dev_set/no_gender/English_test/voices/00035.wav,16000,1,16,9.0
dev/no_gender,English,,dev_set/no_gender/English_test/voices/00036.wav,16000,1,16,16.84
dev/no_gender,English,,dev_set/no_gender/English_test/voices/00037.wav,16000,1,16,3.92
dev/no_gender,English,,dev_set/no_gender/English_test/voices/00038.wav,16000,1,16,9.84
dev/no_gender,English,,dev_set/no_gender/English_test/voices/00039.wav,16000,1,16,7.4
dev/no_gender,English,,dev_set/no_gender/English_test/voices/00040.wav,16000,1,16,3.36
dev/no_gender,English,,dev_set/no_gender/English_test/voices/00041.wav,16000,1,16,4.0
dev/no_gender,English,,dev_set/no_gender/English_test/voices/00042.wav,16000,1,16,3.8
dev/no_gender,English,,dev_set/no_gender/English_test/voices/00043.wav,16000,1,16,9.92
dev/no_gender,English,,dev_set/no_gender/English_test/voices/00044.wav,16000,1,16,10.6
dev/no_gender,English,,dev_set/no_gender/English_test/voices/00045.wav,16000,1,16,31.84
dev/no_gender,English,,dev_set/no_gender/English_test/voices/00046.wav,16000,1,16,10.92
dev/no_gender,English,,dev_set/no_gender/English_test/voices/00047.wav,16000,1,16,81.56
dev/no_gender,English,,dev_set/no_gender/English_test/voices/00048.wav,16000,1,16,4.48
dev/no_gender,English,,dev_set/no_gender/English_test/voices/00049.wav,16000,1,16,8.76
dev/no_gender,English,,dev_set/no_gender/English_test/voices/00050.wav,16000,1,16,3.28
dev/no_gender,English,,dev_set/no_gender/English_test/voices/00051.wav,16000,1,16,6.8
dev/no_gender,English,,dev_set/no_gender/English_test/voices/00052.wav,16000,1,16,5.24
dev/no_gender,English,,dev_set/no_gender/English_test/voices/00053.wav,16000,1,16,9.4
dev/no_gender,English,,dev_set/no_gender/English_test/voices/00054.wav,16000,1,16,7.0
dev/no_gender,English,,dev_set/no_gender/English_test/voices/00055.wav,16000,1,16,3.16
dev/no_gender,English,,dev_set/no_gender/English_test/voices/00056.wav,16000,1,16,15.2
dev/no_gender,English,,dev_set/no_gender/English_test/voices/00057.wav,16000,1,16,6.2
dev/no_gender,English,,dev_set/no_gender/English_test/voices/00058.wav,16000,1,16,18.0
dev/no_gender,English,,dev_set/no_gender/English_test/voices/00059.wav,16000,1,16,6.68
dev/no_gender,English,,dev_set/no_gender/English_test/voices/00060.wav,16000,1,16,18.0
dev/no_gender,English,,dev_set/no_gender/English_test/voices/00061.wav,16000,1,16,5.6
dev/no_gender,English,,dev_set/no_gender/English_test/voices/00062.wav,16000,1,16,4.8
dev/no_gender,English,,dev_set/no_gender/English_test/voices/00063.wav,16000,1,16,2.04
dev/no_gender,English,,dev_set/no_gender/English_test/voices/00064.wav,16000,1,16,3.08
dev/no_gender,English,,dev_set/no_gender/English_test/voices/00065.wav,16000,1,16,4.2
dev/no_gender,English,,dev_set/no_gender/English_test/voices/00066.wav,16000,1,16,26.24
dev/no_gender,English,,dev_set/no_gender/English_test/voices/00067.wav,16000,1,16,10.12
dev/no_gender,English,,dev_set/no_gender/English_test/voices/00068.wav,16000,1,16,3.64
dev/no_gender,English,,dev_set/no_gender/English_test/voices/00070.wav,16000,1,16,5.56
dev/no_gender,English,,dev_set/no_gender/English_test/voices/00071.wav,16000,1,16,10.0
dev/no_gender,English,,dev_set/no_gender/English_test/voices/00072.wav,16000,1,16,3.6
dev/no_gender,English,,dev_set/no_gender/English_test/voices/00073.wav,16000,1,16,5.72
dev/no_gender,English,,dev_set/no_gender/English_test/voices/00074.wav,16000,1,16,10.68
dev/no_gender,English,,dev_set/no_gender/English_test/voices/00075.wav,16000,1,16,5.92
dev/no_gender,English,,dev_set/no_gender/English_test/voices/00076.wav,16000,1,16,4.04
dev/no_gender,English,,dev_set/no_gender/English_test/voices/00077.wav,16000,1,16,8.92
dev/no_gender,English,,dev_set/no_gender/English_test/voices/00078.wav,16000,1,16,6.16
dev/no_gender,English,,dev_set/no_gender/English_test/voices/00079.wav,16000,1,16,4.88
dev/no_gender,English,,dev_set/no_gender/English_test/voices/00080.wav,16000,1,16,5.2
dev/no_gender,English,,dev_set/no_gender/English_test/voices/00081.wav,16000,1,16,2.6
dev/no_gender,English,,dev_set/no_gender/English_test/voices/00082.wav,16000,1,16,7.96
dev/no_gender,English,,dev_set/no_gender/English_test/voices/00083.wav,16000,1,16,4.0
dev/no_gender,English,,dev_set/no_gender/English_test/voices/00084.wav,16000,1,16,6.72
dev/no_gender,English,,dev_set/no_gender/English_test/voices/00085.wav,16000,1,16,5.44
dev/no_gender,English,,dev_set/no_gender/English_test/voices/00086.wav,16000,1,16,5.56
dev/no_gender,English,,dev_set/no_gender/English_test/voices/00087.wav,16000,1,16,4.84
dev/no_gender,English,,dev_set/no_gender/English_test/voices/00088.wav,16000,1,16,7.68
dev/no_gender,English,,dev_set/no_gender/English_test/voices/00089.wav,16000,1,16,21.76
dev/no_gender,English,,dev_set/no_gender/English_test/voices/00090.wav,16000,1,16,6.72
dev/no_gender,English,,dev_set/no_gender/English_test/voices/00091.wav,16000,1,16,2.2
dev/no_gender,English,,dev_set/no_gender/English_test/voices/00092.wav,16000,1,16,10.0
dev/no_gender,English,,dev_set/no_gender/English_test/voices/00093.wav,16000,1,16,3.04
dev/no_gender,English,,dev_set/no_gender/English_test/voices/00094.wav,16000,1,16,5.0
dev/no_gender,English,,dev_set/no_gender/English_test/voices/00095.wav,16000,1,16,2.12
dev/no_gender,English,,dev_set/no_gender/English_test/voices/00096.wav,16000,1,16,3.52
dev/no_gender,English,,dev_set/no_gender/English_test/voices/00097.wav,16000,1,16,4.08
dev/no_gender,English,,dev_set/no_gender/English_test/voices/00098.wav,16000,1,16,2.2
dev/no_gender,English,,dev_set/no_gender/English_test/voices/00099.wav,16000,1,16,5.6
dev/no_gender,English,,dev_set/no_gender/English_test/voices/00100.wav,16000,1,16,3.96
dev/no_gender,English,,dev_set/no_gender/English_test/voices/00101.wav,16000,1,16,5.04
dev/no_gender,English,,dev_set/no_gender/English_test/voices/00103.wav,16000,1,16,4.08
dev/no_gender,English,,dev_set/no_gender/English_test/voices/00104.wav,16000,1,16,7.0
dev/no_gender,English,,dev_set/no_gender/English_test/voices/00105.wav,16000,1,16,4.88
dev/no_gender,English,,dev_set/no_gender/English_test/voices/00106.wav,16000,1,16,4.8
dev/no_gender,English,,dev_set/no_gender/English_test/voices/00107.wav,16000,1,16,4.92
dev/no_gender,English,,dev_set/no_gender/English_test/voices/00108.wav,16000,1,16,5.44
dev/no_gender,English,,dev_set/no_gender/English_test/voices/00109.wav,16000,1,16,4.0
dev/no_gender,English,,dev_set/no_gender/English_test/voices/00110.wav,16000,1,16,3.44
dev/no_gender,English,,dev_set/no_gender/English_test/voices/00111.wav,16000,1,16,8.04
dev/no_gender,English,,dev_set/no_gender/English_test/voices/00112.wav,16000,1,16,6.44
dev/no_gender,English,,dev_set/no_gender/English_test/voices/00113.wav,16000,1,16,8.0
dev/no_gender,English,,dev_set/no_gender/English_test/voices/00114.wav,16000,1,16,2.68
dev/no_gender,English,,dev_set/no_gender/English_test/voices/00115.wav,16000,1,16,2.48
dev/no_gender,English,,dev_set/no_gender/English_test/voices/00116.wav,16000,1,16,7.04
dev/no_gender,English,,dev_set/no_gender/English_test/voices/00117.wav,16000,1,16,3.08
dev/no_gender,English,,dev_set/no_gender/English_test/voices/00118.wav,16000,1,16,2.64
dev/no_gender,English,,dev_set/no_gender/English_test/voices/00119.wav,16000,1,16,6.28
dev/no_gender,English,,dev_set/no_gender/English_test/voices/00120.wav,16000,1,16,7.08
dev/no_gender,English,,dev_set/no_gender/English_test/voices/00121.wav,16000,1,16,26.24
dev/no_gender,English,,dev_set/no_gender/English_test/voices/00122.wav,16000,1,16,2.76
dev/no_gender,English,,dev_set/no_gender/English_test/voices/00123.wav,16000,1,16,7.32
dev/no_gender,English,,dev_set/no_gender/English_test/voices/00124.wav,16000,1,16,3.6
dev/no_gender,English,,dev_set/no_gender/English_test/voices/00125.wav,16000,1,16,3.96
dev/no_gender,English,,dev_set/no_gender/English_test/voices/00126.wav,16000,1,16,10.0
dev/no_gender,English,,dev_set/no_gender/English_test/voices/00127.wav,16000,1,16,13.52
dev/no_gender,English,,dev_set/no_gender/English_test/voices/00128.wav,16000,1,16,5.16
dev/no_gender,English,,dev_set/no_gender/English_test/voices/00129.wav,16000,1,16,5.56
dev/no_gender,English,,dev_set/no_gender/English_test/voices/00130.wav,16000,1,16,10.52
dev/no_gender,English,,dev_set/no_gender/English_test/voices/00131.wav,16000,1,16,6.52
dev/no_gender,English,,dev_set/no_gender/English_test/voices/00132.wav,16000,1,16,10.0
dev/no_gender,English,,dev_set/no_gender/English_test/voices/00133.wav,16000,1,16,9.92
dev/no_gender,English,,dev_set/no_gender/English_test/voices/00134.wav,16000,1,16,11.84
dev/no_gender,English,,dev_set/no_gender/English_test/voices/00135.wav,16000,1,16,5.96
dev/no_gender,English,,dev_set/no_gender/English_test/voices/00136.wav,16000,1,16,9.6
dev/no_gender,English,,dev_set/no_gender/English_test/voices/00137.wav,16000,1,16,5.08
dev/no_gender,English,,dev_set/no_gender/English_test/voices/00138.wav,16000,1,16,8.64
dev/no_gender,English,,dev_set/no_gender/English_test/voices/00139.wav,16000,1,16,5.48
dev/no_gender,English,,dev_set/no_gender/English_test/voices/00140.wav,16000,1,16,7.0
dev/no_gender,English,,dev_set/no_gender/English_test/voices/00141.wav,16000,1,16,33.8
dev/no_gender,English,,dev_set/no_gender/English_test/voices/00142.wav,16000,1,16,8.28
dev/no_gender,English,,dev_set/no_gender/English_test/voices/00143.wav,16000,1,16,15.28
dev/no_gender,English,,dev_set/no_gender/English_test/voices/00144.wav,16000,1,16,2.0
dev/no_gender,English,,dev_set/no_gender/English_test/voices/00145.wav,16000,1,16,3.2
dev/no_gender,English,,dev_set/no_gender/English_test/voices/00146.wav,16000,1,16,3.28
dev/no_gender,English,,dev_set/no_gender/English_test/voices/00147.wav,16000,1,16,7.08
dev/no_gender,English,,dev_set/no_gender/English_test/voices/00148.wav,16000,1,16,2.28
dev/no_gender,English,,dev_set/no_gender/English_test/voices/00149.wav,16000,1,16,9.52
dev/no_gender,English,,dev_set/no_gender/English_test/voices/00150.wav,16000,1,16,10.76
dev/no_gender,English,,dev_set/no_gender/English_test/voices/00151.wav,16000,1,16,16.84
dev/no_gender,English,,dev_set/no_gender/English_test/voices/00152.wav,16000,1,16,6.68
dev/no_gender,English,,dev_set/no_gender/English_test/voices/00153.wav,16000,1,16,3.0
dev/no_gender,English,,dev_set/no_gender/English_test/voices/00154.wav,16000,1,16,2.88
dev/no_gender,English,,dev_set/no_gender/English_test/voices/00155.wav,16000,1,16,2.4
dev/no_gender,English,,dev_set/no_gender/English_test/voices/00156.wav,16000,1,16,4.28
dev/no_gender,English,,dev_set/no_gender/English_test/voices/00157.wav,16000,1,16,4.72
dev/no_gender,English,,dev_set/no_gender/English_test/voices/00158.wav,16000,1,16,10.16
dev/no_gender,English,,dev_set/no_gender/English_test/voices/00159.wav,16000,1,16,7.12
dev/no_gender,English,,dev_set/no_gender/English_test/voices/00160.wav,16000,1,16,10.0
dev/no_gender,English,,dev_set/no_gender/English_test/voices/00161.wav,16000,1,16,3.88
dev/no_gender,English,,dev_set/no_gender/English_test/voices/00162.wav,16000,1,16,8.16
dev/no_gender,English,,dev_set/no_gender/English_test/voices/00163.wav,16000,1,16,13.2
dev/no_gender,English,,dev_set/no_gender/English_test/voices/00164.wav,16000,1,16,5.84
dev/no_gender,English,,dev_set/no_gender/English_test/voices/00165.wav,16000,1,16,3.4
dev/no_gender,English,,dev_set/no_gender/English_test/voices/00166.wav,16000,1,16,4.12
dev/no_gender,English,,dev_set/no_gender/English_test/voices/00167.wav,16000,1,16,2.56
dev/no_gender,English,,dev_set/no_gender/English_test/voices/00168.wav,16000,1,16,4.08
dev/no_gender,English,,dev_set/no_gender/English_test/voices/00169.wav,16000,1,16,19.12
dev/no_gender,English,,dev_set/no_gender/English_test/voices/00170.wav,16000,1,16,40.32
dev/no_gender,English,,dev_set/no_gender/English_test/voices/00171.wav,16000,1,16,5.28
dev/no_gender,English,,dev_set/no_gender/English_test/voices/00172.wav,16000,1,16,10.12
dev/no_gender,English,,dev_set/no_gender/English_test/voices/00173.wav,16000,1,16,26.08
dev/no_gender,English,,dev_set/no_gender/English_test/voices/00174.wav,16000,1,16,2.28
dev/no_gender,English,,dev_set/no_gender/English_test/voices/00175.wav,16000,1,16,8.84
dev/no_gender,English,,dev_set/no_gender/English_test/voices/00176.wav,16000,1,16,17.4
dev/no_gender,English,,dev_set/no_gender/English_test/voices/00177.wav,16000,1,16,2.76
dev/no_gender,English,,dev_set/no_gender/English_test/voices/00178.wav,16000,1,16,6.08
dev/no_gender,English,,dev_set/no_gender/English_test/voices/00179.wav,16000,1,16,14.16
dev/no_gender,English,,dev_set/no_gender/English_test/voices/00180.wav,16000,1,16,13.88
dev/no_gender,English,,dev_set/no_gender/English_test/voices/00181.wav,16000,1,16,2.16
dev/no_gender,English,,dev_set/no_gender/English_test/voices/00182.wav,16000,1,16,5.32
dev/no_gender,English,,dev_set/no_gender/English_test/voices/00183.wav,16000,1,16,4.72
dev/no_gender,English,,dev_set/no_gender/English_test/voices/00184.wav,16000,1,16,2.44
dev/no_gender,English,,dev_set/no_gender/English_test/voices/00185.wav,16000,1,16,36.76
dev/no_gender,English,,dev_set/no_gender/English_test/voices/00186.wav,16000,1,16,2.56
dev/no_gender,English,,dev_set/no_gender/English_test/voices/00187.wav,16000,1,16,5.76
dev/no_gender,English,,dev_set/no_gender/English_test/voices/00188.wav,16000,1,16,3.4
dev/no_gender,English,,dev_set/no_gender/English_test/voices/00189.wav,16000,1,16,25.32
dev/no_gender,English,,dev_set/no_gender/English_test/voices/00190.wav,16000,1,16,7.88
dev/no_gender,English,,dev_set/no_gender/English_test/voices/00191.wav,16000,1,16,4.52
dev/no_gender,English,,dev_set/no_gender/English_test/voices/00192.wav,16000,1,16,8.48
dev/no_gender,English,,dev_set/no_gender/English_test/voices/00193.wav,16000,1,16,7.8
dev/no_gender,English,,dev_set/no_gender/English_test/voices/00194.wav,16000,1,16,9.24
dev/no_gender,English,,dev_set/no_gender/English_test/voices/00195.wav,16000,1,16,36.76
dev/no_gender,English,,dev_set/no_gender/English_test/voices/00196.wav,16000,1,16,5.24
dev/no_gender,English,,dev_set/no_gender/English_test/voices/00197.wav,16000,1,16,5.44
dev/no_gender,English,,dev_set/no_gender/English_test/voices/00198.wav,16000,1,16,2.24
dev/no_gender,English,,dev_set/no_gender/English_test/voices/00199.wav,16000,1,16,12.44
dev/no_gender,English,,dev_set/no_gender/English_test/voices/00200.wav,16000,1,16,19.08
dev/no_gender,English,,dev_set/no_gender/English_test/voices/00201.wav,16000,1,16,7.04
dev/no_gender,English,,dev_set/no_gender/English_test/voices/00202.wav,16000,1,16,4.16
dev/no_gender,English,,dev_set/no_gender/English_test/voices/00203.wav,16000,1,16,6.24
dev/no_gender,English,,dev_set/no_gender/English_test/voices/00204.wav,16000,1,16,3.48
dev/no_gender,English,,dev_set/no_gender/English_test/voices/00205.wav,16000,1,16,4.6
dev/no_gender,English,,dev_set/no_gender/English_test/voices/00206.wav,16000,1,16,9.24
dev/no_gender,English,,dev_set/no_gender/English_test/voices/00207.wav,16000,1,16,5.04
dev/no_gender,English,,dev_set/no_gender/English_test/voices/00208.wav,16000,1,16,15.28
dev/no_gender,English,,dev_set/no_gender/English_test/voices/00209.wav,16000,1,16,3.36
dev/no_gender,English,,dev_set/no_gender/English_test/voices/00210.wav,16000,1,16,2.12
dev/no_gender,English,,dev_set/no_gender/English_test/voices/00211.wav,16000,1,16,3.76
dev/no_gender,English,,dev_set/no_gender/English_test/voices/00212.wav,16000,1,16,9.6
dev/no_gender,English,,dev_set/no_gender/English_test/voices/00213.wav,16000,1,16,9.24
dev/no_gender,English,,dev_set/no_gender/English_test/voices/00214.wav,16000,1,16,6.56
dev/no_gender,English,,dev_set/no_gender/English_test/voices/00215.wav,16000,1,16,3.84
dev/no_gender,English,,dev_set/no_gender/English_test/voices/00216.wav,16000,1,16,6.72
dev/no_gender,English,,dev_set/no_gender/English_test/voices/00217.wav,16000,1,16,19.08
dev/no_gender,English,,dev_set/no_gender/English_test/voices/00218.wav,16000,1,16,4.6
dev/no_gender,English,,dev_set/no_gender/English_test/voices/00219.wav,16000,1,16,12.12
dev/no_gender,English,,dev_set/no_gender/English_test/voices/00220.wav,16000,1,16,6.32
dev/no_gender,English,,dev_set/no_gender/English_test/voices/00221.wav,16000,1,16,8.48
dev/no_gender,English,,dev_set/no_gender/English_test/voices/00222.wav,16000,1,16,5.44
dev/no_gender,English,,dev_set/no_gender/English_test/voices/00223.wav,16000,1,16,3.32
dev/no_gender,English,,dev_set/no_gender/English_test/voices/00224.wav,16000,1,16,7.84
dev/no_gender,English,,dev_set/no_gender/English_test/voices/00225.wav,16000,1,16,3.32
dev/no_gender,English,,dev_set/no_gender/English_test/voices/00226.wav,16000,1,16,3.52
dev/no_gender,English,,dev_set/no_gender/English_test/voices/00227.wav,16000,1,16,29.24
dev/no_gender,English,,dev_set/no_gender/English_test/voices/00228.wav,16000,1,16,3.16
dev/no_gender,English,,dev_set/no_gender/English_test/voices/00229.wav,16000,1,16,2.52
dev/no_gender,English,,dev_set/no_gender/English_test/voices/00230.wav,16000,1,16,5.04
dev/no_gender,English,,dev_set/no_gender/English_test/voices/00231.wav,16000,1,16,4.4
dev/no_gender,English,,dev_set/no_gender/English_test/voices/00232.wav,16000,1,16,6.12
dev/no_gender,English,,dev_set/no_gender/English_test/voices/00233.wav,16000,1,16,3.04
dev/no_gender,English,,dev_set/no_gender/English_test/voices/00234.wav,16000,1,16,4.96
dev/no_gender,English,,dev_set/no_gender/English_test/voices/00235.wav,16000,1,16,4.08
dev/no_gender,English,,dev_set/no_gender/English_test/voices/00236.wav,16000,1,16,3.0
dev/no_gender,English,,dev_set/no_gender/English_test/voices/00237.wav,16000,1,16,2.72
dev/no_gender,English,,dev_set/no_gender/English_test/voices/00238.wav,16000,1,16,3.72
dev/no_gender,English,,dev_set/no_gender/English_test/voices/00239.wav,16000,1,16,3.8
dev/no_gender,English,,dev_set/no_gender/English_test/voices/00240.wav,16000,1,16,12.36
dev/no_gender,English,,dev_set/no_gender/English_test/voices/00241.wav,16000,1,16,2.68
dev/no_gender,English,,dev_set/no_gender/English_test/voices/00242.wav,16000,1,16,14.16
dev/no_gender,English,,dev_set/no_gender/English_test/voices/00243.wav,16000,1,16,10.12
dev/no_gender,English,,dev_set/no_gender/English_test/voices/00244.wav,16000,1,16,2.08
dev/no_gender,English,,dev_set/no_gender/English_test/voices/00245.wav,16000,1,16,3.84
dev/no_gender,English,,dev_set/no_gender/English_test/voices/00246.wav,16000,1,16,7.84
dev/no_gender,English,,dev_set/no_gender/English_test/voices/00247.wav,16000,1,16,7.44
dev/no_gender,English,,dev_set/no_gender/English_test/voices/00248.wav,16000,1,16,2.56
dev/no_gender,English,,dev_set/no_gender/English_test/voices/00249.wav,16000,1,16,7.76
dev/no_gender,English,,dev_set/no_gender/English_test/voices/00250.wav,16000,1,16,5.28
dev/no_gender,English,,dev_set/no_gender/English_test/voices/00251.wav,16000,1,16,2.2
dev/no_gender,English,,dev_set/no_gender/English_test/voices/00252.wav,16000,1,16,2.76
dev/no_gender,English,,dev_set/no_gender/English_test/voices/00253.wav,16000,1,16,2.44
dev/no_gender,English,,dev_set/no_gender/English_test/voices/00254.wav,16000,1,16,23.76
dev/no_gender,English,,dev_set/no_gender/English_test/voices/00255.wav,16000,1,16,5.56
dev/no_gender,English,,dev_set/no_gender/English_test/voices/00256.wav,16000,1,16,4.44
dev/no_gender,English,,dev_set/no_gender/English_test/voices/00258.wav,16000,1,16,11.08
dev/no_gender,English,,dev_set/no_gender/English_test/voices/00259.wav,16000,1,16,3.6
dev/no_gender,English,,dev_set/no_gender/English_test/voices/00260.wav,16000,1,16,2.0
dev/no_gender,English,,dev_set/no_gender/English_test/voices/00261.wav,16000,1,16,3.92
dev/no_gender,English,,dev_set/no_gender/English_test/voices/00262.wav,16000,1,16,3.28
dev/no_gender,English,,dev_set/no_gender/English_test/voices/00263.wav,16000,1,16,8.84
dev/no_gender,English,,dev_set/no_gender/English_test/voices/00264.wav,16000,1,16,4.52
dev/no_gender,English,,dev_set/no_gender/English_test/voices/00265.wav,16000,1,16,3.44
dev/no_gender,English,,dev_set/no_gender/English_test/voices/00266.wav,16000,1,16,5.44
dev/no_gender,English,,dev_set/no_gender/English_test/voices/00267.wav,16000,1,16,9.4
dev/no_gender,English,,dev_set/no_gender/English_test/voices/00268.wav,16000,1,16,9.24
dev/no_gender,English,,dev_set/no_gender/English_test/voices/00269.wav,16000,1,16,5.24
dev/no_gender,English,,dev_set/no_gender/English_test/voices/00270.wav,16000,1,16,5.6
dev/no_gender,English,,dev_set/no_gender/English_test/voices/00271.wav,16000,1,16,5.44
dev/no_gender,English,,dev_set/no_gender/English_test/voices/00272.wav,16000,1,16,6.68
dev/no_gender,English,,dev_set/no_gender/English_test/voices/00273.wav,16000,1,16,3.2
dev/no_gender,English,,dev_set/no_gender/English_test/voices/00274.wav,16000,1,16,24.24
dev/no_gender,English,,dev_set/no_gender/English_test/voices/00275.wav,16000,1,16,4.28
dev/no_gender,English,,dev_set/no_gender/English_test/voices/00277.wav,16000,1,16,5.68
dev/no_gender,English,,dev_set/no_gender/English_test/voices/00278.wav,16000,1,16,10.52
dev/no_gender,English,,dev_set/no_gender/English_test/voices/00279.wav,16000,1,16,4.08
dev/no_gender,English,,dev_set/no_gender/English_test/voices/00280.wav,16000,1,16,3.32
dev/no_gender,English,,dev_set/no_gender/English_test/voices/00281.wav,16000,1,16,7.28
dev/no_gender,English,,dev_set/no_gender/English_test/voices/00282.wav,16000,1,16,3.36
dev/no_gender,English,,dev_set/no_gender/English_test/voices/00283.wav,16000,1,16,5.44
dev/no_gender,English,,dev_set/no_gender/English_test/voices/00284.wav,16000,1,16,14.92
dev/no_gender,English,,dev_set/no_gender/English_test/voices/00285.wav,16000,1,16,4.92
dev/no_gender,English,,dev_set/no_gender/English_test/voices/00286.wav,16000,1,16,2.76
dev/no_gender,English,,dev_set/no_gender/English_test/voices/00287.wav,16000,1,16,2.88
dev/no_gender,English,,dev_set/no_gender/English_test/voices/00288.wav,16000,1,16,11.16
dev/no_gender,English,,dev_set/no_gender/English_test/voices/00289.wav,16000,1,16,6.92
dev/no_gender,English,,dev_set/no_gender/English_test/voices/00290.wav,16000,1,16,8.84
dev/no_gender,English,,dev_set/no_gender/English_test/voices/00291.wav,16000,1,16,4.88
dev/no_gender,English,,dev_set/no_gender/English_test/voices/00292.wav,16000,1,16,4.0
dev/no_gender,English,,dev_set/no_gender/English_test/voices/00293.wav,16000,1,16,81.56
dev/no_gender,English,,dev_set/no_gender/English_test/voices/00294.wav,16000,1,16,4.4
dev/no_gender,English,,dev_set/no_gender/English_test/voices/00295.wav,16000,1,16,3.44
dev/no_gender,English,,dev_set/no_gender/English_test/voices/00296.wav,16000,1,16,6.4
dev/no_gender,English,,dev_set/no_gender/English_test/voices/00297.wav,16000,1,16,15.0
dev/no_gender,English,,dev_set/no_gender/English_test/voices/00298.wav,16000,1,16,6.4
dev/no_gender,English,,dev_set/no_gender/English_test/voices/00299.wav,16000,1,16,3.04
dev/no_gender,English,,dev_set/no_gender/English_test/voices/00300.wav,16000,1,16,5.8
dev/no_gender,English,,dev_set/no_gender/English_test/voices/00301.wav,16000,1,16,5.0
dev/no_gender,English,,dev_set/no_gender/English_test/voices/00302.wav,16000,1,16,5.76
dev/no_gender,English,,dev_set/no_gender/English_test/voices/00303.wav,16000,1,16,4.68
dev/no_gender,English,,dev_set/no_gender/English_test/voices/00304.wav,16000,1,16,4.48
dev/no_gender,English,,dev_set/no_gender/English_test/voices/00305.wav,16000,1,16,8.52
dev/no_gender,English,,dev_set/no_gender/English_test/voices/00306.wav,16000,1,16,7.88
dev/no_gender,English,,dev_set/no_gender/English_test/voices/00307.wav,16000,1,16,3.48
dev/no_gender,English,,dev_set/no_gender/English_test/voices/00308.wav,16000,1,16,6.12
dev/no_gender,English,,dev_set/no_gender/English_test/voices/00309.wav,16000,1,16,3.16
dev/no_gender,English,,dev_set/no_gender/English_test/voices/00310.wav,16000,1,16,4.12
dev/no_gender,English,,dev_set/no_gender/English_test/voices/00311.wav,16000,1,16,2.48
dev/no_gender,English,,dev_set/no_gender/English_test/voices/00312.wav,16000,1,16,7.88
dev/no_gender,English,,dev_set/no_gender/English_test/voices/00313.wav,16000,1,16,7.56
dev/no_gender,English,,dev_set/no_gender/English_test/voices/00314.wav,16000,1,16,2.76
dev/no_gender,English,,dev_set/no_gender/English_test/voices/00315.wav,16000,1,16,4.08
dev/no_gender,English,,dev_set/no_gender/English_test/voices/00317.wav,16000,1,16,10.72
dev/no_gender,English,,dev_set/no_gender/English_test/voices/00318.wav,16000,1,16,5.52
dev/no_gender,English,,dev_set/no_gender/English_test/voices/00319.wav,16000,1,16,24.24
dev/no_gender,English,,dev_set/no_gender/English_test/voices/00320.wav,16000,1,16,18.72
dev/no_gender,English,,dev_set/no_gender/English_test/voices/00321.wav,16000,1,16,7.0
dev/no_gender,English,,dev_set/no_gender/English_test/voices/00322.wav,16000,1,16,2.64
dev/no_gender,English,,dev_set/no_gender/English_test/voices/00323.wav,16000,1,16,4.64
dev/no_gender,English,,dev_set/no_gender/English_test/voices/00324.wav,16000,1,16,25.32
dev/no_gender,English,,dev_set/no_gender/English_test/voices/00325.wav,16000,1,16,2.0
dev/no_gender,English,,dev_set/no_gender/English_test/voices/00326.wav,16000,1,16,9.96
dev/no_gender,English,,dev_set/no_gender/English_test/voices/00327.wav,16000,1,16,9.88
dev/no_gender,English,,dev_set/no_gender/English_test/voices/00328.wav,16000,1,16,2.96
dev/no_gender,English,,dev_set/no_gender/English_test/voices/00329.wav,16000,1,16,10.96
dev/no_gender,English,,dev_set/no_gender/English_test/voices/00330.wav,16000,1,16,6.0
dev/no_gender,English,,dev_set/no_gender/English_test/voices/00331.wav,16000,1,16,2.84
dev/no_gender,English,,dev_set/no_gender/English_test/voices/00332.wav,16000,1,16,2.48
dev/no_gender,English,,dev_set/no_gender/English_test/voices/00333.wav,16000,1,16,8.84
dev/no_gender,English,,dev_set/no_gender/English_test/voices/00334.wav,16000,1,16,9.16
dev/no_gender,English,,dev_set/no_gender/English_test/voices/00335.wav,16000,1,16,2.08
dev/no_gender,English,,dev_set/no_gender/English_test/voices/00336.wav,16000,1,16,7.88
dev/no_gender,English,,dev_set/no_gender/English_test/voices/00337.wav,16000,1,16,7.28
dev/no_gender,English,,dev_set/no_gender/English_test/voices/00338.wav,16000,1,16,5.44
dev/no_gender,English,,dev_set/no_gender/English_test/voices/00339.wav,16000,1,16,2.72
dev/no_gender,English,,dev_set/no_gender/English_test/voices/00340.wav,16000,1,16,7.4
dev/no_gender,English,,dev_set/no_gender/English_test/voices/00341.wav,16000,1,16,6.44
dev/no_gender,English,,dev_set/no_gender/English_test/voices/00342.wav,16000,1,16,3.4
dev/no_gender,English,,dev_set/no_gender/English_test/voices/00344.wav,16000,1,16,21.76
dev/no_gender,English,,dev_set/no_gender/English_test/voices/00345.wav,16000,1,16,2.36
dev/no_gender,English,,dev_set/no_gender/English_test/voices/00346.wav,16000,1,16,2.64
dev/no_gender,English,,dev_set/no_gender/English_test/voices/00347.wav,16000,1,16,3.32
dev/no_gender,English,,dev_set/no_gender/English_test/voices/00348.wav,16000,1,16,7.72
dev/no_gender,English,,dev_set/no_gender/English_test/voices/00349.wav,16000,1,16,13.84
dev/no_gender,English,,dev_set/no_gender/English_test/voices/00350.wav,16000,1,16,9.0
dev/no_gender,English,,dev_set/no_gender/English_test/voices/00351.wav,16000,1,16,5.76
dev/no_gender,English,,dev_set/no_gender/English_test/voices/00352.wav,16000,1,16,6.96
dev/no_gender,English,,dev_set/no_gender/English_test/voices/00353.wav,16000,1,16,9.96
dev/no_gender,English,,dev_set/no_gender/English_test/voices/00354.wav,16000,1,16,5.32
dev/no_gender,English,,dev_set/no_gender/English_test/voices/00355.wav,16000,1,16,2.8
dev/no_gender,English,,dev_set/no_gender/English_test/voices/00356.wav,16000,1,16,7.0
dev/no_gender,English,,dev_set/no_gender/English_test/voices/00357.wav,16000,1,16,2.12
dev/no_gender,English,,dev_set/no_gender/English_test/voices/00358.wav,16000,1,16,14.0
dev/no_gender,English,,dev_set/no_gender/English_test/voices/00359.wav,16000,1,16,9.92
dev/no_gender,English,,dev_set/no_gender/English_test/voices/00360.wav,16000,1,16,4.2
dev/no_gender,English,,dev_set/no_gender/English_test/voices/00361.wav,16000,1,16,6.92
dev/no_gender,English,,dev_set/no_gender/English_test/voices/00362.wav,16000,1,16,3.68
dev/no_gender,English,,dev_set/no_gender/English_test/voices/00363.wav,16000,1,16,12.4
dev/no_gender,English,,dev_set/no_gender/English_test/voices/00364.wav,16000,1,16,4.32
dev/no_gender,English,,dev_set/no_gender/English_test/voices/00365.wav,16000,1,16,9.96
dev/no_gender,English,,dev_set/no_gender/English_test/voices/00366.wav,16000,1,16,2.96
dev/no_gender,English,,dev_set/no_gender/English_test/voices/00367.wav,16000,1,16,4.08
dev/no_gender,English,,dev_set/no_gender/English_test/voices/00368.wav,16000,1,16,12.08
dev/no_gender,English,,dev_set/no_gender/English_test/voices/00369.wav,16000,1,16,9.08
dev/no_gender,English,,dev_set/no_gender/English_test/voices/00370.wav,16000,1,16,6.84
dev/no_gender,English,,dev_set/no_gender/English_test/voices/00371.wav,16000,1,16,4.6
dev/no_gender,English,,dev_set/no_gender/English_test/voices/00372.wav,16000,1,16,10.72
dev/no_gender,English,,dev_set/no_gender/English_test/voices/00373.wav,16000,1,16,7.04
dev/no_gender,English,,dev_set/no_gender/English_test/voices/00374.wav,16000,1,16,3.04
dev/no_gender,English,,dev_set/no_gender/English_test/voices/00375.wav,16000,1,16,3.16
dev/no_gender,English,,dev_set/no_gender/English_test/voices/00376.wav,16000,1,16,4.96
dev/no_gender,English,,dev_set/no_gender/English_test/voices/00377.wav,16000,1,16,4.0
dev/no_gender,English,,dev_set/no_gender/English_test/voices/00378.wav,16000,1,16,17.56
dev/no_gender,English,,dev_set/no_gender/English_test/voices/00379.wav,16000,1,16,3.76
dev/no_gender,English,,dev_set/no_gender/English_test/voices/00380.wav,16000,1,16,3.84
dev/no_gender,English,,dev_set/no_gender/English_test/voices/00381.wav,16000,1,16,6.16
dev/no_gender,English,,dev_set/no_gender/English_test/voices/00382.wav,16000,1,16,5.4
dev/no_gender,English,,dev_set/no_gender/English_test/voices/00383.wav,16000,1,16,3.04
dev/no_gender,English,,dev_set/no_gender/English_test/voices/00384.wav,16000,1,16,5.6
dev/no_gender,English,,dev_set/no_gender/English_test/voices/00385.wav,16000,1,16,2.2
dev/no_gender,English,,dev_set/no_gender/English_test/voices/00386.wav,16000,1,16,5.24
dev/no_gender,English,,dev_set/no_gender/English_test/voices/00387.wav,16000,1,16,19.72
dev/no_gender,English,,dev_set/no_gender/English_test/voices/00388.wav,16000,1,16,4.04
dev/no_gender,English,,dev_set/no_gender/English_test/voices/00389.wav,16000,1,16,5.04
dev/no_gender,English,,dev_set/no_gender/English_test/voices/00390.wav,16000,1,16,3.28
dev/no_gender,English,,dev_set/no_gender/English_test/voices/00391.wav,16000,1,16,15.28
dev/no_gender,English,,dev_set/no_gender/English_test/voices/00392.wav,16000,1,16,7.2
dev/no_gender,English,,dev_set/no_gender/English_test/voices/00393.wav,16000,1,16,3.32
dev/no_gender,English,,dev_set/no_gender/English_test/voices/00394.wav,16000,1,16,7.96
dev/no_gender,English,,dev_set/no_gender/English_test/voices/00395.wav,16000,1,16,5.84
dev/no_gender,English,,dev_set/no_gender/English_test/voices/00396.wav,16000,1,16,11.08
dev/no_gender,English,,dev_set/no_gender/English_test/voices/00397.wav,16000,1,16,6.16
dev/no_gender,English,,dev_set/no_gender/English_test/voices/00398.wav,16000,1,16,10.88
dev/no_gender,English,,dev_set/no_gender/English_test/voices/00399.wav,16000,1,16,6.6
dev/no_gender,English,,dev_set/no_gender/English_test/voices/00400.wav,16000,1,16,3.96
dev/no_gender,English,,dev_set/no_gender/English_test/voices/00401.wav,16000,1,16,6.12
dev/no_gender,English,,dev_set/no_gender/English_test/voices/00402.wav,16000,1,16,3.28
dev/no_gender,English,,dev_set/no_gender/English_test/voices/00403.wav,16000,1,16,9.24
dev/no_gender,English,,dev_set/no_gender/English_test/voices/00404.wav,16000,1,16,9.48
dev/no_gender,English,,dev_set/no_gender/English_test/voices/00405.wav,16000,1,16,12.88
dev/no_gender,English,,dev_set/no_gender/English_test/voices/00406.wav,16000,1,16,6.68
dev/no_gender,English,,dev_set/no_gender/English_test/voices/00407.wav,16000,1,16,8.52
dev/no_gender,English,,dev_set/no_gender/English_test/voices/00408.wav,16000,1,16,12.24
dev/no_gender,English,,dev_set/no_gender/English_test/voices/00409.wav,16000,1,16,10.84
dev/no_gender,English,,dev_set/no_gender/English_test/voices/00410.wav,16000,1,16,3.48
dev/no_gender,English,,dev_set/no_gender/English_test/voices/00411.wav,16000,1,16,2.56
dev/no_gender,English,,dev_set/no_gender/English_test/voices/00412.wav,16000,1,16,3.84
dev/no_gender,English,,dev_set/no_gender/English_test/voices/00413.wav,16000,1,16,5.68
dev/no_gender,English,,dev_set/no_gender/English_test/voices/00414.wav,16000,1,16,9.24
dev/no_gender,English,,dev_set/no_gender/English_test/voices/00415.wav,16000,1,16,3.48
dev/no_gender,English,,dev_set/no_gender/English_test/voices/00416.wav,16000,1,16,3.04
dev/no_gender,English,,dev_set/no_gender/English_test/voices/00417.wav,16000,1,16,9.04
dev/no_gender,English,,dev_set/no_gender/English_test/voices/00418.wav,16000,1,16,9.16
dev/no_gender,English,,dev_set/no_gender/English_test/voices/00419.wav,16000,1,16,12.04
dev/no_gender,English,,dev_set/no_gender/English_test/voices/00420.wav,16000,1,16,7.52
dev/no_gender,English,,dev_set/no_gender/English_test/voices/00421.wav,16000,1,16,8.6
dev/no_gender,English,,dev_set/no_gender/English_test/voices/00422.wav,16000,1,16,9.48
dev/no_gender,English,,dev_set/no_gender/English_test/voices/00423.wav,16000,1,16,7.0
dev/no_gender,English,,dev_set/no_gender/English_test/voices/00424.wav,16000,1,16,3.16
dev/no_gender,English,,dev_set/no_gender/English_test/voices/00425.wav,16000,1,16,9.24
dev/no_gender,English,,dev_set/no_gender/English_test/voices/00426.wav,16000,1,16,6.44
dev/no_gender,English,,dev_set/no_gender/English_test/voices/00427.wav,16000,1,16,5.2
dev/no_gender,English,,dev_set/no_gender/English_test/voices/00428.wav,16000,1,16,7.32
dev/no_gender,English,,dev_set/no_gender/English_test/voices/00429.wav,16000,1,16,4.48
dev/no_gender,English,,dev_set/no_gender/English_test/voices/00430.wav,16000,1,16,8.68
dev/no_gender,English,,dev_set/no_gender/English_test/voices/00431.wav,16000,1,16,2.76
dev/no_gender,English,,dev_set/no_gender/English_test/voices/00432.wav,16000,1,16,6.68
dev/no_gender,English,,dev_set/no_gender/English_test/voices/00433.wav,16000,1,16,10.92
dev/no_gender,English,,dev_set/no_gender/English_test/voices/00434.wav,16000,1,16,4.2
dev/no_gender,English,,dev_set/no_gender/English_test/voices/00435.wav,16000,1,16,8.76
dev/no_gender,English,,dev_set/no_gender/English_test/voices/00436.wav,16000,1,16,14.84
dev/no_gender,English,,dev_set/no_gender/English_test/voices/00437.wav,16000,1,16,5.52
dev/no_gender,English,,dev_set/no_gender/English_test/voices/00438.wav,16000,1,16,4.88
dev/no_gender,English,,dev_set/no_gender/English_test/voices/00439.wav,16000,1,16,2.92
dev/no_gender,English,,dev_set/no_gender/English_test/voices/00440.wav,16000,1,16,7.0
dev/no_gender,English,,dev_set/no_gender/English_test/voices/00441.wav,16000,1,16,17.36
dev/no_gender,English,,dev_set/no_gender/English_test/voices/00442.wav,16000,1,16,10.0
dev/no_gender,English,,dev_set/no_gender/English_test/voices/00443.wav,16000,1,16,8.64
dev/no_gender,English,,dev_set/no_gender/English_test/voices/00444.wav,16000,1,16,11.08
dev/no_gender,English,,dev_set/no_gender/English_test/voices/00445.wav,16000,1,16,2.88
dev/no_gender,English,,dev_set/no_gender/English_test/voices/00446.wav,16000,1,16,11.84
dev/no_gender,English,,dev_set/no_gender/English_test/voices/00447.wav,16000,1,16,10.2
dev/no_gender,English,,dev_set/no_gender/English_test/voices/00448.wav,16000,1,16,4.76
dev/no_gender,English,,dev_set/no_gender/English_test/voices/00449.wav,16000,1,16,8.44
dev/no_gender,English,,dev_set/no_gender/English_test/voices/00450.wav,16000,1,16,5.0
dev/no_gender,English,,dev_set/no_gender/English_test/voices/00451.wav,16000,1,16,7.4
dev/no_gender,English,,dev_set/no_gender/English_test/voices/00452.wav,16000,1,16,7.6
dev/no_gender,English,,dev_set/no_gender/English_test/voices/00453.wav,16000,1,16,3.08
dev/no_gender,English,,dev_set/no_gender/English_test/voices/00454.wav,16000,1,16,3.2
dev/no_gender,English,,dev_set/no_gender/English_test/voices/00455.wav,16000,1,16,5.04
dev/no_gender,English,,dev_set/no_gender/English_test/voices/00456.wav,16000,1,16,3.32
dev/no_gender,English,,dev_set/no_gender/English_test/voices/00457.wav,16000,1,16,15.96
dev/no_gender,English,,dev_set/no_gender/English_test/voices/00458.wav,16000,1,16,5.8
dev/no_gender,English,,dev_set/no_gender/English_test/voices/00459.wav,16000,1,16,10.72
dev/no_gender,English,,dev_set/no_gender/English_test/voices/00460.wav,16000,1,16,4.12
dev/no_gender,English,,dev_set/no_gender/English_test/voices/00461.wav,16000,1,16,13.56
dev/no_gender,English,,dev_set/no_gender/English_test/voices/00463.wav,16000,1,16,11.08
dev/no_gender,English,,dev_set/no_gender/English_test/voices/00464.wav,16000,1,16,11.32
dev/no_gender,English,,dev_set/no_gender/English_test/voices/00465.wav,16000,1,16,5.6
dev/no_gender,English,,dev_set/no_gender/English_test/voices/00466.wav,16000,1,16,3.48
dev/no_gender,English,,dev_set/no_gender/English_test/voices/00467.wav,16000,1,16,4.04
dev/no_gender,English,,dev_set/no_gender/English_test/voices/00468.wav,16000,1,16,4.32
dev/no_gender,English,,dev_set/no_gender/English_test/voices/00469.wav,16000,1,16,8.0
dev/no_gender,English,,dev_set/no_gender/English_test/voices/00470.wav,16000,1,16,5.24
dev/no_gender,English,,dev_set/no_gender/English_test/voices/00471.wav,16000,1,16,30.44
dev/no_gender,English,,dev_set/no_gender/English_test/voices/00472.wav,16000,1,16,20.04
dev/no_gender,English,,dev_set/no_gender/English_test/voices/00473.wav,16000,1,16,9.4
dev/no_gender,English,,dev_set/no_gender/English_test/voices/00474.wav,16000,1,16,2.72
dev/no_gender,English,,dev_set/no_gender/English_test/voices/00475.wav,16000,1,16,5.84
dev/no_gender,English,,dev_set/no_gender/English_test/voices/00476.wav,16000,1,16,12.12
dev/no_gender,English,,dev_set/no_gender/English_test/voices/00477.wav,16000,1,16,3.96
dev/no_gender,English,,dev_set/no_gender/English_test/voices/00478.wav,16000,1,16,7.44
dev/no_gender,English,,dev_set/no_gender/English_test/voices/00479.wav,16000,1,16,6.48
dev/no_gender,English,,dev_set/no_gender/English_test/voices/00480.wav,16000,1,16,2.2
dev/no_gender,English,,dev_set/no_gender/English_test/voices/00481.wav,16000,1,16,12.76
dev/no_gender,English,,dev_set/no_gender/English_test/voices/00482.wav,16000,1,16,10.2
dev/no_gender,English,,dev_set/no_gender/English_test/voices/00483.wav,16000,1,16,17.36
dev/no_gender,English,,dev_set/no_gender/English_test/voices/00484.wav,16000,1,16,6.76
dev/no_gender,English,,dev_set/no_gender/English_test/voices/00485.wav,16000,1,16,7.24
dev/no_gender,English,,dev_set/no_gender/English_test/voices/00486.wav,16000,1,16,7.36
dev/no_gender,English,,dev_set/no_gender/English_test/voices/00487.wav,16000,1,16,6.48
dev/no_gender,English,,dev_set/no_gender/English_test/voices/00488.wav,16000,1,16,12.24
dev/no_gender,English,,dev_set/no_gender/English_test/voices/00489.wav,16000,1,16,4.56
dev/no_gender,English,,dev_set/no_gender/English_test/voices/00490.wav,16000,1,16,3.68
dev/no_gender,English,,dev_set/no_gender/English_test/voices/00491.wav,16000,1,16,12.52
dev/no_gender,English,,dev_set/no_gender/English_test/voices/00492.wav,16000,1,16,3.84
dev/no_gender,English,,dev_set/no_gender/English_test/voices/00493.wav,16000,1,16,5.92
dev/no_gender,English,,dev_set/no_gender/English_test/voices/00494.wav,16000,1,16,5.48
dev/no_gender,English,,dev_set/no_gender/English_test/voices/00495.wav,16000,1,16,7.28
dev/no_gender,English,,dev_set/no_gender/English_test/voices/00496.wav,16000,1,16,4.64
dev/no_gender,English,,dev_set/no_gender/English_test/voices/00497.wav,16000,1,16,10.16
dev/no_gender,English,,dev_set/no_gender/English_test/voices/00498.wav,16000,1,16,3.28
dev/no_gender,English,,dev_set/no_gender/English_test/voices/00499.wav,16000,1,16,24.72
dev/no_gender,English,,dev_set/no_gender/English_test/voices/00500.wav,16000,1,16,11.28
dev/no_gender,English,,dev_set/no_gender/English_test/voices/00501.wav,16000,1,16,21.56
dev/no_gender,English,,dev_set/no_gender/English_test/voices/00502.wav,16000,1,16,5.92
dev/no_gender,English,,dev_set/no_gender/English_test/voices/00503.wav,16000,1,16,18.0
dev/no_gender,English,,dev_set/no_gender/English_test/voices/00504.wav,16000,1,16,4.0
dev/no_gender,English,,dev_set/no_gender/English_test/voices/00505.wav,16000,1,16,3.24
dev/no_gender,English,,dev_set/no_gender/English_test/voices/00506.wav,16000,1,16,9.08
dev/no_gender,English,,dev_set/no_gender/English_test/voices/00507.wav,16000,1,16,5.6
dev/no_gender,English,,dev_set/no_gender/English_test/voices/00508.wav,16000,1,16,5.92
dev/no_gender,English,,dev_set/no_gender/English_test/voices/00509.wav,16000,1,16,13.0
dev/no_gender,English,,dev_set/no_gender/English_test/voices/00510.wav,16000,1,16,8.44
dev/no_gender,English,,dev_set/no_gender/English_test/voices/00511.wav,16000,1,16,8.88
dev/no_gender,English,,dev_set/no_gender/English_test/voices/00512.wav,16000,1,16,12.28
dev/no_gender,English,,dev_set/no_gender/English_test/voices/00513.wav,16000,1,16,9.24
dev/no_gender,English,,dev_set/no_gender/English_test/voices/00514.wav,16000,1,16,3.08
dev/no_gender,English,,dev_set/no_gender/English_test/voices/00515.wav,16000,1,16,25.32
dev/no_gender,English,,dev_set/no_gender/English_test/voices/00516.wav,16000,1,16,5.52
dev/no_gender,English,,dev_set/no_gender/English_test/voices/00517.wav,16000,1,16,5.96
dev/no_gender,English,,dev_set/no_gender/English_test/voices/00518.wav,16000,1,16,10.84
dev/no_gender,English,,dev_set/no_gender/English_test/voices/00519.wav,16000,1,16,4.92
dev/no_gender,English,,dev_set/no_gender/English_test/voices/00520.wav,16000,1,16,10.0
dev/no_gender,English,,dev_set/no_gender/English_test/voices/00521.wav,16000,1,16,6.16
dev/no_gender,English,,dev_set/no_gender/English_test/voices/00522.wav,16000,1,16,10.44
dev/no_gender,English,,dev_set/no_gender/English_test/voices/00523.wav,16000,1,16,4.68
dev/no_gender,English,,dev_set/no_gender/English_test/voices/00524.wav,16000,1,16,7.6
dev/no_gender,English,,dev_set/no_gender/English_test/voices/00525.wav,16000,1,16,12.64
dev/no_gender,English,,dev_set/no_gender/English_test/voices/00526.wav,16000,1,16,7.0
dev/no_gender,English,,dev_set/no_gender/English_test/voices/00527.wav,16000,1,16,3.36
dev/no_gender,English,,dev_set/no_gender/English_test/voices/00528.wav,16000,1,16,15.84
dev/no_gender,English,,dev_set/no_gender/English_test/voices/00529.wav,16000,1,16,18.88
dev/no_gender,English,,dev_set/no_gender/English_test/voices/00530.wav,16000,1,16,2.16
dev/no_gender,English,,dev_set/no_gender/English_test/voices/00531.wav,16000,1,16,8.72
dev/no_gender,English,,dev_set/no_gender/English_test/voices/00532.wav,16000,1,16,4.32
dev/no_gender,English,,dev_set/no_gender/English_test/voices/00533.wav,16000,1,16,4.92
dev/no_gender,English,,dev_set/no_gender/English_test/voices/00534.wav,16000,1,16,21.32
dev/no_gender,English,,dev_set/no_gender/English_test/voices/00535.wav,16000,1,16,7.08
dev/no_gender,English,,dev_set/no_gender/English_test/voices/00536.wav,16000,1,16,8.44
dev/no_gender,English,,dev_set/no_gender/English_test/voices/00537.wav,16000,1,16,21.76
dev/no_gender,English,,dev_set/no_gender/English_test/voices/00538.wav,16000,1,16,3.72
dev/no_gender,English,,dev_set/no_gender/English_test/voices/00539.wav,16000,1,16,5.32
dev/no_gender,English,,dev_set/no_gender/English_test/voices/00540.wav,16000,1,16,13.76
dev/no_gender,English,,dev_set/no_gender/English_test/voices/00541.wav,16000,1,16,9.12
dev/no_gender,English,,dev_set/no_gender/English_test/voices/00542.wav,16000,1,16,4.44
dev/no_gender,English,,dev_set/no_gender/English_test/voices/00543.wav,16000,1,16,5.2
dev/no_gender,English,,dev_set/no_gender/English_test/voices/00544.wav,16000,1,16,5.08
dev/no_gender,English,,dev_set/no_gender/English_test/voices/00545.wav,16000,1,16,4.24
dev/no_gender,English,,dev_set/no_gender/English_test/voices/00546.wav,16000,1,16,37.68
dev/no_gender,English,,dev_set/no_gender/English_test/voices/00547.wav,16000,1,16,5.0
dev/no_gender,English,,dev_set/no_gender/English_test/voices/00548.wav,16000,1,16,2.8
dev/no_gender,English,,dev_set/no_gender/English_test/voices/00549.wav,16000,1,16,13.52
dev/no_gender,English,,dev_set/no_gender/English_test/voices/00550.wav,16000,1,16,5.44
dev/no_gender,English,,dev_set/no_gender/English_test/voices/00551.wav,16000,1,16,3.36
dev/no_gender,English,,dev_set/no_gender/English_test/voices/00552.wav,16000,1,16,3.64
dev/no_gender,English,,dev_set/no_gender/English_test/voices/00553.wav,16000,1,16,7.08
dev/no_gender,English,,dev_set/no_gender/English_test/voices/00554.wav,16000,1,16,5.24
dev/no_gender,English,,dev_set/no_gender/English_test/voices/00555.wav,16000,1,16,11.72
dev/no_gender,English,,dev_set/no_gender/English_test/voices/00556.wav,16000,1,16,8.88
dev/no_gender,English,,dev_set/no_gender/English_test/voices/00557.wav,16000,1,16,7.0
dev/no_gender,English,,dev_set/no_gender/English_test/voices/00558.wav,16000,1,16,19.84
dev/no_gender,English,,dev_set/no_gender/English_test/voices/00560.wav,16000,1,16,7.84
dev/no_gender,English,,dev_set/no_gender/English_test/voices/00561.wav,16000,1,16,3.12
dev/no_gender,English,,dev_set/no_gender/English_test/voices/00562.wav,16000,1,16,2.84
dev/no_gender,English,,dev_set/no_gender/English_test/voices/00563.wav,16000,1,16,3.36
dev/no_gender,English,,dev_set/no_gender/English_test/voices/00564.wav,16000,1,16,11.36
dev/no_gender,English,,dev_set/no_gender/English_test/voices/00565.wav,16000,1,16,2.32
dev/no_gender,English,,dev_set/no_gender/English_test/voices/00566.wav,16000,1,16,7.12
dev/no_gender,English,,dev_set/no_gender/English_test/voices/00567.wav,16000,1,16,3.0
dev/no_gender,English,,dev_set/no_gender/English_test/voices/00568.wav,16000,1,16,3.92
dev/no_gender,English,,dev_set/no_gender/English_test/voices/00569.wav,16000,1,16,6.84
dev/no_gender,English,,dev_set/no_gender/English_test/voices/00570.wav,16000,1,16,13.04
dev/no_gender,English,,dev_set/no_gender/English_test/voices/00571.wav,16000,1,16,6.16
dev/no_gender,English,,dev_set/no_gender/English_test/voices/00572.wav,16000,1,16,6.76
dev/no_gender,English,,dev_set/no_gender/English_test/voices/00573.wav,16000,1,16,17.56
dev/no_gender,English,,dev_set/no_gender/English_test/voices/00574.wav,16000,1,16,2.36
dev/no_gender,English,,dev_set/no_gender/English_test/voices/00575.wav,16000,1,16,2.2
dev/no_gender,English,,dev_set/no_gender/English_test/voices/00576.wav,16000,1,16,15.0
dev/no_gender,English,,dev_set/no_gender/English_test/voices/00577.wav,16000,1,16,4.84
dev/no_gender,English,,dev_set/no_gender/English_test/voices/00578.wav,16000,1,16,7.24
dev/no_gender,English,,dev_set/no_gender/English_test/voices/00579.wav,16000,1,16,6.28
dev/no_gender,English,,dev_set/no_gender/English_test/voices/00580.wav,16000,1,16,4.44
dev/no_gender,English,,dev_set/no_gender/English_test/voices/00581.wav,16000,1,16,6.68
dev/no_gender,English,,dev_set/no_gender/English_test/voices/00582.wav,16000,1,16,8.8
dev/no_gender,English,,dev_set/no_gender/English_test/voices/00583.wav,16000,1,16,5.48
dev/no_gender,English,,dev_set/no_gender/English_test/voices/00584.wav,16000,1,16,3.96
dev/no_gender,English,,dev_set/no_gender/English_test/voices/00585.wav,16000,1,16,3.36
dev/no_gender,English,,dev_set/no_gender/English_test/voices/00586.wav,16000,1,16,5.28
dev/no_gender,English,,dev_set/no_gender/English_test/voices/00587.wav,16000,1,16,4.16
dev/no_gender,English,,dev_set/no_gender/English_test/voices/00588.wav,16000,1,16,4.84
dev/no_gender,English,,dev_set/no_gender/English_test/voices/00589.wav,16000,1,16,5.76
dev/no_gender,English,,dev_set/no_gender/English_test/voices/00590.wav,16000,1,16,2.32
dev/no_gender,English,,dev_set/no_gender/English_test/voices/00591.wav,16000,1,16,8.24
dev/no_gender,English,,dev_set/no_gender/English_test/voices/00592.wav,16000,1,16,4.32
dev/no_gender,English,,dev_set/no_gender/English_test/voices/00593.wav,16000,1,16,4.12
dev/no_gender,English,,dev_set/no_gender/English_test/voices/00595.wav,16000,1,16,11.16
dev/no_gender,English,,dev_set/no_gender/English_test/voices/00597.wav,16000,1,16,12.24
dev/no_gender,English,,dev_set/no_gender/English_test/voices/00598.wav,16000,1,16,3.36
dev/no_gender,English,,dev_set/no_gender/English_test/voices/00599.wav,16000,1,16,3.6
dev/no_gender,English,,dev_set/no_gender/English_test/voices/00600.wav,16000,1,16,2.0
dev/no_gender,English,,dev_set/no_gender/English_test/voices/00601.wav,16000,1,16,6.24
dev/no_gender,English,,dev_set/no_gender/English_test/voices/00602.wav,16000,1,16,6.92
dev/no_gender,English,,dev_set/no_gender/English_test/voices/00603.wav,16000,1,16,7.28
dev/no_gender,English,,dev_set/no_gender/English_test/voices/00604.wav,16000,1,16,5.6
dev/no_gender,English,,dev_set/no_gender/English_test/voices/00605.wav,16000,1,16,4.84
dev/no_gender,English,,dev_set/no_gender/English_test/voices/00606.wav,16000,1,16,2.16
dev/no_gender,English,,dev_set/no_gender/English_test/voices/00607.wav,16000,1,16,6.96
dev/no_gender,English,,dev_set/no_gender/English_test/voices/00608.wav,16000,1,16,3.2
dev/no_gender,English,,dev_set/no_gender/English_test/voices/00609.wav,16000,1,16,3.64
dev/no_gender,English,,dev_set/no_gender/English_test/voices/00610.wav,16000,1,16,4.96
dev/no_gender,English,,dev_set/no_gender/English_test/voices/00611.wav,16000,1,16,2.52
dev/no_gender,English,,dev_set/no_gender/English_test/voices/00612.wav,16000,1,16,5.44
dev/no_gender,English,,dev_set/no_gender/English_test/voices/00613.wav,16000,1,16,3.92
dev/no_gender,English,,dev_set/no_gender/English_test/voices/00614.wav,16000,1,16,8.0
dev/no_gender,English,,dev_set/no_gender/English_test/voices/00615.wav,16000,1,16,4.4
dev/no_gender,English,,dev_set/no_gender/English_test/voices/00616.wav,16000,1,16,6.48
dev/no_gender,English,,dev_set/no_gender/English_test/voices/00617.wav,16000,1,16,9.92
dev/no_gender,English,,dev_set/no_gender/English_test/voices/00618.wav,16000,1,16,13.04
dev/no_gender,English,,dev_set/no_gender/English_test/voices/00619.wav,16000,1,16,2.36
dev/no_gender,English,,dev_set/no_gender/English_test/voices/00620.wav,16000,1,16,2.6
dev/no_gender,English,,dev_set/no_gender/English_test/voices/00621.wav,16000,1,16,4.28
dev/no_gender,English,,dev_set/no_gender/English_test/voices/00622.wav,16000,1,16,10.12
dev/no_gender,English,,dev_set/no_gender/English_test/voices/00623.wav,16000,1,16,9.0
dev/no_gender,English,,dev_set/no_gender/English_test/voices/00624.wav,16000,1,16,5.44
dev/no_gender,English,,dev_set/no_gender/English_test/voices/00625.wav,16000,1,16,5.44
dev/no_gender,English,,dev_set/no_gender/English_test/voices/00626.wav,16000,1,16,4.04
dev/no_gender,English,,dev_set/no_gender/English_test/voices/00627.wav,16000,1,16,5.28
dev/no_gender,English,,dev_set/no_gender/English_test/voices/00628.wav,16000,1,16,4.52
dev/no_gender,English,,dev_set/no_gender/English_test/voices/00629.wav,16000,1,16,6.72
dev/no_gender,English,,dev_set/no_gender/English_test/voices/00630.wav,16000,1,16,9.52
dev/no_gender,English,,dev_set/no_gender/English_test/voices/00631.wav,16000,1,16,13.04
dev/no_gender,English,,dev_set/no_gender/English_test/voices/00632.wav,16000,1,16,4.92
dev/no_gender,English,,dev_set/no_gender/English_test/voices/00633.wav,16000,1,16,5.28
dev/no_gender,English,,dev_set/no_gender/English_test/voices/00634.wav,16000,1,16,4.28
dev/no_gender,English,,dev_set/no_gender/English_test/voices/00635.wav,16000,1,16,5.08
dev/no_gender,English,,dev_set/no_gender/English_test/voices/00636.wav,16000,1,16,4.76
dev/no_gender,English,,dev_set/no_gender/English_test/voices/00637.wav,16000,1,16,12.24
dev/no_gender,English,,dev_set/no_gender/English_test/voices/00638.wav,16000,1,16,4.92
dev/no_gender,English,,dev_set/no_gender/English_test/voices/00639.wav,16000,1,16,2.44
dev/no_gender,English,,dev_set/no_gender/English_test/voices/00640.wav,16000,1,16,6.92
dev/no_gender,English,,dev_set/no_gender/English_test/voices/00641.wav,16000,1,16,9.56
dev/no_gender,English,,dev_set/no_gender/English_test/voices/00642.wav,16000,1,16,8.16
dev/no_gender,English,,dev_set/no_gender/English_test/voices/00643.wav,16000,1,16,6.4
dev/no_gender,English,,dev_set/no_gender/English_test/voices/00644.wav,16000,1,16,14.32
dev/no_gender,English,,dev_set/no_gender/English_test/voices/00645.wav,16000,1,16,15.84
dev/no_gender,English,,dev_set/no_gender/English_test/voices/00646.wav,16000,1,16,5.72
dev/no_gender,English,,dev_set/no_gender/English_test/voices/00647.wav,16000,1,16,7.64
dev/no_gender,English,,dev_set/no_gender/English_test/voices/00648.wav,16000,1,16,15.72
dev/no_gender,English,,dev_set/no_gender/English_test/voices/00649.wav,16000,1,16,2.96
dev/no_gender,English,,dev_set/no_gender/English_test/voices/00650.wav,16000,1,16,3.52
dev/no_gender,English,,dev_set/no_gender/English_test/voices/00651.wav,16000,1,16,13.16
dev/no_gender,English,,dev_set/no_gender/English_test/voices/00652.wav,16000,1,16,21.56
dev/no_gender,English,,dev_set/no_gender/English_test/voices/00653.wav,16000,1,16,5.52
dev/no_gender,English,,dev_set/no_gender/English_test/voices/00654.wav,16000,1,16,5.28
dev/no_gender,English,,dev_set/no_gender/English_test/voices/00655.wav,16000,1,16,3.8
dev/no_gender,English,,dev_set/no_gender/English_test/voices/00656.wav,16000,1,16,16.24
dev/no_gender,English,,dev_set/no_gender/English_test/voices/00657.wav,16000,1,16,6.12
dev/no_gender,English,,dev_set/no_gender/English_test/voices/00658.wav,16000,1,16,4.4
dev/no_gender,English,,dev_set/no_gender/English_test/voices/00659.wav,16000,1,16,11.52
dev/no_gender,English,,dev_set/no_gender/English_test/voices/00660.wav,16000,1,16,3.64
dev/no_gender,English,,dev_set/no_gender/English_test/voices/00661.wav,16000,1,16,8.52
dev/no_gender,English,,dev_set/no_gender/English_test/voices/00662.wav,16000,1,16,17.92
dev/no_gender,English,,dev_set/no_gender/English_test/voices/00663.wav,16000,1,16,2.0
dev/no_gender,English,,dev_set/no_gender/English_test/voices/00664.wav,16000,1,16,8.44
dev/no_gender,English,,dev_set/no_gender/English_test/voices/00665.wav,16000,1,16,7.56
dev/no_gender,English,,dev_set/no_gender/English_test/voices/00666.wav,16000,1,16,4.32
dev/no_gender,English,,dev_set/no_gender/English_test/voices/00667.wav,16000,1,16,4.64
dev/no_gender,English,,dev_set/no_gender/English_test/voices/00668.wav,16000,1,16,3.52
dev/no_gender,English,,dev_set/no_gender/English_test/voices/00669.wav,16000,1,16,5.88
dev/no_gender,English,,dev_set/no_gender/English_test/voices/00670.wav,16000,1,16,18.0
dev/no_gender,English,,dev_set/no_gender/English_test/voices/00671.wav,16000,1,16,3.88
dev/no_gender,English,,dev_set/no_gender/English_test/voices/00672.wav,16000,1,16,10.28
dev/no_gender,English,,dev_set/no_gender/English_test/voices/00673.wav,16000,1,16,10.96
dev/no_gender,English,,dev_set/no_gender/English_test/voices/00674.wav,16000,1,16,3.32
dev/no_gender,English,,dev_set/no_gender/English_test/voices/00675.wav,16000,1,16,2.64
dev/no_gender,English,,dev_set/no_gender/English_test/voices/00676.wav,16000,1,16,5.52
dev/no_gender,English,,dev_set/no_gender/English_test/voices/00677.wav,16000,1,16,4.2
dev/no_gender,English,,dev_set/no_gender/English_test/voices/00678.wav,16000,1,16,2.32
dev/no_gender,English,,dev_set/no_gender/English_test/voices/00679.wav,16000,1,16,6.08
dev/no_gender,English,,dev_set/no_gender/English_test/voices/00680.wav,16000,1,16,7.08
dev/no_gender,English,,dev_set/no_gender/English_test/voices/00681.wav,16000,1,16,8.08
dev/no_gender,English,,dev_set/no_gender/English_test/voices/00682.wav,16000,1,16,8.04
dev/no_gender,English,,dev_set/no_gender/English_test/voices/00684.wav,16000,1,16,2.76
dev/no_gender,English,,dev_set/no_gender/English_test/voices/00685.wav,16000,1,16,3.8
dev/no_gender,English,,dev_set/no_gender/English_test/voices/00686.wav,16000,1,16,2.04
dev/no_gender,English,,dev_set/no_gender/English_test/voices/00687.wav,16000,1,16,16.56
dev/no_gender,English,,dev_set/no_gender/English_test/voices/00688.wav,16000,1,16,10.12
dev/no_gender,English,,dev_set/no_gender/English_test/voices/00689.wav,16000,1,16,17.6
dev/no_gender,English,,dev_set/no_gender/English_test/voices/00690.wav,16000,1,16,2.16
dev/no_gender,English,,dev_set/no_gender/English_test/voices/00691.wav,16000,1,16,4.76
dev/no_gender,English,,dev_set/no_gender/English_test/voices/00692.wav,16000,1,16,81.56
dev/no_gender,English,,dev_set/no_gender/English_test/voices/00693.wav,16000,1,16,8.32
dev/no_gender,English,,dev_set/no_gender/English_test/voices/00694.wav,16000,1,16,7.88
dev/no_gender,English,,dev_set/no_gender/English_test/voices/00695.wav,16000,1,16,4.28
dev/no_gender,English,,dev_set/no_gender/English_test/voices/00696.wav,16000,1,16,12.24
dev/no_gender,English,,dev_set/no_gender/English_test/voices/00697.wav,16000,1,16,10.68
dev/no_gender,English,,dev_set/no_gender/English_test/voices/00698.wav,16000,1,16,4.0
dev/no_gender,English,,dev_set/no_gender/English_test/voices/00699.wav,16000,1,16,10.2
dev/no_gender,English,,dev_set/no_gender/English_test/voices/00700.wav,16000,1,16,7.72
dev/no_gender,English,,dev_set/no_gender/English_test/voices/00701.wav,16000,1,16,2.8
dev/no_gender,English,,dev_set/no_gender/English_test/voices/00702.wav,16000,1,16,4.96
dev/no_gender,English,,dev_set/no_gender/English_test/voices/00703.wav,16000,1,16,3.64
dev/no_gender,English,,dev_set/no_gender/English_test/voices/00704.wav,16000,1,16,6.44
dev/no_gender,English,,dev_set/no_gender/English_test/voices/00705.wav,16000,1,16,13.04
dev/no_gender,English,,dev_set/no_gender/English_test/voices/00706.wav,16000,1,16,2.24
dev/no_gender,English,,dev_set/no_gender/English_test/voices/00707.wav,16000,1,16,8.88
dev/no_gender,English,,dev_set/no_gender/English_test/voices/00708.wav,16000,1,16,13.24
dev/no_gender,English,,dev_set/no_gender/English_test/voices/00709.wav,16000,1,16,3.32
dev/no_gender,English,,dev_set/no_gender/English_test/voices/00710.wav,16000,1,16,6.96
dev/no_gender,English,,dev_set/no_gender/English_test/voices/00711.wav,16000,1,16,3.56
dev/no_gender,English,,dev_set/no_gender/English_test/voices/00712.wav,16000,1,16,5.84
dev/no_gender,English,,dev_set/no_gender/English_test/voices/00713.wav,16000,1,16,9.2
dev/no_gender,English,,dev_set/no_gender/English_test/voices/00714.wav,16000,1,16,4.36
dev/no_gender,English,,dev_set/no_gender/English_test/voices/00715.wav,16000,1,16,3.8
dev/no_gender,English,,dev_set/no_gender/English_test/voices/00716.wav,16000,1,16,15.32
dev/no_gender,English,,dev_set/no_gender/English_test/voices/00717.wav,16000,1,16,4.96
dev/no_gender,English,,dev_set/no_gender/English_test/voices/00718.wav,16000,1,16,2.4
dev/no_gender,English,,dev_set/no_gender/English_test/voices/00719.wav,16000,1,16,5.2
dev/no_gender,English,,dev_set/no_gender/English_test/voices/00720.wav,16000,1,16,5.16
dev/no_gender,English,,dev_set/no_gender/English_test/voices/00721.wav,16000,1,16,2.12
dev/no_gender,English,,dev_set/no_gender/English_test/voices/00722.wav,16000,1,16,7.72
dev/no_gender,English,,dev_set/no_gender/English_test/voices/00723.wav,16000,1,16,11.8
dev/no_gender,English,,dev_set/no_gender/English_test/voices/00724.wav,16000,1,16,9.96
dev/no_gender,English,,dev_set/no_gender/English_test/voices/00725.wav,16000,1,16,8.04
dev/no_gender,English,,dev_set/no_gender/English_test/voices/00726.wav,16000,1,16,7.0
dev/no_gender,English,,dev_set/no_gender/English_test/voices/00727.wav,16000,1,16,3.8
dev/no_gender,English,,dev_set/no_gender/English_test/voices/00728.wav,16000,1,16,6.2
dev/no_gender,English,,dev_set/no_gender/English_test/voices/00729.wav,16000,1,16,2.2
dev/no_gender,English,,dev_set/no_gender/English_test/voices/00730.wav,16000,1,16,3.84
dev/no_gender,English,,dev_set/no_gender/English_test/voices/00731.wav,16000,1,16,15.0
dev/no_gender,English,,dev_set/no_gender/English_test/voices/00732.wav,16000,1,16,5.64
dev/no_gender,English,,dev_set/no_gender/English_test/voices/00733.wav,16000,1,16,6.72
dev/no_gender,English,,dev_set/no_gender/English_test/voices/00734.wav,16000,1,16,3.68
dev/no_gender,English,,dev_set/no_gender/English_test/voices/00735.wav,16000,1,16,5.12
dev/no_gender,English,,dev_set/no_gender/English_test/voices/00736.wav,16000,1,16,2.84
dev/no_gender,English,,dev_set/no_gender/English_test/voices/00737.wav,16000,1,16,5.64
dev/no_gender,English,,dev_set/no_gender/English_test/voices/00738.wav,16000,1,16,3.0
dev/no_gender,English,,dev_set/no_gender/English_test/voices/00739.wav,16000,1,16,29.24
dev/no_gender,English,,dev_set/no_gender/English_test/voices/00740.wav,16000,1,16,8.04
dev/no_gender,English,,dev_set/no_gender/English_test/voices/00741.wav,16000,1,16,7.12
dev/no_gender,English,,dev_set/no_gender/English_test/voices/00742.wav,16000,1,16,7.2
dev/no_gender,English,,dev_set/no_gender/English_test/voices/00743.wav,16000,1,16,8.0
dev/no_gender,English,,dev_set/no_gender/English_test/voices/00744.wav,16000,1,16,8.2
dev/no_gender,English,,dev_set/no_gender/English_test/voices/00745.wav,16000,1,16,10.16
dev/no_gender,English,,dev_set/no_gender/English_test/voices/00746.wav,16000,1,16,13.04
dev/no_gender,English,,dev_set/no_gender/English_test/voices/00747.wav,16000,1,16,4.32
dev/no_gender,English,,dev_set/no_gender/English_test/voices/00748.wav,16000,1,16,38.76
dev/no_gender,English,,dev_set/no_gender/English_test/voices/00749.wav,16000,1,16,4.0
dev/no_gender,English,,dev_set/no_gender/English_test/voices/00750.wav,16000,1,16,6.72
dev/no_gender,English,,dev_set/no_gender/English_test/voices/00751.wav,16000,1,16,7.0
dev/no_gender,English,,dev_set/no_gender/English_test/voices/00752.wav,16000,1,16,4.2
dev/no_gender,English,,dev_set/no_gender/English_test/voices/00753.wav,16000,1,16,6.68
dev/no_gender,English,,dev_set/no_gender/English_test/voices/00754.wav,16000,1,16,5.0
dev/no_gender,English,,dev_set/no_gender/English_test/voices/00755.wav,16000,1,16,7.28
dev/no_gender,English,,dev_set/no_gender/English_test/voices/00756.wav,16000,1,16,5.32
dev/no_gender,English,,dev_set/no_gender/English_test/voices/00757.wav,16000,1,16,2.32
dev/no_gender,English,,dev_set/no_gender/English_test/voices/00758.wav,16000,1,16,6.68
dev/no_gender,English,,dev_set/no_gender/English_test/voices/00759.wav,16000,1,16,3.32
dev/no_gender,English,,dev_set/no_gender/English_test/voices/00760.wav,16000,1,16,11.04
dev/no_gender,English,,dev_set/no_gender/English_test/voices/00761.wav,16000,1,16,10.2
dev/no_gender,English,,dev_set/no_gender/English_test/voices/00762.wav,16000,1,16,4.44
dev/no_gender,English,,dev_set/no_gender/English_test/voices/00763.wav,16000,1,16,9.8
dev/no_gender,English,,dev_set/no_gender/English_test/voices/00765.wav,16000,1,16,2.0
dev/no_gender,English,,dev_set/no_gender/English_test/voices/00766.wav,16000,1,16,5.08
dev/no_gender,English,,dev_set/no_gender/English_test/voices/00767.wav,16000,1,16,2.12
dev/no_gender,English,,dev_set/no_gender/English_test/voices/00768.wav,16000,1,16,3.24
dev/no_gender,English,,dev_set/no_gender/English_test/voices/00769.wav,16000,1,16,2.0
dev/no_gender,English,,dev_set/no_gender/English_test/voices/00770.wav,16000,1,16,2.32
dev/no_gender,English,,dev_set/no_gender/English_test/voices/00771.wav,16000,1,16,7.08
dev/no_gender,English,,dev_set/no_gender/English_test/voices/00772.wav,16000,1,16,6.88
dev/no_gender,English,,dev_set/no_gender/English_test/voices/00773.wav,16000,1,16,3.68
dev/no_gender,English,,dev_set/no_gender/English_test/voices/00774.wav,16000,1,16,7.72
dev/no_gender,English,,dev_set/no_gender/English_test/voices/00775.wav,16000,1,16,3.24
dev/no_gender,English,,dev_set/no_gender/English_test/voices/00776.wav,16000,1,16,4.12
dev/no_gender,English,,dev_set/no_gender/English_test/voices/00777.wav,16000,1,16,3.16
dev/no_gender,English,,dev_set/no_gender/English_test/voices/00778.wav,16000,1,16,8.0
dev/no_gender,English,,dev_set/no_gender/English_test/voices/00779.wav,16000,1,16,3.76
dev/no_gender,English,,dev_set/no_gender/English_test/voices/00780.wav,16000,1,16,10.88
dev/no_gender,English,,dev_set/no_gender/English_test/voices/00781.wav,16000,1,16,17.68
dev/no_gender,English,,dev_set/no_gender/English_test/voices/00782.wav,16000,1,16,2.72
dev/no_gender,English,,dev_set/no_gender/English_test/voices/00783.wav,16000,1,16,8.52
dev/no_gender,English,,dev_set/no_gender/English_test/voices/00784.wav,16000,1,16,12.08
dev/no_gender,English,,dev_set/no_gender/English_test/voices/00785.wav,16000,1,16,5.2
dev/no_gender,English,,dev_set/no_gender/English_test/voices/00786.wav,16000,1,16,3.36
dev/no_gender,English,,dev_set/no_gender/English_test/voices/00787.wav,16000,1,16,15.28
dev/no_gender,English,,dev_set/no_gender/English_test/voices/00788.wav,16000,1,16,21.96
dev/no_gender,English,,dev_set/no_gender/English_test/voices/00789.wav,16000,1,16,2.32
dev/no_gender,English,,dev_set/no_gender/English_test/voices/00790.wav,16000,1,16,4.0
dev/no_gender,English,,dev_set/no_gender/English_test/voices/00791.wav,16000,1,16,12.24
dev/no_gender,English,,dev_set/no_gender/English_test/voices/00792.wav,16000,1,16,4.56
dev/no_gender,English,,dev_set/no_gender/English_test/voices/00793.wav,16000,1,16,10.72
dev/no_gender,English,,dev_set/no_gender/English_test/voices/00794.wav,16000,1,16,6.12
dev/no_gender,English,,dev_set/no_gender/English_test/voices/00795.wav,16000,1,16,4.96
dev/no_gender,English,,dev_set/no_gender/English_test/voices/00796.wav,16000,1,16,12.24
dev/no_gender,English,,dev_set/no_gender/English_test/voices/00797.wav,16000,1,16,2.68
dev/no_gender,English,,dev_set/no_gender/English_test/voices/00799.wav,16000,1,16,6.4
dev/no_gender,English,,dev_set/no_gender/English_test/voices/00800.wav,16000,1,16,2.24
dev/no_gender,English,,dev_set/no_gender/English_test/voices/00801.wav,16000,1,16,2.12
dev/no_gender,English,,dev_set/no_gender/English_test/voices/00802.wav,16000,1,16,4.08
dev/no_gender,English,,dev_set/no_gender/English_test/voices/00803.wav,16000,1,16,6.84
dev/no_gender,English,,dev_set/no_gender/English_test/voices/00804.wav,16000,1,16,8.64
dev/no_gender,English,,dev_set/no_gender/English_test/voices/00805.wav,16000,1,16,19.84
dev/no_gender,English,,dev_set/no_gender/English_test/voices/00806.wav,16000,1,16,3.08
dev/no_gender,English,,dev_set/no_gender/English_test/voices/00807.wav,16000,1,16,4.48
dev/no_gender,English,,dev_set/no_gender/English_test/voices/00808.wav,16000,1,16,6.8
dev/no_gender,English,,dev_set/no_gender/English_test/voices/00809.wav,16000,1,16,7.32
dev/no_gender,English,,dev_set/no_gender/English_test/voices/00810.wav,16000,1,16,7.08
dev/no_gender,English,,dev_set/no_gender/English_test/voices/00811.wav,16000,1,16,3.0
dev/no_gender,English,,dev_set/no_gender/English_test/voices/00812.wav,16000,1,16,2.52
dev/no_gender,English,,dev_set/no_gender/English_test/voices/00813.wav,16000,1,16,3.44
dev/no_gender,English,,dev_set/no_gender/English_test/voices/00814.wav,16000,1,16,6.68
dev/no_gender,English,,dev_set/no_gender/English_test/voices/00815.wav,16000,1,16,7.92
dev/no_gender,English,,dev_set/no_gender/English_test/voices/00816.wav,16000,1,16,3.72
dev/no_gender,English,,dev_set/no_gender/English_test/voices/00817.wav,16000,1,16,4.76
dev/no_gender,English,,dev_set/no_gender/English_test/voices/00818.wav,16000,1,16,12.04
dev/no_gender,English,,dev_set/no_gender/English_test/voices/00819.wav,16000,1,16,8.0
dev/no_gender,English,,dev_set/no_gender/English_test/voices/00820.wav,16000,1,16,9.88
dev/no_gender,English,,dev_set/no_gender/English_test/voices/00821.wav,16000,1,16,6.92
dev/no_gender,English,,dev_set/no_gender/English_test/voices/00822.wav,16000,1,16,9.92
dev/no_gender,English,,dev_set/no_gender/English_test/voices/00823.wav,16000,1,16,2.6
dev/no_gender,English,,dev_set/no_gender/English_test/voices/00824.wav,16000,1,16,5.4
dev/no_gender,English,,dev_set/no_gender/English_test/voices/00825.wav,16000,1,16,4.52
dev/no_gender,English,,dev_set/no_gender/English_test/voices/00826.wav,16000,1,16,3.28
dev/no_gender,English,,dev_set/no_gender/English_test/voices/00827.wav,16000,1,16,3.52
dev/no_gender,English,,dev_set/no_gender/English_test/voices/00828.wav,16000,1,16,2.32
dev/no_gender,English,,dev_set/no_gender/English_test/voices/00829.wav,16000,1,16,2.64
dev/no_gender,English,,dev_set/no_gender/English_test/voices/00830.wav,16000,1,16,13.04
dev/no_gender,English,,dev_set/no_gender/English_test/voices/00831.wav,16000,1,16,7.08
dev/no_gender,English,,dev_set/no_gender/English_test/voices/00832.wav,16000,1,16,2.92
dev/no_gender,English,,dev_set/no_gender/English_test/voices/00833.wav,16000,1,16,11.16
dev/no_gender,English,,dev_set/no_gender/English_test/voices/00834.wav,16000,1,16,13.04
dev/no_gender,English,,dev_set/no_gender/English_test/voices/00835.wav,16000,1,16,2.48
dev/no_gender,English,,dev_set/no_gender/English_test/voices/00836.wav,16000,1,16,9.0
dev/no_gender,English,,dev_set/no_gender/English_test/voices/00837.wav,16000,1,16,2.24
dev/no_gender,English,,dev_set/no_gender/English_test/voices/00838.wav,16000,1,16,6.52
dev/no_gender,English,,dev_set/no_gender/English_test/voices/00839.wav,16000,1,16,5.8
dev/no_gender,English,,dev_set/no_gender/English_test/voices/00840.wav,16000,1,16,16.56
dev/no_gender,English,,dev_set/no_gender/English_test/voices/00841.wav,16000,1,16,12.52
dev/no_gender,English,,dev_set/no_gender/English_test/voices/00842.wav,16000,1,16,2.72
dev/no_gender,English,,dev_set/no_gender/English_test/voices/00843.wav,16000,1,16,10.32
dev/no_gender,English,,dev_set/no_gender/English_test/voices/00844.wav,16000,1,16,2.32
dev/no_gender,English,,dev_set/no_gender/English_test/voices/00845.wav,16000,1,16,2.16
dev/no_gender,English,,dev_set/no_gender/English_test/voices/00846.wav,16000,1,16,19.84
dev/no_gender,English,,dev_set/no_gender/English_test/voices/00847.wav,16000,1,16,5.08
dev/no_gender,English,,dev_set/no_gender/English_test/voices/00848.wav,16000,1,16,4.72
dev/no_gender,English,,dev_set/no_gender/English_test/voices/00849.wav,16000,1,16,9.24
dev/no_gender,English,,dev_set/no_gender/English_test/voices/00850.wav,16000,1,16,6.24
dev/no_gender,English,,dev_set/no_gender/English_test/voices/00851.wav,16000,1,16,3.32
dev/no_gender,English,,dev_set/no_gender/English_test/voices/00852.wav,16000,1,16,8.84
dev/no_gender,English,,dev_set/no_gender/English_test/voices/00853.wav,16000,1,16,7.24
dev/no_gender,English,,dev_set/no_gender/English_test/voices/00854.wav,16000,1,16,2.6
dev/no_gender,English,,dev_set/no_gender/English_test/voices/00855.wav,16000,1,16,9.92
dev/no_gender,English,,dev_set/no_gender/English_test/voices/00856.wav,16000,1,16,3.56
dev/no_gender,English,,dev_set/no_gender/English_test/voices/00857.wav,16000,1,16,2.6
dev/no_gender,English,,dev_set/no_gender/English_test/voices/00858.wav,16000,1,16,4.92
dev/no_gender,English,,dev_set/no_gender/English_test/voices/00859.wav,16000,1,16,2.36
dev/no_gender,English,,dev_set/no_gender/English_test/voices/00860.wav,16000,1,16,2.2
dev/no_gender,English,,dev_set/no_gender/English_test/voices/00861.wav,16000,1,16,7.36
dev/no_gender,English,,dev_set/no_gender/English_test/voices/00862.wav,16000,1,16,2.0
dev/no_gender,English,,dev_set/no_gender/English_test/voices/00863.wav,16000,1,16,3.2
dev/no_gender,English,,dev_set/no_gender/English_test/voices/00864.wav,16000,1,16,29.24
dev/no_gender,English,,dev_set/no_gender/English_test/voices/00865.wav,16000,1,16,3.68
dev/no_gender,English,,dev_set/no_gender/English_test/voices/00866.wav,16000,1,16,4.76
dev/no_gender,English,,dev_set/no_gender/English_test/voices/00867.wav,16000,1,16,9.0
dev/no_gender,English,,dev_set/no_gender/English_test/voices/00868.wav,16000,1,16,16.36
dev/no_gender,English,,dev_set/no_gender/English_test/voices/00869.wav,16000,1,16,28.28
dev/no_gender,English,,dev_set/no_gender/English_test/voices/00870.wav,16000,1,16,15.0
dev/no_gender,English,,dev_set/no_gender/English_test/voices/00871.wav,16000,1,16,5.12
dev/no_gender,English,,dev_set/no_gender/English_test/voices/00872.wav,16000,1,16,8.72
dev/no_gender,English,,dev_set/no_gender/English_test/voices/00873.wav,16000,1,16,20.6
dev/no_gender,English,,dev_set/no_gender/English_test/voices/00874.wav,16000,1,16,2.16
dev/no_gender,English,,dev_set/no_gender/English_test/voices/00875.wav,16000,1,16,2.32
dev/no_gender,English,,dev_set/no_gender/English_test/voices/00876.wav,16000,1,16,5.56
dev/no_gender,English,,dev_set/no_gender/English_test/voices/00877.wav,16000,1,16,28.28
dev/no_gender,English,,dev_set/no_gender/English_test/voices/00878.wav,16000,1,16,5.96
dev/no_gender,English,,dev_set/no_gender/English_test/voices/00879.wav,16000,1,16,9.88
dev/no_gender,English,,dev_set/no_gender/English_test/voices/00880.wav,16000,1,16,5.24
dev/no_gender,English,,dev_set/no_gender/English_test/voices/00881.wav,16000,1,16,9.04
dev/no_gender,English,,dev_set/no_gender/English_test/voices/00882.wav,16000,1,16,14.2
dev/no_gender,English,,dev_set/no_gender/English_test/voices/00883.wav,16000,1,16,7.88
dev/no_gender,English,,dev_set/no_gender/English_test/voices/00884.wav,16000,1,16,4.88
dev/no_gender,English,,dev_set/no_gender/English_test/voices/00885.wav,16000,1,16,2.32
dev/no_gender,English,,dev_set/no_gender/English_test/voices/00886.wav,16000,1,16,8.2
dev/no_gender,English,,dev_set/no_gender/English_test/voices/00887.wav,16000,1,16,5.08
dev/no_gender,English,,dev_set/no_gender/English_test/voices/00888.wav,16000,1,16,2.44
dev/no_gender,English,,dev_set/no_gender/English_test/voices/00889.wav,16000,1,16,8.64
dev/no_gender,English,,dev_set/no_gender/English_test/voices/00890.wav,16000,1,16,15.04
dev/no_gender,English,,dev_set/no_gender/English_test/voices/00891.wav,16000,1,16,14.2
dev/no_gender,English,,dev_set/no_gender/English_test/voices/00892.wav,16000,1,16,4.04
dev/no_gender,English,,dev_set/no_gender/English_test/voices/00893.wav,16000,1,16,13.24
dev/no_gender,English,,dev_set/no_gender/English_test/voices/00894.wav,16000,1,16,37.12
dev/no_gender,English,,dev_set/no_gender/English_test/voices/00895.wav,16000,1,16,6.16
dev/no_gender,English,,dev_set/no_gender/English_test/voices/00896.wav,16000,1,16,5.52
dev/no_gender,English,,dev_set/no_gender/English_test/voices/00897.wav,16000,1,16,2.48
dev/no_gender,English,,dev_set/no_gender/English_test/voices/00898.wav,16000,1,16,5.52
dev/no_gender,English,,dev_set/no_gender/English_test/voices/00899.wav,16000,1,16,11.16
dev/no_gender,English,,dev_set/no_gender/English_test/voices/00900.wav,16000,1,16,8.32
dev/no_gender,English,,dev_set/no_gender/English_test/voices/00901.wav,16000,1,16,7.2
dev/no_gender,English,,dev_set/no_gender/English_test/voices/00902.wav,16000,1,16,2.08
dev/no_gender,English,,dev_set/no_gender/English_test/voices/00903.wav,16000,1,16,5.12
dev/no_gender,English,,dev_set/no_gender/English_test/voices/00904.wav,16000,1,16,15.0
dev/no_gender,English,,dev_set/no_gender/English_test/voices/00905.wav,16000,1,16,15.8
dev/no_gender,English,,dev_set/no_gender/English_test/voices/00906.wav,16000,1,16,4.76
dev/no_gender,English,,dev_set/no_gender/English_test/voices/00907.wav,16000,1,16,22.84
dev/no_gender,English,,dev_set/no_gender/English_test/voices/00908.wav,16000,1,16,4.88
dev/no_gender,English,,dev_set/no_gender/English_test/voices/00909.wav,16000,1,16,17.56
dev/no_gender,English,,dev_set/no_gender/English_test/voices/00910.wav,16000,1,16,6.2
dev/no_gender,English,,dev_set/no_gender/English_test/voices/00911.wav,16000,1,16,5.88
dev/no_gender,English,,dev_set/no_gender/English_test/voices/00912.wav,16000,1,16,25.6
dev/no_gender,English,,dev_set/no_gender/English_test/voices/00913.wav,16000,1,16,15.0
dev/no_gender,English,,dev_set/no_gender/English_test/voices/00914.wav,16000,1,16,4.04
dev/no_gender,English,,dev_set/no_gender/English_test/voices/00915.wav,16000,1,16,4.48
dev/no_gender,English,,dev_set/no_gender/English_test/voices/00916.wav,16000,1,16,13.84
dev/no_gender,English,,dev_set/no_gender/English_test/voices/00917.wav,16000,1,16,5.32
dev/no_gender,English,,dev_set/no_gender/English_test/voices/00918.wav,16000,1,16,46.44
dev/no_gender,English,,dev_set/no_gender/English_test/voices/00919.wav,16000,1,16,6.48
dev/no_gender,English,,dev_set/no_gender/English_test/voices/00920.wav,16000,1,16,28.2
dev/no_gender,English,,dev_set/no_gender/English_test/voices/00921.wav,16000,1,16,11.08
dev/no_gender,English,,dev_set/no_gender/English_test/voices/00922.wav,16000,1,16,4.12
dev/no_gender,English,,dev_set/no_gender/English_test/voices/00923.wav,16000,1,16,15.04
dev/no_gender,English,,dev_set/no_gender/English_test/voices/00924.wav,16000,1,16,6.88
dev/no_gender,English,,dev_set/no_gender/English_test/voices/00925.wav,16000,1,16,2.12
dev/no_gender,English,,dev_set/no_gender/English_test/voices/00927.wav,16000,1,16,3.08
dev/no_gender,English,,dev_set/no_gender/English_test/voices/00928.wav,16000,1,16,2.2
dev/no_gender,English,,dev_set/no_gender/English_test/voices/00929.wav,16000,1,16,2.64
dev/no_gender,English,,dev_set/no_gender/English_test/voices/00930.wav,16000,1,16,3.6
dev/no_gender,English,,dev_set/no_gender/English_test/voices/00931.wav,16000,1,16,2.84
dev/no_gender,English,,dev_set/no_gender/English_test/voices/00932.wav,16000,1,16,2.48
dev/no_gender,English,,dev_set/no_gender/English_test/voices/00933.wav,16000,1,16,5.32
dev/no_gender,English,,dev_set/no_gender/English_test/voices/00934.wav,16000,1,16,4.16
dev/no_gender,English,,dev_set/no_gender/English_test/voices/00935.wav,16000,1,16,3.96
dev/no_gender,English,,dev_set/no_gender/English_test/voices/00936.wav,16000,1,16,3.16
dev/no_gender,English,,dev_set/no_gender/English_test/voices/00937.wav,16000,1,16,3.72
dev/no_gender,English,,dev_set/no_gender/English_test/voices/00938.wav,16000,1,16,40.24
dev/no_gender,English,,dev_set/no_gender/English_test/voices/00939.wav,16000,1,16,13.4
dev/no_gender,English,,dev_set/no_gender/English_test/voices/00940.wav,16000,1,16,5.08
dev/no_gender,English,,dev_set/no_gender/English_test/voices/00941.wav,16000,1,16,2.2
dev/no_gender,English,,dev_set/no_gender/English_test/voices/00942.wav,16000,1,16,81.56
dev/no_gender,English,,dev_set/no_gender/English_test/voices/00943.wav,16000,1,16,2.8
dev/no_gender,English,,dev_set/no_gender/English_test/voices/00944.wav,16000,1,16,5.8
dev/no_gender,English,,dev_set/no_gender/English_test/voices/00945.wav,16000,1,16,5.84
dev/no_gender,English,,dev_set/no_gender/English_test/voices/00946.wav,16000,1,16,10.16
dev/no_gender,English,,dev_set/no_gender/English_test/voices/00947.wav,16000,1,16,2.64
dev/no_gender,English,,dev_set/no_gender/English_test/voices/00948.wav,16000,1,16,2.24
dev/no_gender,English,,dev_set/no_gender/English_test/voices/00949.wav,16000,1,16,4.76
dev/no_gender,English,,dev_set/no_gender/English_test/voices/00950.wav,16000,1,16,4.08
dev/no_gender,English,,dev_set/no_gender/English_test/voices/00951.wav,16000,1,16,11.96
dev/no_gender,English,,dev_set/no_gender/English_test/voices/00952.wav,16000,1,16,17.92
dev/no_gender,English,,dev_set/no_gender/English_test/voices/00953.wav,16000,1,16,3.76
dev/no_gender,English,,dev_set/no_gender/English_test/voices/00954.wav,16000,1,16,6.56
dev/no_gender,English,,dev_set/no_gender/English_test/voices/00955.wav,16000,1,16,5.72
dev/no_gender,English,,dev_set/no_gender/English_test/voices/00956.wav,16000,1,16,81.56
dev/no_gender,English,,dev_set/no_gender/English_test/voices/00957.wav,16000,1,16,4.36
dev/no_gender,English,,dev_set/no_gender/English_test/voices/00958.wav,16000,1,16,2.96
dev/no_gender,English,,dev_set/no_gender/English_test/voices/00959.wav,16000,1,16,8.36
dev/no_gender,English,,dev_set/no_gender/English_test/voices/00960.wav,16000,1,16,11.16
dev/no_gender,English,,dev_set/no_gender/English_test/voices/00961.wav,16000,1,16,7.56
dev/no_gender,English,,dev_set/no_gender/English_test/voices/00962.wav,16000,1,16,5.04
dev/no_gender,English,,dev_set/no_gender/English_test/voices/00963.wav,16000,1,16,2.2
dev/no_gender,English,,dev_set/no_gender/English_test/voices/00964.wav,16000,1,16,6.88
dev/no_gender,English,,dev_set/no_gender/English_test/voices/00965.wav,16000,1,16,5.44
dev/no_gender,English,,dev_set/no_gender/English_test/voices/00966.wav,16000,1,16,4.0
dev/no_gender,English,,dev_set/no_gender/English_test/voices/00967.wav,16000,1,16,13.04
dev/no_gender,English,,dev_set/no_gender/English_test/voices/00968.wav,16000,1,16,7.08
dev/no_gender,English,,dev_set/no_gender/English_test/voices/00969.wav,16000,1,16,3.0
dev/no_gender,English,,dev_set/no_gender/English_test/voices/00970.wav,16000,1,16,2.2
dev/no_gender,English,,dev_set/no_gender/English_test/voices/00971.wav,16000,1,16,5.08
dev/no_gender,English,,dev_set/no_gender/English_test/voices/00972.wav,16000,1,16,2.04
dev/no_gender,English,,dev_set/no_gender/English_test/voices/00973.wav,16000,1,16,9.48
dev/no_gender,English,,dev_set/no_gender/English_test/voices/00974.wav,16000,1,16,5.16
dev/no_gender,English,,dev_set/no_gender/English_test/voices/00975.wav,16000,1,16,19.64
dev/no_gender,English,,dev_set/no_gender/English_test/voices/00976.wav,16000,1,16,3.84
dev/no_gender,English,,dev_set/no_gender/English_test/voices/00977.wav,16000,1,16,8.44
dev/no_gender,English,,dev_set/no_gender/English_test/voices/00978.wav,16000,1,16,7.76
dev/no_gender,English,,dev_set/no_gender/English_test/voices/00979.wav,16000,1,16,7.44
dev/no_gender,English,,dev_set/no_gender/English_test/voices/00980.wav,16000,1,16,7.04
dev/no_gender,English,,dev_set/no_gender/English_test/voices/00981.wav,16000,1,16,6.48
dev/no_gender,English,,dev_set/no_gender/English_test/voices/00982.wav,16000,1,16,3.4
dev/no_gender,English,,dev_set/no_gender/English_test/voices/00983.wav,16000,1,16,4.08
dev/no_gender,English,,dev_set/no_gender/English_test/voices/00984.wav,16000,1,16,8.96
dev/no_gender,English,,dev_set/no_gender/English_test/voices/00986.wav,16000,1,16,6.72
dev/no_gender,English,,dev_set/no_gender/English_test/voices/00987.wav,16000,1,16,5.28
dev/no_gender,English,,dev_set/no_gender/English_test/voices/00988.wav,16000,1,16,3.92
dev/no_gender,English,,dev_set/no_gender/English_test/voices/00989.wav,16000,1,16,5.72
dev/no_gender,English,,dev_set/no_gender/English_test/voices/00990.wav,16000,1,16,3.76
dev/no_gender,English,,dev_set/no_gender/English_test/voices/00991.wav,16000,1,16,4.88
dev/no_gender,English,,dev_set/no_gender/English_test/voices/00992.wav,16000,1,16,5.4
dev/no_gender,English,,dev_set/no_gender/English_test/voices/00993.wav,16000,1,16,5.88
dev/no_gender,English,,dev_set/no_gender/English_test/voices/00994.wav,16000,1,16,6.76
dev/no_gender,English,,dev_set/no_gender/English_test/voices/00995.wav,16000,1,16,5.08
dev/no_gender,English,,dev_set/no_gender/English_test/voices/00997.wav,16000,1,16,19.84
dev/no_gender,English,,dev_set/no_gender/English_test/voices/00998.wav,16000,1,16,3.72
dev/no_gender,English,,dev_set/no_gender/English_test/voices/00999.wav,16000,1,16,81.56
dev/no_gender,English,,dev_set/no_gender/English_test/voices/01000.wav,16000,1,16,4.52
dev/no_gender,English,,dev_set/no_gender/English_test/voices/01001.wav,16000,1,16,4.8
dev/no_gender,English,,dev_set/no_gender/English_test/voices/01002.wav,16000,1,16,19.84
dev/no_gender,English,,dev_set/no_gender/English_test/voices/01003.wav,16000,1,16,3.52
dev/no_gender,English,,dev_set/no_gender/English_test/voices/01004.wav,16000,1,16,3.36
dev/no_gender,English,,dev_set/no_gender/English_test/voices/01005.wav,16000,1,16,6.16
dev/no_gender,English,,dev_set/no_gender/English_test/voices/01006.wav,16000,1,16,3.88
dev/no_gender,English,,dev_set/no_gender/English_test/voices/01007.wav,16000,1,16,11.72
dev/no_gender,English,,dev_set/no_gender/English_test/voices/00102.wav,16000,1,16,8.16
dev/no_gender,English,,dev_set/no_gender/English_test/voices/00257.wav,16000,1,16,2.52
dev/no_gender,English,,dev_set/no_gender/English_test/voices/00316.wav,16000,1,16,10.0
dev/no_gender,English,,dev_set/no_gender/English_test/voices/00462.wav,16000,1,16,8.52
dev/no_gender,English,,dev_set/no_gender/English_test/voices/00683.wav,16000,1,16,6.12
dev/no_gender,English,,dev_set/no_gender/English_test/voices/00764.wav,16000,1,16,3.68
dev/no_gender,English,,dev_set/no_gender/English_test/voices/00798.wav,16000,1,16,17.32
dev/no_gender,English,,dev_set/no_gender/English_test/voices/00985.wav,16000,1,16,3.32
dev/no_gender,English,,dev_set/no_gender/English_test/voices/00069.wav,16000,1,16,3.96
dev/no_gender,English,,dev_set/no_gender/English_test/voices/00276.wav,16000,1,16,12.4
dev/no_gender,English,,dev_set/no_gender/English_test/voices/00343.wav,16000,1,16,2.96
dev/no_gender,English,,dev_set/no_gender/English_test/voices/00559.wav,16000,1,16,2.6
dev/no_gender,English,,dev_set/no_gender/English_test/voices/00594.wav,16000,1,16,2.64
dev/no_gender,English,,dev_set/no_gender/English_test/voices/00596.wav,16000,1,16,9.6
dev/no_gender,English,,dev_set/no_gender/English_test/voices/00926.wav,16000,1,16,4.68
dev/no_gender,English,,dev_set/no_gender/English_test/voices/00996.wav,16000,1,16,8.68
dev/no_gender,Bangla,,dev_set/no_gender/Bangla_test/voices/00001.wav,16000,1,16,3.6
dev/no_gender,Bangla,,dev_set/no_gender/Bangla_test/voices/00002.wav,16000,1,16,4.64
dev/no_gender,Bangla,,dev_set/no_gender/Bangla_test/voices/00003.wav,16000,1,16,4.16
dev/no_gender,Bangla,,dev_set/no_gender/Bangla_test/voices/00005.wav,16000,1,16,6.24
dev/no_gender,Bangla,,dev_set/no_gender/Bangla_test/voices/00006.wav,16000,1,16,2.32
dev/no_gender,Bangla,,dev_set/no_gender/Bangla_test/voices/00008.wav,16000,1,16,9.92
dev/no_gender,Bangla,,dev_set/no_gender/Bangla_test/voices/00010.wav,16000,1,16,5.36
dev/no_gender,Bangla,,dev_set/no_gender/Bangla_test/voices/00013.wav,16000,1,16,5.88
dev/no_gender,Bangla,,dev_set/no_gender/Bangla_test/voices/00014.wav,16000,1,16,5.6
dev/no_gender,Bangla,,dev_set/no_gender/Bangla_test/voices/00015.wav,16000,1,16,5.32
dev/no_gender,Bangla,,dev_set/no_gender/Bangla_test/voices/00017.wav,16000,1,16,3.56
dev/no_gender,Bangla,,dev_set/no_gender/Bangla_test/voices/00018.wav,16000,1,16,4.52
dev/no_gender,Bangla,,dev_set/no_gender/Bangla_test/voices/00019.wav,16000,1,16,7.36
dev/no_gender,Bangla,,dev_set/no_gender/Bangla_test/voices/00021.wav,16000,1,16,5.4
dev/no_gender,Bangla,,dev_set/no_gender/Bangla_test/voices/00022.wav,16000,1,16,6.52
dev/no_gender,Bangla,,dev_set/no_gender/Bangla_test/voices/00030.wav,16000,1,16,3.36
dev/no_gender,Bangla,,dev_set/no_gender/Bangla_test/voices/00031.wav,16000,1,16,3.88
dev/no_gender,Bangla,,dev_set/no_gender/Bangla_test/voices/00033.wav,16000,1,16,4.8
dev/no_gender,Bangla,,dev_set/no_gender/Bangla_test/voices/00034.wav,16000,1,16,4.48
dev/no_gender,Bangla,,dev_set/no_gender/Bangla_test/voices/00035.wav,16000,1,16,5.68
dev/no_gender,Bangla,,dev_set/no_gender/Bangla_test/voices/00036.wav,16000,1,16,6.68
dev/no_gender,Bangla,,dev_set/no_gender/Bangla_test/voices/00037.wav,16000,1,16,3.24
dev/no_gender,Bangla,,dev_set/no_gender/Bangla_test/voices/00041.wav,16000,1,16,2.52
dev/no_gender,Bangla,,dev_set/no_gender/Bangla_test/voices/00043.wav,16000,1,16,7.56
dev/no_gender,Bangla,,dev_set/no_gender/Bangla_test/voices/00044.wav,16000,1,16,10.84
dev/no_gender,Bangla,,dev_set/no_gender/Bangla_test/voices/00045.wav,16000,1,16,4.92
dev/no_gender,Bangla,,dev_set/no_gender/Bangla_test/voices/00046.wav,16000,1,16,5.44
dev/no_gender,Bangla,,dev_set/no_gender/Bangla_test/voices/00047.wav,16000,1,16,8.16
dev/no_gender,Bangla,,dev_set/no_gender/Bangla_test/voices/00049.wav,16000,1,16,2.36
dev/no_gender,Bangla,,dev_set/no_gender/Bangla_test/voices/00052.wav,16000,1,16,4.08
dev/no_gender,Bangla,,dev_set/no_gender/Bangla_test/voices/00055.wav,16000,1,16,2.44
dev/no_gender,Bangla,,dev_set/no_gender/Bangla_test/voices/00058.wav,16000,1,16,2.04
dev/no_gender,Bangla,,dev_set/no_gender/Bangla_test/voices/00061.wav,16000,1,16,3.24
dev/no_gender,Bangla,,dev_set/no_gender/Bangla_test/voices/00065.wav,16000,1,16,3.32
dev/no_gender,Bangla,,dev_set/no_gender/Bangla_test/voices/00066.wav,16000,1,16,9.04
dev/no_gender,Bangla,,dev_set/no_gender/Bangla_test/voices/00067.wav,16000,1,16,5.12
dev/no_gender,Bangla,,dev_set/no_gender/Bangla_test/voices/00070.wav,16000,1,16,10.56
dev/no_gender,Bangla,,dev_set/no_gender/Bangla_test/voices/00072.wav,16000,1,16,4.64
dev/no_gender,Bangla,,dev_set/no_gender/Bangla_test/voices/00073.wav,16000,1,16,4.8
dev/no_gender,Bangla,,dev_set/no_gender/Bangla_test/voices/00075.wav,16000,1,16,3.0
dev/no_gender,Bangla,,dev_set/no_gender/Bangla_test/voices/00076.wav,16000,1,16,4.08
dev/no_gender,Bangla,,dev_set/no_gender/Bangla_test/voices/00077.wav,16000,1,16,3.28
dev/no_gender,Bangla,,dev_set/no_gender/Bangla_test/voices/00080.wav,16000,1,16,5.72
dev/no_gender,Bangla,,dev_set/no_gender/Bangla_test/voices/00085.wav,16000,1,16,5.0
dev/no_gender,Bangla,,dev_set/no_gender/Bangla_test/voices/00086.wav,16000,1,16,10.6
dev/no_gender,Bangla,,dev_set/no_gender/Bangla_test/voices/00087.wav,16000,1,16,3.76
dev/no_gender,Bangla,,dev_set/no_gender/Bangla_test/voices/00088.wav,16000,1,16,10.72
dev/no_gender,Bangla,,dev_set/no_gender/Bangla_test/voices/00092.wav,16000,1,16,3.68
dev/no_gender,Bangla,,dev_set/no_gender/Bangla_test/voices/00096.wav,16000,1,16,8.08
dev/no_gender,Bangla,,dev_set/no_gender/Bangla_test/voices/00097.wav,16000,1,16,6.52
dev/no_gender,Bangla,,dev_set/no_gender/Bangla_test/voices/00098.wav,16000,1,16,4.28
dev/no_gender,Bangla,,dev_set/no_gender/Bangla_test/voices/00101.wav,16000,1,16,4.6
dev/no_gender,Bangla,,dev_set/no_gender/Bangla_test/voices/00103.wav,16000,1,16,2.8
dev/no_gender,Bangla,,dev_set/no_gender/Bangla_test/voices/00104.wav,16000,1,16,7.76
dev/no_gender,Bangla,,dev_set/no_gender/Bangla_test/voices/00110.wav,16000,1,16,3.04
dev/no_gender,Bangla,,dev_set/no_gender/Bangla_test/voices/00113.wav,16000,1,16,6.48
dev/no_gender,Bangla,,dev_set/no_gender/Bangla_test/voices/00115.wav,16000,1,16,5.2
dev/no_gender,Bangla,,dev_set/no_gender/Bangla_test/voices/00117.wav,16000,1,16,4.24
dev/no_gender,Bangla,,dev_set/no_gender/Bangla_test/voices/00118.wav,16000,1,16,5.96
dev/no_gender,Bangla,,dev_set/no_gender/Bangla_test/voices/00120.wav,16000,1,16,9.72
dev/no_gender,Bangla,,dev_set/no_gender/Bangla_test/voices/00121.wav,16000,1,16,11.52
dev/no_gender,Bangla,,dev_set/no_gender/Bangla_test/voices/00123.wav,16000,1,16,2.32
dev/no_gender,Bangla,,dev_set/no_gender/Bangla_test/voices/00125.wav,16000,1,16,8.44
dev/no_gender,Bangla,,dev_set/no_gender/Bangla_test/voices/00129.wav,16000,1,16,2.04
dev/no_gender,Bangla,,dev_set/no_gender/Bangla_test/voices/00131.wav,16000,1,16,3.56
dev/no_gender,Bangla,,dev_set/no_gender/Bangla_test/voices/00136.wav,16000,1,16,4.0
dev/no_gender,Bangla,,dev_set/no_gender/Bangla_test/voices/00137.wav,16000,1,16,6.32
dev/no_gender,Bangla,,dev_set/no_gender/Bangla_test/voices/00138.wav,16000,1,16,11.12
dev/no_gender,Bangla,,dev_set/no_gender/Bangla_test/voices/00141.wav,16000,1,16,2.4
dev/no_gender,Bangla,,dev_set/no_gender/Bangla_test/voices/00142.wav,16000,1,16,5.44
dev/no_gender,Bangla,,dev_set/no_gender/Bangla_test/voices/00145.wav,16000,1,16,13.32
dev/no_gender,Bangla,,dev_set/no_gender/Bangla_test/voices/00146.wav,16000,1,16,2.8
dev/no_gender,Bangla,,dev_set/no_gender/Bangla_test/voices/00147.wav,16000,1,16,14.2
dev/no_gender,Bangla,,dev_set/no_gender/Bangla_test/voices/00148.wav,16000,1,16,3.68
dev/no_gender,Bangla,,dev_set/no_gender/Bangla_test/voices/00151.wav,16000,1,16,4.32
dev/no_gender,Bangla,,dev_set/no_gender/Bangla_test/voices/00152.wav,16000,1,16,4.12
dev/no_gender,Bangla,,dev_set/no_gender/Bangla_test/voices/00154.wav,16000,1,16,2.76
dev/no_gender,Bangla,,dev_set/no_gender/Bangla_test/voices/00156.wav,16000,1,16,2.64
dev/no_gender,Bangla,,dev_set/no_gender/Bangla_test/voices/00157.wav,16000,1,16,11.96
dev/no_gender,Bangla,,dev_set/no_gender/Bangla_test/voices/00162.wav,16000,1,16,8.2
dev/no_gender,Bangla,,dev_set/no_gender/Bangla_test/voices/00163.wav,16000,1,16,16.4
dev/no_gender,Bangla,,dev_set/no_gender/Bangla_test/voices/00164.wav,16000,1,16,4.44
dev/no_gender,Bangla,,dev_set/no_gender/Bangla_test/voices/00165.wav,16000,1,16,2.72
dev/no_gender,Bangla,,dev_set/no_gender/Bangla_test/voices/00168.wav,16000,1,16,2.2
dev/no_gender,Bangla,,dev_set/no_gender/Bangla_test/voices/00169.wav,16000,1,16,2.56
dev/no_gender,Bangla,,dev_set/no_gender/Bangla_test/voices/00171.wav,16000,1,16,6.0
dev/no_gender,Bangla,,dev_set/no_gender/Bangla_test/voices/00172.wav,16000,1,16,3.44
dev/no_gender,Bangla,,dev_set/no_gender/Bangla_test/voices/00173.wav,16000,1,16,15.64
dev/no_gender,Bangla,,dev_set/no_gender/Bangla_test/voices/00177.wav,16000,1,16,7.32
dev/no_gender,Bangla,,dev_set/no_gender/Bangla_test/voices/00178.wav,16000,1,16,6.68
dev/no_gender,Bangla,,dev_set/no_gender/Bangla_test/voices/00179.wav,16000,1,16,4.68
dev/no_gender,Bangla,,dev_set/no_gender/Bangla_test/voices/00180.wav,16000,1,16,3.0
dev/no_gender,Bangla,,dev_set/no_gender/Bangla_test/voices/00182.wav,16000,1,16,6.6
dev/no_gender,Bangla,,dev_set/no_gender/Bangla_test/voices/00183.wav,16000,1,16,43.92
dev/no_gender,Bangla,,dev_set/no_gender/Bangla_test/voices/00184.wav,16000,1,16,9.2
dev/no_gender,Bangla,,dev_set/no_gender/Bangla_test/voices/00187.wav,16000,1,16,12.84
dev/no_gender,Bangla,,dev_set/no_gender/Bangla_test/voices/00188.wav,16000,1,16,7.88
dev/no_gender,Bangla,,dev_set/no_gender/Bangla_test/voices/00189.wav,16000,1,16,7.44
dev/no_gender,Bangla,,dev_set/no_gender/Bangla_test/voices/00190.wav,16000,1,16,10.72
dev/no_gender,Bangla,,dev_set/no_gender/Bangla_test/voices/00191.wav,16000,1,16,6.56
dev/no_gender,Bangla,,dev_set/no_gender/Bangla_test/voices/00193.wav,16000,1,16,2.84
dev/no_gender,Bangla,,dev_set/no_gender/Bangla_test/voices/00194.wav,16000,1,16,15.84
dev/no_gender,Bangla,,dev_set/no_gender/Bangla_test/voices/00195.wav,16000,1,16,11.04
dev/no_gender,Bangla,,dev_set/no_gender/Bangla_test/voices/00199.wav,16000,1,16,4.4
dev/no_gender,Bangla,,dev_set/no_gender/Bangla_test/voices/00200.wav,16000,1,16,2.0
dev/no_gender,Bangla,,dev_set/no_gender/Bangla_test/voices/00201.wav,16000,1,16,3.92
dev/no_gender,Bangla,,dev_set/no_gender/Bangla_test/voices/00202.wav,16000,1,16,5.76
dev/no_gender,Bangla,,dev_set/no_gender/Bangla_test/voices/00203.wav,16000,1,16,7.92
dev/no_gender,Bangla,,dev_set/no_gender/Bangla_test/voices/00204.wav,16000,1,16,4.44
dev/no_gender,Bangla,,dev_set/no_gender/Bangla_test/voices/00205.wav,16000,1,16,5.96
dev/no_gender,Bangla,,dev_set/no_gender/Bangla_test/voices/00207.wav,16000,1,16,2.28
dev/no_gender,Bangla,,dev_set/no_gender/Bangla_test/voices/00208.wav,16000,1,16,4.0
dev/no_gender,Bangla,,dev_set/no_gender/Bangla_test/voices/00210.wav,16000,1,16,4.52
dev/no_gender,Bangla,,dev_set/no_gender/Bangla_test/voices/00212.wav,16000,1,16,3.48
dev/no_gender,Bangla,,dev_set/no_gender/Bangla_test/voices/00213.wav,16000,1,16,6.84
dev/no_gender,Bangla,,dev_set/no_gender/Bangla_test/voices/00215.wav,16000,1,16,2.68
dev/no_gender,Bangla,,dev_set/no_gender/Bangla_test/voices/00217.wav,16000,1,16,7.56
dev/no_gender,Bangla,,dev_set/no_gender/Bangla_test/voices/00222.wav,16000,1,16,5.28
dev/no_gender,Bangla,,dev_set/no_gender/Bangla_test/voices/00224.wav,16000,1,16,2.0
dev/no_gender,Bangla,,dev_set/no_gender/Bangla_test/voices/00225.wav,16000,1,16,3.28
dev/no_gender,Bangla,,dev_set/no_gender/Bangla_test/voices/00230.wav,16000,1,16,5.6
dev/no_gender,Bangla,,dev_set/no_gender/Bangla_test/voices/00232.wav,16000,1,16,3.6
dev/no_gender,Bangla,,dev_set/no_gender/Bangla_test/voices/00236.wav,16000,1,16,6.72
dev/no_gender,Bangla,,dev_set/no_gender/Bangla_test/voices/00238.wav,16000,1,16,2.4
dev/no_gender,Bangla,,dev_set/no_gender/Bangla_test/voices/00239.wav,16000,1,16,6.2
dev/no_gender,Bangla,,dev_set/no_gender/Bangla_test/voices/00246.wav,16000,1,16,2.44
dev/no_gender,Bangla,,dev_set/no_gender/Bangla_test/voices/00247.wav,16000,1,16,2.08
dev/no_gender,Bangla,,dev_set/no_gender/Bangla_test/voices/00248.wav,16000,1,16,13.04
dev/no_gender,Bangla,,dev_set/no_gender/Bangla_test/voices/00250.wav,16000,1,16,3.16
dev/no_gender,Bangla,,dev_set/no_gender/Bangla_test/voices/00253.wav,16000,1,16,9.76
dev/no_gender,Bangla,,dev_set/no_gender/Bangla_test/voices/00255.wav,16000,1,16,8.64
dev/no_gender,Bangla,,dev_set/no_gender/Bangla_test/voices/00259.wav,16000,1,16,19.8
dev/no_gender,Bangla,,dev_set/no_gender/Bangla_test/voices/00260.wav,16000,1,16,2.68
dev/no_gender,Bangla,,dev_set/no_gender/Bangla_test/voices/00262.wav,16000,1,16,4.2
dev/no_gender,Bangla,,dev_set/no_gender/Bangla_test/voices/00263.wav,16000,1,16,2.68
dev/no_gender,Bangla,,dev_set/no_gender/Bangla_test/voices/00273.wav,16000,1,16,4.84
dev/no_gender,Bangla,,dev_set/no_gender/Bangla_test/voices/00275.wav,16000,1,16,4.32
dev/no_gender,Bangla,,dev_set/no_gender/Bangla_test/voices/00277.wav,16000,1,16,11.32
dev/no_gender,Bangla,,dev_set/no_gender/Bangla_test/voices/00278.wav,16000,1,16,5.24
dev/no_gender,Bangla,,dev_set/no_gender/Bangla_test/voices/00282.wav,16000,1,16,4.32
dev/no_gender,Bangla,,dev_set/no_gender/Bangla_test/voices/00284.wav,16000,1,16,6.68
dev/no_gender,Bangla,,dev_set/no_gender/Bangla_test/voices/00285.wav,16000,1,16,3.12
dev/no_gender,Bangla,,dev_set/no_gender/Bangla_test/voices/00289.wav,16000,1,16,7.0
dev/no_gender,Bangla,,dev_set/no_gender/Bangla_test/voices/00291.wav,16000,1,16,5.2
dev/no_gender,Bangla,,dev_set/no_gender/Bangla_test/voices/00294.wav,16000,1,16,10.48
dev/no_gender,Bangla,,dev_set/no_gender/Bangla_test/voices/00295.wav,16000,1,16,4.56
dev/no_gender,Bangla,,dev_set/no_gender/Bangla_test/voices/00296.wav,16000,1,16,2.16
dev/no_gender,Bangla,,dev_set/no_gender/Bangla_test/voices/00297.wav,16000,1,16,6.08
dev/no_gender,Bangla,,dev_set/no_gender/Bangla_test/voices/00299.wav,16000,1,16,2.76
dev/no_gender,Bangla,,dev_set/no_gender/Bangla_test/voices/00301.wav,16000,1,16,13.8
dev/no_gender,Bangla,,dev_set/no_gender/Bangla_test/voices/00302.wav,16000,1,16,3.68
dev/no_gender,Bangla,,dev_set/no_gender/Bangla_test/voices/00304.wav,16000,1,16,4.2
dev/no_gender,Bangla,,dev_set/no_gender/Bangla_test/voices/00305.wav,16000,1,16,2.48
dev/no_gender,Bangla,,dev_set/no_gender/Bangla_test/voices/00309.wav,16000,1,16,7.6
dev/no_gender,Bangla,,dev_set/no_gender/Bangla_test/voices/00310.wav,16000,1,16,3.2
dev/no_gender,Bangla,,dev_set/no_gender/Bangla_test/voices/00311.wav,16000,1,16,2.12
dev/no_gender,Bangla,,dev_set/no_gender/Bangla_test/voices/00312.wav,16000,1,16,6.48
dev/no_gender,Bangla,,dev_set/no_gender/Bangla_test/voices/00314.wav,16000,1,16,2.8
dev/no_gender,Bangla,,dev_set/no_gender/Bangla_test/voices/00315.wav,16000,1,16,3.08
dev/no_gender,Bangla,,dev_set/no_gender/Bangla_test/voices/00322.wav,16000,1,16,6.28
dev/no_gender,Bangla,,dev_set/no_gender/Bangla_test/voices/00323.wav,16000,1,16,4.64
dev/no_gender,Bangla,,dev_set/no_gender/Bangla_test/voices/00325.wav,16000,1,16,3.64
dev/no_gender,Bangla,,dev_set/no_gender/Bangla_test/voices/00326.wav,16000,1,16,4.4
dev/no_gender,Bangla,,dev_set/no_gender/Bangla_test/voices/00327.wav,16000,1,16,13.04
dev/no_gender,Bangla,,dev_set/no_gender/Bangla_test/voices/00328.wav,16000,1,16,3.6
dev/no_gender,Bangla,,dev_set/no_gender/Bangla_test/voices/00330.wav,16000,1,16,3.36
dev/no_gender,Bangla,,dev_set/no_gender/Bangla_test/voices/00333.wav,16000,1,16,2.68
dev/no_gender,Bangla,,dev_set/no_gender/Bangla_test/voices/00334.wav,16000,1,16,2.08
dev/no_gender,Bangla,,dev_set/no_gender/Bangla_test/voices/00335.wav,16000,1,16,2.4
dev/no_gender,Bangla,,dev_set/no_gender/Bangla_test/voices/00336.wav,16000,1,16,15.72
dev/no_gender,Bangla,,dev_set/no_gender/Bangla_test/voices/00337.wav,16000,1,16,5.64
dev/no_gender,Bangla,,dev_set/no_gender/Bangla_test/voices/00339.wav,16000,1,16,9.12
dev/no_gender,Bangla,,dev_set/no_gender/Bangla_test/voices/00340.wav,16000,1,16,6.64
dev/no_gender,Bangla,,dev_set/no_gender/Bangla_test/voices/00353.wav,16000,1,16,2.76
dev/no_gender,Bangla,,dev_set/no_gender/Bangla_test/voices/00357.wav,16000,1,16,2.8
dev/no_gender,Bangla,,dev_set/no_gender/Bangla_test/voices/00358.wav,16000,1,16,4.28
dev/no_gender,Bangla,,dev_set/no_gender/Bangla_test/voices/00360.wav,16000,1,16,2.68
dev/no_gender,Bangla,,dev_set/no_gender/Bangla_test/voices/00361.wav,16000,1,16,6.84
dev/no_gender,Bangla,,dev_set/no_gender/Bangla_test/voices/00362.wav,16000,1,16,8.16
dev/no_gender,Bangla,,dev_set/no_gender/Bangla_test/voices/00363.wav,16000,1,16,6.48
dev/no_gender,Bangla,,dev_set/no_gender/Bangla_test/voices/00364.wav,16000,1,16,2.96
dev/no_gender,Bangla,,dev_set/no_gender/Bangla_test/voices/00365.wav,16000,1,16,3.24
dev/no_gender,Bangla,,dev_set/no_gender/Bangla_test/voices/00366.wav,16000,1,16,8.52
dev/no_gender,Bangla,,dev_set/no_gender/Bangla_test/voices/00368.wav,16000,1,16,7.84
dev/no_gender,Bangla,,dev_set/no_gender/Bangla_test/voices/00369.wav,16000,1,16,5.72
dev/no_gender,Bangla,,dev_set/no_gender/Bangla_test/voices/00372.wav,16000,1,16,2.64
dev/no_gender,Bangla,,dev_set/no_gender/Bangla_test/voices/00373.wav,16000,1,16,6.6
dev/no_gender,Bangla,,dev_set/no_gender/Bangla_test/voices/00375.wav,16000,1,16,9.24
dev/no_gender,Bangla,,dev_set/no_gender/Bangla_test/voices/00376.wav,16000,1,16,4.6
dev/no_gender,Bangla,,dev_set/no_gender/Bangla_test/voices/00377.wav,16000,1,16,2.88
dev/no_gender,Bangla,,dev_set/no_gender/Bangla_test/voices/00380.wav,16000,1,16,3.64
dev/no_gender,Bangla,,dev_set/no_gender/Bangla_test/voices/00386.wav,16000,1,16,3.64
dev/no_gender,Bangla,,dev_set/no_gender/Bangla_test/voices/00388.wav,16000,1,16,4.2
dev/no_gender,Bangla,,dev_set/no_gender/Bangla_test/voices/00389.wav,16000,1,16,2.72
dev/no_gender,Bangla,,dev_set/no_gender/Bangla_test/voices/00390.wav,16000,1,16,11.28
dev/no_gender,Bangla,,dev_set/no_gender/Bangla_test/voices/00391.wav,16000,1,16,8.52
dev/no_gender,Bangla,,dev_set/no_gender/Bangla_test/voices/00392.wav,16000,1,16,9.4
dev/no_gender,Bangla,,dev_set/no_gender/Bangla_test/voices/00393.wav,16000,1,16,11.12
dev/no_gender,Bangla,,dev_set/no_gender/Bangla_test/voices/00394.wav,16000,1,16,8.48
dev/no_gender,Bangla,,dev_set/no_gender/Bangla_test/voices/00396.wav,16000,1,16,6.72
dev/no_gender,Bangla,,dev_set/no_gender/Bangla_test/voices/00397.wav,16000,1,16,16.4
dev/no_gender,Bangla,,dev_set/no_gender/Bangla_test/voices/00398.wav,16000,1,16,2.76
dev/no_gender,Bangla,,dev_set/no_gender/Bangla_test/voices/00400.wav,16000,1,16,7.0
dev/no_gender,Bangla,,dev_set/no_gender/Bangla_test/voices/00401.wav,16000,1,16,9.48
dev/no_gender,Bangla,,dev_set/no_gender/Bangla_test/voices/00403.wav,16000,1,16,4.88
dev/no_gender,Bangla,,dev_set/no_gender/Bangla_test/voices/00405.wav,16000,1,16,6.72
dev/no_gender,Bangla,,dev_set/no_gender/Bangla_test/voices/00410.wav,16000,1,16,2.2
dev/no_gender,Bangla,,dev_set/no_gender/Bangla_test/voices/00412.wav,16000,1,16,2.36
dev/no_gender,Bangla,,dev_set/no_gender/Bangla_test/voices/00413.wav,16000,1,16,2.52
dev/no_gender,Bangla,,dev_set/no_gender/Bangla_test/voices/00414.wav,16000,1,16,6.52
dev/no_gender,Bangla,,dev_set/no_gender/Bangla_test/voices/00417.wav,16000,1,16,8.76
dev/no_gender,Bangla,,dev_set/no_gender/Bangla_test/voices/00418.wav,16000,1,16,2.32
dev/no_gender,Bangla,,dev_set/no_gender/Bangla_test/voices/00420.wav,16000,1,16,4.72
dev/no_gender,Bangla,,dev_set/no_gender/Bangla_test/voices/00421.wav,16000,1,16,5.8
dev/no_gender,Bangla,,dev_set/no_gender/Bangla_test/voices/00425.wav,16000,1,16,3.76
dev/no_gender,Bangla,,dev_set/no_gender/Bangla_test/voices/00426.wav,16000,1,16,3.0
dev/no_gender,Bangla,,dev_set/no_gender/Bangla_test/voices/00429.wav,16000,1,16,4.56
dev/no_gender,Bangla,,dev_set/no_gender/Bangla_test/voices/00430.wav,16000,1,16,3.76
dev/no_gender,Bangla,,dev_set/no_gender/Bangla_test/voices/00431.wav,16000,1,16,3.2
dev/no_gender,Bangla,,dev_set/no_gender/Bangla_test/voices/00432.wav,16000,1,16,7.88
dev/no_gender,Bangla,,dev_set/no_gender/Bangla_test/voices/00435.wav,16000,1,16,5.52
dev/no_gender,Bangla,,dev_set/no_gender/Bangla_test/voices/00437.wav,16000,1,16,6.04
dev/no_gender,Bangla,,dev_set/no_gender/Bangla_test/voices/00438.wav,16000,1,16,7.32
dev/no_gender,Bangla,,dev_set/no_gender/Bangla_test/voices/00440.wav,16000,1,16,4.76
dev/no_gender,Bangla,,dev_set/no_gender/Bangla_test/voices/00441.wav,16000,1,16,8.44
dev/no_gender,Bangla,,dev_set/no_gender/Bangla_test/voices/00443.wav,16000,1,16,4.0
dev/no_gender,Bangla,,dev_set/no_gender/Bangla_test/voices/00445.wav,16000,1,16,8.08
dev/no_gender,Bangla,,dev_set/no_gender/Bangla_test/voices/00447.wav,16000,1,16,4.56
dev/no_gender,Bangla,,dev_set/no_gender/Bangla_test/voices/00448.wav,16000,1,16,2.92
dev/no_gender,Bangla,,dev_set/no_gender/Bangla_test/voices/00449.wav,16000,1,16,2.4
dev/no_gender,Bangla,,dev_set/no_gender/Bangla_test/voices/00450.wav,16000,1,16,12.92
dev/no_gender,Bangla,,dev_set/no_gender/Bangla_test/voices/00451.wav,16000,1,16,2.08
dev/no_gender,Bangla,,dev_set/no_gender/Bangla_test/voices/00452.wav,16000,1,16,8.16
dev/no_gender,Bangla,,dev_set/no_gender/Bangla_test/voices/00453.wav,16000,1,16,2.08
dev/no_gender,Bangla,,dev_set/no_gender/Bangla_test/voices/00455.wav,16000,1,16,2.68
dev/no_gender,Bangla,,dev_set/no_gender/Bangla_test/voices/00459.wav,16000,1,16,3.44
dev/no_gender,Bangla,,dev_set/no_gender/Bangla_test/voices/00466.wav,16000,1,16,3.04
dev/no_gender,Bangla,,dev_set/no_gender/Bangla_test/voices/00467.wav,16000,1,16,7.56
dev/no_gender,Bangla,,dev_set/no_gender/Bangla_test/voices/00468.wav,16000,1,16,18.2
dev/no_gender,Bangla,,dev_set/no_gender/Bangla_test/voices/00469.wav,16000,1,16,2.0
dev/no_gender,Bangla,,dev_set/no_gender/Bangla_test/voices/00471.wav,16000,1,16,6.52
dev/no_gender,Bangla,,dev_set/no_gender/Bangla_test/voices/00473.wav,16000,1,16,2.32
dev/no_gender,Bangla,,dev_set/no_gender/Bangla_test/voices/00474.wav,16000,1,16,2.08
dev/no_gender,Bangla,,dev_set/no_gender/Bangla_test/voices/00478.wav,16000,1,16,7.08
dev/no_gender,Bangla,,dev_set/no_gender/Bangla_test/voices/00479.wav,16000,1,16,2.92
dev/no_gender,Bangla,,dev_set/no_gender/Bangla_test/voices/00480.wav,16000,1,16,6.04
dev/no_gender,Bangla,,dev_set/no_gender/Bangla_test/voices/00485.wav,16000,1,16,6.8
dev/no_gender,Bangla,,dev_set/no_gender/Bangla_test/voices/00486.wav,16000,1,16,9.44
dev/no_gender,Bangla,,dev_set/no_gender/Bangla_test/voices/00488.wav,16000,1,16,14.8
dev/no_gender,Bangla,,dev_set/no_gender/Bangla_test/voices/00490.wav,16000,1,16,7.32
dev/no_gender,Bangla,,dev_set/no_gender/Bangla_test/voices/00491.wav,16000,1,16,3.68
dev/no_gender,Bangla,,dev_set/no_gender/Bangla_test/voices/00492.wav,16000,1,16,12.76
dev/no_gender,Bangla,,dev_set/no_gender/Bangla_test/voices/00493.wav,16000,1,16,2.2
dev/no_gender,Bangla,,dev_set/no_gender/Bangla_test/voices/00494.wav,16000,1,16,4.24
dev/no_gender,Bangla,,dev_set/no_gender/Bangla_test/voices/00495.wav,16000,1,16,3.28
dev/no_gender,Bangla,,dev_set/no_gender/Bangla_test/voices/00496.wav,16000,1,16,4.96
dev/no_gender,Bangla,,dev_set/no_gender/Bangla_test/voices/00498.wav,16000,1,16,4.28
dev/no_gender,Bangla,,dev_set/no_gender/Bangla_test/voices/00502.wav,16000,1,16,2.2
dev/no_gender,Bangla,,dev_set/no_gender/Bangla_test/voices/00504.wav,16000,1,16,9.76
dev/no_gender,Bangla,,dev_set/no_gender/Bangla_test/voices/00505.wav,16000,1,16,4.04
dev/no_gender,Bangla,,dev_set/no_gender/Bangla_test/voices/00506.wav,16000,1,16,6.28
dev/no_gender,Bangla,,dev_set/no_gender/Bangla_test/voices/00507.wav,16000,1,16,7.88
dev/no_gender,Bangla,,dev_set/no_gender/Bangla_test/voices/00509.wav,16000,1,16,4.44
dev/no_gender,Bangla,,dev_set/no_gender/Bangla_test/voices/00512.wav,16000,1,16,4.28
dev/no_gender,Bangla,,dev_set/no_gender/Bangla_test/voices/00515.wav,16000,1,16,4.28
dev/no_gender,Bangla,,dev_set/no_gender/Bangla_test/voices/00516.wav,16000,1,16,11.8
dev/no_gender,Bangla,,dev_set/no_gender/Bangla_test/voices/00517.wav,16000,1,16,6.44
dev/no_gender,Bangla,,dev_set/no_gender/Bangla_test/voices/00518.wav,16000,1,16,4.36
dev/no_gender,Bangla,,dev_set/no_gender/Bangla_test/voices/00520.wav,16000,1,16,2.32
dev/no_gender,Bangla,,dev_set/no_gender/Bangla_test/voices/00522.wav,16000,1,16,2.24
dev/no_gender,Bangla,,dev_set/no_gender/Bangla_test/voices/00523.wav,16000,1,16,2.08
dev/no_gender,Bangla,,dev_set/no_gender/Bangla_test/voices/00525.wav,16000,1,16,2.48
dev/no_gender,Bangla,,dev_set/no_gender/Bangla_test/voices/00526.wav,16000,1,16,4.08
dev/no_gender,Bangla,,dev_set/no_gender/Bangla_test/voices/00529.wav,16000,1,16,2.76
dev/no_gender,Bangla,,dev_set/no_gender/Bangla_test/voices/00530.wav,16000,1,16,2.68
dev/no_gender,Bangla,,dev_set/no_gender/Bangla_test/voices/00532.wav,16000,1,16,2.16
dev/no_gender,Bangla,,dev_set/no_gender/Bangla_test/voices/00533.wav,16000,1,16,3.2
dev/no_gender,Bangla,,dev_set/no_gender/Bangla_test/voices/00534.wav,16000,1,16,2.72
dev/no_gender,Bangla,,dev_set/no_gender/Bangla_test/voices/00542.wav,16000,1,16,3.28
dev/no_gender,Bangla,,dev_set/no_gender/Bangla_test/voices/00544.wav,16000,1,16,2.36
dev/no_gender,Bangla,,dev_set/no_gender/Bangla_test/voices/00545.wav,16000,1,16,3.08
dev/no_gender,Bangla,,dev_set/no_gender/Bangla_test/voices/00547.wav,16000,1,16,4.04
dev/no_gender,Bangla,,dev_set/no_gender/Bangla_test/voices/00548.wav,16000,1,16,7.4
dev/no_gender,Bangla,,dev_set/no_gender/Bangla_test/voices/00549.wav,16000,1,16,9.04
dev/no_gender,Bangla,,dev_set/no_gender/Bangla_test/voices/00550.wav,16000,1,16,3.72
dev/no_gender,Bangla,,dev_set/no_gender/Bangla_test/voices/00554.wav,16000,1,16,9.0
dev/no_gender,Bangla,,dev_set/no_gender/Bangla_test/voices/00555.wav,16000,1,16,5.28
dev/no_gender,Bangla,,dev_set/no_gender/Bangla_test/voices/00556.wav,16000,1,16,5.08
dev/no_gender,Bangla,,dev_set/no_gender/Bangla_test/voices/00557.wav,16000,1,16,5.08
dev/no_gender,Bangla,,dev_set/no_gender/Bangla_test/voices/00560.wav,16000,1,16,12.48
dev/no_gender,Bangla,,dev_set/no_gender/Bangla_test/voices/00563.wav,16000,1,16,3.4
dev/no_gender,Bangla,,dev_set/no_gender/Bangla_test/voices/00566.wav,16000,1,16,2.56
dev/no_gender,Bangla,,dev_set/no_gender/Bangla_test/voices/00568.wav,16000,1,16,4.56
dev/no_gender,Bangla,,dev_set/no_gender/Bangla_test/voices/00570.wav,16000,1,16,4.88
dev/no_gender,Bangla,,dev_set/no_gender/Bangla_test/voices/00572.wav,16000,1,16,8.2
dev/no_gender,Bangla,,dev_set/no_gender/Bangla_test/voices/00573.wav,16000,1,16,4.0
dev/no_gender,Bangla,,dev_set/no_gender/Bangla_test/voices/00575.wav,16000,1,16,5.48
dev/no_gender,Bangla,,dev_set/no_gender/Bangla_test/voices/00576.wav,16000,1,16,5.8
dev/no_gender,Bangla,,dev_set/no_gender/Bangla_test/voices/00579.wav,16000,1,16,2.68
dev/no_gender,Bangla,,dev_set/no_gender/Bangla_test/voices/00580.wav,16000,1,16,2.68
dev/no_gender,Bangla,,dev_set/no_gender/Bangla_test/voices/00581.wav,16000,1,16,2.72
dev/no_gender,Bangla,,dev_set/no_gender/Bangla_test/voices/00582.wav,16000,1,16,6.32
dev/no_gender,Bangla,,dev_set/no_gender/Bangla_test/voices/00587.wav,16000,1,16,2.44
dev/no_gender,Bangla,,dev_set/no_gender/Bangla_test/voices/00588.wav,16000,1,16,19.8
dev/no_gender,Bangla,,dev_set/no_gender/Bangla_test/voices/00589.wav,16000,1,16,11.24
dev/no_gender,Bangla,,dev_set/no_gender/Bangla_test/voices/00590.wav,16000,1,16,6.36
dev/no_gender,Bangla,,dev_set/no_gender/Bangla_test/voices/00591.wav,16000,1,16,6.92
dev/no_gender,Bangla,,dev_set/no_gender/Bangla_test/voices/00592.wav,16000,1,16,4.04
dev/no_gender,Bangla,,dev_set/no_gender/Bangla_test/voices/00593.wav,16000,1,16,5.04
dev/no_gender,Bangla,,dev_set/no_gender/Bangla_test/voices/00595.wav,16000,1,16,6.44
dev/no_gender,Bangla,,dev_set/no_gender/Bangla_test/voices/00600.wav,16000,1,16,2.16
dev/no_gender,Bangla,,dev_set/no_gender/Bangla_test/voices/00604.wav,16000,1,16,2.52
dev/no_gender,Bangla,,dev_set/no_gender/Bangla_test/voices/00605.wav,16000,1,16,2.72
dev/no_gender,Bangla,,dev_set/no_gender/Bangla_test/voices/00606.wav,16000,1,16,3.24
dev/no_gender,Bangla,,dev_set/no_gender/Bangla_test/voices/00607.wav,16000,1,16,2.12
dev/no_gender,Bangla,,dev_set/no_gender/Bangla_test/voices/00608.wav,16000,1,16,7.0
dev/no_gender,Bangla,,dev_set/no_gender/Bangla_test/voices/00612.wav,16000,1,16,12.48
dev/no_gender,Bangla,,dev_set/no_gender/Bangla_test/voices/00613.wav,16000,1,16,10.84
dev/no_gender,Bangla,,dev_set/no_gender/Bangla_test/voices/00614.wav,16000,1,16,2.48
dev/no_gender,Bangla,,dev_set/no_gender/Bangla_test/voices/00621.wav,16000,1,16,6.92
dev/no_gender,Bangla,,dev_set/no_gender/Bangla_test/voices/00625.wav,16000,1,16,3.92
dev/no_gender,Bangla,,dev_set/no_gender/Bangla_test/voices/00626.wav,16000,1,16,2.76
dev/no_gender,Bangla,,dev_set/no_gender/Bangla_test/voices/00627.wav,16000,1,16,5.68
dev/no_gender,Bangla,,dev_set/no_gender/Bangla_test/voices/00631.wav,16000,1,16,6.72
dev/no_gender,Bangla,,dev_set/no_gender/Bangla_test/voices/00634.wav,16000,1,16,6.2
dev/no_gender,Bangla,,dev_set/no_gender/Bangla_test/voices/00636.wav,16000,1,16,5.6
dev/no_gender,Bangla,,dev_set/no_gender/Bangla_test/voices/00638.wav,16000,1,16,11.76
dev/no_gender,Bangla,,dev_set/no_gender/Bangla_test/voices/00642.wav,16000,1,16,6.52
dev/no_gender,Bangla,,dev_set/no_gender/Bangla_test/voices/00646.wav,16000,1,16,2.08
dev/no_gender,Bangla,,dev_set/no_gender/Bangla_test/voices/00647.wav,16000,1,16,7.88
dev/no_gender,Bangla,,dev_set/no_gender/Bangla_test/voices/00648.wav,16000,1,16,3.72
dev/no_gender,Bangla,,dev_set/no_gender/Bangla_test/voices/00649.wav,16000,1,16,6.6
dev/no_gender,Bangla,,dev_set/no_gender/Bangla_test/voices/00650.wav,16000,1,16,5.12
dev/no_gender,Bangla,,dev_set/no_gender/Bangla_test/voices/00652.wav,16000,1,16,4.32
dev/no_gender,Bangla,,dev_set/no_gender/Bangla_test/voices/00654.wav,16000,1,16,6.72
dev/no_gender,Bangla,,dev_set/no_gender/Bangla_test/voices/00657.wav,16000,1,16,5.64
dev/no_gender,Bangla,,dev_set/no_gender/Bangla_test/voices/00664.wav,16000,1,16,2.16
dev/no_gender,Bangla,,dev_set/no_gender/Bangla_test/voices/00668.wav,16000,1,16,4.72
dev/no_gender,Bangla,,dev_set/no_gender/Bangla_test/voices/00673.wav,16000,1,16,7.92
dev/no_gender,Bangla,,dev_set/no_gender/Bangla_test/voices/00674.wav,16000,1,16,20.28
dev/no_gender,Bangla,,dev_set/no_gender/Bangla_test/voices/00677.wav,16000,1,16,3.0
dev/no_gender,Bangla,,dev_set/no_gender/Bangla_test/voices/00681.wav,16000,1,16,5.48
dev/no_gender,Bangla,,dev_set/no_gender/Bangla_test/voices/00686.wav,16000,1,16,4.04
dev/no_gender,Bangla,,dev_set/no_gender/Bangla_test/voices/00687.wav,16000,1,16,3.32
dev/no_gender,Bangla,,dev_set/no_gender/Bangla_test/voices/00690.wav,16000,1,16,3.12
dev/no_gender,Bangla,,dev_set/no_gender/Bangla_test/voices/00691.wav,16000,1,16,3.12
dev/no_gender,Bangla,,dev_set/no_gender/Bangla_test/voices/00693.wav,16000,1,16,2.2
dev/no_gender,Bangla,,dev_set/no_gender/Bangla_test/voices/00695.wav,16000,1,16,11.24
dev/no_gender,Bangla,,dev_set/no_gender/Bangla_test/voices/00697.wav,16000,1,16,5.32
dev/no_gender,Bangla,,dev_set/no_gender/Bangla_test/voices/00698.wav,16000,1,16,2.32
dev/no_gender,Bangla,,dev_set/no_gender/Bangla_test/voices/00699.wav,16000,1,16,6.48
dev/no_gender,Bangla,,dev_set/no_gender/Bangla_test/voices/00702.wav,16000,1,16,10.12
dev/no_gender,Bangla,,dev_set/no_gender/Bangla_test/voices/00703.wav,16000,1,16,2.96
dev/no_gender,Bangla,,dev_set/no_gender/Bangla_test/voices/00704.wav,16000,1,16,2.96
dev/no_gender,Bangla,,dev_set/no_gender/Bangla_test/voices/00706.wav,16000,1,16,5.0
dev/no_gender,Bangla,,dev_set/no_gender/Bangla_test/voices/00707.wav,16000,1,16,2.84
dev/no_gender,Bangla,,dev_set/no_gender/Bangla_test/voices/00708.wav,16000,1,16,2.08
dev/no_gender,Bangla,,dev_set/no_gender/Bangla_test/voices/00711.wav,16000,1,16,2.64
dev/no_gender,Bangla,,dev_set/no_gender/Bangla_test/voices/00713.wav,16000,1,16,5.96
dev/no_gender,Bangla,,dev_set/no_gender/Bangla_test/voices/00716.wav,16000,1,16,4.56
dev/no_gender,Bangla,,dev_set/no_gender/Bangla_test/voices/00718.wav,16000,1,16,6.68
dev/no_gender,Bangla,,dev_set/no_gender/Bangla_test/voices/00720.wav,16000,1,16,9.08
dev/no_gender,Bangla,,dev_set/no_gender/Bangla_test/voices/00721.wav,16000,1,16,3.04
dev/no_gender,Bangla,,dev_set/no_gender/Bangla_test/voices/00722.wav,16000,1,16,5.24
dev/no_gender,Bangla,,dev_set/no_gender/Bangla_test/voices/00724.wav,16000,1,16,2.92
dev/no_gender,Bangla,,dev_set/no_gender/Bangla_test/voices/00725.wav,16000,1,16,4.4
dev/no_gender,Bangla,,dev_set/no_gender/Bangla_test/voices/00726.wav,16000,1,16,7.92
dev/no_gender,Bangla,,dev_set/no_gender/Bangla_test/voices/00728.wav,16000,1,16,4.96
dev/no_gender,Bangla,,dev_set/no_gender/Bangla_test/voices/00730.wav,16000,1,16,8.96
dev/no_gender,Bangla,,dev_set/no_gender/Bangla_test/voices/00732.wav,16000,1,16,2.8
dev/no_gender,Bangla,,dev_set/no_gender/Bangla_test/voices/00733.wav,16000,1,16,2.6
dev/no_gender,Bangla,,dev_set/no_gender/Bangla_test/voices/00734.wav,16000,1,16,7.12
dev/no_gender,Bangla,,dev_set/no_gender/Bangla_test/voices/00736.wav,16000,1,16,2.8
dev/no_gender,Bangla,,dev_set/no_gender/Bangla_test/voices/00738.wav,16000,1,16,2.52
dev/no_gender,Bangla,,dev_set/no_gender/Bangla_test/voices/00741.wav,16000,1,16,6.76
dev/no_gender,Bangla,,dev_set/no_gender/Bangla_test/voices/00742.wav,16000,1,16,5.96
dev/no_gender,Bangla,,dev_set/no_gender/Bangla_test/voices/00743.wav,16000,1,16,4.0
dev/no_gender,Bangla,,dev_set/no_gender/Bangla_test/voices/00744.wav,16000,1,16,8.16
dev/no_gender,Bangla,,dev_set/no_gender/Bangla_test/voices/00746.wav,16000,1,16,3.0
dev/no_gender,Bangla,,dev_set/no_gender/Bangla_test/voices/00748.wav,16000,1,16,6.8
dev/no_gender,Bangla,,dev_set/no_gender/Bangla_test/voices/00750.wav,16000,1,16,10.84
dev/no_gender,Bangla,,dev_set/no_gender/Bangla_test/voices/00751.wav,16000,1,16,3.0
dev/no_gender,Bangla,,dev_set/no_gender/Bangla_test/voices/00752.wav,16000,1,16,9.64
dev/no_gender,Bangla,,dev_set/no_gender/Bangla_test/voices/00757.wav,16000,1,16,3.08
dev/no_gender,Bangla,,dev_set/no_gender/Bangla_test/voices/00758.wav,16000,1,16,4.76
dev/no_gender,Bangla,,dev_set/no_gender/Bangla_test/voices/00762.wav,16000,1,16,18.56
dev/no_gender,Bangla,,dev_set/no_gender/Bangla_test/voices/00766.wav,16000,1,16,7.48
dev/no_gender,Bangla,,dev_set/no_gender/Bangla_test/voices/00768.wav,16000,1,16,4.04
dev/no_gender,Bangla,,dev_set/no_gender/Bangla_test/voices/00769.wav,16000,1,16,2.56
dev/no_gender,Bangla,,dev_set/no_gender/Bangla_test/voices/00772.wav,16000,1,16,7.48
dev/no_gender,Bangla,,dev_set/no_gender/Bangla_test/voices/00773.wav,16000,1,16,3.68
dev/no_gender,Bangla,,dev_set/no_gender/Bangla_test/voices/00774.wav,16000,1,16,3.04
dev/no_gender,Bangla,,dev_set/no_gender/Bangla_test/voices/00777.wav,16000,1,16,10.44
dev/no_gender,Bangla,,dev_set/no_gender/Bangla_test/voices/00778.wav,16000,1,16,7.12
dev/no_gender,Bangla,,dev_set/no_gender/Bangla_test/voices/00779.wav,16000,1,16,6.08
dev/no_gender,Bangla,,dev_set/no_gender/Bangla_test/voices/00780.wav,16000,1,16,3.24
dev/no_gender,Bangla,,dev_set/no_gender/Bangla_test/voices/00781.wav,16000,1,16,12.16
dev/no_gender,Bangla,,dev_set/no_gender/Bangla_test/voices/00782.wav,16000,1,16,2.2
dev/no_gender,Bangla,,dev_set/no_gender/Bangla_test/voices/00784.wav,16000,1,16,9.64
dev/no_gender,Bangla,,dev_set/no_gender/Bangla_test/voices/00785.wav,16000,1,16,4.0
dev/no_gender,Bangla,,dev_set/no_gender/Bangla_test/voices/00786.wav,16000,1,16,8.2
dev/no_gender,Bangla,,dev_set/no_gender/Bangla_test/voices/00787.wav,16000,1,16,6.76
dev/no_gender,Bangla,,dev_set/no_gender/Bangla_test/voices/00788.wav,16000,1,16,3.52
dev/no_gender,Bangla,,dev_set/no_gender/Bangla_test/voices/00791.wav,16000,1,16,4.2
dev/no_gender,Bangla,,dev_set/no_gender/Bangla_test/voices/00792.wav,16000,1,16,3.36
dev/no_gender,Bangla,,dev_set/no_gender/Bangla_test/voices/00793.wav,16000,1,16,2.8
dev/no_gender,Bangla,,dev_set/no_gender/Bangla_test/voices/00794.wav,16000,1,16,4.24
dev/no_gender,Bangla,,dev_set/no_gender/Bangla_test/voices/00795.wav,16000,1,16,10.44
dev/no_gender,Bangla,,dev_set/no_gender/Bangla_test/voices/00796.wav,16000,1,16,3.48
dev/no_gender,Bangla,,dev_set/no_gender/Bangla_test/voices/00797.wav,16000,1,16,8.32
dev/no_gender,Bangla,,dev_set/no_gender/Bangla_test/voices/00799.wav,16000,1,16,3.4
dev/no_gender,Bangla,,dev_set/no_gender/Bangla_test/voices/00800.wav,16000,1,16,8.36
dev/no_gender,Bangla,,dev_set/no_gender/Bangla_test/voices/00801.wav,16000,1,16,15.48
dev/no_gender,Bangla,,dev_set/no_gender/Bangla_test/voices/00802.wav,16000,1,16,6.44
dev/no_gender,Bangla,,dev_set/no_gender/Bangla_test/voices/00804.wav,16000,1,16,6.6
dev/no_gender,Bangla,,dev_set/no_gender/Bangla_test/voices/00805.wav,16000,1,16,6.12
dev/no_gender,Bangla,,dev_set/no_gender/Bangla_test/voices/00806.wav,16000,1,16,7.32
dev/no_gender,Bangla,,dev_set/no_gender/Bangla_test/voices/00808.wav,16000,1,16,5.52
dev/no_gender,Bangla,,dev_set/no_gender/Bangla_test/voices/00810.wav,16000,1,16,3.44
dev/no_gender,Bangla,,dev_set/no_gender/Bangla_test/voices/00813.wav,16000,1,16,3.48
dev/no_gender,Bangla,,dev_set/no_gender/Bangla_test/voices/00815.wav,16000,1,16,3.68
dev/no_gender,Bangla,,dev_set/no_gender/Bangla_test/voices/00816.wav,16000,1,16,8.32
dev/no_gender,Bangla,,dev_set/no_gender/Bangla_test/voices/00819.wav,16000,1,16,2.56
dev/no_gender,Bangla,,dev_set/no_gender/Bangla_test/voices/00821.wav,16000,1,16,7.6
dev/no_gender,Bangla,,dev_set/no_gender/Bangla_test/voices/00822.wav,16000,1,16,8.2
dev/no_gender,Bangla,,dev_set/no_gender/Bangla_test/voices/00823.wav,16000,1,16,5.12
dev/no_gender,Bangla,,dev_set/no_gender/Bangla_test/voices/00824.wav,16000,1,16,5.64
dev/no_gender,Bangla,,dev_set/no_gender/Bangla_test/voices/00826.wav,16000,1,16,2.2
dev/no_gender,Bangla,,dev_set/no_gender/Bangla_test/voices/00827.wav,16000,1,16,11.56
dev/no_gender,Bangla,,dev_set/no_gender/Bangla_test/voices/00830.wav,16000,1,16,5.48
dev/no_gender,Bangla,,dev_set/no_gender/Bangla_test/voices/00831.wav,16000,1,16,6.68
dev/no_gender,Bangla,,dev_set/no_gender/Bangla_test/voices/00833.wav,16000,1,16,6.2
dev/no_gender,Bangla,,dev_set/no_gender/Bangla_test/voices/00835.wav,16000,1,16,6.4
dev/no_gender,Bangla,,dev_set/no_gender/Bangla_test/voices/00836.wav,16000,1,16,3.68
dev/no_gender,Bangla,,dev_set/no_gender/Bangla_test/voices/00838.wav,16000,1,16,5.08
dev/no_gender,Bangla,,dev_set/no_gender/Bangla_test/voices/00843.wav,16000,1,16,3.08
dev/no_gender,Bangla,,dev_set/no_gender/Bangla_test/voices/00845.wav,16000,1,16,2.16
dev/no_gender,Bangla,,dev_set/no_gender/Bangla_test/voices/00848.wav,16000,1,16,12.0
dev/no_gender,Bangla,,dev_set/no_gender/Bangla_test/voices/00850.wav,16000,1,16,2.6
dev/no_gender,Bangla,,dev_set/no_gender/Bangla_test/voices/00852.wav,16000,1,16,2.92
dev/no_gender,Bangla,,dev_set/no_gender/Bangla_test/voices/00853.wav,16000,1,16,10.12
dev/no_gender,Bangla,,dev_set/no_gender/Bangla_test/voices/00855.wav,16000,1,16,9.92
dev/no_gender,Bangla,,dev_set/no_gender/Bangla_test/voices/00856.wav,16000,1,16,7.16
dev/no_gender,Bangla,,dev_set/no_gender/Bangla_test/voices/00858.wav,16000,1,16,4.08
dev/no_gender,Bangla,,dev_set/no_gender/Bangla_test/voices/00861.wav,16000,1,16,2.72
dev/no_gender,Bangla,,dev_set/no_gender/Bangla_test/voices/00862.wav,16000,1,16,7.6
dev/no_gender,Bangla,,dev_set/no_gender/Bangla_test/voices/00865.wav,16000,1,16,2.68
dev/no_gender,Bangla,,dev_set/no_gender/Bangla_test/voices/00867.wav,16000,1,16,8.84
dev/no_gender,Bangla,,dev_set/no_gender/Bangla_test/voices/00868.wav,16000,1,16,2.08
dev/no_gender,Bangla,,dev_set/no_gender/Bangla_test/voices/00869.wav,16000,1,16,14.68
dev/no_gender,Bangla,,dev_set/no_gender/Bangla_test/voices/00870.wav,16000,1,16,5.2
dev/no_gender,Bangla,,dev_set/no_gender/Bangla_test/voices/00871.wav,16000,1,16,14.68
dev/no_gender,Bangla,,dev_set/no_gender/Bangla_test/voices/00872.wav,16000,1,16,3.28
dev/no_gender,Bangla,,dev_set/no_gender/Bangla_test/voices/00873.wav,16000,1,16,2.4
dev/no_gender,Bangla,,dev_set/no_gender/Bangla_test/voices/00877.wav,16000,1,16,8.88
dev/no_gender,Bangla,,dev_set/no_gender/Bangla_test/voices/00879.wav,16000,1,16,5.84
dev/no_gender,Bangla,,dev_set/no_gender/Bangla_test/voices/00884.wav,16000,1,16,8.2
dev/no_gender,Bangla,,dev_set/no_gender/Bangla_test/voices/00887.wav,16000,1,16,5.32
dev/no_gender,Bangla,,dev_set/no_gender/Bangla_test/voices/00889.wav,16000,1,16,7.92
dev/no_gender,Bangla,,dev_set/no_gender/Bangla_test/voices/00890.wav,16000,1,16,2.36
dev/no_gender,Bangla,,dev_set/no_gender/Bangla_test/voices/00894.wav,16000,1,16,2.72
dev/no_gender,Bangla,,dev_set/no_gender/Bangla_test/voices/00896.wav,16000,1,16,23.2
dev/no_gender,Bangla,,dev_set/no_gender/Bangla_test/voices/00899.wav,16000,1,16,3.04
dev/no_gender,Bangla,,dev_set/no_gender/Bangla_test/voices/00900.wav,16000,1,16,4.04
dev/no_gender,Bangla,,dev_set/no_gender/Bangla_test/voices/00901.wav,16000,1,16,5.4
dev/no_gender,Bangla,,dev_set/no_gender/Bangla_test/voices/00902.wav,16000,1,16,8.8
dev/no_gender,Bangla,,dev_set/no_gender/Bangla_test/voices/00903.wav,16000,1,16,7.2
dev/no_gender,Bangla,,dev_set/no_gender/Bangla_test/voices/00907.wav,16000,1,16,4.44
dev/no_gender,Bangla,,dev_set/no_gender/Bangla_test/voices/00908.wav,16000,1,16,6.36
dev/no_gender,Bangla,,dev_set/no_gender/Bangla_test/voices/00909.wav,16000,1,16,3.04
dev/no_gender,Bangla,,dev_set/no_gender/Bangla_test/voices/00911.wav,16000,1,16,12.8
dev/no_gender,Bangla,,dev_set/no_gender/Bangla_test/voices/00912.wav,16000,1,16,3.68
dev/no_gender,Bangla,,dev_set/no_gender/Bangla_test/voices/00914.wav,16000,1,16,3.96
dev/no_gender,Bangla,,dev_set/no_gender/Bangla_test/voices/00916.wav,16000,1,16,3.8
dev/no_gender,Bangla,,dev_set/no_gender/Bangla_test/voices/00917.wav,16000,1,16,2.48
dev/no_gender,Bangla,,dev_set/no_gender/Bangla_test/voices/00918.wav,16000,1,16,7.04
dev/no_gender,Bangla,,dev_set/no_gender/Bangla_test/voices/00919.wav,16000,1,16,2.68
dev/no_gender,Bangla,,dev_set/no_gender/Bangla_test/voices/00920.wav,16000,1,16,4.0
dev/no_gender,Bangla,,dev_set/no_gender/Bangla_test/voices/00923.wav,16000,1,16,9.32
dev/no_gender,Bangla,,dev_set/no_gender/Bangla_test/voices/00924.wav,16000,1,16,3.96
dev/no_gender,Bangla,,dev_set/no_gender/Bangla_test/voices/00925.wav,16000,1,16,2.24
dev/no_gender,Bangla,,dev_set/no_gender/Bangla_test/voices/00927.wav,16000,1,16,2.64
dev/no_gender,Bangla,,dev_set/no_gender/Bangla_test/voices/00934.wav,16000,1,16,5.6
dev/no_gender,Bangla,,dev_set/no_gender/Bangla_test/voices/00938.wav,16000,1,16,6.72
dev/no_gender,Bangla,,dev_set/no_gender/Bangla_test/voices/00939.wav,16000,1,16,2.84
dev/no_gender,Bangla,,dev_set/no_gender/Bangla_test/voices/00940.wav,16000,1,16,3.52
dev/no_gender,Bangla,,dev_set/no_gender/Bangla_test/voices/00943.wav,16000,1,16,4.6
dev/no_gender,Bangla,,dev_set/no_gender/Bangla_test/voices/00946.wav,16000,1,16,3.24
dev/no_gender,Bangla,,dev_set/no_gender/Bangla_test/voices/00947.wav,16000,1,16,2.76
dev/no_gender,Bangla,,dev_set/no_gender/Bangla_test/voices/00948.wav,16000,1,16,3.04
dev/no_gender,Bangla,,dev_set/no_gender/Bangla_test/voices/00950.wav,16000,1,16,5.52
dev/no_gender,Bangla,,dev_set/no_gender/Bangla_test/voices/00955.wav,16000,1,16,2.44
dev/no_gender,Bangla,,dev_set/no_gender/Bangla_test/voices/00957.wav,16000,1,16,3.64
dev/no_gender,Bangla,,dev_set/no_gender/Bangla_test/voices/00961.wav,16000,1,16,6.68
dev/no_gender,Bangla,,dev_set/no_gender/Bangla_test/voices/00963.wav,16000,1,16,2.36
dev/no_gender,Bangla,,dev_set/no_gender/Bangla_test/voices/00965.wav,16000,1,16,10.36
dev/no_gender,Bangla,,dev_set/no_gender/Bangla_test/voices/00966.wav,16000,1,16,8.36
dev/no_gender,Bangla,,dev_set/no_gender/Bangla_test/voices/00968.wav,16000,1,16,5.0
dev/no_gender,Bangla,,dev_set/no_gender/Bangla_test/voices/00970.wav,16000,1,16,2.12
dev/no_gender,Bangla,,dev_set/no_gender/Bangla_test/voices/00971.wav,16000,1,16,6.0
dev/no_gender,Bangla,,dev_set/no_gender/Bangla_test/voices/00975.wav,16000,1,16,12.16
dev/no_gender,Bangla,,dev_set/no_gender/Bangla_test/voices/00977.wav,16000,1,16,2.52
dev/no_gender,Bangla,,dev_set/no_gender/Bangla_test/voices/00982.wav,16000,1,16,4.64
dev/no_gender,Bangla,,dev_set/no_gender/Bangla_test/voices/00984.wav,16000,1,16,2.72
dev/no_gender,Bangla,,dev_set/no_gender/Bangla_test/voices/00989.wav,16000,1,16,6.4
dev/no_gender,Bangla,,dev_set/no_gender/Bangla_test/voices/00990.wav,16000,1,16,2.8
dev/no_gender,Bangla,,dev_set/no_gender/Bangla_test/voices/00994.wav,16000,1,16,2.92
dev/no_gender,Bangla,,dev_set/no_gender/Bangla_test/voices/00995.wav,16000,1,16,8.2
dev/no_gender,Bangla,,dev_set/no_gender/Bangla_test/voices/00998.wav,16000,1,16,9.64
dev/no_gender,Bangla,,dev_set/no_gender/Bangla_test/voices/01003.wav,16000,1,16,2.6
dev/no_gender,Bangla,,dev_set/no_gender/Bangla_test/voices/01005.wav,16000,1,16,4.32
dev/no_gender,Bangla,,dev_set/no_gender/Bangla_test/voices/01009.wav,16000,1,16,6.4
dev/no_gender,Bangla,,dev_set/no_gender/Bangla_test/voices/01010.wav,16000,1,16,2.64
dev/no_gender,Bangla,,dev_set/no_gender/Bangla_test/voices/01012.wav,16000,1,16,4.36
dev/no_gender,Bangla,,dev_set/no_gender/Bangla_test/voices/01016.wav,16000,1,16,6.6
dev/no_gender,Bangla,,dev_set/no_gender/Bangla_test/voices/01017.wav,16000,1,16,3.64
dev/no_gender,Bangla,,dev_set/no_gender/Bangla_test/voices/01019.wav,16000,1,16,3.72
dev/no_gender,Bangla,,dev_set/no_gender/Bangla_test/voices/01021.wav,16000,1,16,2.64
dev/no_gender,Bangla,,dev_set/no_gender/Bangla_test/voices/01027.wav,16000,1,16,4.12
dev/no_gender,Bangla,,dev_set/no_gender/Bangla_test/voices/01030.wav,16000,1,16,3.2
dev/no_gender,Bangla,,dev_set/no_gender/Bangla_test/voices/01034.wav,16000,1,16,2.76
dev/no_gender,Bangla,,dev_set/no_gender/Bangla_test/voices/01035.wav,16000,1,16,4.56
dev/no_gender,Bangla,,dev_set/no_gender/Bangla_test/voices/01039.wav,16000,1,16,5.28
dev/no_gender,Bangla,,dev_set/no_gender/Bangla_test/voices/01041.wav,16000,1,16,7.12
dev/no_gender,Bangla,,dev_set/no_gender/Bangla_test/voices/01043.wav,16000,1,16,5.12
dev/no_gender,Bangla,,dev_set/no_gender/Bangla_test/voices/01045.wav,16000,1,16,3.04
dev/no_gender,Bangla,,dev_set/no_gender/Bangla_test/voices/01047.wav,16000,1,16,3.28
dev/no_gender,Bangla,,dev_set/no_gender/Bangla_test/voices/01049.wav,16000,1,16,5.92
dev/no_gender,Bangla,,dev_set/no_gender/Bangla_test/voices/01050.wav,16000,1,16,13.92
dev/no_gender,Bangla,,dev_set/no_gender/Bangla_test/voices/01051.wav,16000,1,16,4.96
dev/no_gender,Bangla,,dev_set/no_gender/Bangla_test/voices/01052.wav,16000,1,16,2.6
dev/no_gender,Bangla,,dev_set/no_gender/Bangla_test/voices/01053.wav,16000,1,16,8.04
dev/no_gender,Bangla,,dev_set/no_gender/Bangla_test/voices/01055.wav,16000,1,16,4.04
dev/no_gender,Bangla,,dev_set/no_gender/Bangla_test/voices/01056.wav,16000,1,16,7.36
dev/no_gender,Bangla,,dev_set/no_gender/Bangla_test/voices/01057.wav,16000,1,16,7.32
dev/no_gender,Bangla,,dev_set/no_gender/Bangla_test/voices/01058.wav,16000,1,16,3.68
dev/no_gender,Bangla,,dev_set/no_gender/Bangla_test/voices/01061.wav,16000,1,16,3.64
dev/no_gender,Bangla,,dev_set/no_gender/Bangla_test/voices/01064.wav,16000,1,16,5.4
dev/no_gender,Bangla,,dev_set/no_gender/Bangla_test/voices/01066.wav,16000,1,16,3.32
dev/no_gender,Bangla,,dev_set/no_gender/Bangla_test/voices/01068.wav,16000,1,16,6.16
dev/no_gender,Bangla,,dev_set/no_gender/Bangla_test/voices/01070.wav,16000,1,16,3.72
dev/no_gender,Bangla,,dev_set/no_gender/Bangla_test/voices/01071.wav,16000,1,16,3.96
dev/no_gender,Bangla,,dev_set/no_gender/Bangla_test/voices/01074.wav,16000,1,16,6.04
dev/no_gender,Bangla,,dev_set/no_gender/Bangla_test/voices/01076.wav,16000,1,16,13.88
dev/no_gender,Bangla,,dev_set/no_gender/Bangla_test/voices/01078.wav,16000,1,16,4.56
dev/no_gender,Bangla,,dev_set/no_gender/Bangla_test/voices/01082.wav,16000,1,16,10.08
dev/no_gender,Bangla,,dev_set/no_gender/Bangla_test/voices/01085.wav,16000,1,16,7.24
dev/no_gender,Bangla,,dev_set/no_gender/Bangla_test/voices/01086.wav,16000,1,16,3.08
dev/no_gender,Bangla,,dev_set/no_gender/Bangla_test/voices/01088.wav,16000,1,16,3.72
dev/no_gender,Bangla,,dev_set/no_gender/Bangla_test/voices/01089.wav,16000,1,16,3.88
dev/no_gender,Bangla,,dev_set/no_gender/Bangla_test/voices/01090.wav,16000,1,16,5.0
dev/no_gender,Bangla,,dev_set/no_gender/Bangla_test/voices/01091.wav,16000,1,16,10.92
dev/no_gender,Bangla,,dev_set/no_gender/Bangla_test/voices/01092.wav,16000,1,16,11.48
dev/no_gender,Bangla,,dev_set/no_gender/Bangla_test/voices/01099.wav,16000,1,16,3.4
dev/no_gender,Bangla,,dev_set/no_gender/Bangla_test/voices/01101.wav,16000,1,16,6.72
dev/no_gender,Bangla,,dev_set/no_gender/Bangla_test/voices/01102.wav,16000,1,16,2.6
dev/no_gender,Bangla,,dev_set/no_gender/Bangla_test/voices/01104.wav,16000,1,16,3.64
dev/no_gender,Bangla,,dev_set/no_gender/Bangla_test/voices/01105.wav,16000,1,16,7.96
dev/no_gender,Bangla,,dev_set/no_gender/Bangla_test/voices/01110.wav,16000,1,16,8.0
dev/no_gender,Bangla,,dev_set/no_gender/Bangla_test/voices/01112.wav,16000,1,16,4.0
dev/no_gender,Bangla,,dev_set/no_gender/Bangla_test/voices/01114.wav,16000,1,16,3.16
dev/no_gender,Bangla,,dev_set/no_gender/Bangla_test/voices/01117.wav,16000,1,16,5.6
dev/no_gender,Bangla,,dev_set/no_gender/Bangla_test/voices/01118.wav,16000,1,16,2.04
dev/no_gender,Bangla,,dev_set/no_gender/Bangla_test/voices/01120.wav,16000,1,16,6.48
dev/no_gender,Bangla,,dev_set/no_gender/Bangla_test/voices/01121.wav,16000,1,16,5.76
dev/no_gender,Bangla,,dev_set/no_gender/Bangla_test/voices/01124.wav,16000,1,16,3.2
dev/no_gender,Bangla,,dev_set/no_gender/Bangla_test/voices/01129.wav,16000,1,16,5.32
dev/no_gender,Bangla,,dev_set/no_gender/Bangla_test/voices/01134.wav,16000,1,16,4.32
dev/no_gender,Bangla,,dev_set/no_gender/Bangla_test/voices/01136.wav,16000,1,16,6.84
dev/no_gender,Bangla,,dev_set/no_gender/Bangla_test/voices/01138.wav,16000,1,16,5.68
dev/no_gender,Bangla,,dev_set/no_gender/Bangla_test/voices/01139.wav,16000,1,16,2.28
dev/no_gender,Bangla,,dev_set/no_gender/Bangla_test/voices/01140.wav,16000,1,16,9.76
dev/no_gender,Bangla,,dev_set/no_gender/Bangla_test/voices/01141.wav,16000,1,16,16.44
dev/no_gender,Bangla,,dev_set/no_gender/Bangla_test/voices/01142.wav,16000,1,16,2.56
dev/no_gender,Bangla,,dev_set/no_gender/Bangla_test/voices/01143.wav,16000,1,16,9.32
dev/no_gender,Bangla,,dev_set/no_gender/Bangla_test/voices/01145.wav,16000,1,16,5.28
dev/no_gender,Bangla,,dev_set/no_gender/Bangla_test/voices/01147.wav,16000,1,16,4.16
dev/no_gender,Bangla,,dev_set/no_gender/Bangla_test/voices/01148.wav,16000,1,16,8.08
dev/no_gender,Bangla,,dev_set/no_gender/Bangla_test/voices/01150.wav,16000,1,16,2.2
dev/no_gender,Bangla,,dev_set/no_gender/Bangla_test/voices/01155.wav,16000,1,16,4.44
dev/no_gender,Bangla,,dev_set/no_gender/Bangla_test/voices/01157.wav,16000,1,16,3.76
dev/no_gender,Bangla,,dev_set/no_gender/Bangla_test/voices/01160.wav,16000,1,16,7.36
dev/no_gender,Bangla,,dev_set/no_gender/Bangla_test/voices/01163.wav,16000,1,16,3.88
dev/no_gender,Bangla,,dev_set/no_gender/Bangla_test/voices/01164.wav,16000,1,16,7.96
dev/no_gender,Bangla,,dev_set/no_gender/Bangla_test/voices/01165.wav,16000,1,16,2.52
dev/no_gender,Bangla,,dev_set/no_gender/Bangla_test/voices/01166.wav,16000,1,16,6.6
dev/no_gender,Bangla,,dev_set/no_gender/Bangla_test/voices/01168.wav,16000,1,16,3.32
dev/no_gender,Bangla,,dev_set/no_gender/Bangla_test/voices/01170.wav,16000,1,16,5.68
dev/no_gender,Bangla,,dev_set/no_gender/Bangla_test/voices/01171.wav,16000,1,16,5.48
dev/no_gender,Bangla,,dev_set/no_gender/Bangla_test/voices/01176.wav,16000,1,16,5.52
dev/no_gender,Bangla,,dev_set/no_gender/Bangla_test/voices/01178.wav,16000,1,16,4.8
dev/no_gender,Bangla,,dev_set/no_gender/Bangla_test/voices/01179.wav,16000,1,16,4.04
dev/no_gender,Bangla,,dev_set/no_gender/Bangla_test/voices/01180.wav,16000,1,16,3.4
dev/no_gender,Bangla,,dev_set/no_gender/Bangla_test/voices/01181.wav,16000,1,16,2.0
dev/no_gender,Bangla,,dev_set/no_gender/Bangla_test/voices/01185.wav,16000,1,16,4.8
dev/no_gender,Bangla,,dev_set/no_gender/Bangla_test/voices/01189.wav,16000,1,16,5.48
dev/no_gender,Bangla,,dev_set/no_gender/Bangla_test/voices/01191.wav,16000,1,16,9.48
dev/no_gender,Bangla,,dev_set/no_gender/Bangla_test/voices/01193.wav,16000,1,16,3.04
dev/no_gender,Bangla,,dev_set/no_gender/Bangla_test/voices/01194.wav,16000,1,16,4.6
dev/no_gender,Bangla,,dev_set/no_gender/Bangla_test/voices/01195.wav,16000,1,16,7.96
dev/no_gender,Bangla,,dev_set/no_gender/Bangla_test/voices/01196.wav,16000,1,16,2.52
dev/no_gender,Bangla,,dev_set/no_gender/Bangla_test/voices/01197.wav,16000,1,16,3.36
dev/no_gender,Bangla,,dev_set/no_gender/Bangla_test/voices/01200.wav,16000,1,16,4.36
dev/no_gender,Bangla,,dev_set/no_gender/Bangla_test/voices/01201.wav,16000,1,16,2.16
dev/no_gender,Bangla,,dev_set/no_gender/Bangla_test/voices/01202.wav,16000,1,16,5.88
dev/no_gender,Bangla,,dev_set/no_gender/Bangla_test/voices/01204.wav,16000,1,16,3.76
dev/no_gender,Bangla,,dev_set/no_gender/Bangla_test/voices/01205.wav,16000,1,16,15.64
dev/no_gender,Bangla,,dev_set/no_gender/Bangla_test/voices/01208.wav,16000,1,16,4.04
dev/no_gender,Bangla,,dev_set/no_gender/Bangla_test/voices/01210.wav,16000,1,16,5.8
dev/no_gender,Bangla,,dev_set/no_gender/Bangla_test/voices/01212.wav,16000,1,16,3.04
dev/no_gender,Bangla,,dev_set/no_gender/Bangla_test/voices/01213.wav,16000,1,16,2.56
dev/no_gender,Bangla,,dev_set/no_gender/Bangla_test/voices/01220.wav,16000,1,16,4.0
dev/no_gender,Bangla,,dev_set/no_gender/Bangla_test/voices/01221.wav,16000,1,16,5.08
dev/no_gender,Bangla,,dev_set/no_gender/Bangla_test/voices/01222.wav,16000,1,16,4.48
dev/no_gender,Bangla,,dev_set/no_gender/Bangla_test/voices/01223.wav,16000,1,16,27.0
dev/no_gender,Bangla,,dev_set/no_gender/Bangla_test/voices/01225.wav,16000,1,16,2.68
dev/no_gender,Bangla,,dev_set/no_gender/Bangla_test/voices/01226.wav,16000,1,16,5.64
dev/no_gender,Bangla,,dev_set/no_gender/Bangla_test/voices/01227.wav,16000,1,16,6.32
dev/no_gender,Bangla,,dev_set/no_gender/Bangla_test/voices/01228.wav,16000,1,16,4.96
dev/no_gender,Bangla,,dev_set/no_gender/Bangla_test/voices/01230.wav,16000,1,16,2.04
dev/no_gender,Bangla,,dev_set/no_gender/Bangla_test/voices/01231.wav,16000,1,16,4.24
dev/no_gender,Bangla,,dev_set/no_gender/Bangla_test/voices/01232.wav,16000,1,16,7.56
dev/no_gender,Bangla,,dev_set/no_gender/Bangla_test/voices/01233.wav,16000,1,16,4.0
dev/no_gender,Bangla,,dev_set/no_gender/Bangla_test/voices/01238.wav,16000,1,16,8.72
dev/no_gender,Bangla,,dev_set/no_gender/Bangla_test/voices/01239.wav,16000,1,16,5.08
dev/no_gender,Bangla,,dev_set/no_gender/Bangla_test/voices/01241.wav,16000,1,16,5.12
dev/no_gender,Bangla,,dev_set/no_gender/Bangla_test/voices/01244.wav,16000,1,16,4.72
dev/no_gender,Bangla,,dev_set/no_gender/Bangla_test/voices/01245.wav,16000,1,16,5.56
dev/no_gender,Bangla,,dev_set/no_gender/Bangla_test/voices/01246.wav,16000,1,16,2.48
dev/no_gender,Bangla,,dev_set/no_gender/Bangla_test/voices/01247.wav,16000,1,16,3.72
dev/no_gender,Bangla,,dev_set/no_gender/Bangla_test/voices/01248.wav,16000,1,16,3.76
dev/no_gender,Bangla,,dev_set/no_gender/Bangla_test/voices/01249.wav,16000,1,16,9.12
dev/no_gender,Bangla,,dev_set/no_gender/Bangla_test/voices/01250.wav,16000,1,16,2.48
dev/no_gender,Bangla,,dev_set/no_gender/Bangla_test/voices/01251.wav,16000,1,16,3.28
dev/no_gender,Bangla,,dev_set/no_gender/Bangla_test/voices/01253.wav,16000,1,16,2.52
dev/no_gender,Bangla,,dev_set/no_gender/Bangla_test/voices/01254.wav,16000,1,16,2.76
dev/no_gender,Bangla,,dev_set/no_gender/Bangla_test/voices/01256.wav,16000,1,16,7.92
dev/no_gender,Bangla,,dev_set/no_gender/Bangla_test/voices/01259.wav,16000,1,16,2.2
dev/no_gender,Bangla,,dev_set/no_gender/Bangla_test/voices/01260.wav,16000,1,16,3.12
dev/no_gender,Bangla,,dev_set/no_gender/Bangla_test/voices/01261.wav,16000,1,16,10.48
dev/no_gender,Bangla,,dev_set/no_gender/Bangla_test/voices/01262.wav,16000,1,16,4.56
dev/no_gender,Bangla,,dev_set/no_gender/Bangla_test/voices/01263.wav,16000,1,16,4.56
dev/no_gender,Bangla,,dev_set/no_gender/Bangla_test/voices/01264.wav,16000,1,16,3.32
dev/no_gender,Bangla,,dev_set/no_gender/Bangla_test/voices/01266.wav,16000,1,16,3.08
dev/no_gender,Bangla,,dev_set/no_gender/Bangla_test/voices/01267.wav,16000,1,16,2.36
dev/no_gender,Bangla,,dev_set/no_gender/Bangla_test/voices/01268.wav,16000,1,16,2.84
dev/no_gender,Bangla,,dev_set/no_gender/Bangla_test/voices/01270.wav,16000,1,16,5.6
dev/no_gender,Bangla,,dev_set/no_gender/Bangla_test/voices/01271.wav,16000,1,16,4.12
dev/no_gender,Bangla,,dev_set/no_gender/Bangla_test/voices/01273.wav,16000,1,16,5.44
dev/no_gender,Bangla,,dev_set/no_gender/Bangla_test/voices/01277.wav,16000,1,16,12.68
dev/no_gender,Bangla,,dev_set/no_gender/Bangla_test/voices/01281.wav,16000,1,16,2.8
dev/no_gender,Bangla,,dev_set/no_gender/Bangla_test/voices/01282.wav,16000,1,16,2.08
dev/no_gender,Bangla,,dev_set/no_gender/Bangla_test/voices/01284.wav,16000,1,16,3.24
dev/no_gender,Bangla,,dev_set/no_gender/Bangla_test/voices/01286.wav,16000,1,16,9.24
dev/no_gender,Bangla,,dev_set/no_gender/Bangla_test/voices/01288.wav,16000,1,16,5.88
dev/no_gender,Bangla,,dev_set/no_gender/Bangla_test/voices/01289.wav,16000,1,16,3.8
dev/no_gender,Bangla,,dev_set/no_gender/Bangla_test/voices/01292.wav,16000,1,16,3.64
dev/no_gender,Bangla,,dev_set/no_gender/Bangla_test/voices/01293.wav,16000,1,16,5.24
dev/no_gender,Bangla,,dev_set/no_gender/Bangla_test/voices/01295.wav,16000,1,16,8.64
dev/no_gender,Bangla,,dev_set/no_gender/Bangla_test/voices/01296.wav,16000,1,16,3.32
dev/no_gender,Bangla,,dev_set/no_gender/Bangla_test/voices/01300.wav,16000,1,16,7.36
dev/no_gender,Bangla,,dev_set/no_gender/Bangla_test/voices/01302.wav,16000,1,16,4.0
dev/no_gender,Bangla,,dev_set/no_gender/Bangla_test/voices/01303.wav,16000,1,16,3.76
dev/no_gender,Bangla,,dev_set/no_gender/Bangla_test/voices/01306.wav,16000,1,16,2.52
dev/no_gender,Bangla,,dev_set/no_gender/Bangla_test/voices/01308.wav,16000,1,16,4.28
dev/no_gender,Bangla,,dev_set/no_gender/Bangla_test/voices/01310.wav,16000,1,16,5.44
dev/no_gender,Bangla,,dev_set/no_gender/Bangla_test/voices/01311.wav,16000,1,16,9.16
dev/no_gender,Bangla,,dev_set/no_gender/Bangla_test/voices/01312.wav,16000,1,16,3.04
dev/no_gender,Bangla,,dev_set/no_gender/Bangla_test/voices/01315.wav,16000,1,16,10.08
dev/no_gender,Bangla,,dev_set/no_gender/Bangla_test/voices/01316.wav,16000,1,16,5.6
dev/no_gender,Bangla,,dev_set/no_gender/Bangla_test/voices/01318.wav,16000,1,16,2.08
dev/no_gender,Bangla,,dev_set/no_gender/Bangla_test/voices/01319.wav,16000,1,16,5.92
dev/no_gender,Bangla,,dev_set/no_gender/Bangla_test/voices/01323.wav,16000,1,16,5.88
dev/no_gender,Bangla,,dev_set/no_gender/Bangla_test/voices/01324.wav,16000,1,16,3.84
dev/no_gender,Bangla,,dev_set/no_gender/Bangla_test/voices/01326.wav,16000,1,16,2.36
dev/no_gender,Bangla,,dev_set/no_gender/Bangla_test/voices/01328.wav,16000,1,16,2.96
dev/no_gender,Bangla,,dev_set/no_gender/Bangla_test/voices/01330.wav,16000,1,16,10.32
dev/no_gender,Bangla,,dev_set/no_gender/Bangla_test/voices/01331.wav,16000,1,16,2.12
dev/no_gender,Bangla,,dev_set/no_gender/Bangla_test/voices/01332.wav,16000,1,16,3.08
dev/no_gender,Bangla,,dev_set/no_gender/Bangla_test/voices/01334.wav,16000,1,16,5.48
dev/no_gender,Bangla,,dev_set/no_gender/Bangla_test/voices/01335.wav,16000,1,16,18.2
dev/no_gender,Bangla,,dev_set/no_gender/Bangla_test/voices/01337.wav,16000,1,16,13.04
dev/no_gender,Bangla,,dev_set/no_gender/Bangla_test/voices/01342.wav,16000,1,16,4.48
dev/no_gender,Bangla,,dev_set/no_gender/Bangla_test/voices/01343.wav,16000,1,16,2.28
dev/no_gender,Bangla,,dev_set/no_gender/Bangla_test/voices/01344.wav,16000,1,16,5.72
dev/no_gender,Bangla,,dev_set/no_gender/Bangla_test/voices/01347.wav,16000,1,16,4.36
dev/no_gender,Bangla,,dev_set/no_gender/Bangla_test/voices/01349.wav,16000,1,16,3.36
dev/no_gender,Bangla,,dev_set/no_gender/Bangla_test/voices/01352.wav,16000,1,16,3.16
dev/no_gender,Bangla,,dev_set/no_gender/Bangla_test/voices/01354.wav,16000,1,16,7.36
dev/no_gender,Bangla,,dev_set/no_gender/Bangla_test/voices/01358.wav,16000,1,16,3.36
dev/no_gender,Bangla,,dev_set/no_gender/Bangla_test/voices/01359.wav,16000,1,16,2.36
dev/no_gender,Bangla,,dev_set/no_gender/Bangla_test/voices/01360.wav,16000,1,16,3.16
dev/no_gender,Bangla,,dev_set/no_gender/Bangla_test/voices/01362.wav,16000,1,16,8.2
dev/no_gender,Bangla,,dev_set/no_gender/Bangla_test/voices/01363.wav,16000,1,16,2.96
dev/no_gender,Bangla,,dev_set/no_gender/Bangla_test/voices/01364.wav,16000,1,16,4.32
dev/no_gender,Bangla,,dev_set/no_gender/Bangla_test/voices/01366.wav,16000,1,16,6.36
dev/no_gender,Bangla,,dev_set/no_gender/Bangla_test/voices/01367.wav,16000,1,16,4.56
dev/no_gender,Bangla,,dev_set/no_gender/Bangla_test/voices/01370.wav,16000,1,16,6.8
dev/no_gender,Bangla,,dev_set/no_gender/Bangla_test/voices/01377.wav,16000,1,16,13.68
dev/no_gender,Bangla,,dev_set/no_gender/Bangla_test/voices/01379.wav,16000,1,16,5.96
dev/no_gender,Bangla,,dev_set/no_gender/Bangla_test/voices/01382.wav,16000,1,16,6.0
dev/no_gender,Bangla,,dev_set/no_gender/Bangla_test/voices/01383.wav,16000,1,16,3.12
dev/no_gender,Bangla,,dev_set/no_gender/Bangla_test/voices/01385.wav,16000,1,16,6.16
dev/no_gender,Bangla,,dev_set/no_gender/Bangla_test/voices/01386.wav,16000,1,16,8.16
dev/no_gender,Bangla,,dev_set/no_gender/Bangla_test/voices/01387.wav,16000,1,16,4.48
dev/no_gender,Bangla,,dev_set/no_gender/Bangla_test/voices/01389.wav,16000,1,16,10.24
dev/no_gender,Bangla,,dev_set/no_gender/Bangla_test/voices/01391.wav,16000,1,16,8.68
dev/no_gender,Bangla,,dev_set/no_gender/Bangla_test/voices/01393.wav,16000,1,16,4.88
dev/no_gender,Bangla,,dev_set/no_gender/Bangla_test/voices/01396.wav,16000,1,16,4.2
dev/no_gender,Bangla,,dev_set/no_gender/Bangla_test/voices/01397.wav,16000,1,16,12.24
dev/no_gender,Bangla,,dev_set/no_gender/Bangla_test/voices/01399.wav,16000,1,16,3.56
dev/no_gender,Bangla,,dev_set/no_gender/Bangla_test/voices/01400.wav,16000,1,16,3.88
dev/no_gender,Bangla,,dev_set/no_gender/Bangla_test/voices/01402.wav,16000,1,16,6.72
dev/no_gender,Bangla,,dev_set/no_gender/Bangla_test/voices/01404.wav,16000,1,16,3.04
dev/no_gender,Bangla,,dev_set/no_gender/Bangla_test/voices/00004.wav,16000,1,16,5.4
dev/no_gender,Bangla,,dev_set/no_gender/Bangla_test/voices/00007.wav,16000,1,16,4.08
dev/no_gender,Bangla,,dev_set/no_gender/Bangla_test/voices/00009.wav,16000,1,16,2.8
dev/no_gender,Bangla,,dev_set/no_gender/Bangla_test/voices/00011.wav,16000,1,16,5.88
dev/no_gender,Bangla,,dev_set/no_gender/Bangla_test/voices/00023.wav,16000,1,16,6.0
dev/no_gender,Bangla,,dev_set/no_gender/Bangla_test/voices/00024.wav,16000,1,16,9.48
dev/no_gender,Bangla,,dev_set/no_gender/Bangla_test/voices/00025.wav,16000,1,16,6.48
dev/no_gender,Bangla,,dev_set/no_gender/Bangla_test/voices/00029.wav,16000,1,16,5.92
dev/no_gender,Bangla,,dev_set/no_gender/Bangla_test/voices/00038.wav,16000,1,16,3.2
dev/no_gender,Bangla,,dev_set/no_gender/Bangla_test/voices/00048.wav,16000,1,16,2.44
dev/no_gender,Bangla,,dev_set/no_gender/Bangla_test/voices/00050.wav,16000,1,16,2.04
dev/no_gender,Bangla,,dev_set/no_gender/Bangla_test/voices/00051.wav,16000,1,16,3.52
dev/no_gender,Bangla,,dev_set/no_gender/Bangla_test/voices/00054.wav,16000,1,16,8.8
dev/no_gender,Bangla,,dev_set/no_gender/Bangla_test/voices/00056.wav,16000,1,16,9.4
dev/no_gender,Bangla,,dev_set/no_gender/Bangla_test/voices/00057.wav,16000,1,16,4.52
dev/no_gender,Bangla,,dev_set/no_gender/Bangla_test/voices/00059.wav,16000,1,16,4.84
dev/no_gender,Bangla,,dev_set/no_gender/Bangla_test/voices/00062.wav,16000,1,16,6.04
dev/no_gender,Bangla,,dev_set/no_gender/Bangla_test/voices/00063.wav,16000,1,16,9.92
dev/no_gender,Bangla,,dev_set/no_gender/Bangla_test/voices/00081.wav,16000,1,16,6.24
dev/no_gender,Bangla,,dev_set/no_gender/Bangla_test/voices/00082.wav,16000,1,16,7.88
dev/no_gender,Bangla,,dev_set/no_gender/Bangla_test/voices/00083.wav,16000,1,16,4.72
dev/no_gender,Bangla,,dev_set/no_gender/Bangla_test/voices/00084.wav,16000,1,16,9.76
dev/no_gender,Bangla,,dev_set/no_gender/Bangla_test/voices/00090.wav,16000,1,16,5.24
dev/no_gender,Bangla,,dev_set/no_gender/Bangla_test/voices/00094.wav,16000,1,16,6.48
dev/no_gender,Bangla,,dev_set/no_gender/Bangla_test/voices/00102.wav,16000,1,16,2.84
dev/no_gender,Bangla,,dev_set/no_gender/Bangla_test/voices/00105.wav,16000,1,16,6.48
dev/no_gender,Bangla,,dev_set/no_gender/Bangla_test/voices/00107.wav,16000,1,16,3.56
dev/no_gender,Bangla,,dev_set/no_gender/Bangla_test/voices/00109.wav,16000,1,16,2.76
dev/no_gender,Bangla,,dev_set/no_gender/Bangla_test/voices/00127.wav,16000,1,16,2.32
dev/no_gender,Bangla,,dev_set/no_gender/Bangla_test/voices/00132.wav,16000,1,16,2.72
dev/no_gender,Bangla,,dev_set/no_gender/Bangla_test/voices/00135.wav,16000,1,16,11.52
dev/no_gender,Bangla,,dev_set/no_gender/Bangla_test/voices/00144.wav,16000,1,16,5.64
dev/no_gender,Bangla,,dev_set/no_gender/Bangla_test/voices/00150.wav,16000,1,16,10.92
dev/no_gender,Bangla,,dev_set/no_gender/Bangla_test/voices/00153.wav,16000,1,16,3.8
dev/no_gender,Bangla,,dev_set/no_gender/Bangla_test/voices/00158.wav,16000,1,16,6.04
dev/no_gender,Bangla,,dev_set/no_gender/Bangla_test/voices/00160.wav,16000,1,16,3.64
dev/no_gender,Bangla,,dev_set/no_gender/Bangla_test/voices/00161.wav,16000,1,16,2.04
dev/no_gender,Bangla,,dev_set/no_gender/Bangla_test/voices/00166.wav,16000,1,16,4.84
dev/no_gender,Bangla,,dev_set/no_gender/Bangla_test/voices/00167.wav,16000,1,16,4.08
dev/no_gender,Bangla,,dev_set/no_gender/Bangla_test/voices/00170.wav,16000,1,16,3.88
dev/no_gender,Bangla,,dev_set/no_gender/Bangla_test/voices/00185.wav,16000,1,16,10.92
dev/no_gender,Bangla,,dev_set/no_gender/Bangla_test/voices/00186.wav,16000,1,16,5.6
dev/no_gender,Bangla,,dev_set/no_gender/Bangla_test/voices/00196.wav,16000,1,16,2.6
dev/no_gender,Bangla,,dev_set/no_gender/Bangla_test/voices/00206.wav,16000,1,16,5.56
dev/no_gender,Bangla,,dev_set/no_gender/Bangla_test/voices/00211.wav,16000,1,16,4.24
dev/no_gender,Bangla,,dev_set/no_gender/Bangla_test/voices/00214.wav,16000,1,16,8.72
dev/no_gender,Bangla,,dev_set/no_gender/Bangla_test/voices/00216.wav,16000,1,16,4.0
dev/no_gender,Bangla,,dev_set/no_gender/Bangla_test/voices/00219.wav,16000,1,16,4.52
dev/no_gender,Bangla,,dev_set/no_gender/Bangla_test/voices/00220.wav,16000,1,16,2.12
dev/no_gender,Bangla,,dev_set/no_gender/Bangla_test/voices/00223.wav,16000,1,16,6.16
dev/no_gender,Bangla,,dev_set/no_gender/Bangla_test/voices/00228.wav,16000,1,16,5.16
dev/no_gender,Bangla,,dev_set/no_gender/Bangla_test/voices/00231.wav,16000,1,16,5.32
dev/no_gender,Bangla,,dev_set/no_gender/Bangla_test/voices/00235.wav,16000,1,16,5.52
dev/no_gender,Bangla,,dev_set/no_gender/Bangla_test/voices/00237.wav,16000,1,16,5.96
dev/no_gender,Bangla,,dev_set/no_gender/Bangla_test/voices/00240.wav,16000,1,16,3.44
dev/no_gender,Bangla,,dev_set/no_gender/Bangla_test/voices/00241.wav,16000,1,16,2.28
dev/no_gender,Bangla,,dev_set/no_gender/Bangla_test/voices/00242.wav,16000,1,16,10.68
dev/no_gender,Bangla,,dev_set/no_gender/Bangla_test/voices/00243.wav,16000,1,16,7.8
dev/no_gender,Bangla,,dev_set/no_gender/Bangla_test/voices/00245.wav,16000,1,16,8.08
dev/no_gender,Bangla,,dev_set/no_gender/Bangla_test/voices/00249.wav,16000,1,16,4.36
dev/no_gender,Bangla,,dev_set/no_gender/Bangla_test/voices/00251.wav,16000,1,16,2.0
dev/no_gender,Bangla,,dev_set/no_gender/Bangla_test/voices/00266.wav,16000,1,16,15.64
dev/no_gender,Bangla,,dev_set/no_gender/Bangla_test/voices/00267.wav,16000,1,16,3.68
dev/no_gender,Bangla,,dev_set/no_gender/Bangla_test/voices/00270.wav,16000,1,16,6.88
dev/no_gender,Bangla,,dev_set/no_gender/Bangla_test/voices/00271.wav,16000,1,16,3.2
dev/no_gender,Bangla,,dev_set/no_gender/Bangla_test/voices/00272.wav,16000,1,16,3.56
dev/no_gender,Bangla,,dev_set/no_gender/Bangla_test/voices/00274.wav,16000,1,16,8.44
dev/no_gender,Bangla,,dev_set/no_gender/Bangla_test/voices/00279.wav,16000,1,16,6.24
dev/no_gender,Bangla,,dev_set/no_gender/Bangla_test/voices/00281.wav,16000,1,16,20.8
dev/no_gender,Bangla,,dev_set/no_gender/Bangla_test/voices/00286.wav,16000,1,16,5.48
dev/no_gender,Bangla,,dev_set/no_gender/Bangla_test/voices/00292.wav,16000,1,16,4.04
dev/no_gender,Bangla,,dev_set/no_gender/Bangla_test/voices/00300.wav,16000,1,16,6.28
dev/no_gender,Bangla,,dev_set/no_gender/Bangla_test/voices/00303.wav,16000,1,16,2.8
dev/no_gender,Bangla,,dev_set/no_gender/Bangla_test/voices/00306.wav,16000,1,16,3.52
dev/no_gender,Bangla,,dev_set/no_gender/Bangla_test/voices/00313.wav,16000,1,16,5.68
dev/no_gender,Bangla,,dev_set/no_gender/Bangla_test/voices/00316.wav,16000,1,16,5.48
dev/no_gender,Bangla,,dev_set/no_gender/Bangla_test/voices/00319.wav,16000,1,16,2.04
dev/no_gender,Bangla,,dev_set/no_gender/Bangla_test/voices/00329.wav,16000,1,16,8.12
dev/no_gender,Bangla,,dev_set/no_gender/Bangla_test/voices/00331.wav,16000,1,16,3.88
dev/no_gender,Bangla,,dev_set/no_gender/Bangla_test/voices/00338.wav,16000,1,16,6.08
dev/no_gender,Bangla,,dev_set/no_gender/Bangla_test/voices/00342.wav,16000,1,16,4.32
dev/no_gender,Bangla,,dev_set/no_gender/Bangla_test/voices/00349.wav,16000,1,16,2.08
dev/no_gender,Bangla,,dev_set/no_gender/Bangla_test/voices/00350.wav,16000,1,16,9.92
dev/no_gender,Bangla,,dev_set/no_gender/Bangla_test/voices/00351.wav,16000,1,16,4.24
dev/no_gender,Bangla,,dev_set/no_gender/Bangla_test/voices/00356.wav,16000,1,16,3.68
dev/no_gender,Bangla,,dev_set/no_gender/Bangla_test/voices/00370.wav,16000,1,16,7.28
dev/no_gender,Bangla,,dev_set/no_gender/Bangla_test/voices/00379.wav,16000,1,16,3.96
dev/no_gender,Bangla,,dev_set/no_gender/Bangla_test/voices/00381.wav,16000,1,16,3.76
dev/no_gender,Bangla,,dev_set/no_gender/Bangla_test/voices/00384.wav,16000,1,16,5.84
dev/no_gender,Bangla,,dev_set/no_gender/Bangla_test/voices/00399.wav,16000,1,16,3.76
dev/no_gender,Bangla,,dev_set/no_gender/Bangla_test/voices/00407.wav,16000,1,16,8.68
dev/no_gender,Bangla,,dev_set/no_gender/Bangla_test/voices/00408.wav,16000,1,16,3.72
dev/no_gender,Bangla,,dev_set/no_gender/Bangla_test/voices/00409.wav,16000,1,16,2.04
dev/no_gender,Bangla,,dev_set/no_gender/Bangla_test/voices/00416.wav,16000,1,16,3.28
dev/no_gender,Bangla,,dev_set/no_gender/Bangla_test/voices/00419.wav,16000,1,16,15.32
dev/no_gender,Bangla,,dev_set/no_gender/Bangla_test/voices/00422.wav,16000,1,16,9.2
dev/no_gender,Bangla,,dev_set/no_gender/Bangla_test/voices/00423.wav,16000,1,16,6.76
dev/no_gender,Bangla,,dev_set/no_gender/Bangla_test/voices/00427.wav,16000,1,16,2.96
dev/no_gender,Bangla,,dev_set/no_gender/Bangla_test/voices/00428.wav,16000,1,16,7.88
dev/no_gender,Bangla,,dev_set/no_gender/Bangla_test/voices/00433.wav,16000,1,16,7.56
dev/no_gender,Bangla,,dev_set/no_gender/Bangla_test/voices/00456.wav,16000,1,16,2.48
dev/no_gender,Bangla,,dev_set/no_gender/Bangla_test/voices/00464.wav,16000,1,16,5.48
dev/no_gender,Bangla,,dev_set/no_gender/Bangla_test/voices/00465.wav,16000,1,16,7.76
dev/no_gender,Bangla,,dev_set/no_gender/Bangla_test/voices/00476.wav,16000,1,16,5.76
dev/no_gender,Bangla,,dev_set/no_gender/Bangla_test/voices/00477.wav,16000,1,16,3.76
dev/no_gender,Bangla,,dev_set/no_gender/Bangla_test/voices/00481.wav,16000,1,16,5.32
dev/no_gender,Bangla,,dev_set/no_gender/Bangla_test/voices/00482.wav,16000,1,16,2.04
dev/no_gender,Bangla,,dev_set/no_gender/Bangla_test/voices/00484.wav,16000,1,16,2.12
dev/no_gender,Bangla,,dev_set/no_gender/Bangla_test/voices/00487.wav,16000,1,16,5.36
dev/no_gender,Bangla,,dev_set/no_gender/Bangla_test/voices/00500.wav,16000,1,16,4.24
dev/no_gender,Bangla,,dev_set/no_gender/Bangla_test/voices/00501.wav,16000,1,16,2.56
dev/no_gender,Bangla,,dev_set/no_gender/Bangla_test/voices/00519.wav,16000,1,16,4.84
dev/no_gender,Bangla,,dev_set/no_gender/Bangla_test/voices/00521.wav,16000,1,16,6.4
dev/no_gender,Bangla,,dev_set/no_gender/Bangla_test/voices/00528.wav,16000,1,16,11.56
dev/no_gender,Bangla,,dev_set/no_gender/Bangla_test/voices/00535.wav,16000,1,16,2.16
dev/no_gender,Bangla,,dev_set/no_gender/Bangla_test/voices/00546.wav,16000,1,16,8.72
dev/no_gender,Bangla,,dev_set/no_gender/Bangla_test/voices/00552.wav,16000,1,16,11.32
dev/no_gender,Bangla,,dev_set/no_gender/Bangla_test/voices/00553.wav,16000,1,16,13.96
dev/no_gender,Bangla,,dev_set/no_gender/Bangla_test/voices/00565.wav,16000,1,16,4.36
dev/no_gender,Bangla,,dev_set/no_gender/Bangla_test/voices/00577.wav,16000,1,16,8.4
dev/no_gender,Bangla,,dev_set/no_gender/Bangla_test/voices/00585.wav,16000,1,16,2.04
dev/no_gender,Bangla,,dev_set/no_gender/Bangla_test/voices/00586.wav,16000,1,16,12.76
dev/no_gender,Bangla,,dev_set/no_gender/Bangla_test/voices/00597.wav,16000,1,16,3.68
dev/no_gender,Bangla,,dev_set/no_gender/Bangla_test/voices/00601.wav,16000,1,16,2.4
dev/no_gender,Bangla,,dev_set/no_gender/Bangla_test/voices/00602.wav,16000,1,16,6.6
dev/no_gender,Bangla,,dev_set/no_gender/Bangla_test/voices/00610.wav,16000,1,16,4.0
dev/no_gender,Bangla,,dev_set/no_gender/Bangla_test/voices/00611.wav,16000,1,16,3.12
dev/no_gender,Bangla,,dev_set/no_gender/Bangla_test/voices/00615.wav,16000,1,16,15.04
dev/no_gender,Bangla,,dev_set/no_gender/Bangla_test/voices/00616.wav,16000,1,16,6.92
dev/no_gender,Bangla,,dev_set/no_gender/Bangla_test/voices/00619.wav,16000,1,16,3.16
dev/no_gender,Bangla,,dev_set/no_gender/Bangla_test/voices/00620.wav,16000,1,16,9.16
dev/no_gender,Bangla,,dev_set/no_gender/Bangla_test/voices/00628.wav,16000,1,16,3.2
dev/no_gender,Bangla,,dev_set/no_gender/Bangla_test/voices/00632.wav,16000,1,16,2.8
dev/no_gender,Bangla,,dev_set/no_gender/Bangla_test/voices/00644.wav,16000,1,16,4.16
dev/no_gender,Bangla,,dev_set/no_gender/Bangla_test/voices/00645.wav,16000,1,16,3.24
dev/no_gender,Bangla,,dev_set/no_gender/Bangla_test/voices/00651.wav,16000,1,16,5.28
dev/no_gender,Bangla,,dev_set/no_gender/Bangla_test/voices/00653.wav,16000,1,16,3.88
dev/no_gender,Bangla,,dev_set/no_gender/Bangla_test/voices/00655.wav,16000,1,16,2.48
dev/no_gender,Bangla,,dev_set/no_gender/Bangla_test/voices/00658.wav,16000,1,16,2.56
dev/no_gender,Bangla,,dev_set/no_gender/Bangla_test/voices/00659.wav,16000,1,16,7.36
dev/no_gender,Bangla,,dev_set/no_gender/Bangla_test/voices/00661.wav,16000,1,16,15.8
dev/no_gender,Bangla,,dev_set/no_gender/Bangla_test/voices/00662.wav,16000,1,16,7.84
dev/no_gender,Bangla,,dev_set/no_gender/Bangla_test/voices/00663.wav,16000,1,16,8.8
dev/no_gender,Bangla,,dev_set/no_gender/Bangla_test/voices/00665.wav,16000,1,16,5.28
dev/no_gender,Bangla,,dev_set/no_gender/Bangla_test/voices/00670.wav,16000,1,16,2.08
dev/no_gender,Bangla,,dev_set/no_gender/Bangla_test/voices/00671.wav,16000,1,16,5.64
dev/no_gender,Bangla,,dev_set/no_gender/Bangla_test/voices/00672.wav,16000,1,16,3.24
dev/no_gender,Bangla,,dev_set/no_gender/Bangla_test/voices/00676.wav,16000,1,16,6.08
dev/no_gender,Bangla,,dev_set/no_gender/Bangla_test/voices/00682.wav,16000,1,16,18.12
dev/no_gender,Bangla,,dev_set/no_gender/Bangla_test/voices/00683.wav,16000,1,16,2.52
dev/no_gender,Bangla,,dev_set/no_gender/Bangla_test/voices/00684.wav,16000,1,16,8.12
dev/no_gender,Bangla,,dev_set/no_gender/Bangla_test/voices/00685.wav,16000,1,16,2.8
dev/no_gender,Bangla,,dev_set/no_gender/Bangla_test/voices/00692.wav,16000,1,16,2.8
dev/no_gender,Bangla,,dev_set/no_gender/Bangla_test/voices/00696.wav,16000,1,16,12.32
dev/no_gender,Bangla,,dev_set/no_gender/Bangla_test/voices/00700.wav,16000,1,16,8.16
dev/no_gender,Bangla,,dev_set/no_gender/Bangla_test/voices/00701.wav,16000,1,16,5.36
dev/no_gender,Bangla,,dev_set/no_gender/Bangla_test/voices/00705.wav,16000,1,16,9.36
dev/no_gender,Bangla,,dev_set/no_gender/Bangla_test/voices/00709.wav,16000,1,16,2.48
dev/no_gender,Bangla,,dev_set/no_gender/Bangla_test/voices/00710.wav,16000,1,16,4.0
dev/no_gender,Bangla,,dev_set/no_gender/Bangla_test/voices/00715.wav,16000,1,16,3.2
dev/no_gender,Bangla,,dev_set/no_gender/Bangla_test/voices/00723.wav,16000,1,16,5.84
dev/no_gender,Bangla,,dev_set/no_gender/Bangla_test/voices/00727.wav,16000,1,16,2.64
dev/no_gender,Bangla,,dev_set/no_gender/Bangla_test/voices/00729.wav,16000,1,16,12.0
dev/no_gender,Bangla,,dev_set/no_gender/Bangla_test/voices/00737.wav,16000,1,16,5.84
dev/no_gender,Bangla,,dev_set/no_gender/Bangla_test/voices/00739.wav,16000,1,16,4.0
dev/no_gender,Bangla,,dev_set/no_gender/Bangla_test/voices/00740.wav,16000,1,16,5.4
dev/no_gender,Bangla,,dev_set/no_gender/Bangla_test/voices/00754.wav,16000,1,16,6.4
dev/no_gender,Bangla,,dev_set/no_gender/Bangla_test/voices/00761.wav,16000,1,16,3.4
dev/no_gender,Bangla,,dev_set/no_gender/Bangla_test/voices/00763.wav,16000,1,16,19.04
dev/no_gender,Bangla,,dev_set/no_gender/Bangla_test/voices/00764.wav,16000,1,16,4.56
dev/no_gender,Bangla,,dev_set/no_gender/Bangla_test/voices/00775.wav,16000,1,16,2.64
dev/no_gender,Bangla,,dev_set/no_gender/Bangla_test/voices/00798.wav,16000,1,16,2.04
dev/no_gender,Bangla,,dev_set/no_gender/Bangla_test/voices/00803.wav,16000,1,16,15.92
dev/no_gender,Bangla,,dev_set/no_gender/Bangla_test/voices/00814.wav,16000,1,16,3.08
dev/no_gender,Bangla,,dev_set/no_gender/Bangla_test/voices/00828.wav,16000,1,16,2.96
dev/no_gender,Bangla,,dev_set/no_gender/Bangla_test/voices/00832.wav,16000,1,16,2.12
dev/no_gender,Bangla,,dev_set/no_gender/Bangla_test/voices/00837.wav,16000,1,16,4.04
dev/no_gender,Bangla,,dev_set/no_gender/Bangla_test/voices/00840.wav,16000,1,16,6.96
dev/no_gender,Bangla,,dev_set/no_gender/Bangla_test/voices/00844.wav,16000,1,16,5.08
dev/no_gender,Bangla,,dev_set/no_gender/Bangla_test/voices/00851.wav,16000,1,16,8.2
dev/no_gender,Bangla,,dev_set/no_gender/Bangla_test/voices/00860.wav,16000,1,16,2.12
dev/no_gender,Bangla,,dev_set/no_gender/Bangla_test/voices/00864.wav,16000,1,16,6.4
dev/no_gender,Bangla,,dev_set/no_gender/Bangla_test/voices/00866.wav,16000,1,16,4.2
dev/no_gender,Bangla,,dev_set/no_gender/Bangla_test/voices/00881.wav,16000,1,16,3.96
dev/no_gender,Bangla,,dev_set/no_gender/Bangla_test/voices/00891.wav,16000,1,16,4.72
dev/no_gender,Bangla,,dev_set/no_gender/Bangla_test/voices/00893.wav,16000,1,16,2.76
dev/no_gender,Bangla,,dev_set/no_gender/Bangla_test/voices/00895.wav,16000,1,16,5.12
dev/no_gender,Bangla,,dev_set/no_gender/Bangla_test/voices/00897.wav,16000,1,16,5.68
dev/no_gender,Bangla,,dev_set/no_gender/Bangla_test/voices/00904.wav,16000,1,16,7.44
dev/no_gender,Bangla,,dev_set/no_gender/Bangla_test/voices/00910.wav,16000,1,16,2.4
dev/no_gender,Bangla,,dev_set/no_gender/Bangla_test/voices/00922.wav,16000,1,16,2.76
dev/no_gender,Bangla,,dev_set/no_gender/Bangla_test/voices/00930.wav,16000,1,16,29.32
dev/no_gender,Bangla,,dev_set/no_gender/Bangla_test/voices/00932.wav,16000,1,16,8.4
dev/no_gender,Bangla,,dev_set/no_gender/Bangla_test/voices/00936.wav,16000,1,16,2.96
dev/no_gender,Bangla,,dev_set/no_gender/Bangla_test/voices/00937.wav,16000,1,16,2.88
dev/no_gender,Bangla,,dev_set/no_gender/Bangla_test/voices/00941.wav,16000,1,16,6.88
dev/no_gender,Bangla,,dev_set/no_gender/Bangla_test/voices/00953.wav,16000,1,16,3.56
dev/no_gender,Bangla,,dev_set/no_gender/Bangla_test/voices/00954.wav,16000,1,16,2.44
dev/no_gender,Bangla,,dev_set/no_gender/Bangla_test/voices/00956.wav,16000,1,16,9.56
dev/no_gender,Bangla,,dev_set/no_gender/Bangla_test/voices/00960.wav,16000,1,16,3.12
dev/no_gender,Bangla,,dev_set/no_gender/Bangla_test/voices/00962.wav,16000,1,16,6.68
dev/no_gender,Bangla,,dev_set/no_gender/Bangla_test/voices/00964.wav,16000,1,16,4.28
dev/no_gender,Bangla,,dev_set/no_gender/Bangla_test/voices/00973.wav,16000,1,16,4.72
dev/no_gender,Bangla,,dev_set/no_gender/Bangla_test/voices/00976.wav,16000,1,16,6.64
dev/no_gender,Bangla,,dev_set/no_gender/Bangla_test/voices/00979.wav,16000,1,16,2.68
dev/no_gender,Bangla,,dev_set/no_gender/Bangla_test/voices/00980.wav,16000,1,16,3.6
dev/no_gender,Bangla,,dev_set/no_gender/Bangla_test/voices/00981.wav,16000,1,16,3.76
dev/no_gender,Bangla,,dev_set/no_gender/Bangla_test/voices/00983.wav,16000,1,16,2.28
dev/no_gender,Bangla,,dev_set/no_gender/Bangla_test/voices/00985.wav,16000,1,16,2.8
dev/no_gender,Bangla,,dev_set/no_gender/Bangla_test/voices/00986.wav,16000,1,16,2.04
dev/no_gender,Bangla,,dev_set/no_gender/Bangla_test/voices/00988.wav,16000,1,16,7.44
dev/no_gender,Bangla,,dev_set/no_gender/Bangla_test/voices/00993.wav,16000,1,16,10.0
dev/no_gender,Bangla,,dev_set/no_gender/Bangla_test/voices/00997.wav,16000,1,16,7.48
dev/no_gender,Bangla,,dev_set/no_gender/Bangla_test/voices/01004.wav,16000,1,16,4.44
dev/no_gender,Bangla,,dev_set/no_gender/Bangla_test/voices/01008.wav,16000,1,16,3.76
dev/no_gender,Bangla,,dev_set/no_gender/Bangla_test/voices/01014.wav,16000,1,16,2.24
dev/no_gender,Bangla,,dev_set/no_gender/Bangla_test/voices/01015.wav,16000,1,16,3.48
dev/no_gender,Bangla,,dev_set/no_gender/Bangla_test/voices/01018.wav,16000,1,16,4.68
dev/no_gender,Bangla,,dev_set/no_gender/Bangla_test/voices/01020.wav,16000,1,16,4.2
dev/no_gender,Bangla,,dev_set/no_gender/Bangla_test/voices/01026.wav,16000,1,16,12.8
dev/no_gender,Bangla,,dev_set/no_gender/Bangla_test/voices/01028.wav,16000,1,16,5.08
dev/no_gender,Bangla,,dev_set/no_gender/Bangla_test/voices/01031.wav,16000,1,16,19.68
dev/no_gender,Bangla,,dev_set/no_gender/Bangla_test/voices/01032.wav,16000,1,16,3.92
dev/no_gender,Bangla,,dev_set/no_gender/Bangla_test/voices/01033.wav,16000,1,16,6.04
dev/no_gender,Bangla,,dev_set/no_gender/Bangla_test/voices/01038.wav,16000,1,16,8.64
dev/no_gender,Bangla,,dev_set/no_gender/Bangla_test/voices/01059.wav,16000,1,16,3.56
dev/no_gender,Bangla,,dev_set/no_gender/Bangla_test/voices/01065.wav,16000,1,16,3.8
dev/no_gender,Bangla,,dev_set/no_gender/Bangla_test/voices/01080.wav,16000,1,16,2.52
dev/no_gender,Bangla,,dev_set/no_gender/Bangla_test/voices/01081.wav,16000,1,16,4.56
dev/no_gender,Bangla,,dev_set/no_gender/Bangla_test/voices/01084.wav,16000,1,16,9.24
dev/no_gender,Bangla,,dev_set/no_gender/Bangla_test/voices/01094.wav,16000,1,16,9.08
dev/no_gender,Bangla,,dev_set/no_gender/Bangla_test/voices/01098.wav,16000,1,16,2.52
dev/no_gender,Bangla,,dev_set/no_gender/Bangla_test/voices/01108.wav,16000,1,16,2.48
dev/no_gender,Bangla,,dev_set/no_gender/Bangla_test/voices/01109.wav,16000,1,16,2.24
dev/no_gender,Bangla,,dev_set/no_gender/Bangla_test/voices/01123.wav,16000,1,16,5.32
dev/no_gender,Bangla,,dev_set/no_gender/Bangla_test/voices/01126.wav,16000,1,16,6.4
dev/no_gender,Bangla,,dev_set/no_gender/Bangla_test/voices/01127.wav,16000,1,16,6.36
dev/no_gender,Bangla,,dev_set/no_gender/Bangla_test/voices/01137.wav,16000,1,16,5.36
dev/no_gender,Bangla,,dev_set/no_gender/Bangla_test/voices/01144.wav,16000,1,16,3.76
dev/no_gender,Bangla,,dev_set/no_gender/Bangla_test/voices/01146.wav,16000,1,16,5.0
dev/no_gender,Bangla,,dev_set/no_gender/Bangla_test/voices/01152.wav,16000,1,16,8.16
dev/no_gender,Bangla,,dev_set/no_gender/Bangla_test/voices/01153.wav,16000,1,16,12.76
dev/no_gender,Bangla,,dev_set/no_gender/Bangla_test/voices/01156.wav,16000,1,16,6.76
dev/no_gender,Bangla,,dev_set/no_gender/Bangla_test/voices/01161.wav,16000,1,16,2.56
dev/no_gender,Bangla,,dev_set/no_gender/Bangla_test/voices/01162.wav,16000,1,16,4.44
dev/no_gender,Bangla,,dev_set/no_gender/Bangla_test/voices/01167.wav,16000,1,16,5.2
dev/no_gender,Bangla,,dev_set/no_gender/Bangla_test/voices/01183.wav,16000,1,16,9.56
dev/no_gender,Bangla,,dev_set/no_gender/Bangla_test/voices/01186.wav,16000,1,16,3.92
dev/no_gender,Bangla,,dev_set/no_gender/Bangla_test/voices/01209.wav,16000,1,16,8.44
dev/no_gender,Bangla,,dev_set/no_gender/Bangla_test/voices/01214.wav,16000,1,16,2.04
dev/no_gender,Bangla,,dev_set/no_gender/Bangla_test/voices/01219.wav,16000,1,16,6.68
dev/no_gender,Bangla,,dev_set/no_gender/Bangla_test/voices/01224.wav,16000,1,16,2.8
dev/no_gender,Bangla,,dev_set/no_gender/Bangla_test/voices/01235.wav,16000,1,16,6.04
dev/no_gender,Bangla,,dev_set/no_gender/Bangla_test/voices/01237.wav,16000,1,16,5.84
dev/no_gender,Bangla,,dev_set/no_gender/Bangla_test/voices/01243.wav,16000,1,16,3.2
dev/no_gender,Bangla,,dev_set/no_gender/Bangla_test/voices/01252.wav,16000,1,16,3.84
dev/no_gender,Bangla,,dev_set/no_gender/Bangla_test/voices/01257.wav,16000,1,16,7.04
dev/no_gender,Bangla,,dev_set/no_gender/Bangla_test/voices/01258.wav,16000,1,16,10.12
dev/no_gender,Bangla,,dev_set/no_gender/Bangla_test/voices/01265.wav,16000,1,16,3.6
dev/no_gender,Bangla,,dev_set/no_gender/Bangla_test/voices/01272.wav,16000,1,16,3.72
dev/no_gender,Bangla,,dev_set/no_gender/Bangla_test/voices/01274.wav,16000,1,16,3.0
dev/no_gender,Bangla,,dev_set/no_gender/Bangla_test/voices/01276.wav,16000,1,16,7.92
dev/no_gender,Bangla,,dev_set/no_gender/Bangla_test/voices/01279.wav,16000,1,16,3.8
dev/no_gender,Bangla,,dev_set/no_gender/Bangla_test/voices/01285.wav,16000,1,16,2.88
dev/no_gender,Bangla,,dev_set/no_gender/Bangla_test/voices/01287.wav,16000,1,16,4.72
dev/no_gender,Bangla,,dev_set/no_gender/Bangla_test/voices/01290.wav,16000,1,16,5.32
dev/no_gender,Bangla,,dev_set/no_gender/Bangla_test/voices/01299.wav,16000,1,16,4.6
dev/no_gender,Bangla,,dev_set/no_gender/Bangla_test/voices/01301.wav,16000,1,16,3.04
dev/no_gender,Bangla,,dev_set/no_gender/Bangla_test/voices/01307.wav,16000,1,16,10.96
dev/no_gender,Bangla,,dev_set/no_gender/Bangla_test/voices/01309.wav,16000,1,16,5.8
dev/no_gender,Bangla,,dev_set/no_gender/Bangla_test/voices/01314.wav,16000,1,16,8.04
dev/no_gender,Bangla,,dev_set/no_gender/Bangla_test/voices/01340.wav,16000,1,16,3.36
dev/no_gender,Bangla,,dev_set/no_gender/Bangla_test/voices/01345.wav,16000,1,16,2.84
dev/no_gender,Bangla,,dev_set/no_gender/Bangla_test/voices/01346.wav,16000,1,16,2.0
dev/no_gender,Bangla,,dev_set/no_gender/Bangla_test/voices/01348.wav,16000,1,16,4.36
dev/no_gender,Bangla,,dev_set/no_gender/Bangla_test/voices/01350.wav,16000,1,16,11.48
dev/no_gender,Bangla,,dev_set/no_gender/Bangla_test/voices/01351.wav,16000,1,16,4.04
dev/no_gender,Bangla,,dev_set/no_gender/Bangla_test/voices/01365.wav,16000,1,16,4.48
dev/no_gender,Bangla,,dev_set/no_gender/Bangla_test/voices/01369.wav,16000,1,16,2.16
dev/no_gender,Bangla,,dev_set/no_gender/Bangla_test/voices/01371.wav,16000,1,16,9.96
dev/no_gender,Bangla,,dev_set/no_gender/Bangla_test/voices/01372.wav,16000,1,16,3.44
dev/no_gender,Bangla,,dev_set/no_gender/Bangla_test/voices/01374.wav,16000,1,16,3.52
dev/no_gender,Bangla,,dev_set/no_gender/Bangla_test/voices/01378.wav,16000,1,16,4.56
dev/no_gender,Bangla,,dev_set/no_gender/Bangla_test/voices/01388.wav,16000,1,16,2.0
dev/no_gender,Bangla,,dev_set/no_gender/Bangla_test/voices/01395.wav,16000,1,16,2.36
dev/no_gender,Bangla,,dev_set/no_gender/Bangla_test/voices/01405.wav,16000,1,16,7.76
dev/no_gender,Bangla,,dev_set/no_gender/Bangla_test/voices/00000.wav,16000,1,16,3.04
dev/no_gender,Bangla,,dev_set/no_gender/Bangla_test/voices/00012.wav,16000,1,16,6.48
dev/no_gender,Bangla,,dev_set/no_gender/Bangla_test/voices/00016.wav,16000,1,16,8.16
dev/no_gender,Bangla,,dev_set/no_gender/Bangla_test/voices/00020.wav,16000,1,16,9.32
dev/no_gender,Bangla,,dev_set/no_gender/Bangla_test/voices/00026.wav,16000,1,16,3.92
dev/no_gender,Bangla,,dev_set/no_gender/Bangla_test/voices/00027.wav,16000,1,16,4.52
dev/no_gender,Bangla,,dev_set/no_gender/Bangla_test/voices/00028.wav,16000,1,16,2.24
dev/no_gender,Bangla,,dev_set/no_gender/Bangla_test/voices/00039.wav,16000,1,16,19.04
dev/no_gender,Bangla,,dev_set/no_gender/Bangla_test/voices/00042.wav,16000,1,16,4.12
dev/no_gender,Bangla,,dev_set/no_gender/Bangla_test/voices/00053.wav,16000,1,16,2.68
dev/no_gender,Bangla,,dev_set/no_gender/Bangla_test/voices/00060.wav,16000,1,16,5.0
dev/no_gender,Bangla,,dev_set/no_gender/Bangla_test/voices/00068.wav,16000,1,16,8.48
dev/no_gender,Bangla,,dev_set/no_gender/Bangla_test/voices/00069.wav,16000,1,16,2.0
dev/no_gender,Bangla,,dev_set/no_gender/Bangla_test/voices/00071.wav,16000,1,16,7.36
dev/no_gender,Bangla,,dev_set/no_gender/Bangla_test/voices/00074.wav,16000,1,16,5.16
dev/no_gender,Bangla,,dev_set/no_gender/Bangla_test/voices/00079.wav,16000,1,16,5.84
dev/no_gender,Bangla,,dev_set/no_gender/Bangla_test/voices/00095.wav,16000,1,16,6.0
dev/no_gender,Bangla,,dev_set/no_gender/Bangla_test/voices/00099.wav,16000,1,16,5.04
dev/no_gender,Bangla,,dev_set/no_gender/Bangla_test/voices/00108.wav,16000,1,16,5.72
dev/no_gender,Bangla,,dev_set/no_gender/Bangla_test/voices/00111.wav,16000,1,16,8.28
dev/no_gender,Bangla,,dev_set/no_gender/Bangla_test/voices/00112.wav,16000,1,16,5.88
dev/no_gender,Bangla,,dev_set/no_gender/Bangla_test/voices/00114.wav,16000,1,16,9.2
dev/no_gender,Bangla,,dev_set/no_gender/Bangla_test/voices/00116.wav,16000,1,16,3.68
dev/no_gender,Bangla,,dev_set/no_gender/Bangla_test/voices/00122.wav,16000,1,16,3.04
dev/no_gender,Bangla,,dev_set/no_gender/Bangla_test/voices/00124.wav,16000,1,16,17.88
dev/no_gender,Bangla,,dev_set/no_gender/Bangla_test/voices/00126.wav,16000,1,16,8.8
dev/no_gender,Bangla,,dev_set/no_gender/Bangla_test/voices/00130.wav,16000,1,16,3.52
dev/no_gender,Bangla,,dev_set/no_gender/Bangla_test/voices/00133.wav,16000,1,16,4.48
dev/no_gender,Bangla,,dev_set/no_gender/Bangla_test/voices/00140.wav,16000,1,16,10.2
dev/no_gender,Bangla,,dev_set/no_gender/Bangla_test/voices/00149.wav,16000,1,16,4.0
dev/no_gender,Bangla,,dev_set/no_gender/Bangla_test/voices/00159.wav,16000,1,16,4.0
dev/no_gender,Bangla,,dev_set/no_gender/Bangla_test/voices/00175.wav,16000,1,16,3.6
dev/no_gender,Bangla,,dev_set/no_gender/Bangla_test/voices/00176.wav,16000,1,16,2.88
dev/no_gender,Bangla,,dev_set/no_gender/Bangla_test/voices/00181.wav,16000,1,16,6.0
dev/no_gender,Bangla,,dev_set/no_gender/Bangla_test/voices/00192.wav,16000,1,16,3.68
dev/no_gender,Bangla,,dev_set/no_gender/Bangla_test/voices/00197.wav,16000,1,16,3.0
dev/no_gender,Bangla,,dev_set/no_gender/Bangla_test/voices/00198.wav,16000,1,16,13.08
dev/no_gender,Bangla,,dev_set/no_gender/Bangla_test/voices/00218.wav,16000,1,16,2.04
dev/no_gender,Bangla,,dev_set/no_gender/Bangla_test/voices/00221.wav,16000,1,16,3.92
dev/no_gender,Bangla,,dev_set/no_gender/Bangla_test/voices/00227.wav,16000,1,16,2.8
dev/no_gender,Bangla,,dev_set/no_gender/Bangla_test/voices/00244.wav,16000,1,16,3.84
dev/no_gender,Bangla,,dev_set/no_gender/Bangla_test/voices/00252.wav,16000,1,16,4.04
dev/no_gender,Bangla,,dev_set/no_gender/Bangla_test/voices/00256.wav,16000,1,16,2.36
dev/no_gender,Bangla,,dev_set/no_gender/Bangla_test/voices/00258.wav,16000,1,16,6.08
dev/no_gender,Bangla,,dev_set/no_gender/Bangla_test/voices/00261.wav,16000,1,16,2.8
dev/no_gender,Bangla,,dev_set/no_gender/Bangla_test/voices/00265.wav,16000,1,16,3.68
dev/no_gender,Bangla,,dev_set/no_gender/Bangla_test/voices/00268.wav,16000,1,16,8.92
dev/no_gender,Bangla,,dev_set/no_gender/Bangla_test/voices/00269.wav,16000,1,16,7.12
dev/no_gender,Bangla,,dev_set/no_gender/Bangla_test/voices/00280.wav,16000,1,16,2.16
dev/no_gender,Bangla,,dev_set/no_gender/Bangla_test/voices/00283.wav,16000,1,16,5.76
dev/no_gender,Bangla,,dev_set/no_gender/Bangla_test/voices/00287.wav,16000,1,16,4.8
dev/no_gender,Bangla,,dev_set/no_gender/Bangla_test/voices/00288.wav,16000,1,16,5.16
dev/no_gender,Bangla,,dev_set/no_gender/Bangla_test/voices/00290.wav,16000,1,16,5.72
dev/no_gender,Bangla,,dev_set/no_gender/Bangla_test/voices/00293.wav,16000,1,16,6.2
dev/no_gender,Bangla,,dev_set/no_gender/Bangla_test/voices/00298.wav,16000,1,16,3.08
dev/no_gender,Bangla,,dev_set/no_gender/Bangla_test/voices/00308.wav,16000,1,16,3.92
dev/no_gender,Bangla,,dev_set/no_gender/Bangla_test/voices/00317.wav,16000,1,16,2.8
dev/no_gender,Bangla,,dev_set/no_gender/Bangla_test/voices/00318.wav,16000,1,16,3.84
dev/no_gender,Bangla,,dev_set/no_gender/Bangla_test/voices/00324.wav,16000,1,16,6.64
dev/no_gender,Bangla,,dev_set/no_gender/Bangla_test/voices/00332.wav,16000,1,16,5.92
dev/no_gender,Bangla,,dev_set/no_gender/Bangla_test/voices/00341.wav,16000,1,16,2.76
dev/no_gender,Bangla,,dev_set/no_gender/Bangla_test/voices/00343.wav,16000,1,16,7.36
dev/no_gender,Bangla,,dev_set/no_gender/Bangla_test/voices/00344.wav,16000,1,16,3.92
dev/no_gender,Bangla,,dev_set/no_gender/Bangla_test/voices/00346.wav,16000,1,16,4.28
dev/no_gender,Bangla,,dev_set/no_gender/Bangla_test/voices/00348.wav,16000,1,16,2.56
dev/no_gender,Bangla,,dev_set/no_gender/Bangla_test/voices/00354.wav,16000,1,16,7.64
dev/no_gender,Bangla,,dev_set/no_gender/Bangla_test/voices/00355.wav,16000,1,16,6.4
dev/no_gender,Bangla,,dev_set/no_gender/Bangla_test/voices/00359.wav,16000,1,16,4.52
dev/no_gender,Bangla,,dev_set/no_gender/Bangla_test/voices/00371.wav,16000,1,16,2.48
dev/no_gender,Bangla,,dev_set/no_gender/Bangla_test/voices/00374.wav,16000,1,16,16.84
dev/no_gender,Bangla,,dev_set/no_gender/Bangla_test/voices/00378.wav,16000,1,16,7.48
dev/no_gender,Bangla,,dev_set/no_gender/Bangla_test/voices/00382.wav,16000,1,16,8.2
dev/no_gender,Bangla,,dev_set/no_gender/Bangla_test/voices/00385.wav,16000,1,16,2.56
dev/no_gender,Bangla,,dev_set/no_gender/Bangla_test/voices/00395.wav,16000,1,16,4.04
dev/no_gender,Bangla,,dev_set/no_gender/Bangla_test/voices/00402.wav,16000,1,16,3.44
dev/no_gender,Bangla,,dev_set/no_gender/Bangla_test/voices/00404.wav,16000,1,16,4.12
dev/no_gender,Bangla,,dev_set/no_gender/Bangla_test/voices/00406.wav,16000,1,16,5.24
dev/no_gender,Bangla,,dev_set/no_gender/Bangla_test/voices/00411.wav,16000,1,16,3.12
dev/no_gender,Bangla,,dev_set/no_gender/Bangla_test/voices/00415.wav,16000,1,16,4.32
dev/no_gender,Bangla,,dev_set/no_gender/Bangla_test/voices/00434.wav,16000,1,16,3.64
dev/no_gender,Bangla,,dev_set/no_gender/Bangla_test/voices/00439.wav,16000,1,16,2.8
dev/no_gender,Bangla,,dev_set/no_gender/Bangla_test/voices/00442.wav,16000,1,16,5.68
dev/no_gender,Bangla,,dev_set/no_gender/Bangla_test/voices/00444.wav,16000,1,16,9.6
dev/no_gender,Bangla,,dev_set/no_gender/Bangla_test/voices/00446.wav,16000,1,16,5.68
dev/no_gender,Bangla,,dev_set/no_gender/Bangla_test/voices/00454.wav,16000,1,16,4.12
dev/no_gender,Bangla,,dev_set/no_gender/Bangla_test/voices/00457.wav,16000,1,16,4.8
dev/no_gender,Bangla,,dev_set/no_gender/Bangla_test/voices/00460.wav,16000,1,16,2.68
dev/no_gender,Bangla,,dev_set/no_gender/Bangla_test/voices/00461.wav,16000,1,16,2.76
dev/no_gender,Bangla,,dev_set/no_gender/Bangla_test/voices/00463.wav,16000,1,16,4.6
dev/no_gender,Bangla,,dev_set/no_gender/Bangla_test/voices/00470.wav,16000,1,16,4.8
dev/no_gender,Bangla,,dev_set/no_gender/Bangla_test/voices/00475.wav,16000,1,16,5.68
dev/no_gender,Bangla,,dev_set/no_gender/Bangla_test/voices/00497.wav,16000,1,16,2.56
dev/no_gender,Bangla,,dev_set/no_gender/Bangla_test/voices/00499.wav,16000,1,16,9.12
dev/no_gender,Bangla,,dev_set/no_gender/Bangla_test/voices/00503.wav,16000,1,16,5.4
dev/no_gender,Bangla,,dev_set/no_gender/Bangla_test/voices/00508.wav,16000,1,16,3.08
dev/no_gender,Bangla,,dev_set/no_gender/Bangla_test/voices/00510.wav,16000,1,16,5.28
dev/no_gender,Bangla,,dev_set/no_gender/Bangla_test/voices/00513.wav,16000,1,16,8.28
dev/no_gender,Bangla,,dev_set/no_gender/Bangla_test/voices/00514.wav,16000,1,16,11.8
dev/no_gender,Bangla,,dev_set/no_gender/Bangla_test/voices/00531.wav,16000,1,16,11.96
dev/no_gender,Bangla,,dev_set/no_gender/Bangla_test/voices/00536.wav,16000,1,16,7.56
dev/no_gender,Bangla,,dev_set/no_gender/Bangla_test/voices/00537.wav,16000,1,16,7.0
dev/no_gender,Bangla,,dev_set/no_gender/Bangla_test/voices/00539.wav,16000,1,16,4.32
dev/no_gender,Bangla,,dev_set/no_gender/Bangla_test/voices/00540.wav,16000,1,16,3.36
dev/no_gender,Bangla,,dev_set/no_gender/Bangla_test/voices/00541.wav,16000,1,16,2.68
dev/no_gender,Bangla,,dev_set/no_gender/Bangla_test/voices/00551.wav,16000,1,16,20.28
dev/no_gender,Bangla,,dev_set/no_gender/Bangla_test/voices/00558.wav,16000,1,16,4.88
dev/no_gender,Bangla,,dev_set/no_gender/Bangla_test/voices/00559.wav,16000,1,16,3.16
dev/no_gender,Bangla,,dev_set/no_gender/Bangla_test/voices/00561.wav,16000,1,16,5.08
dev/no_gender,Bangla,,dev_set/no_gender/Bangla_test/voices/00562.wav,16000,1,16,9.48
dev/no_gender,Bangla,,dev_set/no_gender/Bangla_test/voices/00564.wav,16000,1,16,4.68
dev/no_gender,Bangla,,dev_set/no_gender/Bangla_test/voices/00571.wav,16000,1,16,8.2
dev/no_gender,Bangla,,dev_set/no_gender/Bangla_test/voices/00583.wav,16000,1,16,2.6
dev/no_gender,Bangla,,dev_set/no_gender/Bangla_test/voices/00594.wav,16000,1,16,3.48
dev/no_gender,Bangla,,dev_set/no_gender/Bangla_test/voices/00596.wav,16000,1,16,3.12
dev/no_gender,Bangla,,dev_set/no_gender/Bangla_test/voices/00603.wav,16000,1,16,5.04
dev/no_gender,Bangla,,dev_set/no_gender/Bangla_test/voices/00623.wav,16000,1,16,5.68
dev/no_gender,Bangla,,dev_set/no_gender/Bangla_test/voices/00624.wav,16000,1,16,2.6
dev/no_gender,Bangla,,dev_set/no_gender/Bangla_test/voices/00629.wav,16000,1,16,2.04
dev/no_gender,Bangla,,dev_set/no_gender/Bangla_test/voices/00630.wav,16000,1,16,3.04
dev/no_gender,Bangla,,dev_set/no_gender/Bangla_test/voices/00633.wav,16000,1,16,2.24
dev/no_gender,Bangla,,dev_set/no_gender/Bangla_test/voices/00635.wav,16000,1,16,6.8
dev/no_gender,Bangla,,dev_set/no_gender/Bangla_test/voices/00640.wav,16000,1,16,7.68
dev/no_gender,Bangla,,dev_set/no_gender/Bangla_test/voices/00660.wav,16000,1,16,8.92
dev/no_gender,Bangla,,dev_set/no_gender/Bangla_test/voices/00666.wav,16000,1,16,5.68
dev/no_gender,Bangla,,dev_set/no_gender/Bangla_test/voices/00667.wav,16000,1,16,16.4
dev/no_gender,Bangla,,dev_set/no_gender/Bangla_test/voices/00669.wav,16000,1,16,13.64
dev/no_gender,Bangla,,dev_set/no_gender/Bangla_test/voices/00675.wav,16000,1,16,2.04
dev/no_gender,Bangla,,dev_set/no_gender/Bangla_test/voices/00678.wav,16000,1,16,3.12
dev/no_gender,Bangla,,dev_set/no_gender/Bangla_test/voices/00679.wav,16000,1,16,4.6
dev/no_gender,Bangla,,dev_set/no_gender/Bangla_test/voices/00680.wav,16000,1,16,2.76
dev/no_gender,Bangla,,dev_set/no_gender/Bangla_test/voices/00689.wav,16000,1,16,8.4
dev/no_gender,Bangla,,dev_set/no_gender/Bangla_test/voices/00712.wav,16000,1,16,2.84
dev/no_gender,Bangla,,dev_set/no_gender/Bangla_test/voices/00714.wav,16000,1,16,5.24
dev/no_gender,Bangla,,dev_set/no_gender/Bangla_test/voices/00717.wav,16000,1,16,6.6
dev/no_gender,Bangla,,dev_set/no_gender/Bangla_test/voices/00719.wav,16000,1,16,2.4
dev/no_gender,Bangla,,dev_set/no_gender/Bangla_test/voices/00731.wav,16000,1,16,2.36
dev/no_gender,Bangla,,dev_set/no_gender/Bangla_test/voices/00735.wav,16000,1,16,4.0
dev/no_gender,Bangla,,dev_set/no_gender/Bangla_test/voices/00747.wav,16000,1,16,7.8
dev/no_gender,Bangla,,dev_set/no_gender/Bangla_test/voices/00753.wav,16000,1,16,3.68
dev/no_gender,Bangla,,dev_set/no_gender/Bangla_test/voices/00755.wav,16000,1,16,9.6
dev/no_gender,Bangla,,dev_set/no_gender/Bangla_test/voices/00756.wav,16000,1,16,3.04
dev/no_gender,Bangla,,dev_set/no_gender/Bangla_test/voices/00759.wav,16000,1,16,3.24
dev/no_gender,Bangla,,dev_set/no_gender/Bangla_test/voices/00760.wav,16000,1,16,8.56
dev/no_gender,Bangla,,dev_set/no_gender/Bangla_test/voices/00765.wav,16000,1,16,3.08
dev/no_gender,Bangla,,dev_set/no_gender/Bangla_test/voices/00767.wav,16000,1,16,8.16
dev/no_gender,Bangla,,dev_set/no_gender/Bangla_test/voices/00770.wav,16000,1,16,3.08
dev/no_gender,Bangla,,dev_set/no_gender/Bangla_test/voices/00771.wav,16000,1,16,4.08
dev/no_gender,Bangla,,dev_set/no_gender/Bangla_test/voices/00776.wav,16000,1,16,3.72
dev/no_gender,Bangla,,dev_set/no_gender/Bangla_test/voices/00783.wav,16000,1,16,3.36
dev/no_gender,Bangla,,dev_set/no_gender/Bangla_test/voices/00789.wav,16000,1,16,8.72
dev/no_gender,Bangla,,dev_set/no_gender/Bangla_test/voices/00807.wav,16000,1,16,4.72
dev/no_gender,Bangla,,dev_set/no_gender/Bangla_test/voices/00812.wav,16000,1,16,6.44
dev/no_gender,Bangla,,dev_set/no_gender/Bangla_test/voices/00817.wav,16000,1,16,2.92
dev/no_gender,Bangla,,dev_set/no_gender/Bangla_test/voices/00818.wav,16000,1,16,6.0
dev/no_gender,Bangla,,dev_set/no_gender/Bangla_test/voices/00820.wav,16000,1,16,3.24
dev/no_gender,Bangla,,dev_set/no_gender/Bangla_test/voices/00829.wav,16000,1,16,9.64
dev/no_gender,Bangla,,dev_set/no_gender/Bangla_test/voices/00834.wav,16000,1,16,10.48
dev/no_gender,Bangla,,dev_set/no_gender/Bangla_test/voices/00839.wav,16000,1,16,9.08
dev/no_gender,Bangla,,dev_set/no_gender/Bangla_test/voices/00841.wav,16000,1,16,10.48
dev/no_gender,Bangla,,dev_set/no_gender/Bangla_test/voices/00847.wav,16000,1,16,5.96
dev/no_gender,Bangla,,dev_set/no_gender/Bangla_test/voices/00849.wav,16000,1,16,4.04
dev/no_gender,Bangla,,dev_set/no_gender/Bangla_test/voices/00854.wav,16000,1,16,4.28
dev/no_gender,Bangla,,dev_set/no_gender/Bangla_test/voices/00857.wav,16000,1,16,8.68
dev/no_gender,Bangla,,dev_set/no_gender/Bangla_test/voices/00859.wav,16000,1,16,4.4
dev/no_gender,Bangla,,dev_set/no_gender/Bangla_test/voices/00874.wav,16000,1,16,9.04
dev/no_gender,Bangla,,dev_set/no_gender/Bangla_test/voices/00878.wav,16000,1,16,2.92
dev/no_gender,Bangla,,dev_set/no_gender/Bangla_test/voices/00880.wav,16000,1,16,3.16
dev/no_gender,Bangla,,dev_set/no_gender/Bangla_test/voices/00882.wav,16000,1,16,5.08
dev/no_gender,Bangla,,dev_set/no_gender/Bangla_test/voices/00883.wav,16000,1,16,6.72
dev/no_gender,Bangla,,dev_set/no_gender/Bangla_test/voices/00885.wav,16000,1,16,2.2
dev/no_gender,Bangla,,dev_set/no_gender/Bangla_test/voices/00886.wav,16000,1,16,6.64
dev/no_gender,Bangla,,dev_set/no_gender/Bangla_test/voices/00888.wav,16000,1,16,5.0
dev/no_gender,Bangla,,dev_set/no_gender/Bangla_test/voices/00898.wav,16000,1,16,2.12
dev/no_gender,Bangla,,dev_set/no_gender/Bangla_test/voices/00905.wav,16000,1,16,4.04
dev/no_gender,Bangla,,dev_set/no_gender/Bangla_test/voices/00913.wav,16000,1,16,5.72
dev/no_gender,Bangla,,dev_set/no_gender/Bangla_test/voices/00915.wav,16000,1,16,4.16
dev/no_gender,Bangla,,dev_set/no_gender/Bangla_test/voices/00921.wav,16000,1,16,5.32
dev/no_gender,Bangla,,dev_set/no_gender/Bangla_test/voices/00928.wav,16000,1,16,4.0
dev/no_gender,Bangla,,dev_set/no_gender/Bangla_test/voices/00931.wav,16000,1,16,5.36
dev/no_gender,Bangla,,dev_set/no_gender/Bangla_test/voices/00933.wav,16000,1,16,3.8
dev/no_gender,Bangla,,dev_set/no_gender/Bangla_test/voices/00935.wav,16000,1,16,6.4
dev/no_gender,Bangla,,dev_set/no_gender/Bangla_test/voices/00942.wav,16000,1,16,2.48
dev/no_gender,Bangla,,dev_set/no_gender/Bangla_test/voices/00944.wav,16000,1,16,3.56
dev/no_gender,Bangla,,dev_set/no_gender/Bangla_test/voices/00951.wav,16000,1,16,6.36
dev/no_gender,Bangla,,dev_set/no_gender/Bangla_test/voices/00952.wav,16000,1,16,14.84
dev/no_gender,Bangla,,dev_set/no_gender/Bangla_test/voices/00958.wav,16000,1,16,8.44
dev/no_gender,Bangla,,dev_set/no_gender/Bangla_test/voices/00959.wav,16000,1,16,2.08
dev/no_gender,Bangla,,dev_set/no_gender/Bangla_test/voices/00972.wav,16000,1,16,6.72
dev/no_gender,Bangla,,dev_set/no_gender/Bangla_test/voices/00974.wav,16000,1,16,10.68
dev/no_gender,Bangla,,dev_set/no_gender/Bangla_test/voices/00978.wav,16000,1,16,2.72
dev/no_gender,Bangla,,dev_set/no_gender/Bangla_test/voices/00987.wav,16000,1,16,5.56
dev/no_gender,Bangla,,dev_set/no_gender/Bangla_test/voices/00991.wav,16000,1,16,2.88
dev/no_gender,Bangla,,dev_set/no_gender/Bangla_test/voices/00992.wav,16000,1,16,4.64
dev/no_gender,Bangla,,dev_set/no_gender/Bangla_test/voices/00999.wav,16000,1,16,2.88
dev/no_gender,Bangla,,dev_set/no_gender/Bangla_test/voices/01000.wav,16000,1,16,4.24
dev/no_gender,Bangla,,dev_set/no_gender/Bangla_test/voices/01001.wav,16000,1,16,4.76
dev/no_gender,Bangla,,dev_set/no_gender/Bangla_test/voices/01011.wav,16000,1,16,6.72
dev/no_gender,Bangla,,dev_set/no_gender/Bangla_test/voices/01013.wav,16000,1,16,2.44
dev/no_gender,Bangla,,dev_set/no_gender/Bangla_test/voices/01022.wav,16000,1,16,7.8
dev/no_gender,Bangla,,dev_set/no_gender/Bangla_test/voices/01024.wav,16000,1,16,5.6
dev/no_gender,Bangla,,dev_set/no_gender/Bangla_test/voices/01025.wav,16000,1,16,18.56
dev/no_gender,Bangla,,dev_set/no_gender/Bangla_test/voices/01036.wav,16000,1,16,8.52
dev/no_gender,Bangla,,dev_set/no_gender/Bangla_test/voices/01037.wav,16000,1,16,2.64
dev/no_gender,Bangla,,dev_set/no_gender/Bangla_test/voices/01042.wav,16000,1,16,5.44
dev/no_gender,Bangla,,dev_set/no_gender/Bangla_test/voices/01046.wav,16000,1,16,5.28
dev/no_gender,Bangla,,dev_set/no_gender/Bangla_test/voices/01048.wav,16000,1,16,3.64
dev/no_gender,Bangla,,dev_set/no_gender/Bangla_test/voices/01054.wav,16000,1,16,2.84
dev/no_gender,Bangla,,dev_set/no_gender/Bangla_test/voices/01060.wav,16000,1,16,7.48
dev/no_gender,Bangla,,dev_set/no_gender/Bangla_test/voices/01062.wav,16000,1,16,10.48
dev/no_gender,Bangla,,dev_set/no_gender/Bangla_test/voices/01063.wav,16000,1,16,6.88
dev/no_gender,Bangla,,dev_set/no_gender/Bangla_test/voices/01067.wav,16000,1,16,17.36
dev/no_gender,Bangla,,dev_set/no_gender/Bangla_test/voices/01069.wav,16000,1,16,14.8
dev/no_gender,Bangla,,dev_set/no_gender/Bangla_test/voices/01072.wav,16000,1,16,4.6
dev/no_gender,Bangla,,dev_set/no_gender/Bangla_test/voices/01073.wav,16000,1,16,4.0
dev/no_gender,Bangla,,dev_set/no_gender/Bangla_test/voices/01075.wav,16000,1,16,5.92
dev/no_gender,Bangla,,dev_set/no_gender/Bangla_test/voices/01083.wav,16000,1,16,2.32
dev/no_gender,Bangla,,dev_set/no_gender/Bangla_test/voices/01093.wav,16000,1,16,9.16
dev/no_gender,Bangla,,dev_set/no_gender/Bangla_test/voices/01096.wav,16000,1,16,11.76
dev/no_gender,Bangla,,dev_set/no_gender/Bangla_test/voices/01097.wav,16000,1,16,2.36
dev/no_gender,Bangla,,dev_set/no_gender/Bangla_test/voices/01100.wav,16000,1,16,2.24
dev/no_gender,Bangla,,dev_set/no_gender/Bangla_test/voices/01103.wav,16000,1,16,12.76
dev/no_gender,Bangla,,dev_set/no_gender/Bangla_test/voices/01106.wav,16000,1,16,2.36
dev/no_gender,Bangla,,dev_set/no_gender/Bangla_test/voices/01107.wav,16000,1,16,2.72
dev/no_gender,Bangla,,dev_set/no_gender/Bangla_test/voices/01111.wav,16000,1,16,9.24
dev/no_gender,Bangla,,dev_set/no_gender/Bangla_test/voices/01113.wav,16000,1,16,3.08
dev/no_gender,Bangla,,dev_set/no_gender/Bangla_test/voices/01116.wav,16000,1,16,2.24
dev/no_gender,Bangla,,dev_set/no_gender/Bangla_test/voices/01119.wav,16000,1,16,2.6
dev/no_gender,Bangla,,dev_set/no_gender/Bangla_test/voices/01128.wav,16000,1,16,4.56
dev/no_gender,Bangla,,dev_set/no_gender/Bangla_test/voices/01130.wav,16000,1,16,6.12
dev/no_gender,Bangla,,dev_set/no_gender/Bangla_test/voices/01131.wav,16000,1,16,21.32
dev/no_gender,Bangla,,dev_set/no_gender/Bangla_test/voices/01132.wav,16000,1,16,2.8
dev/no_gender,Bangla,,dev_set/no_gender/Bangla_test/voices/01133.wav,16000,1,16,5.12
dev/no_gender,Bangla,,dev_set/no_gender/Bangla_test/voices/01135.wav,16000,1,16,7.52
dev/no_gender,Bangla,,dev_set/no_gender/Bangla_test/voices/01151.wav,16000,1,16,9.6
dev/no_gender,Bangla,,dev_set/no_gender/Bangla_test/voices/01159.wav,16000,1,16,6.0
dev/no_gender,Bangla,,dev_set/no_gender/Bangla_test/voices/01169.wav,16000,1,16,9.72
dev/no_gender,Bangla,,dev_set/no_gender/Bangla_test/voices/01172.wav,16000,1,16,5.84
dev/no_gender,Bangla,,dev_set/no_gender/Bangla_test/voices/01173.wav,16000,1,16,6.92
dev/no_gender,Bangla,,dev_set/no_gender/Bangla_test/voices/01175.wav,16000,1,16,8.16
dev/no_gender,Bangla,,dev_set/no_gender/Bangla_test/voices/01177.wav,16000,1,16,2.04
dev/no_gender,Bangla,,dev_set/no_gender/Bangla_test/voices/01182.wav,16000,1,16,6.96
dev/no_gender,Bangla,,dev_set/no_gender/Bangla_test/voices/01184.wav,16000,1,16,7.92
dev/no_gender,Bangla,,dev_set/no_gender/Bangla_test/voices/01187.wav,16000,1,16,5.88
dev/no_gender,Bangla,,dev_set/no_gender/Bangla_test/voices/01190.wav,16000,1,16,4.0
dev/no_gender,Bangla,,dev_set/no_gender/Bangla_test/voices/01198.wav,16000,1,16,5.56
dev/no_gender,Bangla,,dev_set/no_gender/Bangla_test/voices/01199.wav,16000,1,16,8.76
dev/no_gender,Bangla,,dev_set/no_gender/Bangla_test/voices/01203.wav,16000,1,16,7.04
dev/no_gender,Bangla,,dev_set/no_gender/Bangla_test/voices/01207.wav,16000,1,16,8.56
dev/no_gender,Bangla,,dev_set/no_gender/Bangla_test/voices/01215.wav,16000,1,16,4.56
dev/no_gender,Bangla,,dev_set/no_gender/Bangla_test/voices/01216.wav,16000,1,16,2.2
dev/no_gender,Bangla,,dev_set/no_gender/Bangla_test/voices/01217.wav,16000,1,16,10.76
dev/no_gender,Bangla,,dev_set/no_gender/Bangla_test/voices/01218.wav,16000,1,16,4.12
dev/no_gender,Bangla,,dev_set/no_gender/Bangla_test/voices/01236.wav,16000,1,16,6.04
dev/no_gender,Bangla,,dev_set/no_gender/Bangla_test/voices/01240.wav,16000,1,16,3.4
dev/no_gender,Bangla,,dev_set/no_gender/Bangla_test/voices/01242.wav,16000,1,16,4.2
dev/no_gender,Bangla,,dev_set/no_gender/Bangla_test/voices/01255.wav,16000,1,16,3.12
dev/no_gender,Bangla,,dev_set/no_gender/Bangla_test/voices/01278.wav,16000,1,16,5.84
dev/no_gender,Bangla,,dev_set/no_gender/Bangla_test/voices/01283.wav,16000,1,16,6.2
dev/no_gender,Bangla,,dev_set/no_gender/Bangla_test/voices/01291.wav,16000,1,16,2.36
dev/no_gender,Bangla,,dev_set/no_gender/Bangla_test/voices/01297.wav,16000,1,16,2.56
dev/no_gender,Bangla,,dev_set/no_gender/Bangla_test/voices/01298.wav,16000,1,16,6.56
dev/no_gender,Bangla,,dev_set/no_gender/Bangla_test/voices/01304.wav,16000,1,16,3.6
dev/no_gender,Bangla,,dev_set/no_gender/Bangla_test/voices/01305.wav,16000,1,16,3.72
dev/no_gender,Bangla,,dev_set/no_gender/Bangla_test/voices/01313.wav,16000,1,16,4.16
dev/no_gender,Bangla,,dev_set/no_gender/Bangla_test/voices/01317.wav,16000,1,16,3.6
dev/no_gender,Bangla,,dev_set/no_gender/Bangla_test/voices/01320.wav,16000,1,16,4.04
dev/no_gender,Bangla,,dev_set/no_gender/Bangla_test/voices/01321.wav,16000,1,16,9.0
dev/no_gender,Bangla,,dev_set/no_gender/Bangla_test/voices/01327.wav,16000,1,16,4.04
dev/no_gender,Bangla,,dev_set/no_gender/Bangla_test/voices/01336.wav,16000,1,16,6.76
dev/no_gender,Bangla,,dev_set/no_gender/Bangla_test/voices/01338.wav,16000,1,16,14.8
dev/no_gender,Bangla,,dev_set/no_gender/Bangla_test/voices/01339.wav,16000,1,16,3.2
dev/no_gender,Bangla,,dev_set/no_gender/Bangla_test/voices/01341.wav,16000,1,16,2.48
dev/no_gender,Bangla,,dev_set/no_gender/Bangla_test/voices/01353.wav,16000,1,16,3.92
dev/no_gender,Bangla,,dev_set/no_gender/Bangla_test/voices/01355.wav,16000,1,16,4.24
dev/no_gender,Bangla,,dev_set/no_gender/Bangla_test/voices/01361.wav,16000,1,16,7.0
dev/no_gender,Bangla,,dev_set/no_gender/Bangla_test/voices/01368.wav,16000,1,16,7.8
dev/no_gender,Bangla,,dev_set/no_gender/Bangla_test/voices/01373.wav,16000,1,16,10.04
dev/no_gender,Bangla,,dev_set/no_gender/Bangla_test/voices/01376.wav,16000,1,16,2.68
dev/no_gender,Bangla,,dev_set/no_gender/Bangla_test/voices/01380.wav,16000,1,16,4.0
dev/no_gender,Bangla,,dev_set/no_gender/Bangla_test/voices/01384.wav,16000,1,16,3.76
dev/no_gender,Bangla,,dev_set/no_gender/Bangla_test/voices/01390.wav,16000,1,16,3.96
dev/no_gender,Bangla,,dev_set/no_gender/Bangla_test/voices/01392.wav,16000,1,16,3.72
dev/no_gender,Bangla,,dev_set/no_gender/Bangla_test/voices/01394.wav,16000,1,16,5.6
dev/no_gender,Bangla,,dev_set/no_gender/Bangla_test/voices/01398.wav,16000,1,16,6.04
dev/no_gender,Bangla,,dev_set/no_gender/Bangla_test/voices/01401.wav,16000,1,16,2.2
dev/no_gender,Bangla,,dev_set/no_gender/Bangla_test/voices/01403.wav,16000,1,16,5.0
dev/no_gender,Bangla,,dev_set/no_gender/Bangla_test/voices/00032.wav,16000,1,16,3.24
dev/no_gender,Bangla,,dev_set/no_gender/Bangla_test/voices/00040.wav,16000,1,16,7.12
dev/no_gender,Bangla,,dev_set/no_gender/Bangla_test/voices/00064.wav,16000,1,16,2.76
dev/no_gender,Bangla,,dev_set/no_gender/Bangla_test/voices/00078.wav,16000,1,16,5.2
dev/no_gender,Bangla,,dev_set/no_gender/Bangla_test/voices/00089.wav,16000,1,16,5.16
dev/no_gender,Bangla,,dev_set/no_gender/Bangla_test/voices/00091.wav,16000,1,16,3.0
dev/no_gender,Bangla,,dev_set/no_gender/Bangla_test/voices/00093.wav,16000,1,16,6.72
dev/no_gender,Bangla,,dev_set/no_gender/Bangla_test/voices/00100.wav,16000,1,16,6.68
dev/no_gender,Bangla,,dev_set/no_gender/Bangla_test/voices/00106.wav,16000,1,16,5.44
dev/no_gender,Bangla,,dev_set/no_gender/Bangla_test/voices/00119.wav,16000,1,16,5.0
dev/no_gender,Bangla,,dev_set/no_gender/Bangla_test/voices/00128.wav,16000,1,16,9.56
dev/no_gender,Bangla,,dev_set/no_gender/Bangla_test/voices/00134.wav,16000,1,16,7.32
dev/no_gender,Bangla,,dev_set/no_gender/Bangla_test/voices/00139.wav,16000,1,16,5.52
dev/no_gender,Bangla,,dev_set/no_gender/Bangla_test/voices/00143.wav,16000,1,16,6.52
dev/no_gender,Bangla,,dev_set/no_gender/Bangla_test/voices/00155.wav,16000,1,16,5.28
dev/no_gender,Bangla,,dev_set/no_gender/Bangla_test/voices/00174.wav,16000,1,16,7.24
dev/no_gender,Bangla,,dev_set/no_gender/Bangla_test/voices/00209.wav,16000,1,16,4.16
dev/no_gender,Bangla,,dev_set/no_gender/Bangla_test/voices/00226.wav,16000,1,16,3.08
dev/no_gender,Bangla,,dev_set/no_gender/Bangla_test/voices/00229.wav,16000,1,16,8.32
dev/no_gender,Bangla,,dev_set/no_gender/Bangla_test/voices/00233.wav,16000,1,16,3.44
dev/no_gender,Bangla,,dev_set/no_gender/Bangla_test/voices/00234.wav,16000,1,16,8.08
dev/no_gender,Bangla,,dev_set/no_gender/Bangla_test/voices/00254.wav,16000,1,16,5.44
dev/no_gender,Bangla,,dev_set/no_gender/Bangla_test/voices/00257.wav,16000,1,16,20.0
dev/no_gender,Bangla,,dev_set/no_gender/Bangla_test/voices/00264.wav,16000,1,16,10.08
dev/no_gender,Bangla,,dev_set/no_gender/Bangla_test/voices/00276.wav,16000,1,16,3.16
dev/no_gender,Bangla,,dev_set/no_gender/Bangla_test/voices/00307.wav,16000,1,16,11.0
dev/no_gender,Bangla,,dev_set/no_gender/Bangla_test/voices/00320.wav,16000,1,16,2.12
dev/no_gender,Bangla,,dev_set/no_gender/Bangla_test/voices/00321.wav,16000,1,16,2.04
dev/no_gender,Bangla,,dev_set/no_gender/Bangla_test/voices/00345.wav,16000,1,16,10.56
dev/no_gender,Bangla,,dev_set/no_gender/Bangla_test/voices/00347.wav,16000,1,16,3.04
dev/no_gender,Bangla,,dev_set/no_gender/Bangla_test/voices/00352.wav,16000,1,16,6.4
dev/no_gender,Bangla,,dev_set/no_gender/Bangla_test/voices/00367.wav,16000,1,16,8.84
dev/no_gender,Bangla,,dev_set/no_gender/Bangla_test/voices/00383.wav,16000,1,16,6.24
dev/no_gender,Bangla,,dev_set/no_gender/Bangla_test/voices/00387.wav,16000,1,16,7.12
dev/no_gender,Bangla,,dev_set/no_gender/Bangla_test/voices/00424.wav,16000,1,16,6.0
dev/no_gender,Bangla,,dev_set/no_gender/Bangla_test/voices/00436.wav,16000,1,16,3.0
dev/no_gender,Bangla,,dev_set/no_gender/Bangla_test/voices/00458.wav,16000,1,16,3.36
dev/no_gender,Bangla,,dev_set/no_gender/Bangla_test/voices/00462.wav,16000,1,16,4.0
dev/no_gender,Bangla,,dev_set/no_gender/Bangla_test/voices/00472.wav,16000,1,16,4.8
dev/no_gender,Bangla,,dev_set/no_gender/Bangla_test/voices/00483.wav,16000,1,16,5.84
dev/no_gender,Bangla,,dev_set/no_gender/Bangla_test/voices/00489.wav,16000,1,16,4.12
dev/no_gender,Bangla,,dev_set/no_gender/Bangla_test/voices/00511.wav,16000,1,16,2.44
dev/no_gender,Bangla,,dev_set/no_gender/Bangla_test/voices/00524.wav,16000,1,16,5.2
dev/no_gender,Bangla,,dev_set/no_gender/Bangla_test/voices/00527.wav,16000,1,16,6.6
dev/no_gender,Bangla,,dev_set/no_gender/Bangla_test/voices/00538.wav,16000,1,16,17.36
dev/no_gender,Bangla,,dev_set/no_gender/Bangla_test/voices/00543.wav,16000,1,16,7.68
dev/no_gender,Bangla,,dev_set/no_gender/Bangla_test/voices/00567.wav,16000,1,16,6.36
dev/no_gender,Bangla,,dev_set/no_gender/Bangla_test/voices/00569.wav,16000,1,16,4.04
dev/no_gender,Bangla,,dev_set/no_gender/Bangla_test/voices/00574.wav,16000,1,16,3.28
dev/no_gender,Bangla,,dev_set/no_gender/Bangla_test/voices/00578.wav,16000,1,16,12.76
dev/no_gender,Bangla,,dev_set/no_gender/Bangla_test/voices/00584.wav,16000,1,16,7.32
dev/no_gender,Bangla,,dev_set/no_gender/Bangla_test/voices/00598.wav,16000,1,16,7.48
dev/no_gender,Bangla,,dev_set/no_gender/Bangla_test/voices/00599.wav,16000,1,16,3.04
dev/no_gender,Bangla,,dev_set/no_gender/Bangla_test/voices/00609.wav,16000,1,16,5.08
dev/no_gender,Bangla,,dev_set/no_gender/Bangla_test/voices/00617.wav,16000,1,16,5.16
dev/no_gender,Bangla,,dev_set/no_gender/Bangla_test/voices/00618.wav,16000,1,16,5.48
dev/no_gender,Bangla,,dev_set/no_gender/Bangla_test/voices/00622.wav,16000,1,16,6.8
dev/no_gender,Bangla,,dev_set/no_gender/Bangla_test/voices/00637.wav,16000,1,16,3.12
dev/no_gender,Bangla,,dev_set/no_gender/Bangla_test/voices/00639.wav,16000,1,16,5.68
dev/no_gender,Bangla,,dev_set/no_gender/Bangla_test/voices/00641.wav,16000,1,16,10.68
dev/no_gender,Bangla,,dev_set/no_gender/Bangla_test/voices/00643.wav,16000,1,16,2.68
dev/no_gender,Bangla,,dev_set/no_gender/Bangla_test/voices/00656.wav,16000,1,16,3.44
dev/no_gender,Bangla,,dev_set/no_gender/Bangla_test/voices/00688.wav,16000,1,16,2.68
dev/no_gender,Bangla,,dev_set/no_gender/Bangla_test/voices/00694.wav,16000,1,16,2.48
dev/no_gender,Bangla,,dev_set/no_gender/Bangla_test/voices/00745.wav,16000,1,16,7.6
dev/no_gender,Bangla,,dev_set/no_gender/Bangla_test/voices/00749.wav,16000,1,16,2.28
dev/no_gender,Bangla,,dev_set/no_gender/Bangla_test/voices/00790.wav,16000,1,16,2.76
dev/no_gender,Bangla,,dev_set/no_gender/Bangla_test/voices/00809.wav,16000,1,16,6.76
dev/no_gender,Bangla,,dev_set/no_gender/Bangla_test/voices/00811.wav,16000,1,16,3.08
dev/no_gender,Bangla,,dev_set/no_gender/Bangla_test/voices/00825.wav,16000,1,16,7.24
dev/no_gender,Bangla,,dev_set/no_gender/Bangla_test/voices/00842.wav,16000,1,16,3.24
dev/no_gender,Bangla,,dev_set/no_gender/Bangla_test/voices/00846.wav,16000,1,16,2.8
dev/no_gender,Bangla,,dev_set/no_gender/Bangla_test/voices/00863.wav,16000,1,16,4.32
dev/no_gender,Bangla,,dev_set/no_gender/Bangla_test/voices/00875.wav,16000,1,16,3.04
dev/no_gender,Bangla,,dev_set/no_gender/Bangla_test/voices/00876.wav,16000,1,16,11.96
dev/no_gender,Bangla,,dev_set/no_gender/Bangla_test/voices/00892.wav,16000,1,16,8.92
dev/no_gender,Bangla,,dev_set/no_gender/Bangla_test/voices/00906.wav,16000,1,16,3.32
dev/no_gender,Bangla,,dev_set/no_gender/Bangla_test/voices/00926.wav,16000,1,16,8.44
dev/no_gender,Bangla,,dev_set/no_gender/Bangla_test/voices/00929.wav,16000,1,16,4.0
dev/no_gender,Bangla,,dev_set/no_gender/Bangla_test/voices/00945.wav,16000,1,16,4.8
dev/no_gender,Bangla,,dev_set/no_gender/Bangla_test/voices/00949.wav,16000,1,16,2.2
dev/no_gender,Bangla,,dev_set/no_gender/Bangla_test/voices/00967.wav,16000,1,16,15.64
dev/no_gender,Bangla,,dev_set/no_gender/Bangla_test/voices/00969.wav,16000,1,16,11.76
dev/no_gender,Bangla,,dev_set/no_gender/Bangla_test/voices/00996.wav,16000,1,16,3.04
dev/no_gender,Bangla,,dev_set/no_gender/Bangla_test/voices/01002.wav,16000,1,16,3.16
dev/no_gender,Bangla,,dev_set/no_gender/Bangla_test/voices/01006.wav,16000,1,16,6.56
dev/no_gender,Bangla,,dev_set/no_gender/Bangla_test/voices/01007.wav,16000,1,16,15.44
dev/no_gender,Bangla,,dev_set/no_gender/Bangla_test/voices/01023.wav,16000,1,16,3.88
dev/no_gender,Bangla,,dev_set/no_gender/Bangla_test/voices/01029.wav,16000,1,16,2.96
dev/no_gender,Bangla,,dev_set/no_gender/Bangla_test/voices/01040.wav,16000,1,16,4.56
dev/no_gender,Bangla,,dev_set/no_gender/Bangla_test/voices/01044.wav,16000,1,16,8.08
dev/no_gender,Bangla,,dev_set/no_gender/Bangla_test/voices/01077.wav,16000,1,16,2.64
dev/no_gender,Bangla,,dev_set/no_gender/Bangla_test/voices/01079.wav,16000,1,16,7.92
dev/no_gender,Bangla,,dev_set/no_gender/Bangla_test/voices/01087.wav,16000,1,16,6.68
dev/no_gender,Bangla,,dev_set/no_gender/Bangla_test/voices/01095.wav,16000,1,16,5.84
dev/no_gender,Bangla,,dev_set/no_gender/Bangla_test/voices/01115.wav,16000,1,16,5.28
dev/no_gender,Bangla,,dev_set/no_gender/Bangla_test/voices/01122.wav,16000,1,16,5.24
dev/no_gender,Bangla,,dev_set/no_gender/Bangla_test/voices/01125.wav,16000,1,16,15.04
dev/no_gender,Bangla,,dev_set/no_gender/Bangla_test/voices/01149.wav,16000,1,16,2.24
dev/no_gender,Bangla,,dev_set/no_gender/Bangla_test/voices/01154.wav,16000,1,16,10.12
dev/no_gender,Bangla,,dev_set/no_gender/Bangla_test/voices/01158.wav,16000,1,16,4.04
dev/no_gender,Bangla,,dev_set/no_gender/Bangla_test/voices/01174.wav,16000,1,16,5.12
dev/no_gender,Bangla,,dev_set/no_gender/Bangla_test/voices/01188.wav,16000,1,16,4.32
dev/no_gender,Bangla,,dev_set/no_gender/Bangla_test/voices/01192.wav,16000,1,16,2.28
dev/no_gender,Bangla,,dev_set/no_gender/Bangla_test/voices/01206.wav,16000,1,16,10.52
dev/no_gender,Bangla,,dev_set/no_gender/Bangla_test/voices/01211.wav,16000,1,16,7.76
dev/no_gender,Bangla,,dev_set/no_gender/Bangla_test/voices/01229.wav,16000,1,16,9.64
dev/no_gender,Bangla,,dev_set/no_gender/Bangla_test/voices/01234.wav,16000,1,16,5.52
dev/no_gender,Bangla,,dev_set/no_gender/Bangla_test/voices/01269.wav,16000,1,16,4.32
dev/no_gender,Bangla,,dev_set/no_gender/Bangla_test/voices/01275.wav,16000,1,16,10.56
dev/no_gender,Bangla,,dev_set/no_gender/Bangla_test/voices/01280.wav,16000,1,16,4.6
dev/no_gender,Bangla,,dev_set/no_gender/Bangla_test/voices/01294.wav,16000,1,16,17.24
dev/no_gender,Bangla,,dev_set/no_gender/Bangla_test/voices/01322.wav,16000,1,16,3.76
dev/no_gender,Bangla,,dev_set/no_gender/Bangla_test/voices/01325.wav,16000,1,16,2.4
dev/no_gender,Bangla,,dev_set/no_gender/Bangla_test/voices/01329.wav,16000,1,16,9.04
dev/no_gender,Bangla,,dev_set/no_gender/Bangla_test/voices/01333.wav,16000,1,16,3.16
dev/no_gender,Bangla,,dev_set/no_gender/Bangla_test/voices/01356.wav,16000,1,16,4.64
dev/no_gender,Bangla,,dev_set/no_gender/Bangla_test/voices/01357.wav,16000,1,16,5.44
dev/no_gender,Bangla,,dev_set/no_gender/Bangla_test/voices/01375.wav,16000,1,16,7.16
dev/no_gender,Bangla,,dev_set/no_gender/Bangla_test/voices/01381.wav,16000,1,16,7.92
