split,arm,n_v4,ext_frac,n_ext_persons,setproto,train_ids,train_rows,steps,data,protocol,variant,level,n,eer
1,v4_10,10,0.0,0,False,10,628,1503,urdu,ng,member,sample,204,47.05882352941176
1,v4_10,10,0.0,0,False,10,628,1503,urdu,ng,member,person,204,45.09803921568628
1,v4_10,10,0.0,0,False,10,628,1503,urdu,ng,member,cluster,204,46.07843137254902
1,v4_10,10,0.0,0,False,10,628,1503,urdu,ng,prod,sample,204,30.3921568627451
1,v4_10,10,0.0,0,False,10,628,1503,urdu,ng,prod,person,204,19.607843137254903
1,v4_10,10,0.0,0,False,10,628,1503,urdu,ng,prod,cluster,204,21.568627450980394
1,v4_10,10,0.0,0,False,10,628,1503,urdu,g,member,sample,204,48.0392156862745
1,v4_10,10,0.0,0,False,10,628,1503,urdu,g,member,person,204,39.21568627450981
1,v4_10,10,0.0,0,False,10,628,1503,urdu,g,member,cluster,204,45.09803921568627
1,v4_10,10,0.0,0,False,10,628,1503,urdu,g,prod,sample,204,42.15686274509803
1,v4_10,10,0.0,0,False,10,628,1503,urdu,g,prod,person,204,33.333333333333336
1,v4_10,10,0.0,0,False,10,628,1503,urdu,g,prod,cluster,204,36.27450980392157
1,v4_10,10,0.0,0,False,10,628,1503,hindi,ng,member,sample,282,43.97163120567376
1,v4_10,10,0.0,0,False,10,628,1503,hindi,ng,member,person,282,36.87943262411347
1,v4_10,10,0.0,0,False,10,628,1503,hindi,ng,member,cluster,282,36.87943262411347
1,v4_10,10,0.0,0,False,10,628,1503,hindi,ng,prod,sample,282,29.078014184397162
1,v4_10,10,0.0,0,False,10,628,1503,hindi,ng,prod,person,282,28.36879432624113
1,v4_10,10,0.0,0,False,10,628,1503,hindi,ng,prod,cluster,282,28.36879432624113
1,v4_10,10,0.0,0,False,10,628,1503,english,ng,member,sample,488,46.31147540983606
1,v4_10,10,0.0,0,False,10,628,1503,english,ng,member,person,488,41.393442622950815
1,v4_10,10,0.0,0,False,10,628,1503,english,ng,member,cluster,488,40.57377049180327
1,v4_10,10,0.0,0,False,10,628,1503,english,ng,prod,sample,488,30.327868852459016
1,v4_10,10,0.0,0,False,10,628,1503,english,ng,prod,person,488,19.672131147540984
1,v4_10,10,0.0,0,False,10,628,1503,english,ng,prod,cluster,488,21.311475409836063
1,v4_10,10,0.0,0,False,10,628,1503,english,g,member,sample,489,49.18032786885246
1,v4_10,10,0.0,0,False,10,628,1503,english,g,member,person,489,44.26229508196722
1,v4_10,10,0.0,0,False,10,628,1503,english,g,member,cluster,489,45.49180327868852
1,v4_10,10,0.0,0,False,10,628,1503,english,g,prod,sample,489,36.065573770491795
1,v4_10,10,0.0,0,False,10,628,1503,english,g,prod,person,489,33.87755102040816
1,v4_10,10,0.0,0,False,10,628,1503,english,g,prod,cluster,489,33.06122448979592
1,v4_10,10,0.0,0,False,10,628,1503,v4,ng,member,sample,448,39.63963963963963
1,v4_10,10,0.0,0,False,10,628,1503,v4,ng,member,person,448,38.05309734513274
1,v4_10,10,0.0,0,False,10,628,1503,v4,ng,member,cluster,448,37.610619469026545
1,v4_10,10,0.0,0,False,10,628,1503,v4,ng,prod,sample,448,23.893805309734514
1,v4_10,10,0.0,0,False,10,628,1503,v4,ng,prod,person,448,22.522522522522525
1,v4_10,10,0.0,0,False,10,628,1503,v4,ng,prod,cluster,448,21.238938053097346
1,v4_10,10,0.0,0,False,10,628,1503,v4,g,member,sample,448,46.017699115044245
1,v4_10,10,0.0,0,False,10,628,1503,v4,g,member,person,448,45.13274336283185
1,v4_10,10,0.0,0,False,10,628,1503,v4,g,member,cluster,448,44.5945945945946
1,v4_10,10,0.0,0,False,10,628,1503,v4,g,prod,sample,448,37.387387387387385
1,v4_10,10,0.0,0,False,10,628,1503,v4,g,prod,person,448,34.070796460176986
1,v4_10,10,0.0,0,False,10,628,1503,v4,g,prod,cluster,448,33.333333333333336
1,v4_10_SP,10,0.0,0,True,10,628,1503,urdu,ng,member,sample,204,45.09803921568628
1,v4_10_SP,10,0.0,0,True,10,628,1503,urdu,ng,member,person,204,44.11764705882353
1,v4_10_SP,10,0.0,0,True,10,628,1503,urdu,ng,member,cluster,204,45.09803921568628
1,v4_10_SP,10,0.0,0,True,10,628,1503,urdu,ng,prod,sample,204,28.431372549019606
1,v4_10_SP,10,0.0,0,True,10,628,1503,urdu,ng,prod,person,204,19.607843137254903
1,v4_10_SP,10,0.0,0,True,10,628,1503,urdu,ng,prod,cluster,204,20.588235294117645
1,v4_10_SP,10,0.0,0,True,10,628,1503,urdu,g,member,sample,204,48.0392156862745
1,v4_10_SP,10,0.0,0,True,10,628,1503,urdu,g,member,person,204,39.21568627450981
1,v4_10_SP,10,0.0,0,True,10,628,1503,urdu,g,member,cluster,204,45.09803921568627
1,v4_10_SP,10,0.0,0,True,10,628,1503,urdu,g,prod,sample,204,41.17647058823529
1,v4_10_SP,10,0.0,0,True,10,628,1503,urdu,g,prod,person,204,33.33333333333333
1,v4_10_SP,10,0.0,0,True,10,628,1503,urdu,g,prod,cluster,204,37.254901960784316
1,v4_10_SP,10,0.0,0,True,10,628,1503,hindi,ng,member,sample,282,43.97163120567376
1,v4_10_SP,10,0.0,0,True,10,628,1503,hindi,ng,member,person,282,39.00709219858156
1,v4_10_SP,10,0.0,0,True,10,628,1503,hindi,ng,member,cluster,282,39.71631205673759
1,v4_10_SP,10,0.0,0,True,10,628,1503,hindi,ng,prod,sample,282,30.49645390070922
1,v4_10_SP,10,0.0,0,True,10,628,1503,hindi,ng,prod,person,282,28.36879432624113
1,v4_10_SP,10,0.0,0,True,10,628,1503,hindi,ng,prod,cluster,282,27.659574468085108
1,v4_10_SP,10,0.0,0,True,10,628,1503,english,ng,member,sample,488,47.95081967213115
1,v4_10_SP,10,0.0,0,True,10,628,1503,english,ng,member,person,488,40.98360655737705
1,v4_10_SP,10,0.0,0,True,10,628,1503,english,ng,member,cluster,488,40.57377049180328
1,v4_10_SP,10,0.0,0,True,10,628,1503,english,ng,prod,sample,488,30.327868852459016
1,v4_10_SP,10,0.0,0,True,10,628,1503,english,ng,prod,person,488,19.262295081967213
1,v4_10_SP,10,0.0,0,True,10,628,1503,english,ng,prod,cluster,488,21.311475409836063
1,v4_10_SP,10,0.0,0,True,10,628,1503,english,g,member,sample,489,47.540983606557376
1,v4_10_SP,10,0.0,0,True,10,628,1503,english,g,member,person,489,44.26229508196722
1,v4_10_SP,10,0.0,0,True,10,628,1503,english,g,member,cluster,489,46.31147540983606
1,v4_10_SP,10,0.0,0,True,10,628,1503,english,g,prod,sample,489,35.91836734693877
1,v4_10_SP,10,0.0,0,True,10,628,1503,english,g,prod,person,489,34.285714285714285
1,v4_10_SP,10,0.0,0,True,10,628,1503,english,g,prod,cluster,489,34.285714285714285
1,v4_10_SP,10,0.0,0,True,10,628,1503,v4,ng,member,sample,448,40.26548672566372
1,v4_10_SP,10,0.0,0,True,10,628,1503,v4,ng,member,person,448,37.610619469026545
1,v4_10_SP,10,0.0,0,True,10,628,1503,v4,ng,member,cluster,448,37.387387387387385
1,v4_10_SP,10,0.0,0,True,10,628,1503,v4,ng,prod,sample,448,24.778761061946902
1,v4_10_SP,10,0.0,0,True,10,628,1503,v4,ng,prod,person,448,20.72072072072072
1,v4_10_SP,10,0.0,0,True,10,628,1503,v4,ng,prod,cluster,448,20.79646017699115
1,v4_10_SP,10,0.0,0,True,10,628,1503,v4,g,member,sample,448,46.46017699115044
1,v4_10_SP,10,0.0,0,True,10,628,1503,v4,g,member,person,448,47.297297297297305
1,v4_10_SP,10,0.0,0,True,10,628,1503,v4,g,member,cluster,448,48.67256637168141
1,v4_10_SP,10,0.0,0,True,10,628,1503,v4,g,prod,sample,448,36.93693693693694
1,v4_10_SP,10,0.0,0,True,10,628,1503,v4,g,prod,person,448,35.58558558558559
1,v4_10_SP,10,0.0,0,True,10,628,1503,v4,g,prod,cluster,448,35.39823008849557
1,v4_20,20,0.0,0,False,20,1700,1508,urdu,ng,member,sample,204,36.274509803921575
1,v4_20,20,0.0,0,False,20,1700,1508,urdu,ng,member,person,204,39.21568627450981
1,v4_20,20,0.0,0,False,20,1700,1508,urdu,ng,member,cluster,204,38.23529411764706
1,v4_20,20,0.0,0,False,20,1700,1508,urdu,ng,prod,sample,204,29.411764705882348
1,v4_20,20,0.0,0,False,20,1700,1508,urdu,ng,prod,person,204,23.529411764705888
1,v4_20,20,0.0,0,False,20,1700,1508,urdu,ng,prod,cluster,204,24.509803921568626
1,v4_20,20,0.0,0,False,20,1700,1508,urdu,g,member,sample,204,44.11764705882353
1,v4_20,20,0.0,0,False,20,1700,1508,urdu,g,member,person,204,39.21568627450981
1,v4_20,20,0.0,0,False,20,1700,1508,urdu,g,member,cluster,204,43.13725490196079
1,v4_20,20,0.0,0,False,20,1700,1508,urdu,g,prod,sample,204,39.21568627450981
1,v4_20,20,0.0,0,False,20,1700,1508,urdu,g,prod,person,204,36.274509803921575
1,v4_20,20,0.0,0,False,20,1700,1508,urdu,g,prod,cluster,204,38.23529411764706
1,v4_20,20,0.0,0,False,20,1700,1508,hindi,ng,member,sample,282,42.5531914893617
1,v4_20,20,0.0,0,False,20,1700,1508,hindi,ng,member,person,282,36.87943262411347
1,v4_20,20,0.0,0,False,20,1700,1508,hindi,ng,member,cluster,282,34.75177304964539
1,v4_20,20,0.0,0,False,20,1700,1508,hindi,ng,prod,sample,282,31.20567375886525
1,v4_20,20,0.0,0,False,20,1700,1508,hindi,ng,prod,person,282,22.69503546099291
1,v4_20,20,0.0,0,False,20,1700,1508,hindi,ng,prod,cluster,282,24.113475177304963
1,v4_20,20,0.0,0,False,20,1700,1508,english,ng,member,sample,488,37.295081967213115
1,v4_20,20,0.0,0,False,20,1700,1508,english,ng,member,person,488,34.83606557377049
1,v4_20,20,0.0,0,False,20,1700,1508,english,ng,member,cluster,488,36.065573770491795
1,v4_20,20,0.0,0,False,20,1700,1508,english,ng,prod,sample,488,27.459016393442624
1,v4_20,20,0.0,0,False,20,1700,1508,english,ng,prod,person,488,23.770491803278688
1,v4_20,20,0.0,0,False,20,1700,1508,english,ng,prod,cluster,488,26.229508196721312
1,v4_20,20,0.0,0,False,20,1700,1508,english,g,member,sample,489,42.04081632653061
1,v4_20,20,0.0,0,False,20,1700,1508,english,g,member,person,489,39.59183673469388
1,v4_20,20,0.0,0,False,20,1700,1508,english,g,member,cluster,489,41.224489795918366
1,v4_20,20,0.0,0,False,20,1700,1508,english,g,prod,sample,489,34.42622950819673
1,v4_20,20,0.0,0,False,20,1700,1508,english,g,prod,person,489,33.87755102040816
1,v4_20,20,0.0,0,False,20,1700,1508,english,g,prod,cluster,489,33.87755102040816
1,v4_20,20,0.0,0,False,20,1700,1508,v4,ng,member,sample,448,31.858407079646017
1,v4_20,20,0.0,0,False,20,1700,1508,v4,ng,member,person,448,28.37837837837838
1,v4_20,20,0.0,0,False,20,1700,1508,v4,ng,member,cluster,448,27.43362831858407
1,v4_20,20,0.0,0,False,20,1700,1508,v4,ng,prod,sample,448,18.141592920353983
1,v4_20,20,0.0,0,False,20,1700,1508,v4,ng,prod,person,448,15.76576576576577
1,v4_20,20,0.0,0,False,20,1700,1508,v4,ng,prod,cluster,448,16.666666666666664
1,v4_20,20,0.0,0,False,20,1700,1508,v4,g,member,sample,448,46.46017699115044
1,v4_20,20,0.0,0,False,20,1700,1508,v4,g,member,person,448,38.738738738738746
1,v4_20,20,0.0,0,False,20,1700,1508,v4,g,member,cluster,448,38.93805309734513
1,v4_20,20,0.0,0,False,20,1700,1508,v4,g,prod,sample,448,32.743362831858406
1,v4_20,20,0.0,0,False,20,1700,1508,v4,g,prod,person,448,26.126126126126124
1,v4_20,20,0.0,0,False,20,1700,1508,v4,g,prod,cluster,448,27.43362831858407
1,v4_20_SP,20,0.0,0,True,20,1700,1508,urdu,ng,member,sample,204,35.29411764705882
1,v4_20_SP,20,0.0,0,True,20,1700,1508,urdu,ng,member,person,204,39.21568627450981
1,v4_20_SP,20,0.0,0,True,20,1700,1508,urdu,ng,member,cluster,204,39.21568627450981
1,v4_20_SP,20,0.0,0,True,20,1700,1508,urdu,ng,prod,sample,204,29.411764705882355
1,v4_20_SP,20,0.0,0,True,20,1700,1508,urdu,ng,prod,person,204,24.509803921568626
1,v4_20_SP,20,0.0,0,True,20,1700,1508,urdu,ng,prod,cluster,204,25.49019607843137
1,v4_20_SP,20,0.0,0,True,20,1700,1508,urdu,g,member,sample,204,45.09803921568627
1,v4_20_SP,20,0.0,0,True,20,1700,1508,urdu,g,member,person,204,39.21568627450981
1,v4_20_SP,20,0.0,0,True,20,1700,1508,urdu,g,member,cluster,204,41.17647058823529
1,v4_20_SP,20,0.0,0,True,20,1700,1508,urdu,g,prod,sample,204,40.19607843137255
1,v4_20_SP,20,0.0,0,True,20,1700,1508,urdu,g,prod,person,204,38.23529411764706
1,v4_20_SP,20,0.0,0,True,20,1700,1508,urdu,g,prod,cluster,204,37.254901960784316
1,v4_20_SP,20,0.0,0,True,20,1700,1508,hindi,ng,member,sample,282,41.843971631205676
1,v4_20_SP,20,0.0,0,True,20,1700,1508,hindi,ng,member,person,282,34.751773049645394
1,v4_20_SP,20,0.0,0,True,20,1700,1508,hindi,ng,member,cluster,282,34.04255319148937
1,v4_20_SP,20,0.0,0,True,20,1700,1508,hindi,ng,prod,sample,282,32.62411347517731
1,v4_20_SP,20,0.0,0,True,20,1700,1508,hindi,ng,prod,person,282,22.69503546099291
1,v4_20_SP,20,0.0,0,True,20,1700,1508,hindi,ng,prod,cluster,282,25.531914893617024
1,v4_20_SP,20,0.0,0,True,20,1700,1508,english,ng,member,sample,488,37.295081967213115
1,v4_20_SP,20,0.0,0,True,20,1700,1508,english,ng,member,person,488,32.786885245901644
1,v4_20_SP,20,0.0,0,True,20,1700,1508,english,ng,member,cluster,488,34.83606557377049
1,v4_20_SP,20,0.0,0,True,20,1700,1508,english,ng,prod,sample,488,27.459016393442624
1,v4_20_SP,20,0.0,0,True,20,1700,1508,english,ng,prod,person,488,23.770491803278688
1,v4_20_SP,20,0.0,0,True,20,1700,1508,english,ng,prod,cluster,488,26.229508196721312
1,v4_20_SP,20,0.0,0,True,20,1700,1508,english,g,member,sample,489,42.622950819672134
1,v4_20_SP,20,0.0,0,True,20,1700,1508,english,g,member,person,489,39.34426229508197
1,v4_20_SP,20,0.0,0,True,20,1700,1508,english,g,member,cluster,489,40.57377049180327
1,v4_20_SP,20,0.0,0,True,20,1700,1508,english,g,prod,sample,489,34.01639344262295
1,v4_20_SP,20,0.0,0,True,20,1700,1508,english,g,prod,person,489,34.83606557377049
1,v4_20_SP,20,0.0,0,True,20,1700,1508,english,g,prod,cluster,489,34.69387755102041
1,v4_20_SP,20,0.0,0,True,20,1700,1508,v4,ng,member,sample,448,31.858407079646017
1,v4_20_SP,20,0.0,0,True,20,1700,1508,v4,ng,member,person,448,26.548672566371685
1,v4_20_SP,20,0.0,0,True,20,1700,1508,v4,ng,member,cluster,448,24.778761061946902
1,v4_20_SP,20,0.0,0,True,20,1700,1508,v4,ng,prod,sample,448,18.141592920353983
1,v4_20_SP,20,0.0,0,True,20,1700,1508,v4,ng,prod,person,448,15.76576576576577
1,v4_20_SP,20,0.0,0,True,20,1700,1508,v4,ng,prod,cluster,448,16.666666666666664
1,v4_20_SP,20,0.0,0,True,20,1700,1508,v4,g,member,sample,448,45.4954954954955
1,v4_20_SP,20,0.0,0,True,20,1700,1508,v4,g,member,person,448,38.738738738738746
1,v4_20_SP,20,0.0,0,True,20,1700,1508,v4,g,member,cluster,448,37.387387387387385
1,v4_20_SP,20,0.0,0,True,20,1700,1508,v4,g,prod,sample,448,32.30088495575221
1,v4_20_SP,20,0.0,0,True,20,1700,1508,v4,g,prod,person,448,25.221238938053098
1,v4_20_SP,20,0.0,0,True,20,1700,1508,v4,g,prod,cluster,448,26.548672566371685
1,v4_30,30,0.0,0,False,30,2565,1520,urdu,ng,member,sample,204,37.254901960784316
1,v4_30,30,0.0,0,False,30,2565,1520,urdu,ng,member,person,204,38.23529411764706
1,v4_30,30,0.0,0,False,30,2565,1520,urdu,ng,member,cluster,204,38.23529411764706
1,v4_30,30,0.0,0,False,30,2565,1520,urdu,ng,prod,sample,204,27.450980392156865
1,v4_30,30,0.0,0,False,30,2565,1520,urdu,ng,prod,person,204,23.52941176470588
1,v4_30,30,0.0,0,False,30,2565,1520,urdu,ng,prod,cluster,204,23.52941176470588
1,v4_30,30,0.0,0,False,30,2565,1520,urdu,g,member,sample,204,52.94117647058824
1,v4_30,30,0.0,0,False,30,2565,1520,urdu,g,member,person,204,47.05882352941176
1,v4_30,30,0.0,0,False,30,2565,1520,urdu,g,member,cluster,204,49.01960784313726
1,v4_30,30,0.0,0,False,30,2565,1520,urdu,g,prod,sample,204,43.13725490196079
1,v4_30,30,0.0,0,False,30,2565,1520,urdu,g,prod,person,204,39.21568627450981
1,v4_30,30,0.0,0,False,30,2565,1520,urdu,g,prod,cluster,204,41.17647058823529
1,v4_30,30,0.0,0,False,30,2565,1520,hindi,ng,member,sample,282,39.00709219858156
1,v4_30,30,0.0,0,False,30,2565,1520,hindi,ng,member,person,282,43.262411347517734
1,v4_30,30,0.0,0,False,30,2565,1520,hindi,ng,member,cluster,282,43.262411347517734
1,v4_30,30,0.0,0,False,30,2565,1520,hindi,ng,prod,sample,282,29.078014184397162
1,v4_30,30,0.0,0,False,30,2565,1520,hindi,ng,prod,person,282,22.69503546099291
1,v4_30,30,0.0,0,False,30,2565,1520,hindi,ng,prod,cluster,282,25.531914893617024
1,v4_30,30,0.0,0,False,30,2565,1520,english,ng,member,sample,488,37.295081967213115
1,v4_30,30,0.0,0,False,30,2565,1520,english,ng,member,person,488,31.147540983606557
1,v4_30,30,0.0,0,False,30,2565,1520,english,ng,member,cluster,488,33.19672131147541
1,v4_30,30,0.0,0,False,30,2565,1520,english,ng,prod,sample,488,27.459016393442624
1,v4_30,30,0.0,0,False,30,2565,1520,english,ng,prod,person,488,18.0327868852459
1,v4_30,30,0.0,0,False,30,2565,1520,english,ng,prod,cluster,488,19.672131147540984
1,v4_30,30,0.0,0,False,30,2565,1520,english,g,member,sample,489,43.85245901639344
1,v4_30,30,0.0,0,False,30,2565,1520,english,g,member,person,489,45.90163934426229
1,v4_30,30,0.0,0,False,30,2565,1520,english,g,member,cluster,489,47.3469387755102
1,v4_30,30,0.0,0,False,30,2565,1520,english,g,prod,sample,489,40.40816326530612
1,v4_30,30,0.0,0,False,30,2565,1520,english,g,prod,person,489,34.69387755102041
1,v4_30,30,0.0,0,False,30,2565,1520,english,g,prod,cluster,489,35.245901639344254
1,v4_30,30,0.0,0,False,30,2565,1520,v4,ng,member,sample,448,30.53097345132743
1,v4_30,30,0.0,0,False,30,2565,1520,v4,ng,member,person,448,25.221238938053098
1,v4_30,30,0.0,0,False,30,2565,1520,v4,ng,member,cluster,448,24.778761061946902
1,v4_30,30,0.0,0,False,30,2565,1520,v4,ng,prod,sample,448,19.369369369369373
1,v4_30,30,0.0,0,False,30,2565,1520,v4,ng,prod,person,448,14.414414414414411
1,v4_30,30,0.0,0,False,30,2565,1520,v4,ng,prod,cluster,448,14.864864864864868
1,v4_30,30,0.0,0,False,30,2565,1520,v4,g,member,sample,448,41.44144144144144
1,v4_30,30,0.0,0,False,30,2565,1520,v4,g,member,person,448,33.1858407079646
1,v4_30,30,0.0,0,False,30,2565,1520,v4,g,member,cluster,448,33.78378378378378
1,v4_30,30,0.0,0,False,30,2565,1520,v4,g,prod,sample,448,31.53153153153153
1,v4_30,30,0.0,0,False,30,2565,1520,v4,g,prod,person,448,25.663716814159294
1,v4_30,30,0.0,0,False,30,2565,1520,v4,g,prod,cluster,448,26.548672566371685
1,v4_30_SP,30,0.0,0,True,30,2565,1520,urdu,ng,member,sample,204,37.254901960784316
1,v4_30_SP,30,0.0,0,True,30,2565,1520,urdu,ng,member,person,204,37.254901960784316
1,v4_30_SP,30,0.0,0,True,30,2565,1520,urdu,ng,member,cluster,204,37.254901960784316
1,v4_30_SP,30,0.0,0,True,30,2565,1520,urdu,ng,prod,sample,204,27.450980392156865
1,v4_30_SP,30,0.0,0,True,30,2565,1520,urdu,ng,prod,person,204,21.568627450980394
1,v4_30_SP,30,0.0,0,True,30,2565,1520,urdu,ng,prod,cluster,204,22.54901960784314
1,v4_30_SP,30,0.0,0,True,30,2565,1520,urdu,g,member,sample,204,50.0
1,v4_30_SP,30,0.0,0,True,30,2565,1520,urdu,g,member,person,204,47.05882352941176
1,v4_30_SP,30,0.0,0,True,30,2565,1520,urdu,g,member,cluster,204,49.01960784313726
1,v4_30_SP,30,0.0,0,True,30,2565,1520,urdu,g,prod,sample,204,42.15686274509804
1,v4_30_SP,30,0.0,0,True,30,2565,1520,urdu,g,prod,person,204,39.21568627450981
1,v4_30_SP,30,0.0,0,True,30,2565,1520,urdu,g,prod,cluster,204,41.17647058823529
1,v4_30_SP,30,0.0,0,True,30,2565,1520,hindi,ng,member,sample,282,38.297872340425535
1,v4_30_SP,30,0.0,0,True,30,2565,1520,hindi,ng,member,person,282,40.42553191489361
1,v4_30_SP,30,0.0,0,True,30,2565,1520,hindi,ng,member,cluster,282,41.13475177304965
1,v4_30_SP,30,0.0,0,True,30,2565,1520,hindi,ng,prod,sample,282,29.078014184397162
1,v4_30_SP,30,0.0,0,True,30,2565,1520,hindi,ng,prod,person,282,23.404255319148938
1,v4_30_SP,30,0.0,0,True,30,2565,1520,hindi,ng,prod,cluster,282,25.531914893617024
1,v4_30_SP,30,0.0,0,True,30,2565,1520,english,ng,member,sample,488,36.47540983606557
1,v4_30_SP,30,0.0,0,True,30,2565,1520,english,ng,member,person,488,31.967213114754102
1,v4_30_SP,30,0.0,0,True,30,2565,1520,english,ng,member,cluster,488,32.37704918032787
1,v4_30_SP,30,0.0,0,True,30,2565,1520,english,ng,prod,sample,488,27.049180327868854
1,v4_30_SP,30,0.0,0,True,30,2565,1520,english,ng,prod,person,488,17.622950819672134
1,v4_30_SP,30,0.0,0,True,30,2565,1520,english,ng,prod,cluster,488,20.491803278688526
1,v4_30_SP,30,0.0,0,True,30,2565,1520,english,g,member,sample,489,43.85245901639344
1,v4_30_SP,30,0.0,0,True,30,2565,1520,english,g,member,person,489,45.90163934426229
1,v4_30_SP,30,0.0,0,True,30,2565,1520,english,g,member,cluster,489,47.540983606557376
1,v4_30_SP,30,0.0,0,True,30,2565,1520,english,g,prod,sample,489,40.40816326530612
1,v4_30_SP,30,0.0,0,True,30,2565,1520,english,g,prod,person,489,33.87755102040816
1,v4_30_SP,30,0.0,0,True,30,2565,1520,english,g,prod,cluster,489,35.10204081632653
1,v4_30_SP,30,0.0,0,True,30,2565,1520,v4,ng,member,sample,448,31.858407079646017
1,v4_30_SP,30,0.0,0,True,30,2565,1520,v4,ng,member,person,448,25.221238938053098
1,v4_30_SP,30,0.0,0,True,30,2565,1520,v4,ng,member,cluster,448,24.778761061946902
1,v4_30_SP,30,0.0,0,True,30,2565,1520,v4,ng,prod,sample,448,19.819819819819816
1,v4_30_SP,30,0.0,0,True,30,2565,1520,v4,ng,prod,person,448,14.414414414414411
1,v4_30_SP,30,0.0,0,True,30,2565,1520,v4,ng,prod,cluster,448,14.864864864864868
1,v4_30_SP,30,0.0,0,True,30,2565,1520,v4,g,member,sample,448,41.5929203539823
1,v4_30_SP,30,0.0,0,True,30,2565,1520,v4,g,member,person,448,30.973451327433626
1,v4_30_SP,30,0.0,0,True,30,2565,1520,v4,g,member,cluster,448,31.858407079646017
1,v4_30_SP,30,0.0,0,True,30,2565,1520,v4,g,prod,sample,448,31.858407079646017
1,v4_30_SP,30,0.0,0,True,30,2565,1520,v4,g,prod,person,448,26.10619469026549
1,v4_30_SP,30,0.0,0,True,30,2565,1520,v4,g,prod,cluster,448,27.027027027027028
1,v4_40,40,0.0,0,False,40,3473,1512,urdu,ng,member,sample,204,38.23529411764706
1,v4_40,40,0.0,0,False,40,3473,1512,urdu,ng,member,person,204,31.372549019607842
1,v4_40,40,0.0,0,False,40,3473,1512,urdu,ng,member,cluster,204,29.411764705882348
1,v4_40,40,0.0,0,False,40,3473,1512,urdu,ng,prod,sample,204,27.450980392156865
1,v4_40,40,0.0,0,False,40,3473,1512,urdu,ng,prod,person,204,19.607843137254903
1,v4_40,40,0.0,0,False,40,3473,1512,urdu,ng,prod,cluster,204,23.52941176470588
1,v4_40,40,0.0,0,False,40,3473,1512,urdu,g,member,sample,204,47.05882352941176
1,v4_40,40,0.0,0,False,40,3473,1512,urdu,g,member,person,204,45.09803921568627
1,v4_40,40,0.0,0,False,40,3473,1512,urdu,g,member,cluster,204,45.09803921568627
1,v4_40,40,0.0,0,False,40,3473,1512,urdu,g,prod,sample,204,40.19607843137255
1,v4_40,40,0.0,0,False,40,3473,1512,urdu,g,prod,person,204,41.17647058823529
1,v4_40,40,0.0,0,False,40,3473,1512,urdu,g,prod,cluster,204,42.15686274509804
1,v4_40,40,0.0,0,False,40,3473,1512,hindi,ng,member,sample,282,37.5886524822695
1,v4_40,40,0.0,0,False,40,3473,1512,hindi,ng,member,person,282,34.04255319148936
1,v4_40,40,0.0,0,False,40,3473,1512,hindi,ng,member,cluster,282,34.751773049645394
1,v4_40,40,0.0,0,False,40,3473,1512,hindi,ng,prod,sample,282,31.20567375886525
1,v4_40,40,0.0,0,False,40,3473,1512,hindi,ng,prod,person,282,22.69503546099291
1,v4_40,40,0.0,0,False,40,3473,1512,hindi,ng,prod,cluster,282,25.531914893617024
1,v4_40,40,0.0,0,False,40,3473,1512,english,ng,member,sample,488,34.42622950819672
1,v4_40,40,0.0,0,False,40,3473,1512,english,ng,member,person,488,27.049180327868854
1,v4_40,40,0.0,0,False,40,3473,1512,english,ng,member,cluster,488,28.688524590163933
1,v4_40,40,0.0,0,False,40,3473,1512,english,ng,prod,sample,488,27.04918032786885
1,v4_40,40,0.0,0,False,40,3473,1512,english,ng,prod,person,488,19.672131147540984
1,v4_40,40,0.0,0,False,40,3473,1512,english,ng,prod,cluster,488,21.311475409836067
1,v4_40,40,0.0,0,False,40,3473,1512,english,g,member,sample,489,43.673469387755105
1,v4_40,40,0.0,0,False,40,3473,1512,english,g,member,person,489,36.065573770491795
1,v4_40,40,0.0,0,False,40,3473,1512,english,g,member,cluster,489,36.885245901639344
1,v4_40,40,0.0,0,False,40,3473,1512,english,g,prod,sample,489,38.36734693877551
1,v4_40,40,0.0,0,False,40,3473,1512,english,g,prod,person,489,31.83673469387755
1,v4_40,40,0.0,0,False,40,3473,1512,english,g,prod,cluster,489,32.244897959183675
1,v4_40,40,0.0,0,False,40,3473,1512,v4,ng,member,sample,448,23.008849557522122
1,v4_40,40,0.0,0,False,40,3473,1512,v4,ng,member,person,448,17.567567567567565
1,v4_40,40,0.0,0,False,40,3473,1512,v4,ng,member,cluster,448,18.918918918918916
1,v4_40,40,0.0,0,False,40,3473,1512,v4,ng,prod,sample,448,16.371681415929203
1,v4_40,40,0.0,0,False,40,3473,1512,v4,ng,prod,person,448,13.963963963963966
1,v4_40,40,0.0,0,False,40,3473,1512,v4,ng,prod,cluster,448,14.15929203539823
1,v4_40,40,0.0,0,False,40,3473,1512,v4,g,member,sample,448,31.858407079646017
1,v4_40,40,0.0,0,False,40,3473,1512,v4,g,member,person,448,29.20353982300885
1,v4_40,40,0.0,0,False,40,3473,1512,v4,g,member,cluster,448,28.37837837837838
1,v4_40,40,0.0,0,False,40,3473,1512,v4,g,prod,sample,448,27.477477477477475
1,v4_40,40,0.0,0,False,40,3473,1512,v4,g,prod,person,448,21.171171171171167
1,v4_40,40,0.0,0,False,40,3473,1512,v4,g,prod,cluster,448,21.238938053097346
1,v4_40_SP,40,0.0,0,True,40,3473,1512,urdu,ng,member,sample,204,38.23529411764706
1,v4_40_SP,40,0.0,0,True,40,3473,1512,urdu,ng,member,person,204,31.372549019607842
1,v4_40_SP,40,0.0,0,True,40,3473,1512,urdu,ng,member,cluster,204,29.411764705882348
1,v4_40_SP,40,0.0,0,True,40,3473,1512,urdu,ng,prod,sample,204,28.431372549019606
1,v4_40_SP,40,0.0,0,True,40,3473,1512,urdu,ng,prod,person,204,18.627450980392158
1,v4_40_SP,40,0.0,0,True,40,3473,1512,urdu,ng,prod,cluster,204,22.54901960784314
1,v4_40_SP,40,0.0,0,True,40,3473,1512,urdu,g,member,sample,204,48.03921568627451
1,v4_40_SP,40,0.0,0,True,40,3473,1512,urdu,g,member,person,204,45.09803921568627
1,v4_40_SP,40,0.0,0,True,40,3473,1512,urdu,g,member,cluster,204,47.05882352941176
1,v4_40_SP,40,0.0,0,True,40,3473,1512,urdu,g,prod,sample,204,39.21568627450981
1,v4_40_SP,40,0.0,0,True,40,3473,1512,urdu,g,prod,person,204,41.17647058823529
1,v4_40_SP,40,0.0,0,True,40,3473,1512,urdu,g,prod,cluster,204,42.15686274509804
1,v4_40_SP,40,0.0,0,True,40,3473,1512,hindi,ng,member,sample,282,36.17021276595745
1,v4_40_SP,40,0.0,0,True,40,3473,1512,hindi,ng,member,person,282,34.04255319148937
1,v4_40_SP,40,0.0,0,True,40,3473,1512,hindi,ng,member,cluster,282,35.46099290780142
1,v4_40_SP,40,0.0,0,True,40,3473,1512,hindi,ng,prod,sample,282,32.62411347517731
1,v4_40_SP,40,0.0,0,True,40,3473,1512,hindi,ng,prod,person,282,22.69503546099291
1,v4_40_SP,40,0.0,0,True,40,3473,1512,hindi,ng,prod,cluster,282,24.822695035460995
1,v4_40_SP,40,0.0,0,True,40,3473,1512,english,ng,member,sample,488,33.606557377049185
1,v4_40_SP,40,0.0,0,True,40,3473,1512,english,ng,member,person,488,27.459016393442624
1,v4_40_SP,40,0.0,0,True,40,3473,1512,english,ng,member,cluster,488,29.098360655737704
1,v4_40_SP,40,0.0,0,True,40,3473,1512,english,ng,prod,sample,488,26.229508196721312
1,v4_40_SP,40,0.0,0,True,40,3473,1512,english,ng,prod,person,488,18.852459016393443
1,v4_40_SP,40,0.0,0,True,40,3473,1512,english,ng,prod,cluster,488,20.901639344262296
1,v4_40_SP,40,0.0,0,True,40,3473,1512,english,g,member,sample,489,43.26530612244898
1,v4_40_SP,40,0.0,0,True,40,3473,1512,english,g,member,person,489,36.47540983606557
1,v4_40_SP,40,0.0,0,True,40,3473,1512,english,g,member,cluster,489,36.885245901639344
1,v4_40_SP,40,0.0,0,True,40,3473,1512,english,g,prod,sample,489,38.52459016393443
1,v4_40_SP,40,0.0,0,True,40,3473,1512,english,g,prod,person,489,31.428571428571427
1,v4_40_SP,40,0.0,0,True,40,3473,1512,english,g,prod,cluster,489,32.6530612244898
1,v4_40_SP,40,0.0,0,True,40,3473,1512,v4,ng,member,sample,448,23.893805309734514
1,v4_40_SP,40,0.0,0,True,40,3473,1512,v4,ng,member,person,448,17.567567567567565
1,v4_40_SP,40,0.0,0,True,40,3473,1512,v4,ng,member,cluster,448,18.918918918918916
1,v4_40_SP,40,0.0,0,True,40,3473,1512,v4,ng,prod,sample,448,17.25663716814159
1,v4_40_SP,40,0.0,0,True,40,3473,1512,v4,ng,prod,person,448,13.963963963963966
1,v4_40_SP,40,0.0,0,True,40,3473,1512,v4,ng,prod,cluster,448,14.414414414414411
1,v4_40_SP,40,0.0,0,True,40,3473,1512,v4,g,member,sample,448,31.41592920353982
1,v4_40_SP,40,0.0,0,True,40,3473,1512,v4,g,member,person,448,27.927927927927932
1,v4_40_SP,40,0.0,0,True,40,3473,1512,v4,g,member,cluster,448,26.548672566371685
1,v4_40_SP,40,0.0,0,True,40,3473,1512,v4,g,prod,sample,448,28.31858407079646
1,v4_40_SP,40,0.0,0,True,40,3473,1512,v4,g,prod,person,448,21.171171171171167
1,v4_40_SP,40,0.0,0,True,40,3473,1512,v4,g,prod,cluster,448,20.79646017699115
1,v4_40_e25,40,0.25,30,False,70,7415,1495,urdu,ng,member,sample,204,31.372549019607842
1,v4_40_e25,40,0.25,30,False,70,7415,1495,urdu,ng,member,person,204,23.52941176470588
1,v4_40_e25,40,0.25,30,False,70,7415,1495,urdu,ng,member,cluster,204,28.431372549019606
1,v4_40_e25,40,0.25,30,False,70,7415,1495,urdu,ng,prod,sample,204,24.509803921568626
1,v4_40_e25,40,0.25,30,False,70,7415,1495,urdu,ng,prod,person,204,23.529411764705888
1,v4_40_e25,40,0.25,30,False,70,7415,1495,urdu,ng,prod,cluster,204,24.50980392156863
1,v4_40_e25,40,0.25,30,False,70,7415,1495,urdu,g,member,sample,204,44.11764705882353
1,v4_40_e25,40,0.25,30,False,70,7415,1495,urdu,g,member,person,204,45.09803921568628
1,v4_40_e25,40,0.25,30,False,70,7415,1495,urdu,g,member,cluster,204,47.05882352941176
1,v4_40_e25,40,0.25,30,False,70,7415,1495,urdu,g,prod,sample,204,44.11764705882353
1,v4_40_e25,40,0.25,30,False,70,7415,1495,urdu,g,prod,person,204,39.21568627450981
1,v4_40_e25,40,0.25,30,False,70,7415,1495,urdu,g,prod,cluster,204,39.21568627450981
1,v4_40_e25,40,0.25,30,False,70,7415,1495,hindi,ng,member,sample,282,33.33333333333333
1,v4_40_e25,40,0.25,30,False,70,7415,1495,hindi,ng,member,person,282,30.49645390070922
1,v4_40_e25,40,0.25,30,False,70,7415,1495,hindi,ng,member,cluster,282,31.20567375886525
1,v4_40_e25,40,0.25,30,False,70,7415,1495,hindi,ng,prod,sample,282,28.368794326241137
1,v4_40_e25,40,0.25,30,False,70,7415,1495,hindi,ng,prod,person,282,18.439716312056742
1,v4_40_e25,40,0.25,30,False,70,7415,1495,hindi,ng,prod,cluster,282,19.148936170212767
1,v4_40_e25,40,0.25,30,False,70,7415,1495,english,ng,member,sample,488,30.327868852459016
1,v4_40_e25,40,0.25,30,False,70,7415,1495,english,ng,member,person,488,22.950819672131146
1,v4_40_e25,40,0.25,30,False,70,7415,1495,english,ng,member,cluster,488,22.95081967213115
1,v4_40_e25,40,0.25,30,False,70,7415,1495,english,ng,prod,sample,488,24.590163934426236
1,v4_40_e25,40,0.25,30,False,70,7415,1495,english,ng,prod,person,488,15.163934426229508
1,v4_40_e25,40,0.25,30,False,70,7415,1495,english,ng,prod,cluster,488,15.983606557377051
1,v4_40_e25,40,0.25,30,False,70,7415,1495,english,g,member,sample,489,42.857142857142854
1,v4_40_e25,40,0.25,30,False,70,7415,1495,english,g,member,person,489,37.295081967213115
1,v4_40_e25,40,0.25,30,False,70,7415,1495,english,g,member,cluster,489,38.36734693877551
1,v4_40_e25,40,0.25,30,False,70,7415,1495,english,g,prod,sample,489,36.065573770491795
1,v4_40_e25,40,0.25,30,False,70,7415,1495,english,g,prod,person,489,32.244897959183675
1,v4_40_e25,40,0.25,30,False,70,7415,1495,english,g,prod,cluster,489,31.83673469387755
1,v4_40_e25,40,0.25,30,False,70,7415,1495,v4,ng,member,sample,448,23.451327433628318
1,v4_40_e25,40,0.25,30,False,70,7415,1495,v4,ng,member,person,448,21.171171171171167
1,v4_40_e25,40,0.25,30,False,70,7415,1495,v4,ng,member,cluster,448,21.238938053097346
1,v4_40_e25,40,0.25,30,False,70,7415,1495,v4,ng,prod,sample,448,16.8141592920354
1,v4_40_e25,40,0.25,30,False,70,7415,1495,v4,ng,prod,person,448,13.963963963963966
1,v4_40_e25,40,0.25,30,False,70,7415,1495,v4,ng,prod,cluster,448,14.414414414414411
1,v4_40_e25,40,0.25,30,False,70,7415,1495,v4,g,member,sample,448,36.283185840707965
1,v4_40_e25,40,0.25,30,False,70,7415,1495,v4,g,member,person,448,31.53153153153153
1,v4_40_e25,40,0.25,30,False,70,7415,1495,v4,g,member,cluster,448,29.27927927927928
1,v4_40_e25,40,0.25,30,False,70,7415,1495,v4,g,prod,sample,448,30.08849557522124
1,v4_40_e25,40,0.25,30,False,70,7415,1495,v4,g,prod,person,448,21.62162162162162
1,v4_40_e25,40,0.25,30,False,70,7415,1495,v4,g,prod,cluster,448,22.522522522522525
1,v4_40_e25_SP,40,0.25,30,True,70,7415,1495,urdu,ng,member,sample,204,32.35294117647059
1,v4_40_e25_SP,40,0.25,30,True,70,7415,1495,urdu,ng,member,person,204,26.47058823529412
1,v4_40_e25_SP,40,0.25,30,True,70,7415,1495,urdu,ng,member,cluster,204,28.431372549019606
1,v4_40_e25_SP,40,0.25,30,True,70,7415,1495,urdu,ng,prod,sample,204,24.50980392156863
1,v4_40_e25_SP,40,0.25,30,True,70,7415,1495,urdu,ng,prod,person,204,23.529411764705888
1,v4_40_e25_SP,40,0.25,30,True,70,7415,1495,urdu,ng,prod,cluster,204,24.50980392156863
1,v4_40_e25_SP,40,0.25,30,True,70,7415,1495,urdu,g,member,sample,204,47.05882352941176
1,v4_40_e25_SP,40,0.25,30,True,70,7415,1495,urdu,g,member,person,204,43.13725490196079
1,v4_40_e25_SP,40,0.25,30,True,70,7415,1495,urdu,g,member,cluster,204,44.11764705882353
1,v4_40_e25_SP,40,0.25,30,True,70,7415,1495,urdu,g,prod,sample,204,44.11764705882353
1,v4_40_e25_SP,40,0.25,30,True,70,7415,1495,urdu,g,prod,person,204,39.21568627450981
1,v4_40_e25_SP,40,0.25,30,True,70,7415,1495,urdu,g,prod,cluster,204,39.21568627450981
1,v4_40_e25_SP,40,0.25,30,True,70,7415,1495,hindi,ng,member,sample,282,32.62411347517731
1,v4_40_e25_SP,40,0.25,30,True,70,7415,1495,hindi,ng,member,person,282,30.49645390070922
1,v4_40_e25_SP,40,0.25,30,True,70,7415,1495,hindi,ng,member,cluster,282,30.49645390070922
1,v4_40_e25_SP,40,0.25,30,True,70,7415,1495,hindi,ng,prod,sample,282,28.368794326241137
1,v4_40_e25_SP,40,0.25,30,True,70,7415,1495,hindi,ng,prod,person,282,17.021276595744684
1,v4_40_e25_SP,40,0.25,30,True,70,7415,1495,hindi,ng,prod,cluster,282,18.439716312056735
1,v4_40_e25_SP,40,0.25,30,True,70,7415,1495,english,ng,member,sample,488,31.557377049180324
1,v4_40_e25_SP,40,0.25,30,True,70,7415,1495,english,ng,member,person,488,22.540983606557376
1,v4_40_e25_SP,40,0.25,30,True,70,7415,1495,english,ng,member,cluster,488,24.590163934426236
1,v4_40_e25_SP,40,0.25,30,True,70,7415,1495,english,ng,prod,sample,488,25.0
1,v4_40_e25_SP,40,0.25,30,True,70,7415,1495,english,ng,prod,person,488,15.573770491803279
1,v4_40_e25_SP,40,0.25,30,True,70,7415,1495,english,ng,prod,cluster,488,15.983606557377051
1,v4_40_e25_SP,40,0.25,30,True,70,7415,1495,english,g,member,sample,489,43.673469387755105
1,v4_40_e25_SP,40,0.25,30,True,70,7415,1495,english,g,member,person,489,36.065573770491795
1,v4_40_e25_SP,40,0.25,30,True,70,7415,1495,english,g,member,cluster,489,37.55102040816327
1,v4_40_e25_SP,40,0.25,30,True,70,7415,1495,english,g,prod,sample,489,36.734693877551024
1,v4_40_e25_SP,40,0.25,30,True,70,7415,1495,english,g,prod,person,489,32.6530612244898
1,v4_40_e25_SP,40,0.25,30,True,70,7415,1495,english,g,prod,cluster,489,33.06122448979592
1,v4_40_e25_SP,40,0.25,30,True,70,7415,1495,v4,ng,member,sample,448,23.008849557522122
1,v4_40_e25_SP,40,0.25,30,True,70,7415,1495,v4,ng,member,person,448,21.171171171171167
1,v4_40_e25_SP,40,0.25,30,True,70,7415,1495,v4,ng,member,cluster,448,21.68141592920354
1,v4_40_e25_SP,40,0.25,30,True,70,7415,1495,v4,ng,prod,sample,448,16.371681415929203
1,v4_40_e25_SP,40,0.25,30,True,70,7415,1495,v4,ng,prod,person,448,13.963963963963966
1,v4_40_e25_SP,40,0.25,30,True,70,7415,1495,v4,ng,prod,cluster,448,14.414414414414411
1,v4_40_e25_SP,40,0.25,30,True,70,7415,1495,v4,g,member,sample,448,36.283185840707965
1,v4_40_e25_SP,40,0.25,30,True,70,7415,1495,v4,g,member,person,448,28.37837837837838
1,v4_40_e25_SP,40,0.25,30,True,70,7415,1495,v4,g,member,cluster,448,27.477477477477475
1,v4_40_e25_SP,40,0.25,30,True,70,7415,1495,v4,g,prod,sample,448,30.08849557522124
1,v4_40_e25_SP,40,0.25,30,True,70,7415,1495,v4,g,prod,person,448,21.171171171171167
1,v4_40_e25_SP,40,0.25,30,True,70,7415,1495,v4,g,prod,cluster,448,22.522522522522525
1,v4_40_e50,40,0.5,60,False,100,11304,1584,urdu,ng,member,sample,204,30.392156862745097
1,v4_40_e50,40,0.5,60,False,100,11304,1584,urdu,ng,member,person,204,25.49019607843137
1,v4_40_e50,40,0.5,60,False,100,11304,1584,urdu,ng,member,cluster,204,29.411764705882348
1,v4_40_e50,40,0.5,60,False,100,11304,1584,urdu,ng,prod,sample,204,26.47058823529412
1,v4_40_e50,40,0.5,60,False,100,11304,1584,urdu,ng,prod,person,204,23.529411764705888
1,v4_40_e50,40,0.5,60,False,100,11304,1584,urdu,ng,prod,cluster,204,23.529411764705888
1,v4_40_e50,40,0.5,60,False,100,11304,1584,urdu,g,member,sample,204,50.0
1,v4_40_e50,40,0.5,60,False,100,11304,1584,urdu,g,member,person,204,43.13725490196079
1,v4_40_e50,40,0.5,60,False,100,11304,1584,urdu,g,member,cluster,204,42.15686274509804
1,v4_40_e50,40,0.5,60,False,100,11304,1584,urdu,g,prod,sample,204,42.15686274509803
1,v4_40_e50,40,0.5,60,False,100,11304,1584,urdu,g,prod,person,204,35.294117647058826
1,v4_40_e50,40,0.5,60,False,100,11304,1584,urdu,g,prod,cluster,204,38.23529411764706
1,v4_40_e50,40,0.5,60,False,100,11304,1584,hindi,ng,member,sample,282,28.368794326241137
1,v4_40_e50,40,0.5,60,False,100,11304,1584,hindi,ng,member,person,282,23.404255319148938
1,v4_40_e50,40,0.5,60,False,100,11304,1584,hindi,ng,member,cluster,282,24.113475177304963
1,v4_40_e50,40,0.5,60,False,100,11304,1584,hindi,ng,prod,sample,282,25.53191489361702
1,v4_40_e50,40,0.5,60,False,100,11304,1584,hindi,ng,prod,person,282,17.021276595744684
1,v4_40_e50,40,0.5,60,False,100,11304,1584,hindi,ng,prod,cluster,282,19.14893617021277
1,v4_40_e50,40,0.5,60,False,100,11304,1584,english,ng,member,sample,488,26.639344262295083
1,v4_40_e50,40,0.5,60,False,100,11304,1584,english,ng,member,person,488,19.262295081967213
1,v4_40_e50,40,0.5,60,False,100,11304,1584,english,ng,member,cluster,488,20.081967213114755
1,v4_40_e50,40,0.5,60,False,100,11304,1584,english,ng,prod,sample,488,23.360655737704917
1,v4_40_e50,40,0.5,60,False,100,11304,1584,english,ng,prod,person,488,14.754098360655737
1,v4_40_e50,40,0.5,60,False,100,11304,1584,english,ng,prod,cluster,488,15.163934426229508
1,v4_40_e50,40,0.5,60,False,100,11304,1584,english,g,member,sample,489,41.393442622950815
1,v4_40_e50,40,0.5,60,False,100,11304,1584,english,g,member,person,489,35.65573770491803
1,v4_40_e50,40,0.5,60,False,100,11304,1584,english,g,member,cluster,489,37.142857142857146
1,v4_40_e50,40,0.5,60,False,100,11304,1584,english,g,prod,sample,489,34.69387755102041
1,v4_40_e50,40,0.5,60,False,100,11304,1584,english,g,prod,person,489,28.163265306122447
1,v4_40_e50,40,0.5,60,False,100,11304,1584,english,g,prod,cluster,489,28.688524590163933
1,v4_40_e50,40,0.5,60,False,100,11304,1584,v4,ng,member,sample,448,23.42342342342343
1,v4_40_e50,40,0.5,60,False,100,11304,1584,v4,ng,member,person,448,21.68141592920354
1,v4_40_e50,40,0.5,60,False,100,11304,1584,v4,ng,member,cluster,448,21.62162162162162
1,v4_40_e50,40,0.5,60,False,100,11304,1584,v4,ng,prod,sample,448,16.666666666666664
1,v4_40_e50,40,0.5,60,False,100,11304,1584,v4,ng,prod,person,448,14.15929203539823
1,v4_40_e50,40,0.5,60,False,100,11304,1584,v4,ng,prod,cluster,448,15.315315315315313
1,v4_40_e50,40,0.5,60,False,100,11304,1584,v4,g,member,sample,448,34.23423423423423
1,v4_40_e50,40,0.5,60,False,100,11304,1584,v4,g,member,person,448,29.20353982300885
1,v4_40_e50,40,0.5,60,False,100,11304,1584,v4,g,member,cluster,448,29.27927927927928
1,v4_40_e50,40,0.5,60,False,100,11304,1584,v4,g,prod,sample,448,29.20353982300885
1,v4_40_e50,40,0.5,60,False,100,11304,1584,v4,g,prod,person,448,17.567567567567565
1,v4_40_e50,40,0.5,60,False,100,11304,1584,v4,g,prod,cluster,448,18.918918918918916
1,v4_40_e50_SP,40,0.5,60,True,100,11304,1584,urdu,ng,member,sample,204,30.392156862745097
1,v4_40_e50_SP,40,0.5,60,True,100,11304,1584,urdu,ng,member,person,204,26.47058823529412
1,v4_40_e50_SP,40,0.5,60,True,100,11304,1584,urdu,ng,member,cluster,204,28.431372549019606
1,v4_40_e50_SP,40,0.5,60,True,100,11304,1584,urdu,ng,prod,sample,204,26.47058823529412
1,v4_40_e50_SP,40,0.5,60,True,100,11304,1584,urdu,ng,prod,person,204,23.52941176470588
1,v4_40_e50_SP,40,0.5,60,True,100,11304,1584,urdu,ng,prod,cluster,204,23.529411764705888
1,v4_40_e50_SP,40,0.5,60,True,100,11304,1584,urdu,g,member,sample,204,48.03921568627451
1,v4_40_e50_SP,40,0.5,60,True,100,11304,1584,urdu,g,member,person,204,39.21568627450981
1,v4_40_e50_SP,40,0.5,60,True,100,11304,1584,urdu,g,member,cluster,204,41.17647058823529
1,v4_40_e50_SP,40,0.5,60,True,100,11304,1584,urdu,g,prod,sample,204,41.17647058823529
1,v4_40_e50_SP,40,0.5,60,True,100,11304,1584,urdu,g,prod,person,204,36.27450980392157
1,v4_40_e50_SP,40,0.5,60,True,100,11304,1584,urdu,g,prod,cluster,204,38.23529411764706
1,v4_40_e50_SP,40,0.5,60,True,100,11304,1584,hindi,ng,member,sample,282,28.36879432624113
1,v4_40_e50_SP,40,0.5,60,True,100,11304,1584,hindi,ng,member,person,282,21.98581560283688
1,v4_40_e50_SP,40,0.5,60,True,100,11304,1584,hindi,ng,member,cluster,282,23.404255319148938
1,v4_40_e50_SP,40,0.5,60,True,100,11304,1584,hindi,ng,prod,sample,282,25.53191489361702
1,v4_40_e50_SP,40,0.5,60,True,100,11304,1584,hindi,ng,prod,person,282,17.021276595744684
1,v4_40_e50_SP,40,0.5,60,True,100,11304,1584,hindi,ng,prod,cluster,282,19.14893617021277
1,v4_40_e50_SP,40,0.5,60,True,100,11304,1584,english,ng,member,sample,488,27.459016393442624
1,v4_40_e50_SP,40,0.5,60,True,100,11304,1584,english,ng,member,person,488,19.672131147540984
1,v4_40_e50_SP,40,0.5,60,True,100,11304,1584,english,ng,member,cluster,488,21.311475409836067
1,v4_40_e50_SP,40,0.5,60,True,100,11304,1584,english,ng,prod,sample,488,23.36065573770492
1,v4_40_e50_SP,40,0.5,60,True,100,11304,1584,english,ng,prod,person,488,14.344262295081966
1,v4_40_e50_SP,40,0.5,60,True,100,11304,1584,english,ng,prod,cluster,488,15.163934426229508
1,v4_40_e50_SP,40,0.5,60,True,100,11304,1584,english,g,member,sample,489,42.213114754098356
1,v4_40_e50_SP,40,0.5,60,True,100,11304,1584,english,g,member,person,489,36.065573770491795
1,v4_40_e50_SP,40,0.5,60,True,100,11304,1584,english,g,member,cluster,489,38.114754098360656
1,v4_40_e50_SP,40,0.5,60,True,100,11304,1584,english,g,prod,sample,489,35.10204081632653
1,v4_40_e50_SP,40,0.5,60,True,100,11304,1584,english,g,prod,person,489,27.755102040816325
1,v4_40_e50_SP,40,0.5,60,True,100,11304,1584,english,g,prod,cluster,489,29.09836065573771
1,v4_40_e50_SP,40,0.5,60,True,100,11304,1584,v4,ng,member,sample,448,23.451327433628318
1,v4_40_e50_SP,40,0.5,60,True,100,11304,1584,v4,ng,member,person,448,21.171171171171167
1,v4_40_e50_SP,40,0.5,60,True,100,11304,1584,v4,ng,member,cluster,448,20.353982300884958
1,v4_40_e50_SP,40,0.5,60,True,100,11304,1584,v4,ng,prod,sample,448,15.76576576576577
1,v4_40_e50_SP,40,0.5,60,True,100,11304,1584,v4,ng,prod,person,448,13.963963963963966
1,v4_40_e50_SP,40,0.5,60,True,100,11304,1584,v4,ng,prod,cluster,448,15.315315315315313
1,v4_40_e50_SP,40,0.5,60,True,100,11304,1584,v4,g,member,sample,448,34.23423423423423
1,v4_40_e50_SP,40,0.5,60,True,100,11304,1584,v4,g,member,person,448,28.37837837837838
1,v4_40_e50_SP,40,0.5,60,True,100,11304,1584,v4,g,member,cluster,448,29.27927927927928
1,v4_40_e50_SP,40,0.5,60,True,100,11304,1584,v4,g,prod,sample,448,29.27927927927928
1,v4_40_e50_SP,40,0.5,60,True,100,11304,1584,v4,g,prod,person,448,17.567567567567565
1,v4_40_e50_SP,40,0.5,60,True,100,11304,1584,v4,g,prod,cluster,448,18.918918918918916
1,v4_40_e100,40,1.0,120,False,160,19311,1505,urdu,ng,member,sample,204,31.372549019607842
1,v4_40_e100,40,1.0,120,False,160,19311,1505,urdu,ng,member,person,204,25.49019607843137
1,v4_40_e100,40,1.0,120,False,160,19311,1505,urdu,ng,member,cluster,204,27.450980392156865
1,v4_40_e100,40,1.0,120,False,160,19311,1505,urdu,ng,prod,sample,204,28.431372549019606
1,v4_40_e100,40,1.0,120,False,160,19311,1505,urdu,ng,prod,person,204,19.607843137254903
1,v4_40_e100,40,1.0,120,False,160,19311,1505,urdu,ng,prod,cluster,204,23.529411764705888
1,v4_40_e100,40,1.0,120,False,160,19311,1505,urdu,g,member,sample,204,44.11764705882353
1,v4_40_e100,40,1.0,120,False,160,19311,1505,urdu,g,member,person,204,37.254901960784316
1,v4_40_e100,40,1.0,120,False,160,19311,1505,urdu,g,member,cluster,204,37.254901960784316
1,v4_40_e100,40,1.0,120,False,160,19311,1505,urdu,g,prod,sample,204,39.21568627450981
1,v4_40_e100,40,1.0,120,False,160,19311,1505,urdu,g,prod,person,204,37.254901960784316
1,v4_40_e100,40,1.0,120,False,160,19311,1505,urdu,g,prod,cluster,204,38.23529411764706
1,v4_40_e100,40,1.0,120,False,160,19311,1505,hindi,ng,member,sample,282,30.49645390070922
1,v4_40_e100,40,1.0,120,False,160,19311,1505,hindi,ng,member,person,282,24.822695035460992
1,v4_40_e100,40,1.0,120,False,160,19311,1505,hindi,ng,member,cluster,282,24.822695035460992
1,v4_40_e100,40,1.0,120,False,160,19311,1505,hindi,ng,prod,sample,282,25.531914893617024
1,v4_40_e100,40,1.0,120,False,160,19311,1505,hindi,ng,prod,person,282,17.021276595744684
1,v4_40_e100,40,1.0,120,False,160,19311,1505,hindi,ng,prod,cluster,282,19.14893617021277
1,v4_40_e100,40,1.0,120,False,160,19311,1505,english,ng,member,sample,488,29.508196721311474
1,v4_40_e100,40,1.0,120,False,160,19311,1505,english,ng,member,person,488,22.95081967213115
1,v4_40_e100,40,1.0,120,False,160,19311,1505,english,ng,member,cluster,488,24.590163934426236
1,v4_40_e100,40,1.0,120,False,160,19311,1505,english,ng,prod,sample,488,23.360655737704917
1,v4_40_e100,40,1.0,120,False,160,19311,1505,english,ng,prod,person,488,15.983606557377051
1,v4_40_e100,40,1.0,120,False,160,19311,1505,english,ng,prod,cluster,488,16.80327868852459
1,v4_40_e100,40,1.0,120,False,160,19311,1505,english,g,member,sample,489,39.59183673469388
1,v4_40_e100,40,1.0,120,False,160,19311,1505,english,g,member,person,489,36.065573770491795
1,v4_40_e100,40,1.0,120,False,160,19311,1505,english,g,member,cluster,489,38.52459016393443
1,v4_40_e100,40,1.0,120,False,160,19311,1505,english,g,prod,sample,489,34.69387755102041
1,v4_40_e100,40,1.0,120,False,160,19311,1505,english,g,prod,person,489,31.967213114754102
1,v4_40_e100,40,1.0,120,False,160,19311,1505,english,g,prod,cluster,489,31.557377049180324
1,v4_40_e100,40,1.0,120,False,160,19311,1505,v4,ng,member,sample,448,22.123893805309734
1,v4_40_e100,40,1.0,120,False,160,19311,1505,v4,ng,member,person,448,21.171171171171167
1,v4_40_e100,40,1.0,120,False,160,19311,1505,v4,ng,member,cluster,448,20.353982300884958
1,v4_40_e100,40,1.0,120,False,160,19311,1505,v4,ng,prod,sample,448,16.371681415929203
1,v4_40_e100,40,1.0,120,False,160,19311,1505,v4,ng,prod,person,448,13.963963963963966
1,v4_40_e100,40,1.0,120,False,160,19311,1505,v4,ng,prod,cluster,448,15.315315315315313
1,v4_40_e100,40,1.0,120,False,160,19311,1505,v4,g,member,sample,448,32.30088495575221
1,v4_40_e100,40,1.0,120,False,160,19311,1505,v4,g,member,person,448,31.981981981981978
1,v4_40_e100,40,1.0,120,False,160,19311,1505,v4,g,member,cluster,448,31.981981981981978
1,v4_40_e100,40,1.0,120,False,160,19311,1505,v4,g,prod,sample,448,30.180180180180184
1,v4_40_e100,40,1.0,120,False,160,19311,1505,v4,g,prod,person,448,21.171171171171167
1,v4_40_e100,40,1.0,120,False,160,19311,1505,v4,g,prod,cluster,448,19.02654867256637
1,v4_40_e100_SP,40,1.0,120,True,160,19311,1505,urdu,ng,member,sample,204,30.3921568627451
1,v4_40_e100_SP,40,1.0,120,True,160,19311,1505,urdu,ng,member,person,204,24.509803921568626
1,v4_40_e100_SP,40,1.0,120,True,160,19311,1505,urdu,ng,member,cluster,204,29.411764705882348
1,v4_40_e100_SP,40,1.0,120,True,160,19311,1505,urdu,ng,prod,sample,204,28.431372549019606
1,v4_40_e100_SP,40,1.0,120,True,160,19311,1505,urdu,ng,prod,person,204,19.607843137254903
1,v4_40_e100_SP,40,1.0,120,True,160,19311,1505,urdu,ng,prod,cluster,204,23.529411764705888
1,v4_40_e100_SP,40,1.0,120,True,160,19311,1505,urdu,g,member,sample,204,44.11764705882353
1,v4_40_e100_SP,40,1.0,120,True,160,19311,1505,urdu,g,member,person,204,37.254901960784316
1,v4_40_e100_SP,40,1.0,120,True,160,19311,1505,urdu,g,member,cluster,204,37.254901960784316
1,v4_40_e100_SP,40,1.0,120,True,160,19311,1505,urdu,g,prod,sample,204,40.19607843137255
1,v4_40_e100_SP,40,1.0,120,True,160,19311,1505,urdu,g,prod,person,204,37.254901960784316
1,v4_40_e100_SP,40,1.0,120,True,160,19311,1505,urdu,g,prod,cluster,204,38.23529411764706
1,v4_40_e100_SP,40,1.0,120,True,160,19311,1505,hindi,ng,member,sample,282,29.78723404255319
1,v4_40_e100_SP,40,1.0,120,True,160,19311,1505,hindi,ng,member,person,282,24.822695035460992
1,v4_40_e100_SP,40,1.0,120,True,160,19311,1505,hindi,ng,member,cluster,282,23.404255319148938
1,v4_40_e100_SP,40,1.0,120,True,160,19311,1505,hindi,ng,prod,sample,282,24.822695035460995
1,v4_40_e100_SP,40,1.0,120,True,160,19311,1505,hindi,ng,prod,person,282,17.021276595744684
1,v4_40_e100_SP,40,1.0,120,True,160,19311,1505,hindi,ng,prod,cluster,282,19.14893617021277
1,v4_40_e100_SP,40,1.0,120,True,160,19311,1505,english,ng,member,sample,488,29.098360655737704
1,v4_40_e100_SP,40,1.0,120,True,160,19311,1505,english,ng,member,person,488,22.950819672131146
1,v4_40_e100_SP,40,1.0,120,True,160,19311,1505,english,ng,member,cluster,488,24.590163934426236
1,v4_40_e100_SP,40,1.0,120,True,160,19311,1505,english,ng,prod,sample,488,23.36065573770492
1,v4_40_e100_SP,40,1.0,120,True,160,19311,1505,english,ng,prod,person,488,15.573770491803279
1,v4_40_e100_SP,40,1.0,120,True,160,19311,1505,english,ng,prod,cluster,488,16.80327868852459
1,v4_40_e100_SP,40,1.0,120,True,160,19311,1505,english,g,member,sample,489,40.98360655737705
1,v4_40_e100_SP,40,1.0,120,True,160,19311,1505,english,g,member,person,489,35.51020408163265
1,v4_40_e100_SP,40,1.0,120,True,160,19311,1505,english,g,member,cluster,489,38.36734693877551
1,v4_40_e100_SP,40,1.0,120,True,160,19311,1505,english,g,prod,sample,489,35.245901639344254
1,v4_40_e100_SP,40,1.0,120,True,160,19311,1505,english,g,prod,person,489,32.244897959183675
1,v4_40_e100_SP,40,1.0,120,True,160,19311,1505,english,g,prod,cluster,489,31.557377049180324
1,v4_40_e100_SP,40,1.0,120,True,160,19311,1505,v4,ng,member,sample,448,21.68141592920354
1,v4_40_e100_SP,40,1.0,120,True,160,19311,1505,v4,ng,member,person,448,21.171171171171167
1,v4_40_e100_SP,40,1.0,120,True,160,19311,1505,v4,ng,member,cluster,448,22.072072072072068
1,v4_40_e100_SP,40,1.0,120,True,160,19311,1505,v4,ng,prod,sample,448,15.76576576576577
1,v4_40_e100_SP,40,1.0,120,True,160,19311,1505,v4,ng,prod,person,448,15.315315315315313
1,v4_40_e100_SP,40,1.0,120,True,160,19311,1505,v4,ng,prod,cluster,448,14.601769911504425
1,v4_40_e100_SP,40,1.0,120,True,160,19311,1505,v4,g,member,sample,448,32.88288288288288
1,v4_40_e100_SP,40,1.0,120,True,160,19311,1505,v4,g,member,person,448,31.981981981981978
1,v4_40_e100_SP,40,1.0,120,True,160,19311,1505,v4,g,member,cluster,448,30.08849557522124
1,v4_40_e100_SP,40,1.0,120,True,160,19311,1505,v4,g,prod,sample,448,29.729729729729726
1,v4_40_e100_SP,40,1.0,120,True,160,19311,1505,v4,g,prod,person,448,21.171171171171167
1,v4_40_e100_SP,40,1.0,120,True,160,19311,1505,v4,g,prod,cluster,448,18.918918918918916
2,v4_10,10,0.0,0,False,10,945,1498,urdu,ng,member,sample,240,46.666666666666664
2,v4_10,10,0.0,0,False,10,945,1498,urdu,ng,member,person,240,41.66666666666667
2,v4_10,10,0.0,0,False,10,945,1498,urdu,ng,member,cluster,240,44.166666666666664
2,v4_10,10,0.0,0,False,10,945,1498,urdu,ng,prod,sample,240,28.333333333333332
2,v4_10,10,0.0,0,False,10,945,1498,urdu,ng,prod,person,240,26.66666666666667
2,v4_10,10,0.0,0,False,10,945,1498,urdu,ng,prod,cluster,240,28.333333333333332
2,v4_10,10,0.0,0,False,10,945,1498,urdu,g,member,sample,240,46.666666666666664
2,v4_10,10,0.0,0,False,10,945,1498,urdu,g,member,person,240,53.333333333333336
2,v4_10,10,0.0,0,False,10,945,1498,urdu,g,member,cluster,240,50.0
2,v4_10,10,0.0,0,False,10,945,1498,urdu,g,prod,sample,240,44.166666666666664
2,v4_10,10,0.0,0,False,10,945,1498,urdu,g,prod,person,240,33.333333333333336
2,v4_10,10,0.0,0,False,10,945,1498,urdu,g,prod,cluster,240,38.33333333333333
2,v4_10,10,0.0,0,False,10,945,1498,hindi,ng,member,sample,229,46.95652173913044
2,v4_10,10,0.0,0,False,10,945,1498,hindi,ng,member,person,229,49.56521739130435
2,v4_10,10,0.0,0,False,10,945,1498,hindi,ng,member,cluster,229,53.04347826086957
2,v4_10,10,0.0,0,False,10,945,1498,hindi,ng,prod,sample,229,31.30434782608696
2,v4_10,10,0.0,0,False,10,945,1498,hindi,ng,prod,person,229,28.07017543859649
2,v4_10,10,0.0,0,False,10,945,1498,hindi,ng,prod,cluster,229,29.565217391304348
2,v4_10,10,0.0,0,False,10,945,1498,english,ng,member,sample,480,43.75
2,v4_10,10,0.0,0,False,10,945,1498,english,ng,member,person,480,40.0
2,v4_10,10,0.0,0,False,10,945,1498,english,ng,member,cluster,480,40.416666666666664
2,v4_10,10,0.0,0,False,10,945,1498,english,ng,prod,sample,480,27.500000000000004
2,v4_10,10,0.0,0,False,10,945,1498,english,ng,prod,person,480,22.916666666666664
2,v4_10,10,0.0,0,False,10,945,1498,english,ng,prod,cluster,480,22.083333333333332
2,v4_10,10,0.0,0,False,10,945,1498,english,g,member,sample,480,50.83333333333333
2,v4_10,10,0.0,0,False,10,945,1498,english,g,member,person,480,49.583333333333336
2,v4_10,10,0.0,0,False,10,945,1498,english,g,member,cluster,480,50.83333333333333
2,v4_10,10,0.0,0,False,10,945,1498,english,g,prod,sample,480,39.58333333333333
2,v4_10,10,0.0,0,False,10,945,1498,english,g,prod,person,480,32.91666666666667
2,v4_10,10,0.0,0,False,10,945,1498,english,g,prod,cluster,480,33.75
2,v4_10,10,0.0,0,False,10,945,1498,v4,ng,member,sample,443,44.09090909090909
2,v4_10,10,0.0,0,False,10,945,1498,v4,ng,member,person,443,42.600896860986545
2,v4_10,10,0.0,0,False,10,945,1498,v4,ng,member,cluster,443,42.152466367713004
2,v4_10,10,0.0,0,False,10,945,1498,v4,ng,prod,sample,443,28.251121076233183
2,v4_10,10,0.0,0,False,10,945,1498,v4,ng,prod,person,443,23.318385650224215
2,v4_10,10,0.0,0,False,10,945,1498,v4,ng,prod,cluster,443,23.766816143497756
2,v4_10,10,0.0,0,False,10,945,1498,v4,g,member,sample,442,48.64864864864865
2,v4_10,10,0.0,0,False,10,945,1498,v4,g,member,person,442,45.94594594594595
2,v4_10,10,0.0,0,False,10,945,1498,v4,g,member,cluster,442,45.94594594594595
2,v4_10,10,0.0,0,False,10,945,1498,v4,g,prod,sample,442,36.81818181818181
2,v4_10,10,0.0,0,False,10,945,1498,v4,g,prod,person,442,33.18181818181818
2,v4_10,10,0.0,0,False,10,945,1498,v4,g,prod,cluster,442,34.68468468468468
2,v4_10_SP,10,0.0,0,True,10,945,1498,urdu,ng,member,sample,240,47.5
2,v4_10_SP,10,0.0,0,True,10,945,1498,urdu,ng,member,person,240,40.0
2,v4_10_SP,10,0.0,0,True,10,945,1498,urdu,ng,member,cluster,240,41.66666666666667
2,v4_10_SP,10,0.0,0,True,10,945,1498,urdu,ng,prod,sample,240,27.500000000000004
2,v4_10_SP,10,0.0,0,True,10,945,1498,urdu,ng,prod,person,240,26.66666666666667
2,v4_10_SP,10,0.0,0,True,10,945,1498,urdu,ng,prod,cluster,240,27.500000000000004
2,v4_10_SP,10,0.0,0,True,10,945,1498,urdu,g,member,sample,240,46.666666666666664
2,v4_10_SP,10,0.0,0,True,10,945,1498,urdu,g,member,person,240,51.66666666666666
2,v4_10_SP,10,0.0,0,True,10,945,1498,urdu,g,member,cluster,240,50.0
2,v4_10_SP,10,0.0,0,True,10,945,1498,urdu,g,prod,sample,240,44.166666666666664
2,v4_10_SP,10,0.0,0,True,10,945,1498,urdu,g,prod,person,240,33.333333333333336
2,v4_10_SP,10,0.0,0,True,10,945,1498,urdu,g,prod,cluster,240,35.83333333333333
2,v4_10_SP,10,0.0,0,True,10,945,1498,hindi,ng,member,sample,229,46.08695652173913
2,v4_10_SP,10,0.0,0,True,10,945,1498,hindi,ng,member,person,229,49.122807017543856
2,v4_10_SP,10,0.0,0,True,10,945,1498,hindi,ng,member,cluster,229,49.56521739130435
2,v4_10_SP,10,0.0,0,True,10,945,1498,hindi,ng,prod,sample,229,32.17391304347826
2,v4_10_SP,10,0.0,0,True,10,945,1498,hindi,ng,prod,person,229,28.07017543859649
2,v4_10_SP,10,0.0,0,True,10,945,1498,hindi,ng,prod,cluster,229,29.565217391304348
2,v4_10_SP,10,0.0,0,True,10,945,1498,english,ng,member,sample,480,42.916666666666664
2,v4_10_SP,10,0.0,0,True,10,945,1498,english,ng,member,person,480,40.0
2,v4_10_SP,10,0.0,0,True,10,945,1498,english,ng,member,cluster,480,39.16666666666667
2,v4_10_SP,10,0.0,0,True,10,945,1498,english,ng,prod,sample,480,27.083333333333336
2,v4_10_SP,10,0.0,0,True,10,945,1498,english,ng,prod,person,480,23.75
2,v4_10_SP,10,0.0,0,True,10,945,1498,english,ng,prod,cluster,480,23.33333333333333
2,v4_10_SP,10,0.0,0,True,10,945,1498,english,g,member,sample,480,50.83333333333333
2,v4_10_SP,10,0.0,0,True,10,945,1498,english,g,member,person,480,47.083333333333336
2,v4_10_SP,10,0.0,0,True,10,945,1498,english,g,member,cluster,480,47.5
2,v4_10_SP,10,0.0,0,True,10,945,1498,english,g,prod,sample,480,40.0
2,v4_10_SP,10,0.0,0,True,10,945,1498,english,g,prod,person,480,31.666666666666664
2,v4_10_SP,10,0.0,0,True,10,945,1498,english,g,prod,cluster,480,33.75
2,v4_10_SP,10,0.0,0,True,10,945,1498,v4,ng,member,sample,443,43.63636363636364
2,v4_10_SP,10,0.0,0,True,10,945,1498,v4,ng,member,person,443,41.36363636363637
2,v4_10_SP,10,0.0,0,True,10,945,1498,v4,ng,member,cluster,443,41.25560538116592
2,v4_10_SP,10,0.0,0,True,10,945,1498,v4,ng,prod,sample,443,29.09090909090909
2,v4_10_SP,10,0.0,0,True,10,945,1498,v4,ng,prod,person,443,22.421524663677133
2,v4_10_SP,10,0.0,0,True,10,945,1498,v4,ng,prod,cluster,443,23.766816143497756
2,v4_10_SP,10,0.0,0,True,10,945,1498,v4,g,member,sample,442,49.09090909090909
2,v4_10_SP,10,0.0,0,True,10,945,1498,v4,g,member,person,442,48.1981981981982
2,v4_10_SP,10,0.0,0,True,10,945,1498,v4,g,member,cluster,442,45.45454545454546
2,v4_10_SP,10,0.0,0,True,10,945,1498,v4,g,prod,sample,442,35.45454545454545
2,v4_10_SP,10,0.0,0,True,10,945,1498,v4,g,prod,person,442,36.03603603603604
2,v4_10_SP,10,0.0,0,True,10,945,1498,v4,g,prod,cluster,442,37.727272727272734
2,v4_20,20,0.0,0,False,20,1900,1508,urdu,ng,member,sample,240,31.666666666666664
2,v4_20,20,0.0,0,False,20,1900,1508,urdu,ng,member,person,240,22.5
2,v4_20,20,0.0,0,False,20,1900,1508,urdu,ng,member,cluster,240,23.33333333333333
2,v4_20,20,0.0,0,False,20,1900,1508,urdu,ng,prod,sample,240,25.0
2,v4_20,20,0.0,0,False,20,1900,1508,urdu,ng,prod,person,240,19.999999999999996
2,v4_20,20,0.0,0,False,20,1900,1508,urdu,ng,prod,cluster,240,18.333333333333332
2,v4_20,20,0.0,0,False,20,1900,1508,urdu,g,member,sample,240,37.5
2,v4_20,20,0.0,0,False,20,1900,1508,urdu,g,member,person,240,33.333333333333336
2,v4_20,20,0.0,0,False,20,1900,1508,urdu,g,member,cluster,240,33.33333333333333
2,v4_20,20,0.0,0,False,20,1900,1508,urdu,g,prod,sample,240,37.5
2,v4_20,20,0.0,0,False,20,1900,1508,urdu,g,prod,person,240,27.500000000000004
2,v4_20,20,0.0,0,False,20,1900,1508,urdu,g,prod,cluster,240,28.333333333333332
2,v4_20,20,0.0,0,False,20,1900,1508,hindi,ng,member,sample,229,49.122807017543856
2,v4_20,20,0.0,0,False,20,1900,1508,hindi,ng,member,person,229,42.10526315789473
2,v4_20,20,0.0,0,False,20,1900,1508,hindi,ng,member,cluster,229,41.22807017543859
2,v4_20,20,0.0,0,False,20,1900,1508,hindi,ng,prod,sample,229,31.30434782608696
2,v4_20,20,0.0,0,False,20,1900,1508,hindi,ng,prod,person,229,22.608695652173914
2,v4_20,20,0.0,0,False,20,1900,1508,hindi,ng,prod,cluster,229,21.92982456140351
2,v4_20,20,0.0,0,False,20,1900,1508,english,ng,member,sample,480,30.833333333333336
2,v4_20,20,0.0,0,False,20,1900,1508,english,ng,member,person,480,23.333333333333332
2,v4_20,20,0.0,0,False,20,1900,1508,english,ng,member,cluster,480,22.916666666666664
2,v4_20,20,0.0,0,False,20,1900,1508,english,ng,prod,sample,480,22.083333333333332
2,v4_20,20,0.0,0,False,20,1900,1508,english,ng,prod,person,480,16.666666666666664
2,v4_20,20,0.0,0,False,20,1900,1508,english,ng,prod,cluster,480,17.08333333333333
2,v4_20,20,0.0,0,False,20,1900,1508,english,g,member,sample,480,44.58333333333333
2,v4_20,20,0.0,0,False,20,1900,1508,english,g,member,person,480,40.833333333333336
2,v4_20,20,0.0,0,False,20,1900,1508,english,g,member,cluster,480,40.833333333333336
2,v4_20,20,0.0,0,False,20,1900,1508,english,g,prod,sample,480,37.916666666666664
2,v4_20,20,0.0,0,False,20,1900,1508,english,g,prod,person,480,26.66666666666667
2,v4_20,20,0.0,0,False,20,1900,1508,english,g,prod,cluster,480,27.500000000000004
2,v4_20,20,0.0,0,False,20,1900,1508,v4,ng,member,sample,443,35.0
2,v4_20,20,0.0,0,False,20,1900,1508,v4,ng,member,person,443,25.909090909090903
2,v4_20,20,0.0,0,False,20,1900,1508,v4,ng,member,cluster,443,25.909090909090903
2,v4_20,20,0.0,0,False,20,1900,1508,v4,ng,prod,sample,443,25.909090909090903
2,v4_20,20,0.0,0,False,20,1900,1508,v4,ng,prod,person,443,16.591928251121075
2,v4_20,20,0.0,0,False,20,1900,1508,v4,ng,prod,cluster,443,18.385650224215247
2,v4_20,20,0.0,0,False,20,1900,1508,v4,g,member,sample,442,38.288288288288285
2,v4_20,20,0.0,0,False,20,1900,1508,v4,g,member,person,442,31.36363636363636
2,v4_20,20,0.0,0,False,20,1900,1508,v4,g,member,cluster,442,29.27927927927928
2,v4_20,20,0.0,0,False,20,1900,1508,v4,g,prod,sample,442,32.432432432432435
2,v4_20,20,0.0,0,False,20,1900,1508,v4,g,prod,person,442,27.727272727272723
2,v4_20,20,0.0,0,False,20,1900,1508,v4,g,prod,cluster,442,29.54545454545454
2,v4_20_SP,20,0.0,0,True,20,1900,1508,urdu,ng,member,sample,240,31.666666666666664
2,v4_20_SP,20,0.0,0,True,20,1900,1508,urdu,ng,member,person,240,21.666666666666668
2,v4_20_SP,20,0.0,0,True,20,1900,1508,urdu,ng,member,cluster,240,20.833333333333336
2,v4_20_SP,20,0.0,0,True,20,1900,1508,urdu,ng,prod,sample,240,25.0
2,v4_20_SP,20,0.0,0,True,20,1900,1508,urdu,ng,prod,person,240,19.999999999999996
2,v4_20_SP,20,0.0,0,True,20,1900,1508,urdu,ng,prod,cluster,240,19.999999999999996
2,v4_20_SP,20,0.0,0,True,20,1900,1508,urdu,g,member,sample,240,37.5
2,v4_20_SP,20,0.0,0,True,20,1900,1508,urdu,g,member,person,240,33.333333333333336
2,v4_20_SP,20,0.0,0,True,20,1900,1508,urdu,g,member,cluster,240,35.0
2,v4_20_SP,20,0.0,0,True,20,1900,1508,urdu,g,prod,sample,240,38.33333333333333
2,v4_20_SP,20,0.0,0,True,20,1900,1508,urdu,g,prod,person,240,30.833333333333336
2,v4_20_SP,20,0.0,0,True,20,1900,1508,urdu,g,prod,cluster,240,29.166666666666668
2,v4_20_SP,20,0.0,0,True,20,1900,1508,hindi,ng,member,sample,229,49.56521739130435
2,v4_20_SP,20,0.0,0,True,20,1900,1508,hindi,ng,member,person,229,46.08695652173913
2,v4_20_SP,20,0.0,0,True,20,1900,1508,hindi,ng,member,cluster,229,44.34782608695652
2,v4_20_SP,20,0.0,0,True,20,1900,1508,hindi,ng,prod,sample,229,30.701754385964907
2,v4_20_SP,20,0.0,0,True,20,1900,1508,hindi,ng,prod,person,229,22.608695652173914
2,v4_20_SP,20,0.0,0,True,20,1900,1508,hindi,ng,prod,cluster,229,22.608695652173914
2,v4_20_SP,20,0.0,0,True,20,1900,1508,english,ng,member,sample,480,30.833333333333336
2,v4_20_SP,20,0.0,0,True,20,1900,1508,english,ng,member,person,480,23.750000000000004
2,v4_20_SP,20,0.0,0,True,20,1900,1508,english,ng,member,cluster,480,23.75
2,v4_20_SP,20,0.0,0,True,20,1900,1508,english,ng,prod,sample,480,22.5
2,v4_20_SP,20,0.0,0,True,20,1900,1508,english,ng,prod,person,480,16.666666666666664
2,v4_20_SP,20,0.0,0,True,20,1900,1508,english,ng,prod,cluster,480,17.083333333333332
2,v4_20_SP,20,0.0,0,True,20,1900,1508,english,g,member,sample,480,43.75
2,v4_20_SP,20,0.0,0,True,20,1900,1508,english,g,member,person,480,40.416666666666664
2,v4_20_SP,20,0.0,0,True,20,1900,1508,english,g,member,cluster,480,40.416666666666664
2,v4_20_SP,20,0.0,0,True,20,1900,1508,english,g,prod,sample,480,37.083333333333336
2,v4_20_SP,20,0.0,0,True,20,1900,1508,english,g,prod,person,480,26.66666666666667
2,v4_20_SP,20,0.0,0,True,20,1900,1508,english,g,prod,cluster,480,27.083333333333332
2,v4_20_SP,20,0.0,0,True,20,1900,1508,v4,ng,member,sample,443,34.08071748878923
2,v4_20_SP,20,0.0,0,True,20,1900,1508,v4,ng,member,person,443,25.909090909090903
2,v4_20_SP,20,0.0,0,True,20,1900,1508,v4,ng,member,cluster,443,26.00896860986547
2,v4_20_SP,20,0.0,0,True,20,1900,1508,v4,ng,prod,sample,443,25.112107623318387
2,v4_20_SP,20,0.0,0,True,20,1900,1508,v4,ng,prod,person,443,15.454545454545453
2,v4_20_SP,20,0.0,0,True,20,1900,1508,v4,ng,prod,cluster,443,17.937219730941703
2,v4_20_SP,20,0.0,0,True,20,1900,1508,v4,g,member,sample,442,38.288288288288285
2,v4_20_SP,20,0.0,0,True,20,1900,1508,v4,g,member,person,442,31.36363636363636
2,v4_20_SP,20,0.0,0,True,20,1900,1508,v4,g,member,cluster,442,28.82882882882883
2,v4_20_SP,20,0.0,0,True,20,1900,1508,v4,g,prod,sample,442,31.818181818181824
2,v4_20_SP,20,0.0,0,True,20,1900,1508,v4,g,prod,person,442,27.727272727272723
2,v4_20_SP,20,0.0,0,True,20,1900,1508,v4,g,prod,cluster,442,29.54545454545454
2,v4_30,30,0.0,0,False,30,2670,1517,urdu,ng,member,sample,240,35.83333333333333
2,v4_30,30,0.0,0,False,30,2670,1517,urdu,ng,member,person,240,19.999999999999996
2,v4_30,30,0.0,0,False,30,2670,1517,urdu,ng,member,cluster,240,23.33333333333333
2,v4_30,30,0.0,0,False,30,2670,1517,urdu,ng,prod,sample,240,27.500000000000004
2,v4_30,30,0.0,0,False,30,2670,1517,urdu,ng,prod,person,240,19.999999999999996
2,v4_30,30,0.0,0,False,30,2670,1517,urdu,ng,prod,cluster,240,19.166666666666668
2,v4_30,30,0.0,0,False,30,2670,1517,urdu,g,member,sample,240,38.333333333333336
2,v4_30,30,0.0,0,False,30,2670,1517,urdu,g,member,person,240,25.833333333333336
2,v4_30,30,0.0,0,False,30,2670,1517,urdu,g,member,cluster,240,30.0
2,v4_30,30,0.0,0,False,30,2670,1517,urdu,g,prod,sample,240,37.5
2,v4_30,30,0.0,0,False,30,2670,1517,urdu,g,prod,person,240,30.0
2,v4_30,30,0.0,0,False,30,2670,1517,urdu,g,prod,cluster,240,30.0
2,v4_30,30,0.0,0,False,30,2670,1517,hindi,ng,member,sample,229,35.08771929824561
2,v4_30,30,0.0,0,False,30,2670,1517,hindi,ng,member,person,229,33.333333333333336
2,v4_30,30,0.0,0,False,30,2670,1517,hindi,ng,member,cluster,229,28.947368421052634
2,v4_30,30,0.0,0,False,30,2670,1517,hindi,ng,prod,sample,229,21.92982456140351
2,v4_30,30,0.0,0,False,30,2670,1517,hindi,ng,prod,person,229,21.052631578947366
2,v4_30,30,0.0,0,False,30,2670,1517,hindi,ng,prod,cluster,229,21.052631578947366
2,v4_30,30,0.0,0,False,30,2670,1517,english,ng,member,sample,480,32.083333333333336
2,v4_30,30,0.0,0,False,30,2670,1517,english,ng,member,person,480,26.66666666666667
2,v4_30,30,0.0,0,False,30,2670,1517,english,ng,member,cluster,480,27.083333333333332
2,v4_30,30,0.0,0,False,30,2670,1517,english,ng,prod,sample,480,22.499999999999996
2,v4_30,30,0.0,0,False,30,2670,1517,english,ng,prod,person,480,17.916666666666668
2,v4_30,30,0.0,0,False,30,2670,1517,english,ng,prod,cluster,480,17.91666666666667
2,v4_30,30,0.0,0,False,30,2670,1517,english,g,member,sample,480,45.83333333333333
2,v4_30,30,0.0,0,False,30,2670,1517,english,g,member,person,480,36.66666666666667
2,v4_30,30,0.0,0,False,30,2670,1517,english,g,member,cluster,480,37.5
2,v4_30,30,0.0,0,False,30,2670,1517,english,g,prod,sample,480,35.0
2,v4_30,30,0.0,0,False,30,2670,1517,english,g,prod,person,480,25.833333333333336
2,v4_30,30,0.0,0,False,30,2670,1517,english,g,prod,cluster,480,27.083333333333332
2,v4_30,30,0.0,0,False,30,2670,1517,v4,ng,member,sample,443,34.52914798206278
2,v4_30,30,0.0,0,False,30,2670,1517,v4,ng,member,person,443,26.363636363636367
2,v4_30,30,0.0,0,False,30,2670,1517,v4,ng,member,cluster,443,25.909090909090903
2,v4_30,30,0.0,0,False,30,2670,1517,v4,ng,prod,sample,443,24.663677130044842
2,v4_30,30,0.0,0,False,30,2670,1517,v4,ng,prod,person,443,19.090909090909093
2,v4_30,30,0.0,0,False,30,2670,1517,v4,ng,prod,cluster,443,21.363636363636363
2,v4_30,30,0.0,0,False,30,2670,1517,v4,g,member,sample,442,39.54545454545455
2,v4_30,30,0.0,0,False,30,2670,1517,v4,g,member,person,442,33.78378378378378
2,v4_30,30,0.0,0,False,30,2670,1517,v4,g,member,cluster,442,34.54545454545455
2,v4_30,30,0.0,0,False,30,2670,1517,v4,g,prod,sample,442,32.432432432432435
2,v4_30,30,0.0,0,False,30,2670,1517,v4,g,prod,person,442,27.927927927927925
2,v4_30,30,0.0,0,False,30,2670,1517,v4,g,prod,cluster,442,29.54545454545454
2,v4_30_SP,30,0.0,0,True,30,2670,1517,urdu,ng,member,sample,240,35.83333333333333
2,v4_30_SP,30,0.0,0,True,30,2670,1517,urdu,ng,member,person,240,19.999999999999996
2,v4_30_SP,30,0.0,0,True,30,2670,1517,urdu,ng,member,cluster,240,22.499999999999996
2,v4_30_SP,30,0.0,0,True,30,2670,1517,urdu,ng,prod,sample,240,26.666666666666668
2,v4_30_SP,30,0.0,0,True,30,2670,1517,urdu,ng,prod,person,240,17.5
2,v4_30_SP,30,0.0,0,True,30,2670,1517,urdu,ng,prod,cluster,240,20.0
2,v4_30_SP,30,0.0,0,True,30,2670,1517,urdu,g,member,sample,240,39.166666666666664
2,v4_30_SP,30,0.0,0,True,30,2670,1517,urdu,g,member,person,240,26.66666666666667
2,v4_30_SP,30,0.0,0,True,30,2670,1517,urdu,g,member,cluster,240,28.333333333333332
2,v4_30_SP,30,0.0,0,True,30,2670,1517,urdu,g,prod,sample,240,36.66666666666667
2,v4_30_SP,30,0.0,0,True,30,2670,1517,urdu,g,prod,person,240,28.333333333333332
2,v4_30_SP,30,0.0,0,True,30,2670,1517,urdu,g,prod,cluster,240,30.0
2,v4_30_SP,30,0.0,0,True,30,2670,1517,hindi,ng,member,sample,229,35.65217391304348
2,v4_30_SP,30,0.0,0,True,30,2670,1517,hindi,ng,member,person,229,33.04347826086956
2,v4_30_SP,30,0.0,0,True,30,2670,1517,hindi,ng,member,cluster,229,28.947368421052634
2,v4_30_SP,30,0.0,0,True,30,2670,1517,hindi,ng,prod,sample,229,22.807017543859654
2,v4_30_SP,30,0.0,0,True,30,2670,1517,hindi,ng,prod,person,229,21.73913043478261
2,v4_30_SP,30,0.0,0,True,30,2670,1517,hindi,ng,prod,cluster,229,21.052631578947366
2,v4_30_SP,30,0.0,0,True,30,2670,1517,english,ng,member,sample,480,33.333333333333336
2,v4_30_SP,30,0.0,0,True,30,2670,1517,english,ng,member,person,480,26.25
2,v4_30_SP,30,0.0,0,True,30,2670,1517,english,ng,member,cluster,480,26.25
2,v4_30_SP,30,0.0,0,True,30,2670,1517,english,ng,prod,sample,480,22.916666666666664
2,v4_30_SP,30,0.0,0,True,30,2670,1517,english,ng,prod,person,480,17.083333333333332
2,v4_30_SP,30,0.0,0,True,30,2670,1517,english,ng,prod,cluster,480,17.91666666666667
2,v4_30_SP,30,0.0,0,True,30,2670,1517,english,g,member,sample,480,45.416666666666664
2,v4_30_SP,30,0.0,0,True,30,2670,1517,english,g,member,person,480,36.66666666666667
2,v4_30_SP,30,0.0,0,True,30,2670,1517,english,g,member,cluster,480,37.083333333333336
2,v4_30_SP,30,0.0,0,True,30,2670,1517,english,g,prod,sample,480,35.41666666666667
2,v4_30_SP,30,0.0,0,True,30,2670,1517,english,g,prod,person,480,26.66666666666667
2,v4_30_SP,30,0.0,0,True,30,2670,1517,english,g,prod,cluster,480,27.083333333333332
2,v4_30_SP,30,0.0,0,True,30,2670,1517,v4,ng,member,sample,443,34.97757847533632
2,v4_30_SP,30,0.0,0,True,30,2670,1517,v4,ng,member,person,443,26.363636363636367
2,v4_30_SP,30,0.0,0,True,30,2670,1517,v4,ng,member,cluster,443,26.45739910313901
2,v4_30_SP,30,0.0,0,True,30,2670,1517,v4,ng,prod,sample,443,25.0
2,v4_30_SP,30,0.0,0,True,30,2670,1517,v4,ng,prod,person,443,19.090909090909093
2,v4_30_SP,30,0.0,0,True,30,2670,1517,v4,ng,prod,cluster,443,21.818181818181813
2,v4_30_SP,30,0.0,0,True,30,2670,1517,v4,g,member,sample,442,38.63636363636363
2,v4_30_SP,30,0.0,0,True,30,2670,1517,v4,g,member,person,442,35.585585585585584
2,v4_30_SP,30,0.0,0,True,30,2670,1517,v4,g,member,cluster,442,34.09090909090909
2,v4_30_SP,30,0.0,0,True,30,2670,1517,v4,g,prod,sample,442,32.72727272727273
2,v4_30_SP,30,0.0,0,True,30,2670,1517,v4,g,prod,person,442,27.727272727272723
2,v4_30_SP,30,0.0,0,True,30,2670,1517,v4,g,prod,cluster,442,29.54545454545454
2,v4_40,40,0.0,0,False,40,3742,1508,urdu,ng,member,sample,240,32.49999999999999
2,v4_40,40,0.0,0,False,40,3742,1508,urdu,ng,member,person,240,23.333333333333332
2,v4_40,40,0.0,0,False,40,3742,1508,urdu,ng,member,cluster,240,24.16666666666667
2,v4_40,40,0.0,0,False,40,3742,1508,urdu,ng,prod,sample,240,26.666666666666668
2,v4_40,40,0.0,0,False,40,3742,1508,urdu,ng,prod,person,240,15.833333333333332
2,v4_40,40,0.0,0,False,40,3742,1508,urdu,ng,prod,cluster,240,19.166666666666664
2,v4_40,40,0.0,0,False,40,3742,1508,urdu,g,member,sample,240,40.833333333333336
2,v4_40,40,0.0,0,False,40,3742,1508,urdu,g,member,person,240,31.666666666666664
2,v4_40,40,0.0,0,False,40,3742,1508,urdu,g,member,cluster,240,32.5
2,v4_40,40,0.0,0,False,40,3742,1508,urdu,g,prod,sample,240,41.66666666666667
2,v4_40,40,0.0,0,False,40,3742,1508,urdu,g,prod,person,240,26.66666666666667
2,v4_40,40,0.0,0,False,40,3742,1508,urdu,g,prod,cluster,240,27.500000000000004
2,v4_40,40,0.0,0,False,40,3742,1508,hindi,ng,member,sample,229,34.210526315789465
2,v4_40,40,0.0,0,False,40,3742,1508,hindi,ng,member,person,229,29.565217391304348
2,v4_40,40,0.0,0,False,40,3742,1508,hindi,ng,member,cluster,229,30.434782608695656
2,v4_40,40,0.0,0,False,40,3742,1508,hindi,ng,prod,sample,229,25.438596491228072
2,v4_40,40,0.0,0,False,40,3742,1508,hindi,ng,prod,person,229,20.0
2,v4_40,40,0.0,0,False,40,3742,1508,hindi,ng,prod,cluster,229,19.130434782608695
2,v4_40,40,0.0,0,False,40,3742,1508,english,ng,member,sample,480,30.416666666666664
2,v4_40,40,0.0,0,False,40,3742,1508,english,ng,member,person,480,28.749999999999996
2,v4_40,40,0.0,0,False,40,3742,1508,english,ng,member,cluster,480,28.749999999999996
2,v4_40,40,0.0,0,False,40,3742,1508,english,ng,prod,sample,480,22.083333333333332
2,v4_40,40,0.0,0,False,40,3742,1508,english,ng,prod,person,480,18.333333333333332
2,v4_40,40,0.0,0,False,40,3742,1508,english,ng,prod,cluster,480,18.333333333333332
2,v4_40,40,0.0,0,False,40,3742,1508,english,g,member,sample,480,44.583333333333336
2,v4_40,40,0.0,0,False,40,3742,1508,english,g,member,person,480,43.333333333333336
2,v4_40,40,0.0,0,False,40,3742,1508,english,g,member,cluster,480,42.083333333333336
2,v4_40,40,0.0,0,False,40,3742,1508,english,g,prod,sample,480,35.0
2,v4_40,40,0.0,0,False,40,3742,1508,english,g,prod,person,480,23.33333333333333
2,v4_40,40,0.0,0,False,40,3742,1508,english,g,prod,cluster,480,25.0
2,v4_40,40,0.0,0,False,40,3742,1508,v4,ng,member,sample,443,32.28699551569507
2,v4_40,40,0.0,0,False,40,3742,1508,v4,ng,member,person,443,25.454545454545453
2,v4_40,40,0.0,0,False,40,3742,1508,v4,ng,member,cluster,443,27.3542600896861
2,v4_40,40,0.0,0,False,40,3742,1508,v4,ng,prod,sample,443,22.869955156950674
2,v4_40,40,0.0,0,False,40,3742,1508,v4,ng,prod,person,443,16.143497757847534
2,v4_40,40,0.0,0,False,40,3742,1508,v4,ng,prod,cluster,443,17.040358744394617
2,v4_40,40,0.0,0,False,40,3742,1508,v4,g,member,sample,442,40.0
2,v4_40,40,0.0,0,False,40,3742,1508,v4,g,member,person,442,37.272727272727266
2,v4_40,40,0.0,0,False,40,3742,1508,v4,g,member,cluster,442,37.727272727272734
2,v4_40,40,0.0,0,False,40,3742,1508,v4,g,prod,sample,442,31.818181818181824
2,v4_40,40,0.0,0,False,40,3742,1508,v4,g,prod,person,442,27.927927927927925
2,v4_40,40,0.0,0,False,40,3742,1508,v4,g,prod,cluster,442,30.180180180180184
2,v4_40_SP,40,0.0,0,True,40,3742,1508,urdu,ng,member,sample,240,32.5
2,v4_40_SP,40,0.0,0,True,40,3742,1508,urdu,ng,member,person,240,24.166666666666668
2,v4_40_SP,40,0.0,0,True,40,3742,1508,urdu,ng,member,cluster,240,24.16666666666667
2,v4_40_SP,40,0.0,0,True,40,3742,1508,urdu,ng,prod,sample,240,25.833333333333336
2,v4_40_SP,40,0.0,0,True,40,3742,1508,urdu,ng,prod,person,240,15.833333333333332
2,v4_40_SP,40,0.0,0,True,40,3742,1508,urdu,ng,prod,cluster,240,19.166666666666664
2,v4_40_SP,40,0.0,0,True,40,3742,1508,urdu,g,member,sample,240,40.833333333333336
2,v4_40_SP,40,0.0,0,True,40,3742,1508,urdu,g,member,person,240,33.333333333333336
2,v4_40_SP,40,0.0,0,True,40,3742,1508,urdu,g,member,cluster,240,34.166666666666664
2,v4_40_SP,40,0.0,0,True,40,3742,1508,urdu,g,prod,sample,240,40.833333333333336
2,v4_40_SP,40,0.0,0,True,40,3742,1508,urdu,g,prod,person,240,26.666666666666668
2,v4_40_SP,40,0.0,0,True,40,3742,1508,urdu,g,prod,cluster,240,30.833333333333336
2,v4_40_SP,40,0.0,0,True,40,3742,1508,hindi,ng,member,sample,229,35.65217391304348
2,v4_40_SP,40,0.0,0,True,40,3742,1508,hindi,ng,member,person,229,30.434782608695656
2,v4_40_SP,40,0.0,0,True,40,3742,1508,hindi,ng,member,cluster,229,30.434782608695656
2,v4_40_SP,40,0.0,0,True,40,3742,1508,hindi,ng,prod,sample,229,24.561403508771928
2,v4_40_SP,40,0.0,0,True,40,3742,1508,hindi,ng,prod,person,229,21.052631578947366
2,v4_40_SP,40,0.0,0,True,40,3742,1508,hindi,ng,prod,cluster,229,20.869565217391305
2,v4_40_SP,40,0.0,0,True,40,3742,1508,english,ng,member,sample,480,30.416666666666664
2,v4_40_SP,40,0.0,0,True,40,3742,1508,english,ng,member,person,480,28.333333333333332
2,v4_40_SP,40,0.0,0,True,40,3742,1508,english,ng,member,cluster,480,27.916666666666668
2,v4_40_SP,40,0.0,0,True,40,3742,1508,english,ng,prod,sample,480,22.083333333333332
2,v4_40_SP,40,0.0,0,True,40,3742,1508,english,ng,prod,person,480,18.75
2,v4_40_SP,40,0.0,0,True,40,3742,1508,english,ng,prod,cluster,480,18.75
2,v4_40_SP,40,0.0,0,True,40,3742,1508,english,g,member,sample,480,44.166666666666664
2,v4_40_SP,40,0.0,0,True,40,3742,1508,english,g,member,person,480,43.333333333333336
2,v4_40_SP,40,0.0,0,True,40,3742,1508,english,g,member,cluster,480,43.333333333333336
2,v4_40_SP,40,0.0,0,True,40,3742,1508,english,g,prod,sample,480,35.416666666666664
2,v4_40_SP,40,0.0,0,True,40,3742,1508,english,g,prod,person,480,25.0
2,v4_40_SP,40,0.0,0,True,40,3742,1508,english,g,prod,cluster,480,25.0
2,v4_40_SP,40,0.0,0,True,40,3742,1508,v4,ng,member,sample,443,31.818181818181824
2,v4_40_SP,40,0.0,0,True,40,3742,1508,v4,ng,member,person,443,25.454545454545453
2,v4_40_SP,40,0.0,0,True,40,3742,1508,v4,ng,member,cluster,443,27.3542600896861
2,v4_40_SP,40,0.0,0,True,40,3742,1508,v4,ng,prod,sample,443,23.18181818181818
2,v4_40_SP,40,0.0,0,True,40,3742,1508,v4,ng,prod,person,443,16.591928251121075
2,v4_40_SP,40,0.0,0,True,40,3742,1508,v4,ng,prod,cluster,443,17.48878923766816
2,v4_40_SP,40,0.0,0,True,40,3742,1508,v4,g,member,sample,442,38.73873873873874
2,v4_40_SP,40,0.0,0,True,40,3742,1508,v4,g,member,person,442,37.272727272727266
2,v4_40_SP,40,0.0,0,True,40,3742,1508,v4,g,member,cluster,442,36.486486486486484
2,v4_40_SP,40,0.0,0,True,40,3742,1508,v4,g,prod,sample,442,31.818181818181824
2,v4_40_SP,40,0.0,0,True,40,3742,1508,v4,g,prod,person,442,29.09090909090909
2,v4_40_SP,40,0.0,0,True,40,3742,1508,v4,g,prod,cluster,442,31.36363636363636
2,v4_40_e25,40,0.25,30,False,70,7793,1452,urdu,ng,member,sample,240,29.166666666666664
2,v4_40_e25,40,0.25,30,False,70,7793,1452,urdu,ng,member,person,240,19.999999999999996
2,v4_40_e25,40,0.25,30,False,70,7793,1452,urdu,ng,member,cluster,240,25.0
2,v4_40_e25,40,0.25,30,False,70,7793,1452,urdu,ng,prod,sample,240,24.166666666666668
2,v4_40_e25,40,0.25,30,False,70,7793,1452,urdu,ng,prod,person,240,19.999999999999996
2,v4_40_e25,40,0.25,30,False,70,7793,1452,urdu,ng,prod,cluster,240,23.33333333333333
2,v4_40_e25,40,0.25,30,False,70,7793,1452,urdu,g,member,sample,240,37.5
2,v4_40_e25,40,0.25,30,False,70,7793,1452,urdu,g,member,person,240,36.666666666666664
2,v4_40_e25,40,0.25,30,False,70,7793,1452,urdu,g,member,cluster,240,35.0
2,v4_40_e25,40,0.25,30,False,70,7793,1452,urdu,g,prod,sample,240,39.16666666666667
2,v4_40_e25,40,0.25,30,False,70,7793,1452,urdu,g,prod,person,240,25.0
2,v4_40_e25,40,0.25,30,False,70,7793,1452,urdu,g,prod,cluster,240,28.333333333333332
2,v4_40_e25,40,0.25,30,False,70,7793,1452,hindi,ng,member,sample,229,28.947368421052634
2,v4_40_e25,40,0.25,30,False,70,7793,1452,hindi,ng,member,person,229,28.07017543859649
2,v4_40_e25,40,0.25,30,False,70,7793,1452,hindi,ng,member,cluster,229,27.82608695652174
2,v4_40_e25,40,0.25,30,False,70,7793,1452,hindi,ng,prod,sample,229,20.175438596491226
2,v4_40_e25,40,0.25,30,False,70,7793,1452,hindi,ng,prod,person,229,15.65217391304348
2,v4_40_e25,40,0.25,30,False,70,7793,1452,hindi,ng,prod,cluster,229,15.65217391304348
2,v4_40_e25,40,0.25,30,False,70,7793,1452,english,ng,member,sample,480,24.583333333333332
2,v4_40_e25,40,0.25,30,False,70,7793,1452,english,ng,member,person,480,19.999999999999996
2,v4_40_e25,40,0.25,30,False,70,7793,1452,english,ng,member,cluster,480,19.583333333333332
2,v4_40_e25,40,0.25,30,False,70,7793,1452,english,ng,prod,sample,480,22.916666666666664
2,v4_40_e25,40,0.25,30,False,70,7793,1452,english,ng,prod,person,480,15.416666666666668
2,v4_40_e25,40,0.25,30,False,70,7793,1452,english,ng,prod,cluster,480,15.0
2,v4_40_e25,40,0.25,30,False,70,7793,1452,english,g,member,sample,480,38.74999999999999
2,v4_40_e25,40,0.25,30,False,70,7793,1452,english,g,member,person,480,37.083333333333336
2,v4_40_e25,40,0.25,30,False,70,7793,1452,english,g,member,cluster,480,39.16666666666667
2,v4_40_e25,40,0.25,30,False,70,7793,1452,english,g,prod,sample,480,32.083333333333336
2,v4_40_e25,40,0.25,30,False,70,7793,1452,english,g,prod,person,480,30.833333333333336
2,v4_40_e25,40,0.25,30,False,70,7793,1452,english,g,prod,cluster,480,30.833333333333336
2,v4_40_e25,40,0.25,30,False,70,7793,1452,v4,ng,member,sample,443,25.909090909090903
2,v4_40_e25,40,0.25,30,False,70,7793,1452,v4,ng,member,person,443,19.090909090909093
2,v4_40_e25,40,0.25,30,False,70,7793,1452,v4,ng,member,cluster,443,20.45454545454546
2,v4_40_e25,40,0.25,30,False,70,7793,1452,v4,ng,prod,sample,443,20.90909090909091
2,v4_40_e25,40,0.25,30,False,70,7793,1452,v4,ng,prod,person,443,13.452914798206278
2,v4_40_e25,40,0.25,30,False,70,7793,1452,v4,ng,prod,cluster,443,15.246636771300448
2,v4_40_e25,40,0.25,30,False,70,7793,1452,v4,g,member,sample,442,30.000000000000004
2,v4_40_e25,40,0.25,30,False,70,7793,1452,v4,g,member,person,442,30.000000000000004
2,v4_40_e25,40,0.25,30,False,70,7793,1452,v4,g,member,cluster,442,32.432432432432435
2,v4_40_e25,40,0.25,30,False,70,7793,1452,v4,g,prod,sample,442,27.927927927927925
2,v4_40_e25,40,0.25,30,False,70,7793,1452,v4,g,prod,person,442,23.423423423423422
2,v4_40_e25,40,0.25,30,False,70,7793,1452,v4,g,prod,cluster,442,25.225225225225223
2,v4_40_e25_SP,40,0.25,30,True,70,7793,1452,urdu,ng,member,sample,240,28.333333333333332
2,v4_40_e25_SP,40,0.25,30,True,70,7793,1452,urdu,ng,member,person,240,19.999999999999996
2,v4_40_e25_SP,40,0.25,30,True,70,7793,1452,urdu,ng,member,cluster,240,25.0
2,v4_40_e25_SP,40,0.25,30,True,70,7793,1452,urdu,ng,prod,sample,240,24.166666666666668
2,v4_40_e25_SP,40,0.25,30,True,70,7793,1452,urdu,ng,prod,person,240,19.999999999999996
2,v4_40_e25_SP,40,0.25,30,True,70,7793,1452,urdu,ng,prod,cluster,240,21.666666666666668
2,v4_40_e25_SP,40,0.25,30,True,70,7793,1452,urdu,g,member,sample,240,36.66666666666667
2,v4_40_e25_SP,40,0.25,30,True,70,7793,1452,urdu,g,member,person,240,38.333333333333336
2,v4_40_e25_SP,40,0.25,30,True,70,7793,1452,urdu,g,member,cluster,240,35.0
2,v4_40_e25_SP,40,0.25,30,True,70,7793,1452,urdu,g,prod,sample,240,39.166666666666664
2,v4_40_e25_SP,40,0.25,30,True,70,7793,1452,urdu,g,prod,person,240,26.666666666666668
2,v4_40_e25_SP,40,0.25,30,True,70,7793,1452,urdu,g,prod,cluster,240,28.333333333333332
2,v4_40_e25_SP,40,0.25,30,True,70,7793,1452,hindi,ng,member,sample,229,29.565217391304348
2,v4_40_e25_SP,40,0.25,30,True,70,7793,1452,hindi,ng,member,person,229,27.82608695652174
2,v4_40_e25_SP,40,0.25,30,True,70,7793,1452,hindi,ng,member,cluster,229,26.956521739130434
2,v4_40_e25_SP,40,0.25,30,True,70,7793,1452,hindi,ng,prod,sample,229,20.869565217391305
2,v4_40_e25_SP,40,0.25,30,True,70,7793,1452,hindi,ng,prod,person,229,15.65217391304348
2,v4_40_e25_SP,40,0.25,30,True,70,7793,1452,hindi,ng,prod,cluster,229,15.65217391304348
2,v4_40_e25_SP,40,0.25,30,True,70,7793,1452,english,ng,member,sample,480,25.416666666666664
2,v4_40_e25_SP,40,0.25,30,True,70,7793,1452,english,ng,member,person,480,20.0
2,v4_40_e25_SP,40,0.25,30,True,70,7793,1452,english,ng,member,cluster,480,19.583333333333332
2,v4_40_e25_SP,40,0.25,30,True,70,7793,1452,english,ng,prod,sample,480,22.916666666666664
2,v4_40_e25_SP,40,0.25,30,True,70,7793,1452,english,ng,prod,person,480,15.416666666666668
2,v4_40_e25_SP,40,0.25,30,True,70,7793,1452,english,ng,prod,cluster,480,15.000000000000002
2,v4_40_e25_SP,40,0.25,30,True,70,7793,1452,english,g,member,sample,480,37.5
2,v4_40_e25_SP,40,0.25,30,True,70,7793,1452,english,g,member,person,480,37.916666666666664
2,v4_40_e25_SP,40,0.25,30,True,70,7793,1452,english,g,member,cluster,480,39.16666666666667
2,v4_40_e25_SP,40,0.25,30,True,70,7793,1452,english,g,prod,sample,480,32.5
2,v4_40_e25_SP,40,0.25,30,True,70,7793,1452,english,g,prod,person,480,32.08333333333333
2,v4_40_e25_SP,40,0.25,30,True,70,7793,1452,english,g,prod,cluster,480,31.25
2,v4_40_e25_SP,40,0.25,30,True,70,7793,1452,v4,ng,member,sample,443,26.905829596412556
2,v4_40_e25_SP,40,0.25,30,True,70,7793,1452,v4,ng,member,person,443,19.090909090909093
2,v4_40_e25_SP,40,0.25,30,True,70,7793,1452,v4,ng,member,cluster,443,20.45454545454546
2,v4_40_e25_SP,40,0.25,30,True,70,7793,1452,v4,ng,prod,sample,443,19.730941704035875
2,v4_40_e25_SP,40,0.25,30,True,70,7793,1452,v4,ng,prod,person,443,13.901345291479823
2,v4_40_e25_SP,40,0.25,30,True,70,7793,1452,v4,ng,prod,cluster,443,15.000000000000002
2,v4_40_e25_SP,40,0.25,30,True,70,7793,1452,v4,g,member,sample,442,29.72972972972973
2,v4_40_e25_SP,40,0.25,30,True,70,7793,1452,v4,g,member,person,442,30.000000000000004
2,v4_40_e25_SP,40,0.25,30,True,70,7793,1452,v4,g,member,cluster,442,30.909090909090907
2,v4_40_e25_SP,40,0.25,30,True,70,7793,1452,v4,g,prod,sample,442,28.636363636363637
2,v4_40_e25_SP,40,0.25,30,True,70,7793,1452,v4,g,prod,person,442,22.72727272727273
2,v4_40_e25_SP,40,0.25,30,True,70,7793,1452,v4,g,prod,cluster,442,24.090909090909097
2,v4_40_e50,40,0.5,60,False,100,11761,1464,urdu,ng,member,sample,240,31.666666666666664
2,v4_40_e50,40,0.5,60,False,100,11761,1464,urdu,ng,member,person,240,20.833333333333336
2,v4_40_e50,40,0.5,60,False,100,11761,1464,urdu,ng,member,cluster,240,21.666666666666668
2,v4_40_e50,40,0.5,60,False,100,11761,1464,urdu,ng,prod,sample,240,25.83333333333333
2,v4_40_e50,40,0.5,60,False,100,11761,1464,urdu,ng,prod,person,240,19.166666666666668
2,v4_40_e50,40,0.5,60,False,100,11761,1464,urdu,ng,prod,cluster,240,20.833333333333336
2,v4_40_e50,40,0.5,60,False,100,11761,1464,urdu,g,member,sample,240,36.66666666666667
2,v4_40_e50,40,0.5,60,False,100,11761,1464,urdu,g,member,person,240,34.166666666666664
2,v4_40_e50,40,0.5,60,False,100,11761,1464,urdu,g,member,cluster,240,37.5
2,v4_40_e50,40,0.5,60,False,100,11761,1464,urdu,g,prod,sample,240,37.5
2,v4_40_e50,40,0.5,60,False,100,11761,1464,urdu,g,prod,person,240,24.16666666666667
2,v4_40_e50,40,0.5,60,False,100,11761,1464,urdu,g,prod,cluster,240,30.833333333333336
2,v4_40_e50,40,0.5,60,False,100,11761,1464,hindi,ng,member,sample,229,24.347826086956523
2,v4_40_e50,40,0.5,60,False,100,11761,1464,hindi,ng,member,person,229,24.347826086956523
2,v4_40_e50,40,0.5,60,False,100,11761,1464,hindi,ng,member,cluster,229,23.47826086956522
2,v4_40_e50,40,0.5,60,False,100,11761,1464,hindi,ng,prod,sample,229,20.869565217391305
2,v4_40_e50,40,0.5,60,False,100,11761,1464,hindi,ng,prod,person,229,15.65217391304348
2,v4_40_e50,40,0.5,60,False,100,11761,1464,hindi,ng,prod,cluster,229,16.52173913043478
2,v4_40_e50,40,0.5,60,False,100,11761,1464,english,ng,member,sample,480,25.0
2,v4_40_e50,40,0.5,60,False,100,11761,1464,english,ng,member,person,480,20.833333333333336
2,v4_40_e50,40,0.5,60,False,100,11761,1464,english,ng,member,cluster,480,21.666666666666668
2,v4_40_e50,40,0.5,60,False,100,11761,1464,english,ng,prod,sample,480,21.666666666666668
2,v4_40_e50,40,0.5,60,False,100,11761,1464,english,ng,prod,person,480,17.083333333333332
2,v4_40_e50,40,0.5,60,False,100,11761,1464,english,ng,prod,cluster,480,18.333333333333332
2,v4_40_e50,40,0.5,60,False,100,11761,1464,english,g,member,sample,480,38.75
2,v4_40_e50,40,0.5,60,False,100,11761,1464,english,g,member,person,480,35.833333333333336
2,v4_40_e50,40,0.5,60,False,100,11761,1464,english,g,member,cluster,480,36.666666666666664
2,v4_40_e50,40,0.5,60,False,100,11761,1464,english,g,prod,sample,480,35.0
2,v4_40_e50,40,0.5,60,False,100,11761,1464,english,g,prod,person,480,26.25
2,v4_40_e50,40,0.5,60,False,100,11761,1464,english,g,prod,cluster,480,26.666666666666668
2,v4_40_e50,40,0.5,60,False,100,11761,1464,v4,ng,member,sample,443,27.3542600896861
2,v4_40_e50,40,0.5,60,False,100,11761,1464,v4,ng,member,person,443,19.090909090909093
2,v4_40_e50,40,0.5,60,False,100,11761,1464,v4,ng,member,cluster,443,19.730941704035875
2,v4_40_e50,40,0.5,60,False,100,11761,1464,v4,ng,prod,sample,443,21.524663677130047
2,v4_40_e50,40,0.5,60,False,100,11761,1464,v4,ng,prod,person,443,13.452914798206278
2,v4_40_e50,40,0.5,60,False,100,11761,1464,v4,ng,prod,cluster,443,15.695067264573993
2,v4_40_e50,40,0.5,60,False,100,11761,1464,v4,g,member,sample,442,35.13513513513514
2,v4_40_e50,40,0.5,60,False,100,11761,1464,v4,g,member,person,442,31.53153153153153
2,v4_40_e50,40,0.5,60,False,100,11761,1464,v4,g,member,cluster,442,32.88288288288289
2,v4_40_e50,40,0.5,60,False,100,11761,1464,v4,g,prod,sample,442,28.636363636363637
2,v4_40_e50,40,0.5,60,False,100,11761,1464,v4,g,prod,person,442,24.324324324324326
2,v4_40_e50,40,0.5,60,False,100,11761,1464,v4,g,prod,cluster,442,24.324324324324326
2,v4_40_e50_SP,40,0.5,60,True,100,11761,1464,urdu,ng,member,sample,240,31.666666666666664
2,v4_40_e50_SP,40,0.5,60,True,100,11761,1464,urdu,ng,member,person,240,23.333333333333332
2,v4_40_e50_SP,40,0.5,60,True,100,11761,1464,urdu,ng,member,cluster,240,22.5
2,v4_40_e50_SP,40,0.5,60,True,100,11761,1464,urdu,ng,prod,sample,240,25.0
2,v4_40_e50_SP,40,0.5,60,True,100,11761,1464,urdu,ng,prod,person,240,19.999999999999996
2,v4_40_e50_SP,40,0.5,60,True,100,11761,1464,urdu,ng,prod,cluster,240,21.666666666666668
2,v4_40_e50_SP,40,0.5,60,True,100,11761,1464,urdu,g,member,sample,240,38.33333333333333
2,v4_40_e50_SP,40,0.5,60,True,100,11761,1464,urdu,g,member,person,240,35.833333333333336
2,v4_40_e50_SP,40,0.5,60,True,100,11761,1464,urdu,g,member,cluster,240,35.833333333333336
2,v4_40_e50_SP,40,0.5,60,True,100,11761,1464,urdu,g,prod,sample,240,39.16666666666667
2,v4_40_e50_SP,40,0.5,60,True,100,11761,1464,urdu,g,prod,person,240,24.16666666666667
2,v4_40_e50_SP,40,0.5,60,True,100,11761,1464,urdu,g,prod,cluster,240,30.000000000000004
2,v4_40_e50_SP,40,0.5,60,True,100,11761,1464,hindi,ng,member,sample,229,25.217391304347824
2,v4_40_e50_SP,40,0.5,60,True,100,11761,1464,hindi,ng,member,person,229,21.052631578947366
2,v4_40_e50_SP,40,0.5,60,True,100,11761,1464,hindi,ng,member,cluster,229,21.92982456140351
2,v4_40_e50_SP,40,0.5,60,True,100,11761,1464,hindi,ng,prod,sample,229,20.869565217391305
2,v4_40_e50_SP,40,0.5,60,True,100,11761,1464,hindi,ng,prod,person,229,15.65217391304348
2,v4_40_e50_SP,40,0.5,60,True,100,11761,1464,hindi,ng,prod,cluster,229,15.789473684210531
2,v4_40_e50_SP,40,0.5,60,True,100,11761,1464,english,ng,member,sample,480,24.583333333333332
2,v4_40_e50_SP,40,0.5,60,True,100,11761,1464,english,ng,member,person,480,21.666666666666668
2,v4_40_e50_SP,40,0.5,60,True,100,11761,1464,english,ng,member,cluster,480,22.083333333333332
2,v4_40_e50_SP,40,0.5,60,True,100,11761,1464,english,ng,prod,sample,480,22.083333333333332
2,v4_40_e50_SP,40,0.5,60,True,100,11761,1464,english,ng,prod,person,480,17.08333333333333
2,v4_40_e50_SP,40,0.5,60,True,100,11761,1464,english,ng,prod,cluster,480,17.916666666666668
2,v4_40_e50_SP,40,0.5,60,True,100,11761,1464,english,g,member,sample,480,38.75
2,v4_40_e50_SP,40,0.5,60,True,100,11761,1464,english,g,member,person,480,35.41666666666667
2,v4_40_e50_SP,40,0.5,60,True,100,11761,1464,english,g,member,cluster,480,36.25000000000001
2,v4_40_e50_SP,40,0.5,60,True,100,11761,1464,english,g,prod,sample,480,35.0
2,v4_40_e50_SP,40,0.5,60,True,100,11761,1464,english,g,prod,person,480,26.66666666666667
2,v4_40_e50_SP,40,0.5,60,True,100,11761,1464,english,g,prod,cluster,480,27.083333333333332
2,v4_40_e50_SP,40,0.5,60,True,100,11761,1464,v4,ng,member,sample,443,27.802690582959645
2,v4_40_e50_SP,40,0.5,60,True,100,11761,1464,v4,ng,member,person,443,19.730941704035875
2,v4_40_e50_SP,40,0.5,60,True,100,11761,1464,v4,ng,member,cluster,443,20.179372197309416
2,v4_40_e50_SP,40,0.5,60,True,100,11761,1464,v4,ng,prod,sample,443,22.272727272727277
2,v4_40_e50_SP,40,0.5,60,True,100,11761,1464,v4,ng,prod,person,443,13.452914798206278
2,v4_40_e50_SP,40,0.5,60,True,100,11761,1464,v4,ng,prod,cluster,443,14.349775784753364
2,v4_40_e50_SP,40,0.5,60,True,100,11761,1464,v4,g,member,sample,442,35.0
2,v4_40_e50_SP,40,0.5,60,True,100,11761,1464,v4,g,member,person,442,32.88288288288289
2,v4_40_e50_SP,40,0.5,60,True,100,11761,1464,v4,g,member,cluster,442,34.234234234234236
2,v4_40_e50_SP,40,0.5,60,True,100,11761,1464,v4,g,prod,sample,442,28.636363636363637
2,v4_40_e50_SP,40,0.5,60,True,100,11761,1464,v4,g,prod,person,442,24.324324324324326
2,v4_40_e50_SP,40,0.5,60,True,100,11761,1464,v4,g,prod,cluster,442,23.873873873873876
2,v4_40_e100,40,1.0,121,False,161,19434,1515,urdu,ng,member,sample,240,27.500000000000004
2,v4_40_e100,40,1.0,121,False,161,19434,1515,urdu,ng,member,person,240,24.166666666666668
2,v4_40_e100,40,1.0,121,False,161,19434,1515,urdu,ng,member,cluster,240,22.5
2,v4_40_e100,40,1.0,121,False,161,19434,1515,urdu,ng,prod,sample,240,21.666666666666668
2,v4_40_e100,40,1.0,121,False,161,19434,1515,urdu,ng,prod,person,240,19.166666666666668
2,v4_40_e100,40,1.0,121,False,161,19434,1515,urdu,ng,prod,cluster,240,20.833333333333336
2,v4_40_e100,40,1.0,121,False,161,19434,1515,urdu,g,member,sample,240,37.5
2,v4_40_e100,40,1.0,121,False,161,19434,1515,urdu,g,member,person,240,34.166666666666664
2,v4_40_e100,40,1.0,121,False,161,19434,1515,urdu,g,member,cluster,240,30.833333333333336
2,v4_40_e100,40,1.0,121,False,161,19434,1515,urdu,g,prod,sample,240,36.666666666666664
2,v4_40_e100,40,1.0,121,False,161,19434,1515,urdu,g,prod,person,240,27.500000000000004
2,v4_40_e100,40,1.0,121,False,161,19434,1515,urdu,g,prod,cluster,240,28.333333333333332
2,v4_40_e100,40,1.0,121,False,161,19434,1515,hindi,ng,member,sample,229,24.347826086956523
2,v4_40_e100,40,1.0,121,False,161,19434,1515,hindi,ng,member,person,229,18.26086956521739
2,v4_40_e100,40,1.0,121,False,161,19434,1515,hindi,ng,member,cluster,229,18.26086956521739
2,v4_40_e100,40,1.0,121,False,161,19434,1515,hindi,ng,prod,sample,229,22.608695652173914
2,v4_40_e100,40,1.0,121,False,161,19434,1515,hindi,ng,prod,person,229,13.043478260869565
2,v4_40_e100,40,1.0,121,False,161,19434,1515,hindi,ng,prod,cluster,229,13.91304347826087
2,v4_40_e100,40,1.0,121,False,161,19434,1515,english,ng,member,sample,480,22.916666666666664
2,v4_40_e100,40,1.0,121,False,161,19434,1515,english,ng,member,person,480,17.083333333333332
2,v4_40_e100,40,1.0,121,False,161,19434,1515,english,ng,member,cluster,480,19.166666666666664
2,v4_40_e100,40,1.0,121,False,161,19434,1515,english,ng,prod,sample,480,20.833333333333336
2,v4_40_e100,40,1.0,121,False,161,19434,1515,english,ng,prod,person,480,16.666666666666664
2,v4_40_e100,40,1.0,121,False,161,19434,1515,english,ng,prod,cluster,480,15.833333333333332
2,v4_40_e100,40,1.0,121,False,161,19434,1515,english,g,member,sample,480,36.25000000000001
2,v4_40_e100,40,1.0,121,False,161,19434,1515,english,g,member,person,480,30.41666666666667
2,v4_40_e100,40,1.0,121,False,161,19434,1515,english,g,member,cluster,480,33.33333333333333
2,v4_40_e100,40,1.0,121,False,161,19434,1515,english,g,prod,sample,480,31.25
2,v4_40_e100,40,1.0,121,False,161,19434,1515,english,g,prod,person,480,21.25
2,v4_40_e100,40,1.0,121,False,161,19434,1515,english,g,prod,cluster,480,23.75
2,v4_40_e100,40,1.0,121,False,161,19434,1515,v4,ng,member,sample,443,25.56053811659193
2,v4_40_e100,40,1.0,121,False,161,19434,1515,v4,ng,member,person,443,18.181818181818176
2,v4_40_e100,40,1.0,121,False,161,19434,1515,v4,ng,member,cluster,443,19.282511210762333
2,v4_40_e100,40,1.0,121,False,161,19434,1515,v4,ng,prod,sample,443,23.766816143497756
2,v4_40_e100,40,1.0,121,False,161,19434,1515,v4,ng,prod,person,443,14.798206278026907
2,v4_40_e100,40,1.0,121,False,161,19434,1515,v4,ng,prod,cluster,443,15.246636771300448
2,v4_40_e100,40,1.0,121,False,161,19434,1515,v4,g,member,sample,442,36.03603603603604
2,v4_40_e100,40,1.0,121,False,161,19434,1515,v4,g,member,person,442,30.630630630630627
2,v4_40_e100,40,1.0,121,False,161,19434,1515,v4,g,member,cluster,442,32.72727272727273
2,v4_40_e100,40,1.0,121,False,161,19434,1515,v4,g,prod,sample,442,32.27272727272727
2,v4_40_e100,40,1.0,121,False,161,19434,1515,v4,g,prod,person,442,25.0
2,v4_40_e100,40,1.0,121,False,161,19434,1515,v4,g,prod,cluster,442,24.545454545454547
2,v4_40_e100_SP,40,1.0,121,True,161,19434,1515,urdu,ng,member,sample,240,26.666666666666668
2,v4_40_e100_SP,40,1.0,121,True,161,19434,1515,urdu,ng,member,person,240,22.5
2,v4_40_e100_SP,40,1.0,121,True,161,19434,1515,urdu,ng,member,cluster,240,21.666666666666668
2,v4_40_e100_SP,40,1.0,121,True,161,19434,1515,urdu,ng,prod,sample,240,21.666666666666668
2,v4_40_e100_SP,40,1.0,121,True,161,19434,1515,urdu,ng,prod,person,240,19.166666666666668
2,v4_40_e100_SP,40,1.0,121,True,161,19434,1515,urdu,ng,prod,cluster,240,20.0
2,v4_40_e100_SP,40,1.0,121,True,161,19434,1515,urdu,g,member,sample,240,40.0
2,v4_40_e100_SP,40,1.0,121,True,161,19434,1515,urdu,g,member,person,240,33.333333333333336
2,v4_40_e100_SP,40,1.0,121,True,161,19434,1515,urdu,g,member,cluster,240,30.833333333333336
2,v4_40_e100_SP,40,1.0,121,True,161,19434,1515,urdu,g,prod,sample,240,35.83333333333333
2,v4_40_e100_SP,40,1.0,121,True,161,19434,1515,urdu,g,prod,person,240,30.833333333333336
2,v4_40_e100_SP,40,1.0,121,True,161,19434,1515,urdu,g,prod,cluster,240,27.500000000000004
2,v4_40_e100_SP,40,1.0,121,True,161,19434,1515,hindi,ng,member,sample,229,24.347826086956523
2,v4_40_e100_SP,40,1.0,121,True,161,19434,1515,hindi,ng,member,person,229,20.0
2,v4_40_e100_SP,40,1.0,121,True,161,19434,1515,hindi,ng,member,cluster,229,19.130434782608695
2,v4_40_e100_SP,40,1.0,121,True,161,19434,1515,hindi,ng,prod,sample,229,21.73913043478261
2,v4_40_e100_SP,40,1.0,121,True,161,19434,1515,hindi,ng,prod,person,229,13.043478260869565
2,v4_40_e100_SP,40,1.0,121,True,161,19434,1515,hindi,ng,prod,cluster,229,13.91304347826087
2,v4_40_e100_SP,40,1.0,121,True,161,19434,1515,english,ng,member,sample,480,22.5
2,v4_40_e100_SP,40,1.0,121,True,161,19434,1515,english,ng,member,person,480,17.5
2,v4_40_e100_SP,40,1.0,121,True,161,19434,1515,english,ng,member,cluster,480,19.166666666666664
2,v4_40_e100_SP,40,1.0,121,True,161,19434,1515,english,ng,prod,sample,480,21.250000000000004
2,v4_40_e100_SP,40,1.0,121,True,161,19434,1515,english,ng,prod,person,480,16.666666666666664
2,v4_40_e100_SP,40,1.0,121,True,161,19434,1515,english,ng,prod,cluster,480,15.416666666666668
2,v4_40_e100_SP,40,1.0,121,True,161,19434,1515,english,g,member,sample,480,36.25
2,v4_40_e100_SP,40,1.0,121,True,161,19434,1515,english,g,member,person,480,30.41666666666667
2,v4_40_e100_SP,40,1.0,121,True,161,19434,1515,english,g,member,cluster,480,31.25
2,v4_40_e100_SP,40,1.0,121,True,161,19434,1515,english,g,prod,sample,480,31.25
2,v4_40_e100_SP,40,1.0,121,True,161,19434,1515,english,g,prod,person,480,22.083333333333332
2,v4_40_e100_SP,40,1.0,121,True,161,19434,1515,english,g,prod,cluster,480,24.166666666666668
2,v4_40_e100_SP,40,1.0,121,True,161,19434,1515,v4,ng,member,sample,443,26.00896860986547
2,v4_40_e100_SP,40,1.0,121,True,161,19434,1515,v4,ng,member,person,443,18.385650224215247
2,v4_40_e100_SP,40,1.0,121,True,161,19434,1515,v4,ng,member,cluster,443,19.090909090909093
2,v4_40_e100_SP,40,1.0,121,True,161,19434,1515,v4,ng,prod,sample,443,23.318385650224215
2,v4_40_e100_SP,40,1.0,121,True,161,19434,1515,v4,ng,prod,person,443,14.54545454545455
2,v4_40_e100_SP,40,1.0,121,True,161,19434,1515,v4,ng,prod,cluster,443,16.143497757847534
2,v4_40_e100_SP,40,1.0,121,True,161,19434,1515,v4,g,member,sample,442,36.486486486486484
2,v4_40_e100_SP,40,1.0,121,True,161,19434,1515,v4,g,member,person,442,33.78378378378378
2,v4_40_e100_SP,40,1.0,121,True,161,19434,1515,v4,g,member,cluster,442,35.585585585585584
2,v4_40_e100_SP,40,1.0,121,True,161,19434,1515,v4,g,prod,sample,442,31.98198198198198
2,v4_40_e100_SP,40,1.0,121,True,161,19434,1515,v4,g,prod,person,442,25.0
2,v4_40_e100_SP,40,1.0,121,True,161,19434,1515,v4,g,prod,cluster,442,25.0
3,v4_10,10,0.0,0,False,10,750,1496,urdu,ng,member,sample,240,40.833333333333336
3,v4_10,10,0.0,0,False,10,750,1496,urdu,ng,member,person,240,40.0
3,v4_10,10,0.0,0,False,10,750,1496,urdu,ng,member,cluster,240,36.66666666666667
3,v4_10,10,0.0,0,False,10,750,1496,urdu,ng,prod,sample,240,28.333333333333332
3,v4_10,10,0.0,0,False,10,750,1496,urdu,ng,prod,person,240,26.66666666666667
3,v4_10,10,0.0,0,False,10,750,1496,urdu,ng,prod,cluster,240,29.166666666666668
3,v4_10,10,0.0,0,False,10,750,1496,urdu,g,member,sample,240,43.333333333333336
3,v4_10,10,0.0,0,False,10,750,1496,urdu,g,member,person,240,43.333333333333336
3,v4_10,10,0.0,0,False,10,750,1496,urdu,g,member,cluster,240,41.66666666666667
3,v4_10,10,0.0,0,False,10,750,1496,urdu,g,prod,sample,240,41.666666666666664
3,v4_10,10,0.0,0,False,10,750,1496,urdu,g,prod,person,240,40.0
3,v4_10,10,0.0,0,False,10,750,1496,urdu,g,prod,cluster,240,37.5
3,v4_10,10,0.0,0,False,10,750,1496,hindi,ng,member,sample,238,45.378151260504204
3,v4_10,10,0.0,0,False,10,750,1496,hindi,ng,member,person,238,39.49579831932773
3,v4_10,10,0.0,0,False,10,750,1496,hindi,ng,member,cluster,238,40.33613445378151
3,v4_10,10,0.0,0,False,10,750,1496,hindi,ng,prod,sample,238,31.092436974789916
3,v4_10,10,0.0,0,False,10,750,1496,hindi,ng,prod,person,238,20.168067226890752
3,v4_10,10,0.0,0,False,10,750,1496,hindi,ng,prod,cluster,238,20.168067226890752
3,v4_10,10,0.0,0,False,10,750,1496,english,ng,member,sample,480,39.583333333333336
3,v4_10,10,0.0,0,False,10,750,1496,english,ng,member,person,480,42.91666666666667
3,v4_10,10,0.0,0,False,10,750,1496,english,ng,member,cluster,480,42.91666666666667
3,v4_10,10,0.0,0,False,10,750,1496,english,ng,prod,sample,480,29.58333333333333
3,v4_10,10,0.0,0,False,10,750,1496,english,ng,prod,person,480,22.5
3,v4_10,10,0.0,0,False,10,750,1496,english,ng,prod,cluster,480,27.083333333333336
3,v4_10,10,0.0,0,False,10,750,1496,english,g,member,sample,480,44.583333333333336
3,v4_10,10,0.0,0,False,10,750,1496,english,g,member,person,480,43.75
3,v4_10,10,0.0,0,False,10,750,1496,english,g,member,cluster,480,43.75
3,v4_10,10,0.0,0,False,10,750,1496,english,g,prod,sample,480,40.0
3,v4_10,10,0.0,0,False,10,750,1496,english,g,prod,person,480,39.58333333333333
3,v4_10,10,0.0,0,False,10,750,1496,english,g,prod,cluster,480,39.583333333333336
3,v4_10,10,0.0,0,False,10,750,1496,v4,ng,member,sample,459,47.36842105263158
3,v4_10,10,0.0,0,False,10,750,1496,v4,ng,member,person,459,42.98245614035088
3,v4_10,10,0.0,0,False,10,750,1496,v4,ng,member,cluster,459,43.85964912280702
3,v4_10,10,0.0,0,False,10,750,1496,v4,ng,prod,sample,459,29.87012987012987
3,v4_10,10,0.0,0,False,10,750,1496,v4,ng,prod,person,459,18.614718614718615
3,v4_10,10,0.0,0,False,10,750,1496,v4,ng,prod,cluster,459,19.047619047619047
3,v4_10,10,0.0,0,False,10,750,1496,v4,g,member,sample,458,49.56521739130435
3,v4_10,10,0.0,0,False,10,750,1496,v4,g,member,person,458,50.0
3,v4_10,10,0.0,0,False,10,750,1496,v4,g,member,cluster,458,50.43478260869565
3,v4_10,10,0.0,0,False,10,750,1496,v4,g,prod,sample,458,39.130434782608695
3,v4_10,10,0.0,0,False,10,750,1496,v4,g,prod,person,458,34.78260869565217
3,v4_10,10,0.0,0,False,10,750,1496,v4,g,prod,cluster,458,35.65217391304348
3,v4_10_SP,10,0.0,0,True,10,750,1496,urdu,ng,member,sample,240,39.16666666666667
3,v4_10_SP,10,0.0,0,True,10,750,1496,urdu,ng,member,person,240,37.5
3,v4_10_SP,10,0.0,0,True,10,750,1496,urdu,ng,member,cluster,240,36.66666666666667
3,v4_10_SP,10,0.0,0,True,10,750,1496,urdu,ng,prod,sample,240,28.333333333333332
3,v4_10_SP,10,0.0,0,True,10,750,1496,urdu,ng,prod,person,240,26.666666666666668
3,v4_10_SP,10,0.0,0,True,10,750,1496,urdu,ng,prod,cluster,240,29.166666666666664
3,v4_10_SP,10,0.0,0,True,10,750,1496,urdu,g,member,sample,240,42.50000000000001
3,v4_10_SP,10,0.0,0,True,10,750,1496,urdu,g,member,person,240,43.333333333333336
3,v4_10_SP,10,0.0,0,True,10,750,1496,urdu,g,member,cluster,240,42.50000000000001
3,v4_10_SP,10,0.0,0,True,10,750,1496,urdu,g,prod,sample,240,41.66666666666667
3,v4_10_SP,10,0.0,0,True,10,750,1496,urdu,g,prod,person,240,40.0
3,v4_10_SP,10,0.0,0,True,10,750,1496,urdu,g,prod,cluster,240,39.16666666666667
3,v4_10_SP,10,0.0,0,True,10,750,1496,hindi,ng,member,sample,238,42.85714285714286
3,v4_10_SP,10,0.0,0,True,10,750,1496,hindi,ng,member,person,238,40.33613445378151
3,v4_10_SP,10,0.0,0,True,10,750,1496,hindi,ng,member,cluster,238,40.33613445378151
3,v4_10_SP,10,0.0,0,True,10,750,1496,hindi,ng,prod,sample,238,31.092436974789916
3,v4_10_SP,10,0.0,0,True,10,750,1496,hindi,ng,prod,person,238,20.168067226890752
3,v4_10_SP,10,0.0,0,True,10,750,1496,hindi,ng,prod,cluster,238,20.168067226890752
3,v4_10_SP,10,0.0,0,True,10,750,1496,english,ng,member,sample,480,40.0
3,v4_10_SP,10,0.0,0,True,10,750,1496,english,ng,member,person,480,41.25
3,v4_10_SP,10,0.0,0,True,10,750,1496,english,ng,member,cluster,480,40.416666666666664
3,v4_10_SP,10,0.0,0,True,10,750,1496,english,ng,prod,sample,480,29.166666666666664
3,v4_10_SP,10,0.0,0,True,10,750,1496,english,ng,prod,person,480,20.833333333333336
3,v4_10_SP,10,0.0,0,True,10,750,1496,english,ng,prod,cluster,480,27.083333333333336
3,v4_10_SP,10,0.0,0,True,10,750,1496,english,g,member,sample,480,43.333333333333336
3,v4_10_SP,10,0.0,0,True,10,750,1496,english,g,member,person,480,46.25
3,v4_10_SP,10,0.0,0,True,10,750,1496,english,g,member,cluster,480,43.75
3,v4_10_SP,10,0.0,0,True,10,750,1496,english,g,prod,sample,480,40.833333333333336
3,v4_10_SP,10,0.0,0,True,10,750,1496,english,g,prod,person,480,38.75
3,v4_10_SP,10,0.0,0,True,10,750,1496,english,g,prod,cluster,480,39.166666666666664
3,v4_10_SP,10,0.0,0,True,10,750,1496,v4,ng,member,sample,459,46.92982456140351
3,v4_10_SP,10,0.0,0,True,10,750,1496,v4,ng,member,person,459,39.91228070175439
3,v4_10_SP,10,0.0,0,True,10,750,1496,v4,ng,member,cluster,459,40.789473684210535
3,v4_10_SP,10,0.0,0,True,10,750,1496,v4,ng,prod,sample,459,29.824561403508774
3,v4_10_SP,10,0.0,0,True,10,750,1496,v4,ng,prod,person,459,18.42105263157895
3,v4_10_SP,10,0.0,0,True,10,750,1496,v4,ng,prod,cluster,459,19.480519480519483
3,v4_10_SP,10,0.0,0,True,10,750,1496,v4,g,member,sample,458,49.56140350877193
3,v4_10_SP,10,0.0,0,True,10,750,1496,v4,g,member,person,458,49.56140350877193
3,v4_10_SP,10,0.0,0,True,10,750,1496,v4,g,member,cluster,458,49.56521739130435
3,v4_10_SP,10,0.0,0,True,10,750,1496,v4,g,prod,sample,458,39.130434782608695
3,v4_10_SP,10,0.0,0,True,10,750,1496,v4,g,prod,person,458,34.78260869565217
3,v4_10_SP,10,0.0,0,True,10,750,1496,v4,g,prod,cluster,458,35.65217391304348
3,v4_20,20,0.0,0,False,20,1811,1512,urdu,ng,member,sample,240,31.666666666666664
3,v4_20,20,0.0,0,False,20,1811,1512,urdu,ng,member,person,240,25.833333333333336
3,v4_20,20,0.0,0,False,20,1811,1512,urdu,ng,member,cluster,240,25.83333333333333
3,v4_20,20,0.0,0,False,20,1811,1512,urdu,ng,prod,sample,240,24.166666666666668
3,v4_20,20,0.0,0,False,20,1811,1512,urdu,ng,prod,person,240,19.999999999999996
3,v4_20,20,0.0,0,False,20,1811,1512,urdu,ng,prod,cluster,240,26.666666666666668
3,v4_20,20,0.0,0,False,20,1811,1512,urdu,g,member,sample,240,43.333333333333336
3,v4_20,20,0.0,0,False,20,1811,1512,urdu,g,member,person,240,38.333333333333336
3,v4_20,20,0.0,0,False,20,1811,1512,urdu,g,member,cluster,240,38.333333333333336
3,v4_20,20,0.0,0,False,20,1811,1512,urdu,g,prod,sample,240,38.333333333333336
3,v4_20,20,0.0,0,False,20,1811,1512,urdu,g,prod,person,240,35.833333333333336
3,v4_20,20,0.0,0,False,20,1811,1512,urdu,g,prod,cluster,240,39.166666666666664
3,v4_20,20,0.0,0,False,20,1811,1512,hindi,ng,member,sample,238,39.49579831932773
3,v4_20,20,0.0,0,False,20,1811,1512,hindi,ng,member,person,238,26.890756302521012
3,v4_20,20,0.0,0,False,20,1811,1512,hindi,ng,member,cluster,238,27.73109243697479
3,v4_20,20,0.0,0,False,20,1811,1512,hindi,ng,prod,sample,238,31.092436974789916
3,v4_20,20,0.0,0,False,20,1811,1512,hindi,ng,prod,person,238,26.05042016806723
3,v4_20,20,0.0,0,False,20,1811,1512,hindi,ng,prod,cluster,238,25.210084033613445
3,v4_20,20,0.0,0,False,20,1811,1512,english,ng,member,sample,480,36.25000000000001
3,v4_20,20,0.0,0,False,20,1811,1512,english,ng,member,person,480,32.916666666666664
3,v4_20,20,0.0,0,False,20,1811,1512,english,ng,member,cluster,480,33.33333333333333
3,v4_20,20,0.0,0,False,20,1811,1512,english,ng,prod,sample,480,27.083333333333336
3,v4_20,20,0.0,0,False,20,1811,1512,english,ng,prod,person,480,23.75
3,v4_20,20,0.0,0,False,20,1811,1512,english,ng,prod,cluster,480,24.583333333333336
3,v4_20,20,0.0,0,False,20,1811,1512,english,g,member,sample,480,42.5
3,v4_20,20,0.0,0,False,20,1811,1512,english,g,member,person,480,42.083333333333336
3,v4_20,20,0.0,0,False,20,1811,1512,english,g,member,cluster,480,45.83333333333333
3,v4_20,20,0.0,0,False,20,1811,1512,english,g,prod,sample,480,37.916666666666664
3,v4_20,20,0.0,0,False,20,1811,1512,english,g,prod,person,480,35.0
3,v4_20,20,0.0,0,False,20,1811,1512,english,g,prod,cluster,480,39.16666666666667
3,v4_20,20,0.0,0,False,20,1811,1512,v4,ng,member,sample,459,35.064935064935064
3,v4_20,20,0.0,0,False,20,1811,1512,v4,ng,member,person,459,25.108225108225106
3,v4_20,20,0.0,0,False,20,1811,1512,v4,ng,member,cluster,459,28.50877192982456
3,v4_20,20,0.0,0,False,20,1811,1512,v4,ng,prod,sample,459,24.561403508771928
3,v4_20,20,0.0,0,False,20,1811,1512,v4,ng,prod,person,459,18.85964912280702
3,v4_20,20,0.0,0,False,20,1811,1512,v4,ng,prod,cluster,459,20.77922077922078
3,v4_20,20,0.0,0,False,20,1811,1512,v4,g,member,sample,458,41.22807017543859
3,v4_20,20,0.0,0,False,20,1811,1512,v4,g,member,person,458,39.473684210526315
3,v4_20,20,0.0,0,False,20,1811,1512,v4,g,member,cluster,458,40.0
3,v4_20,20,0.0,0,False,20,1811,1512,v4,g,prod,sample,458,33.91304347826087
3,v4_20,20,0.0,0,False,20,1811,1512,v4,g,prod,person,458,25.877192982456144
3,v4_20,20,0.0,0,False,20,1811,1512,v4,g,prod,cluster,458,25.0
3,v4_20_SP,20,0.0,0,True,20,1811,1512,urdu,ng,member,sample,240,32.5
3,v4_20_SP,20,0.0,0,True,20,1811,1512,urdu,ng,member,person,240,25.83333333333333
3,v4_20_SP,20,0.0,0,True,20,1811,1512,urdu,ng,member,cluster,240,25.0
3,v4_20_SP,20,0.0,0,True,20,1811,1512,urdu,ng,prod,sample,240,24.16666666666667
3,v4_20_SP,20,0.0,0,True,20,1811,1512,urdu,ng,prod,person,240,19.999999999999996
3,v4_20_SP,20,0.0,0,True,20,1811,1512,urdu,ng,prod,cluster,240,25.833333333333336
3,v4_20_SP,20,0.0,0,True,20,1811,1512,urdu,g,member,sample,240,42.5
3,v4_20_SP,20,0.0,0,True,20,1811,1512,urdu,g,member,person,240,40.0
3,v4_20_SP,20,0.0,0,True,20,1811,1512,urdu,g,member,cluster,240,38.333333333333336
3,v4_20_SP,20,0.0,0,True,20,1811,1512,urdu,g,prod,sample,240,38.333333333333336
3,v4_20_SP,20,0.0,0,True,20,1811,1512,urdu,g,prod,person,240,35.833333333333336
3,v4_20_SP,20,0.0,0,True,20,1811,1512,urdu,g,prod,cluster,240,39.166666666666664
3,v4_20_SP,20,0.0,0,True,20,1811,1512,hindi,ng,member,sample,238,38.655462184873954
3,v4_20_SP,20,0.0,0,True,20,1811,1512,hindi,ng,member,person,238,26.890756302521012
3,v4_20_SP,20,0.0,0,True,20,1811,1512,hindi,ng,member,cluster,238,27.73109243697479
3,v4_20_SP,20,0.0,0,True,20,1811,1512,hindi,ng,prod,sample,238,31.092436974789916
3,v4_20_SP,20,0.0,0,True,20,1811,1512,hindi,ng,prod,person,238,26.89075630252101
3,v4_20_SP,20,0.0,0,True,20,1811,1512,hindi,ng,prod,cluster,238,26.05042016806723
3,v4_20_SP,20,0.0,0,True,20,1811,1512,english,ng,member,sample,480,36.25
3,v4_20_SP,20,0.0,0,True,20,1811,1512,english,ng,member,person,480,32.083333333333336
3,v4_20_SP,20,0.0,0,True,20,1811,1512,english,ng,member,cluster,480,33.333333333333336
3,v4_20_SP,20,0.0,0,True,20,1811,1512,english,ng,prod,sample,480,28.333333333333332
3,v4_20_SP,20,0.0,0,True,20,1811,1512,english,ng,prod,person,480,24.583333333333332
3,v4_20_SP,20,0.0,0,True,20,1811,1512,english,ng,prod,cluster,480,24.583333333333336
3,v4_20_SP,20,0.0,0,True,20,1811,1512,english,g,member,sample,480,43.333333333333336
3,v4_20_SP,20,0.0,0,True,20,1811,1512,english,g,member,person,480,42.083333333333336
3,v4_20_SP,20,0.0,0,True,20,1811,1512,english,g,member,cluster,480,43.75
3,v4_20_SP,20,0.0,0,True,20,1811,1512,english,g,prod,sample,480,37.083333333333336
3,v4_20_SP,20,0.0,0,True,20,1811,1512,english,g,prod,person,480,35.83333333333333
3,v4_20_SP,20,0.0,0,True,20,1811,1512,english,g,prod,cluster,480,38.333333333333336
3,v4_20_SP,20,0.0,0,True,20,1811,1512,v4,ng,member,sample,459,35.526315789473685
3,v4_20_SP,20,0.0,0,True,20,1811,1512,v4,ng,member,person,459,24.242424242424242
3,v4_20_SP,20,0.0,0,True,20,1811,1512,v4,ng,member,cluster,459,27.631578947368418
3,v4_20_SP,20,0.0,0,True,20,1811,1512,v4,ng,prod,sample,459,24.242424242424242
3,v4_20_SP,20,0.0,0,True,20,1811,1512,v4,ng,prod,person,459,18.614718614718615
3,v4_20_SP,20,0.0,0,True,20,1811,1512,v4,ng,prod,cluster,459,20.77922077922078
3,v4_20_SP,20,0.0,0,True,20,1811,1512,v4,g,member,sample,458,41.666666666666664
3,v4_20_SP,20,0.0,0,True,20,1811,1512,v4,g,member,person,458,39.473684210526315
3,v4_20_SP,20,0.0,0,True,20,1811,1512,v4,g,member,cluster,458,37.391304347826086
3,v4_20_SP,20,0.0,0,True,20,1811,1512,v4,g,prod,sample,458,34.64912280701754
3,v4_20_SP,20,0.0,0,True,20,1811,1512,v4,g,prod,person,458,22.368421052631582
3,v4_20_SP,20,0.0,0,True,20,1811,1512,v4,g,prod,cluster,458,24.347826086956523
3,v4_30,30,0.0,0,False,30,2921,1485,urdu,ng,member,sample,240,28.333333333333332
3,v4_30,30,0.0,0,False,30,2921,1485,urdu,ng,member,person,240,19.999999999999996
3,v4_30,30,0.0,0,False,30,2921,1485,urdu,ng,member,cluster,240,23.333333333333332
3,v4_30,30,0.0,0,False,30,2921,1485,urdu,ng,prod,sample,240,23.333333333333332
3,v4_30,30,0.0,0,False,30,2921,1485,urdu,ng,prod,person,240,20.0
3,v4_30,30,0.0,0,False,30,2921,1485,urdu,ng,prod,cluster,240,22.5
3,v4_30,30,0.0,0,False,30,2921,1485,urdu,g,member,sample,240,40.0
3,v4_30,30,0.0,0,False,30,2921,1485,urdu,g,member,person,240,40.0
3,v4_30,30,0.0,0,False,30,2921,1485,urdu,g,member,cluster,240,42.5
3,v4_30,30,0.0,0,False,30,2921,1485,urdu,g,prod,sample,240,37.5
3,v4_30,30,0.0,0,False,30,2921,1485,urdu,g,prod,person,240,35.0
3,v4_30,30,0.0,0,False,30,2921,1485,urdu,g,prod,cluster,240,35.833333333333336
3,v4_30,30,0.0,0,False,30,2921,1485,hindi,ng,member,sample,238,36.134453781512605
3,v4_30,30,0.0,0,False,30,2921,1485,hindi,ng,member,person,238,31.932773109243694
3,v4_30,30,0.0,0,False,30,2921,1485,hindi,ng,member,cluster,238,34.45378151260504
3,v4_30,30,0.0,0,False,30,2921,1485,hindi,ng,prod,sample,238,28.57142857142857
3,v4_30,30,0.0,0,False,30,2921,1485,hindi,ng,prod,person,238,26.05042016806723
3,v4_30,30,0.0,0,False,30,2921,1485,hindi,ng,prod,cluster,238,25.210084033613445
3,v4_30,30,0.0,0,False,30,2921,1485,english,ng,member,sample,480,35.416666666666664
3,v4_30,30,0.0,0,False,30,2921,1485,english,ng,member,person,480,30.000000000000004
3,v4_30,30,0.0,0,False,30,2921,1485,english,ng,member,cluster,480,31.666666666666664
3,v4_30,30,0.0,0,False,30,2921,1485,english,ng,prod,sample,480,29.58333333333333
3,v4_30,30,0.0,0,False,30,2921,1485,english,ng,prod,person,480,24.166666666666668
3,v4_30,30,0.0,0,False,30,2921,1485,english,ng,prod,cluster,480,25.416666666666664
3,v4_30,30,0.0,0,False,30,2921,1485,english,g,member,sample,480,45.416666666666664
3,v4_30,30,0.0,0,False,30,2921,1485,english,g,member,person,480,43.333333333333336
3,v4_30,30,0.0,0,False,30,2921,1485,english,g,member,cluster,480,42.916666666666664
3,v4_30,30,0.0,0,False,30,2921,1485,english,g,prod,sample,480,40.833333333333336
3,v4_30,30,0.0,0,False,30,2921,1485,english,g,prod,person,480,36.66666666666667
3,v4_30,30,0.0,0,False,30,2921,1485,english,g,prod,cluster,480,38.74999999999999
3,v4_30,30,0.0,0,False,30,2921,1485,v4,ng,member,sample,459,34.64912280701754
3,v4_30,30,0.0,0,False,30,2921,1485,v4,ng,member,person,459,25.877192982456144
3,v4_30,30,0.0,0,False,30,2921,1485,v4,ng,member,cluster,459,27.192982456140346
3,v4_30,30,0.0,0,False,30,2921,1485,v4,ng,prod,sample,459,24.122807017543856
3,v4_30,30,0.0,0,False,30,2921,1485,v4,ng,prod,person,459,18.181818181818183
3,v4_30,30,0.0,0,False,30,2921,1485,v4,ng,prod,cluster,459,18.42105263157895
3,v4_30,30,0.0,0,False,30,2921,1485,v4,g,member,sample,458,38.59649122807017
3,v4_30,30,0.0,0,False,30,2921,1485,v4,g,member,person,458,40.789473684210535
3,v4_30,30,0.0,0,False,30,2921,1485,v4,g,member,cluster,458,38.59649122807017
3,v4_30,30,0.0,0,False,30,2921,1485,v4,g,prod,sample,458,32.608695652173914
3,v4_30,30,0.0,0,False,30,2921,1485,v4,g,prod,person,458,26.521739130434785
3,v4_30,30,0.0,0,False,30,2921,1485,v4,g,prod,cluster,458,26.956521739130434
3,v4_30_SP,30,0.0,0,True,30,2921,1485,urdu,ng,member,sample,240,28.333333333333332
3,v4_30_SP,30,0.0,0,True,30,2921,1485,urdu,ng,member,person,240,19.999999999999996
3,v4_30_SP,30,0.0,0,True,30,2921,1485,urdu,ng,member,cluster,240,23.333333333333332
3,v4_30_SP,30,0.0,0,True,30,2921,1485,urdu,ng,prod,sample,240,24.166666666666668
3,v4_30_SP,30,0.0,0,True,30,2921,1485,urdu,ng,prod,person,240,20.0
3,v4_30_SP,30,0.0,0,True,30,2921,1485,urdu,ng,prod,cluster,240,22.5
3,v4_30_SP,30,0.0,0,True,30,2921,1485,urdu,g,member,sample,240,38.33333333333333
3,v4_30_SP,30,0.0,0,True,30,2921,1485,urdu,g,member,person,240,41.66666666666667
3,v4_30_SP,30,0.0,0,True,30,2921,1485,urdu,g,member,cluster,240,42.5
3,v4_30_SP,30,0.0,0,True,30,2921,1485,urdu,g,prod,sample,240,38.333333333333336
3,v4_30_SP,30,0.0,0,True,30,2921,1485,urdu,g,prod,person,240,35.0
3,v4_30_SP,30,0.0,0,True,30,2921,1485,urdu,g,prod,cluster,240,39.166666666666664
3,v4_30_SP,30,0.0,0,True,30,2921,1485,hindi,ng,member,sample,238,34.45378151260504
3,v4_30_SP,30,0.0,0,True,30,2921,1485,hindi,ng,member,person,238,30.252100840336134
3,v4_30_SP,30,0.0,0,True,30,2921,1485,hindi,ng,member,cluster,238,30.252100840336137
3,v4_30_SP,30,0.0,0,True,30,2921,1485,hindi,ng,prod,sample,238,28.57142857142857
3,v4_30_SP,30,0.0,0,True,30,2921,1485,hindi,ng,prod,person,238,26.05042016806723
3,v4_30_SP,30,0.0,0,True,30,2921,1485,hindi,ng,prod,cluster,238,25.210084033613445
3,v4_30_SP,30,0.0,0,True,30,2921,1485,english,ng,member,sample,480,35.0
3,v4_30_SP,30,0.0,0,True,30,2921,1485,english,ng,member,person,480,28.333333333333332
3,v4_30_SP,30,0.0,0,True,30,2921,1485,english,ng,member,cluster,480,29.583333333333332
3,v4_30_SP,30,0.0,0,True,30,2921,1485,english,ng,prod,sample,480,29.166666666666668
3,v4_30_SP,30,0.0,0,True,30,2921,1485,english,ng,prod,person,480,23.33333333333333
3,v4_30_SP,30,0.0,0,True,30,2921,1485,english,ng,prod,cluster,480,25.0
3,v4_30_SP,30,0.0,0,True,30,2921,1485,english,g,member,sample,480,45.41666666666667
3,v4_30_SP,30,0.0,0,True,30,2921,1485,english,g,member,person,480,43.333333333333336
3,v4_30_SP,30,0.0,0,True,30,2921,1485,english,g,member,cluster,480,42.91666666666667
3,v4_30_SP,30,0.0,0,True,30,2921,1485,english,g,prod,sample,480,40.0
3,v4_30_SP,30,0.0,0,True,30,2921,1485,english,g,prod,person,480,36.66666666666667
3,v4_30_SP,30,0.0,0,True,30,2921,1485,english,g,prod,cluster,480,37.083333333333336
3,v4_30_SP,30,0.0,0,True,30,2921,1485,v4,ng,member,sample,459,35.064935064935064
3,v4_30_SP,30,0.0,0,True,30,2921,1485,v4,ng,member,person,459,25.541125541125542
3,v4_30_SP,30,0.0,0,True,30,2921,1485,v4,ng,member,cluster,459,27.705627705627705
3,v4_30_SP,30,0.0,0,True,30,2921,1485,v4,ng,prod,sample,459,23.684210526315784
3,v4_30_SP,30,0.0,0,True,30,2921,1485,v4,ng,prod,person,459,18.181818181818183
3,v4_30_SP,30,0.0,0,True,30,2921,1485,v4,ng,prod,cluster,459,18.42105263157895
3,v4_30_SP,30,0.0,0,True,30,2921,1485,v4,g,member,sample,458,38.59649122807017
3,v4_30_SP,30,0.0,0,True,30,2921,1485,v4,g,member,person,458,40.789473684210535
3,v4_30_SP,30,0.0,0,True,30,2921,1485,v4,g,member,cluster,458,38.1578947368421
3,v4_30_SP,30,0.0,0,True,30,2921,1485,v4,g,prod,sample,458,33.04347826086956
3,v4_30_SP,30,0.0,0,True,30,2921,1485,v4,g,prod,person,458,26.956521739130434
3,v4_30_SP,30,0.0,0,True,30,2921,1485,v4,g,prod,cluster,458,26.956521739130434
3,v4_40,40,0.0,0,False,40,3705,1482,urdu,ng,member,sample,240,27.500000000000004
3,v4_40,40,0.0,0,False,40,3705,1482,urdu,ng,member,person,240,19.999999999999996
3,v4_40,40,0.0,0,False,40,3705,1482,urdu,ng,member,cluster,240,20.0
3,v4_40,40,0.0,0,False,40,3705,1482,urdu,ng,prod,sample,240,24.166666666666668
3,v4_40,40,0.0,0,False,40,3705,1482,urdu,ng,prod,person,240,21.666666666666668
3,v4_40,40,0.0,0,False,40,3705,1482,urdu,ng,prod,cluster,240,22.5
3,v4_40,40,0.0,0,False,40,3705,1482,urdu,g,member,sample,240,40.0
3,v4_40,40,0.0,0,False,40,3705,1482,urdu,g,member,person,240,40.833333333333336
3,v4_40,40,0.0,0,False,40,3705,1482,urdu,g,member,cluster,240,41.66666666666667
3,v4_40,40,0.0,0,False,40,3705,1482,urdu,g,prod,sample,240,43.333333333333336
3,v4_40,40,0.0,0,False,40,3705,1482,urdu,g,prod,person,240,33.33333333333333
3,v4_40,40,0.0,0,False,40,3705,1482,urdu,g,prod,cluster,240,38.33333333333333
3,v4_40,40,0.0,0,False,40,3705,1482,hindi,ng,member,sample,238,29.411764705882355
3,v4_40,40,0.0,0,False,40,3705,1482,hindi,ng,member,person,238,26.05042016806723
3,v4_40,40,0.0,0,False,40,3705,1482,hindi,ng,member,cluster,238,25.210084033613445
3,v4_40,40,0.0,0,False,40,3705,1482,hindi,ng,prod,sample,238,26.89075630252101
3,v4_40,40,0.0,0,False,40,3705,1482,hindi,ng,prod,person,238,25.210084033613445
3,v4_40,40,0.0,0,False,40,3705,1482,hindi,ng,prod,cluster,238,24.369747899159663
3,v4_40,40,0.0,0,False,40,3705,1482,english,ng,member,sample,480,31.25
3,v4_40,40,0.0,0,False,40,3705,1482,english,ng,member,person,480,25.833333333333336
3,v4_40,40,0.0,0,False,40,3705,1482,english,ng,member,cluster,480,26.666666666666668
3,v4_40,40,0.0,0,False,40,3705,1482,english,ng,prod,sample,480,26.25
3,v4_40,40,0.0,0,False,40,3705,1482,english,ng,prod,person,480,20.833333333333336
3,v4_40,40,0.0,0,False,40,3705,1482,english,ng,prod,cluster,480,20.833333333333336
3,v4_40,40,0.0,0,False,40,3705,1482,english,g,member,sample,480,44.166666666666664
3,v4_40,40,0.0,0,False,40,3705,1482,english,g,member,person,480,37.916666666666664
3,v4_40,40,0.0,0,False,40,3705,1482,english,g,member,cluster,480,37.5
3,v4_40,40,0.0,0,False,40,3705,1482,english,g,prod,sample,480,40.0
3,v4_40,40,0.0,0,False,40,3705,1482,english,g,prod,person,480,32.5
3,v4_40,40,0.0,0,False,40,3705,1482,english,g,prod,cluster,480,36.25000000000001
3,v4_40,40,0.0,0,False,40,3705,1482,v4,ng,member,sample,459,32.89473684210527
3,v4_40,40,0.0,0,False,40,3705,1482,v4,ng,member,person,459,25.108225108225106
3,v4_40,40,0.0,0,False,40,3705,1482,v4,ng,member,cluster,459,25.541125541125542
3,v4_40,40,0.0,0,False,40,3705,1482,v4,ng,prod,sample,459,22.368421052631582
3,v4_40,40,0.0,0,False,40,3705,1482,v4,ng,prod,person,459,15.350877192982459
3,v4_40,40,0.0,0,False,40,3705,1482,v4,ng,prod,cluster,459,17.982456140350877
3,v4_40,40,0.0,0,False,40,3705,1482,v4,g,member,sample,458,36.52173913043478
3,v4_40,40,0.0,0,False,40,3705,1482,v4,g,member,person,458,35.21739130434783
3,v4_40,40,0.0,0,False,40,3705,1482,v4,g,member,cluster,458,35.96491228070175
3,v4_40,40,0.0,0,False,40,3705,1482,v4,g,prod,sample,458,32.608695652173914
3,v4_40,40,0.0,0,False,40,3705,1482,v4,g,prod,person,458,30.0
3,v4_40,40,0.0,0,False,40,3705,1482,v4,g,prod,cluster,458,32.17391304347826
3,v4_40_SP,40,0.0,0,True,40,3705,1482,urdu,ng,member,sample,240,26.66666666666667
3,v4_40_SP,40,0.0,0,True,40,3705,1482,urdu,ng,member,person,240,19.166666666666668
3,v4_40_SP,40,0.0,0,True,40,3705,1482,urdu,ng,member,cluster,240,20.0
3,v4_40_SP,40,0.0,0,True,40,3705,1482,urdu,ng,prod,sample,240,24.166666666666668
3,v4_40_SP,40,0.0,0,True,40,3705,1482,urdu,ng,prod,person,240,20.833333333333336
3,v4_40_SP,40,0.0,0,True,40,3705,1482,urdu,ng,prod,cluster,240,22.5
3,v4_40_SP,40,0.0,0,True,40,3705,1482,urdu,g,member,sample,240,40.833333333333336
3,v4_40_SP,40,0.0,0,True,40,3705,1482,urdu,g,member,person,240,40.833333333333336
3,v4_40_SP,40,0.0,0,True,40,3705,1482,urdu,g,member,cluster,240,43.333333333333336
3,v4_40_SP,40,0.0,0,True,40,3705,1482,urdu,g,prod,sample,240,42.5
3,v4_40_SP,40,0.0,0,True,40,3705,1482,urdu,g,prod,person,240,33.33333333333333
3,v4_40_SP,40,0.0,0,True,40,3705,1482,urdu,g,prod,cluster,240,38.33333333333333
3,v4_40_SP,40,0.0,0,True,40,3705,1482,hindi,ng,member,sample,238,29.411764705882348
3,v4_40_SP,40,0.0,0,True,40,3705,1482,hindi,ng,member,person,238,26.89075630252101
3,v4_40_SP,40,0.0,0,True,40,3705,1482,hindi,ng,member,cluster,238,26.05042016806723
3,v4_40_SP,40,0.0,0,True,40,3705,1482,hindi,ng,prod,sample,238,26.890756302521012
3,v4_40_SP,40,0.0,0,True,40,3705,1482,hindi,ng,prod,person,238,23.52941176470588
3,v4_40_SP,40,0.0,0,True,40,3705,1482,hindi,ng,prod,cluster,238,23.52941176470588
3,v4_40_SP,40,0.0,0,True,40,3705,1482,english,ng,member,sample,480,32.49999999999999
3,v4_40_SP,40,0.0,0,True,40,3705,1482,english,ng,member,person,480,26.25
3,v4_40_SP,40,0.0,0,True,40,3705,1482,english,ng,member,cluster,480,25.83333333333333
3,v4_40_SP,40,0.0,0,True,40,3705,1482,english,ng,prod,sample,480,26.666666666666668
3,v4_40_SP,40,0.0,0,True,40,3705,1482,english,ng,prod,person,480,20.416666666666668
3,v4_40_SP,40,0.0,0,True,40,3705,1482,english,ng,prod,cluster,480,20.416666666666668
3,v4_40_SP,40,0.0,0,True,40,3705,1482,english,g,member,sample,480,43.333333333333336
3,v4_40_SP,40,0.0,0,True,40,3705,1482,english,g,member,person,480,38.333333333333336
3,v4_40_SP,40,0.0,0,True,40,3705,1482,english,g,member,cluster,480,39.166666666666664
3,v4_40_SP,40,0.0,0,True,40,3705,1482,english,g,prod,sample,480,40.0
3,v4_40_SP,40,0.0,0,True,40,3705,1482,english,g,prod,person,480,32.5
3,v4_40_SP,40,0.0,0,True,40,3705,1482,english,g,prod,cluster,480,36.666666666666664
3,v4_40_SP,40,0.0,0,True,40,3705,1482,v4,ng,member,sample,459,32.467532467532465
3,v4_40_SP,40,0.0,0,True,40,3705,1482,v4,ng,member,person,459,25.877192982456144
3,v4_40_SP,40,0.0,0,True,40,3705,1482,v4,ng,member,cluster,459,25.541125541125542
3,v4_40_SP,40,0.0,0,True,40,3705,1482,v4,ng,prod,sample,459,22.368421052631582
3,v4_40_SP,40,0.0,0,True,40,3705,1482,v4,ng,prod,person,459,15.350877192982459
3,v4_40_SP,40,0.0,0,True,40,3705,1482,v4,ng,prod,cluster,459,18.181818181818183
3,v4_40_SP,40,0.0,0,True,40,3705,1482,v4,g,member,sample,458,37.391304347826086
3,v4_40_SP,40,0.0,0,True,40,3705,1482,v4,g,member,person,458,34.78260869565217
3,v4_40_SP,40,0.0,0,True,40,3705,1482,v4,g,member,cluster,458,36.08695652173913
3,v4_40_SP,40,0.0,0,True,40,3705,1482,v4,g,prod,sample,458,32.17391304347826
3,v4_40_SP,40,0.0,0,True,40,3705,1482,v4,g,prod,person,458,29.565217391304348
3,v4_40_SP,40,0.0,0,True,40,3705,1482,v4,g,prod,cluster,458,29.824561403508774
3,v4_40_e25,40,0.25,30,False,70,7867,1464,urdu,ng,member,sample,240,29.166666666666668
3,v4_40_e25,40,0.25,30,False,70,7867,1464,urdu,ng,member,person,240,24.166666666666668
3,v4_40_e25,40,0.25,30,False,70,7867,1464,urdu,ng,member,cluster,240,25.0
3,v4_40_e25,40,0.25,30,False,70,7867,1464,urdu,ng,prod,sample,240,23.33333333333333
3,v4_40_e25,40,0.25,30,False,70,7867,1464,urdu,ng,prod,person,240,23.333333333333332
3,v4_40_e25,40,0.25,30,False,70,7867,1464,urdu,ng,prod,cluster,240,25.0
3,v4_40_e25,40,0.25,30,False,70,7867,1464,urdu,g,member,sample,240,40.833333333333336
3,v4_40_e25,40,0.25,30,False,70,7867,1464,urdu,g,member,person,240,27.500000000000004
3,v4_40_e25,40,0.25,30,False,70,7867,1464,urdu,g,member,cluster,240,29.166666666666668
3,v4_40_e25,40,0.25,30,False,70,7867,1464,urdu,g,prod,sample,240,40.0
3,v4_40_e25,40,0.25,30,False,70,7867,1464,urdu,g,prod,person,240,40.0
3,v4_40_e25,40,0.25,30,False,70,7867,1464,urdu,g,prod,cluster,240,38.33333333333333
3,v4_40_e25,40,0.25,30,False,70,7867,1464,hindi,ng,member,sample,238,29.411764705882355
3,v4_40_e25,40,0.25,30,False,70,7867,1464,hindi,ng,member,person,238,33.61344537815126
3,v4_40_e25,40,0.25,30,False,70,7867,1464,hindi,ng,member,cluster,238,28.57142857142857
3,v4_40_e25,40,0.25,30,False,70,7867,1464,hindi,ng,prod,sample,238,26.890756302521012
3,v4_40_e25,40,0.25,30,False,70,7867,1464,hindi,ng,prod,person,238,23.52941176470588
3,v4_40_e25,40,0.25,30,False,70,7867,1464,hindi,ng,prod,cluster,238,22.689075630252102
3,v4_40_e25,40,0.25,30,False,70,7867,1464,english,ng,member,sample,480,28.749999999999996
3,v4_40_e25,40,0.25,30,False,70,7867,1464,english,ng,member,person,480,23.33333333333333
3,v4_40_e25,40,0.25,30,False,70,7867,1464,english,ng,member,cluster,480,23.750000000000004
3,v4_40_e25,40,0.25,30,False,70,7867,1464,english,ng,prod,sample,480,23.33333333333333
3,v4_40_e25,40,0.25,30,False,70,7867,1464,english,ng,prod,person,480,21.666666666666668
3,v4_40_e25,40,0.25,30,False,70,7867,1464,english,ng,prod,cluster,480,22.499999999999996
3,v4_40_e25,40,0.25,30,False,70,7867,1464,english,g,member,sample,480,37.5
3,v4_40_e25,40,0.25,30,False,70,7867,1464,english,g,member,person,480,34.583333333333336
3,v4_40_e25,40,0.25,30,False,70,7867,1464,english,g,member,cluster,480,36.66666666666667
3,v4_40_e25,40,0.25,30,False,70,7867,1464,english,g,prod,sample,480,36.666666666666664
3,v4_40_e25,40,0.25,30,False,70,7867,1464,english,g,prod,person,480,34.583333333333336
3,v4_40_e25,40,0.25,30,False,70,7867,1464,english,g,prod,cluster,480,35.833333333333336
3,v4_40_e25,40,0.25,30,False,70,7867,1464,v4,ng,member,sample,459,28.57142857142857
3,v4_40_e25,40,0.25,30,False,70,7867,1464,v4,ng,member,person,459,22.51082251082251
3,v4_40_e25,40,0.25,30,False,70,7867,1464,v4,ng,member,cluster,459,24.561403508771928
3,v4_40_e25,40,0.25,30,False,70,7867,1464,v4,ng,prod,sample,459,19.480519480519483
3,v4_40_e25,40,0.25,30,False,70,7867,1464,v4,ng,prod,person,459,17.316017316017316
3,v4_40_e25,40,0.25,30,False,70,7867,1464,v4,ng,prod,cluster,459,17.982456140350877
3,v4_40_e25,40,0.25,30,False,70,7867,1464,v4,g,member,sample,458,35.21739130434783
3,v4_40_e25,40,0.25,30,False,70,7867,1464,v4,g,member,person,458,36.40350877192983
3,v4_40_e25,40,0.25,30,False,70,7867,1464,v4,g,member,cluster,458,33.333333333333336
3,v4_40_e25,40,0.25,30,False,70,7867,1464,v4,g,prod,sample,458,31.14035087719298
3,v4_40_e25,40,0.25,30,False,70,7867,1464,v4,g,prod,person,458,25.65217391304348
3,v4_40_e25,40,0.25,30,False,70,7867,1464,v4,g,prod,cluster,458,25.877192982456144
3,v4_40_e25_SP,40,0.25,30,True,70,7867,1464,urdu,ng,member,sample,240,28.333333333333332
3,v4_40_e25_SP,40,0.25,30,True,70,7867,1464,urdu,ng,member,person,240,24.166666666666668
3,v4_40_e25_SP,40,0.25,30,True,70,7867,1464,urdu,ng,member,cluster,240,25.0
3,v4_40_e25_SP,40,0.25,30,True,70,7867,1464,urdu,ng,prod,sample,240,23.333333333333332
3,v4_40_e25_SP,40,0.25,30,True,70,7867,1464,urdu,ng,prod,person,240,21.666666666666668
3,v4_40_e25_SP,40,0.25,30,True,70,7867,1464,urdu,ng,prod,cluster,240,24.16666666666667
3,v4_40_e25_SP,40,0.25,30,True,70,7867,1464,urdu,g,member,sample,240,40.833333333333336
3,v4_40_e25_SP,40,0.25,30,True,70,7867,1464,urdu,g,member,person,240,26.66666666666667
3,v4_40_e25_SP,40,0.25,30,True,70,7867,1464,urdu,g,member,cluster,240,30.0
3,v4_40_e25_SP,40,0.25,30,True,70,7867,1464,urdu,g,prod,sample,240,40.0
3,v4_40_e25_SP,40,0.25,30,True,70,7867,1464,urdu,g,prod,person,240,40.0
3,v4_40_e25_SP,40,0.25,30,True,70,7867,1464,urdu,g,prod,cluster,240,38.33333333333333
3,v4_40_e25_SP,40,0.25,30,True,70,7867,1464,hindi,ng,member,sample,238,29.411764705882355
3,v4_40_e25_SP,40,0.25,30,True,70,7867,1464,hindi,ng,member,person,238,33.61344537815126
3,v4_40_e25_SP,40,0.25,30,True,70,7867,1464,hindi,ng,member,cluster,238,27.73109243697479
3,v4_40_e25_SP,40,0.25,30,True,70,7867,1464,hindi,ng,prod,sample,238,26.89075630252101
3,v4_40_e25_SP,40,0.25,30,True,70,7867,1464,hindi,ng,prod,person,238,22.6890756302521
3,v4_40_e25_SP,40,0.25,30,True,70,7867,1464,hindi,ng,prod,cluster,238,22.689075630252102
3,v4_40_e25_SP,40,0.25,30,True,70,7867,1464,english,ng,member,sample,480,30.000000000000004
3,v4_40_e25_SP,40,0.25,30,True,70,7867,1464,english,ng,member,person,480,25.0
3,v4_40_e25_SP,40,0.25,30,True,70,7867,1464,english,ng,member,cluster,480,24.583333333333332
3,v4_40_e25_SP,40,0.25,30,True,70,7867,1464,english,ng,prod,sample,480,23.333333333333332
3,v4_40_e25_SP,40,0.25,30,True,70,7867,1464,english,ng,prod,person,480,22.916666666666664
3,v4_40_e25_SP,40,0.25,30,True,70,7867,1464,english,ng,prod,cluster,480,22.5
3,v4_40_e25_SP,40,0.25,30,True,70,7867,1464,english,g,member,sample,480,36.666666666666664
3,v4_40_e25_SP,40,0.25,30,True,70,7867,1464,english,g,member,person,480,34.166666666666664
3,v4_40_e25_SP,40,0.25,30,True,70,7867,1464,english,g,member,cluster,480,35.833333333333336
3,v4_40_e25_SP,40,0.25,30,True,70,7867,1464,english,g,prod,sample,480,35.833333333333336
3,v4_40_e25_SP,40,0.25,30,True,70,7867,1464,english,g,prod,person,480,34.583333333333336
3,v4_40_e25_SP,40,0.25,30,True,70,7867,1464,english,g,prod,cluster,480,37.916666666666664
3,v4_40_e25_SP,40,0.25,30,True,70,7867,1464,v4,ng,member,sample,459,28.947368421052634
3,v4_40_e25_SP,40,0.25,30,True,70,7867,1464,v4,ng,member,person,459,22.368421052631582
3,v4_40_e25_SP,40,0.25,30,True,70,7867,1464,v4,ng,member,cluster,459,24.561403508771928
3,v4_40_e25_SP,40,0.25,30,True,70,7867,1464,v4,ng,prod,sample,459,19.736842105263154
3,v4_40_e25_SP,40,0.25,30,True,70,7867,1464,v4,ng,prod,person,459,17.316017316017316
3,v4_40_e25_SP,40,0.25,30,True,70,7867,1464,v4,ng,prod,cluster,459,17.982456140350877
3,v4_40_e25_SP,40,0.25,30,True,70,7867,1464,v4,g,member,sample,458,35.21739130434783
3,v4_40_e25_SP,40,0.25,30,True,70,7867,1464,v4,g,member,person,458,34.78260869565217
3,v4_40_e25_SP,40,0.25,30,True,70,7867,1464,v4,g,member,cluster,458,35.65217391304348
3,v4_40_e25_SP,40,0.25,30,True,70,7867,1464,v4,g,prod,sample,458,31.14035087719298
3,v4_40_e25_SP,40,0.25,30,True,70,7867,1464,v4,g,prod,person,458,25.65217391304348
3,v4_40_e25_SP,40,0.25,30,True,70,7867,1464,v4,g,prod,cluster,458,23.91304347826087
3,v4_40_e50,40,0.5,60,False,100,11829,1472,urdu,ng,member,sample,240,25.0
3,v4_40_e50,40,0.5,60,False,100,11829,1472,urdu,ng,member,person,240,19.166666666666668
3,v4_40_e50,40,0.5,60,False,100,11829,1472,urdu,ng,member,cluster,240,20.833333333333336
3,v4_40_e50,40,0.5,60,False,100,11829,1472,urdu,ng,prod,sample,240,20.833333333333336
3,v4_40_e50,40,0.5,60,False,100,11829,1472,urdu,ng,prod,person,240,20.833333333333336
3,v4_40_e50,40,0.5,60,False,100,11829,1472,urdu,ng,prod,cluster,240,20.833333333333336
3,v4_40_e50,40,0.5,60,False,100,11829,1472,urdu,g,member,sample,240,37.5
3,v4_40_e50,40,0.5,60,False,100,11829,1472,urdu,g,member,person,240,26.66666666666667
3,v4_40_e50,40,0.5,60,False,100,11829,1472,urdu,g,member,cluster,240,26.666666666666668
3,v4_40_e50,40,0.5,60,False,100,11829,1472,urdu,g,prod,sample,240,38.33333333333333
3,v4_40_e50,40,0.5,60,False,100,11829,1472,urdu,g,prod,person,240,33.333333333333336
3,v4_40_e50,40,0.5,60,False,100,11829,1472,urdu,g,prod,cluster,240,38.33333333333333
3,v4_40_e50,40,0.5,60,False,100,11829,1472,hindi,ng,member,sample,238,28.57142857142857
3,v4_40_e50,40,0.5,60,False,100,11829,1472,hindi,ng,member,person,238,28.57142857142857
3,v4_40_e50,40,0.5,60,False,100,11829,1472,hindi,ng,member,cluster,238,29.411764705882355
3,v4_40_e50,40,0.5,60,False,100,11829,1472,hindi,ng,prod,sample,238,25.210084033613445
3,v4_40_e50,40,0.5,60,False,100,11829,1472,hindi,ng,prod,person,238,21.84873949579832
3,v4_40_e50,40,0.5,60,False,100,11829,1472,hindi,ng,prod,cluster,238,21.84873949579832
3,v4_40_e50,40,0.5,60,False,100,11829,1472,english,ng,member,sample,480,30.416666666666664
3,v4_40_e50,40,0.5,60,False,100,11829,1472,english,ng,member,person,480,23.33333333333333
3,v4_40_e50,40,0.5,60,False,100,11829,1472,english,ng,member,cluster,480,27.083333333333332
3,v4_40_e50,40,0.5,60,False,100,11829,1472,english,ng,prod,sample,480,23.333333333333332
3,v4_40_e50,40,0.5,60,False,100,11829,1472,english,ng,prod,person,480,19.999999999999996
3,v4_40_e50,40,0.5,60,False,100,11829,1472,english,ng,prod,cluster,480,21.666666666666668
3,v4_40_e50,40,0.5,60,False,100,11829,1472,english,g,member,sample,480,38.333333333333336
3,v4_40_e50,40,0.5,60,False,100,11829,1472,english,g,member,person,480,37.5
3,v4_40_e50,40,0.5,60,False,100,11829,1472,english,g,member,cluster,480,40.0
3,v4_40_e50,40,0.5,60,False,100,11829,1472,english,g,prod,sample,480,37.083333333333336
3,v4_40_e50,40,0.5,60,False,100,11829,1472,english,g,prod,person,480,35.0
3,v4_40_e50,40,0.5,60,False,100,11829,1472,english,g,prod,cluster,480,38.333333333333336
3,v4_40_e50,40,0.5,60,False,100,11829,1472,v4,ng,member,sample,459,27.705627705627705
3,v4_40_e50,40,0.5,60,False,100,11829,1472,v4,ng,member,person,459,19.047619047619047
3,v4_40_e50,40,0.5,60,False,100,11829,1472,v4,ng,member,cluster,459,21.645021645021643
3,v4_40_e50,40,0.5,60,False,100,11829,1472,v4,ng,prod,sample,459,17.74891774891775
3,v4_40_e50,40,0.5,60,False,100,11829,1472,v4,ng,prod,person,459,14.285714285714285
3,v4_40_e50,40,0.5,60,False,100,11829,1472,v4,ng,prod,cluster,459,16.450216450216452
3,v4_40_e50,40,0.5,60,False,100,11829,1472,v4,g,member,sample,458,35.65217391304348
3,v4_40_e50,40,0.5,60,False,100,11829,1472,v4,g,member,person,458,29.130434782608695
3,v4_40_e50,40,0.5,60,False,100,11829,1472,v4,g,member,cluster,458,30.434782608695656
3,v4_40_e50,40,0.5,60,False,100,11829,1472,v4,g,prod,sample,458,32.608695652173914
3,v4_40_e50,40,0.5,60,False,100,11829,1472,v4,g,prod,person,458,26.08695652173913
3,v4_40_e50,40,0.5,60,False,100,11829,1472,v4,g,prod,cluster,458,26.521739130434785
3,v4_40_e50_SP,40,0.5,60,True,100,11829,1472,urdu,ng,member,sample,240,25.0
3,v4_40_e50_SP,40,0.5,60,True,100,11829,1472,urdu,ng,member,person,240,19.999999999999996
3,v4_40_e50_SP,40,0.5,60,True,100,11829,1472,urdu,ng,member,cluster,240,20.0
3,v4_40_e50_SP,40,0.5,60,True,100,11829,1472,urdu,ng,prod,sample,240,20.833333333333336
3,v4_40_e50_SP,40,0.5,60,True,100,11829,1472,urdu,ng,prod,person,240,19.999999999999996
3,v4_40_e50_SP,40,0.5,60,True,100,11829,1472,urdu,ng,prod,cluster,240,20.833333333333336
3,v4_40_e50_SP,40,0.5,60,True,100,11829,1472,urdu,g,member,sample,240,37.5
3,v4_40_e50_SP,40,0.5,60,True,100,11829,1472,urdu,g,member,person,240,28.333333333333332
3,v4_40_e50_SP,40,0.5,60,True,100,11829,1472,urdu,g,member,cluster,240,28.333333333333332
3,v4_40_e50_SP,40,0.5,60,True,100,11829,1472,urdu,g,prod,sample,240,38.33333333333333
3,v4_40_e50_SP,40,0.5,60,True,100,11829,1472,urdu,g,prod,person,240,33.333333333333336
3,v4_40_e50_SP,40,0.5,60,True,100,11829,1472,urdu,g,prod,cluster,240,38.33333333333333
3,v4_40_e50_SP,40,0.5,60,True,100,11829,1472,hindi,ng,member,sample,238,30.252100840336134
3,v4_40_e50_SP,40,0.5,60,True,100,11829,1472,hindi,ng,member,person,238,29.411764705882355
3,v4_40_e50_SP,40,0.5,60,True,100,11829,1472,hindi,ng,member,cluster,238,30.252100840336134
3,v4_40_e50_SP,40,0.5,60,True,100,11829,1472,hindi,ng,prod,sample,238,26.050420168067223
3,v4_40_e50_SP,40,0.5,60,True,100,11829,1472,hindi,ng,prod,person,238,21.84873949579832
3,v4_40_e50_SP,40,0.5,60,True,100,11829,1472,hindi,ng,prod,cluster,238,21.008403361344538
3,v4_40_e50_SP,40,0.5,60,True,100,11829,1472,english,ng,member,sample,480,30.000000000000004
3,v4_40_e50_SP,40,0.5,60,True,100,11829,1472,english,ng,member,person,480,23.33333333333333
3,v4_40_e50_SP,40,0.5,60,True,100,11829,1472,english,ng,member,cluster,480,24.583333333333336
3,v4_40_e50_SP,40,0.5,60,True,100,11829,1472,english,ng,prod,sample,480,24.583333333333332
3,v4_40_e50_SP,40,0.5,60,True,100,11829,1472,english,ng,prod,person,480,19.583333333333332
3,v4_40_e50_SP,40,0.5,60,True,100,11829,1472,english,ng,prod,cluster,480,21.666666666666668
3,v4_40_e50_SP,40,0.5,60,True,100,11829,1472,english,g,member,sample,480,38.33333333333333
3,v4_40_e50_SP,40,0.5,60,True,100,11829,1472,english,g,member,person,480,37.5
3,v4_40_e50_SP,40,0.5,60,True,100,11829,1472,english,g,member,cluster,480,37.5
3,v4_40_e50_SP,40,0.5,60,True,100,11829,1472,english,g,prod,sample,480,36.666666666666664
3,v4_40_e50_SP,40,0.5,60,True,100,11829,1472,english,g,prod,person,480,33.75
3,v4_40_e50_SP,40,0.5,60,True,100,11829,1472,english,g,prod,cluster,480,37.083333333333336
3,v4_40_e50_SP,40,0.5,60,True,100,11829,1472,v4,ng,member,sample,459,28.50877192982456
3,v4_40_e50_SP,40,0.5,60,True,100,11829,1472,v4,ng,member,person,459,20.346320346320347
3,v4_40_e50_SP,40,0.5,60,True,100,11829,1472,v4,ng,member,cluster,459,22.51082251082251
3,v4_40_e50_SP,40,0.5,60,True,100,11829,1472,v4,ng,prod,sample,459,17.74891774891775
3,v4_40_e50_SP,40,0.5,60,True,100,11829,1472,v4,ng,prod,person,459,13.852813852813853
3,v4_40_e50_SP,40,0.5,60,True,100,11829,1472,v4,ng,prod,cluster,459,15.584415584415584
3,v4_40_e50_SP,40,0.5,60,True,100,11829,1472,v4,g,member,sample,458,35.65217391304348
3,v4_40_e50_SP,40,0.5,60,True,100,11829,1472,v4,g,member,person,458,30.0
3,v4_40_e50_SP,40,0.5,60,True,100,11829,1472,v4,g,member,cluster,458,33.04347826086956
3,v4_40_e50_SP,40,0.5,60,True,100,11829,1472,v4,g,prod,sample,458,31.14035087719298
3,v4_40_e50_SP,40,0.5,60,True,100,11829,1472,v4,g,prod,person,458,26.08695652173913
3,v4_40_e50_SP,40,0.5,60,True,100,11829,1472,v4,g,prod,cluster,458,26.956521739130434
3,v4_40_e100,40,1.0,121,False,161,19623,1530,urdu,ng,member,sample,240,26.666666666666668
3,v4_40_e100,40,1.0,121,False,161,19623,1530,urdu,ng,member,person,240,20.833333333333336
3,v4_40_e100,40,1.0,121,False,161,19623,1530,urdu,ng,member,cluster,240,24.166666666666668
3,v4_40_e100,40,1.0,121,False,161,19623,1530,urdu,ng,prod,sample,240,21.666666666666668
3,v4_40_e100,40,1.0,121,False,161,19623,1530,urdu,ng,prod,person,240,20.0
3,v4_40_e100,40,1.0,121,False,161,19623,1530,urdu,ng,prod,cluster,240,21.666666666666668
3,v4_40_e100,40,1.0,121,False,161,19623,1530,urdu,g,member,sample,240,34.166666666666664
3,v4_40_e100,40,1.0,121,False,161,19623,1530,urdu,g,member,person,240,33.333333333333336
3,v4_40_e100,40,1.0,121,False,161,19623,1530,urdu,g,member,cluster,240,33.33333333333333
3,v4_40_e100,40,1.0,121,False,161,19623,1530,urdu,g,prod,sample,240,35.833333333333336
3,v4_40_e100,40,1.0,121,False,161,19623,1530,urdu,g,prod,person,240,33.333333333333336
3,v4_40_e100,40,1.0,121,False,161,19623,1530,urdu,g,prod,cluster,240,39.166666666666664
3,v4_40_e100,40,1.0,121,False,161,19623,1530,hindi,ng,member,sample,238,30.252100840336137
3,v4_40_e100,40,1.0,121,False,161,19623,1530,hindi,ng,member,person,238,26.89075630252101
3,v4_40_e100,40,1.0,121,False,161,19623,1530,hindi,ng,member,cluster,238,27.73109243697479
3,v4_40_e100,40,1.0,121,False,161,19623,1530,hindi,ng,prod,sample,238,28.57142857142857
3,v4_40_e100,40,1.0,121,False,161,19623,1530,hindi,ng,prod,person,238,26.890756302521012
3,v4_40_e100,40,1.0,121,False,161,19623,1530,hindi,ng,prod,cluster,238,26.89075630252101
3,v4_40_e100,40,1.0,121,False,161,19623,1530,english,ng,member,sample,480,25.416666666666664
3,v4_40_e100,40,1.0,121,False,161,19623,1530,english,ng,member,person,480,22.083333333333332
3,v4_40_e100,40,1.0,121,False,161,19623,1530,english,ng,member,cluster,480,21.666666666666668
3,v4_40_e100,40,1.0,121,False,161,19623,1530,english,ng,prod,sample,480,22.083333333333332
3,v4_40_e100,40,1.0,121,False,161,19623,1530,english,ng,prod,person,480,19.583333333333332
3,v4_40_e100,40,1.0,121,False,161,19623,1530,english,ng,prod,cluster,480,21.250000000000004
3,v4_40_e100,40,1.0,121,False,161,19623,1530,english,g,member,sample,480,38.33333333333333
3,v4_40_e100,40,1.0,121,False,161,19623,1530,english,g,member,person,480,35.41666666666667
3,v4_40_e100,40,1.0,121,False,161,19623,1530,english,g,member,cluster,480,38.74999999999999
3,v4_40_e100,40,1.0,121,False,161,19623,1530,english,g,prod,sample,480,35.41666666666667
3,v4_40_e100,40,1.0,121,False,161,19623,1530,english,g,prod,person,480,37.5
3,v4_40_e100,40,1.0,121,False,161,19623,1530,english,g,prod,cluster,480,36.25
3,v4_40_e100,40,1.0,121,False,161,19623,1530,v4,ng,member,sample,459,25.541125541125542
3,v4_40_e100,40,1.0,121,False,161,19623,1530,v4,ng,member,person,459,17.543859649122805
3,v4_40_e100,40,1.0,121,False,161,19623,1530,v4,ng,member,cluster,459,18.614718614718615
3,v4_40_e100,40,1.0,121,False,161,19623,1530,v4,ng,prod,sample,459,19.913419913419915
3,v4_40_e100,40,1.0,121,False,161,19623,1530,v4,ng,prod,person,459,13.41991341991342
3,v4_40_e100,40,1.0,121,False,161,19623,1530,v4,ng,prod,cluster,459,13.596491228070173
3,v4_40_e100,40,1.0,121,False,161,19623,1530,v4,g,member,sample,458,32.17391304347826
3,v4_40_e100,40,1.0,121,False,161,19623,1530,v4,g,member,person,458,29.565217391304348
3,v4_40_e100,40,1.0,121,False,161,19623,1530,v4,g,member,cluster,458,31.73913043478261
3,v4_40_e100,40,1.0,121,False,161,19623,1530,v4,g,prod,sample,458,29.565217391304348
3,v4_40_e100,40,1.0,121,False,161,19623,1530,v4,g,prod,person,458,23.043478260869566
3,v4_40_e100,40,1.0,121,False,161,19623,1530,v4,g,prod,cluster,458,23.91304347826087
3,v4_40_e100_SP,40,1.0,121,True,161,19623,1530,urdu,ng,member,sample,240,25.0
3,v4_40_e100_SP,40,1.0,121,True,161,19623,1530,urdu,ng,member,person,240,21.666666666666668
3,v4_40_e100_SP,40,1.0,121,True,161,19623,1530,urdu,ng,member,cluster,240,25.0
3,v4_40_e100_SP,40,1.0,121,True,161,19623,1530,urdu,ng,prod,sample,240,20.833333333333336
3,v4_40_e100_SP,40,1.0,121,True,161,19623,1530,urdu,ng,prod,person,240,19.999999999999996
3,v4_40_e100_SP,40,1.0,121,True,161,19623,1530,urdu,ng,prod,cluster,240,20.833333333333336
3,v4_40_e100_SP,40,1.0,121,True,161,19623,1530,urdu,g,member,sample,240,37.5
3,v4_40_e100_SP,40,1.0,121,True,161,19623,1530,urdu,g,member,person,240,34.166666666666664
3,v4_40_e100_SP,40,1.0,121,True,161,19623,1530,urdu,g,member,cluster,240,32.49999999999999
3,v4_40_e100_SP,40,1.0,121,True,161,19623,1530,urdu,g,prod,sample,240,38.333333333333336
3,v4_40_e100_SP,40,1.0,121,True,161,19623,1530,urdu,g,prod,person,240,34.166666666666664
3,v4_40_e100_SP,40,1.0,121,True,161,19623,1530,urdu,g,prod,cluster,240,36.666666666666664
3,v4_40_e100_SP,40,1.0,121,True,161,19623,1530,hindi,ng,member,sample,238,30.252100840336137
3,v4_40_e100_SP,40,1.0,121,True,161,19623,1530,hindi,ng,member,person,238,26.890756302521012
3,v4_40_e100_SP,40,1.0,121,True,161,19623,1530,hindi,ng,member,cluster,238,27.73109243697479
3,v4_40_e100_SP,40,1.0,121,True,161,19623,1530,hindi,ng,prod,sample,238,28.57142857142857
3,v4_40_e100_SP,40,1.0,121,True,161,19623,1530,hindi,ng,prod,person,238,26.890756302521012
3,v4_40_e100_SP,40,1.0,121,True,161,19623,1530,hindi,ng,prod,cluster,238,26.05042016806723
3,v4_40_e100_SP,40,1.0,121,True,161,19623,1530,english,ng,member,sample,480,26.249999999999996
3,v4_40_e100_SP,40,1.0,121,True,161,19623,1530,english,ng,member,person,480,20.0
3,v4_40_e100_SP,40,1.0,121,True,161,19623,1530,english,ng,member,cluster,480,21.25
3,v4_40_e100_SP,40,1.0,121,True,161,19623,1530,english,ng,prod,sample,480,21.666666666666668
3,v4_40_e100_SP,40,1.0,121,True,161,19623,1530,english,ng,prod,person,480,18.75
3,v4_40_e100_SP,40,1.0,121,True,161,19623,1530,english,ng,prod,cluster,480,21.666666666666668
3,v4_40_e100_SP,40,1.0,121,True,161,19623,1530,english,g,member,sample,480,37.083333333333336
3,v4_40_e100_SP,40,1.0,121,True,161,19623,1530,english,g,member,person,480,36.25
3,v4_40_e100_SP,40,1.0,121,True,161,19623,1530,english,g,member,cluster,480,38.74999999999999
3,v4_40_e100_SP,40,1.0,121,True,161,19623,1530,english,g,prod,sample,480,35.41666666666667
3,v4_40_e100_SP,40,1.0,121,True,161,19623,1530,english,g,prod,person,480,37.916666666666664
3,v4_40_e100_SP,40,1.0,121,True,161,19623,1530,english,g,prod,cluster,480,37.083333333333336
3,v4_40_e100_SP,40,1.0,121,True,161,19623,1530,v4,ng,member,sample,459,26.406926406926406
3,v4_40_e100_SP,40,1.0,121,True,161,19623,1530,v4,ng,member,person,459,18.614718614718615
3,v4_40_e100_SP,40,1.0,121,True,161,19623,1530,v4,ng,member,cluster,459,20.614035087719294
3,v4_40_e100_SP,40,1.0,121,True,161,19623,1530,v4,ng,prod,sample,459,19.047619047619047
3,v4_40_e100_SP,40,1.0,121,True,161,19623,1530,v4,ng,prod,person,459,14.035087719298245
3,v4_40_e100_SP,40,1.0,121,True,161,19623,1530,v4,ng,prod,cluster,459,14.71861471861472
3,v4_40_e100_SP,40,1.0,121,True,161,19623,1530,v4,g,member,sample,458,32.45614035087719
3,v4_40_e100_SP,40,1.0,121,True,161,19623,1530,v4,g,member,person,458,31.14035087719298
3,v4_40_e100_SP,40,1.0,121,True,161,19623,1530,v4,g,member,cluster,458,32.608695652173914
3,v4_40_e100_SP,40,1.0,121,True,161,19623,1530,v4,g,prod,sample,458,28.947368421052634
3,v4_40_e100_SP,40,1.0,121,True,161,19623,1530,v4,g,prod,person,458,23.684210526315784
3,v4_40_e100_SP,40,1.0,121,True,161,19623,1530,v4,g,prod,cluster,458,24.347826086956523
4,v4_10,10,0.0,0,False,10,1114,1496,urdu,ng,member,sample,208,55.769230769230774
4,v4_10,10,0.0,0,False,10,1114,1496,urdu,ng,member,person,208,50.0
4,v4_10,10,0.0,0,False,10,1114,1496,urdu,ng,member,cluster,208,48.07692307692308
4,v4_10,10,0.0,0,False,10,1114,1496,urdu,ng,prod,sample,208,38.46153846153847
4,v4_10,10,0.0,0,False,10,1114,1496,urdu,ng,prod,person,208,23.076923076923073
4,v4_10,10,0.0,0,False,10,1114,1496,urdu,ng,prod,cluster,208,24.03846153846154
4,v4_10,10,0.0,0,False,10,1114,1496,urdu,g,member,sample,208,47.11538461538461
4,v4_10,10,0.0,0,False,10,1114,1496,urdu,g,member,person,208,46.15384615384615
4,v4_10,10,0.0,0,False,10,1114,1496,urdu,g,member,cluster,208,46.15384615384615
4,v4_10,10,0.0,0,False,10,1114,1496,urdu,g,prod,sample,208,33.65384615384615
4,v4_10,10,0.0,0,False,10,1114,1496,urdu,g,prod,person,208,34.61538461538461
4,v4_10,10,0.0,0,False,10,1114,1496,urdu,g,prod,cluster,208,35.57692307692308
4,v4_10,10,0.0,0,False,10,1114,1496,hindi,ng,member,sample,240,49.586776859504134
4,v4_10,10,0.0,0,False,10,1114,1496,hindi,ng,member,person,240,49.586776859504134
4,v4_10,10,0.0,0,False,10,1114,1496,hindi,ng,member,cluster,240,50.413223140495866
4,v4_10,10,0.0,0,False,10,1114,1496,hindi,ng,prod,sample,240,33.61344537815126
4,v4_10,10,0.0,0,False,10,1114,1496,hindi,ng,prod,person,240,28.92561983471074
4,v4_10,10,0.0,0,False,10,1114,1496,hindi,ng,prod,cluster,240,31.932773109243694
4,v4_10,10,0.0,0,False,10,1114,1496,english,ng,member,sample,480,48.33333333333333
4,v4_10,10,0.0,0,False,10,1114,1496,english,ng,member,person,480,46.666666666666664
4,v4_10,10,0.0,0,False,10,1114,1496,english,ng,member,cluster,480,44.99999999999999
4,v4_10,10,0.0,0,False,10,1114,1496,english,ng,prod,sample,480,34.166666666666664
4,v4_10,10,0.0,0,False,10,1114,1496,english,ng,prod,person,480,25.416666666666664
4,v4_10,10,0.0,0,False,10,1114,1496,english,ng,prod,cluster,480,25.416666666666664
4,v4_10,10,0.0,0,False,10,1114,1496,english,g,member,sample,480,45.416666666666664
4,v4_10,10,0.0,0,False,10,1114,1496,english,g,member,person,480,48.75
4,v4_10,10,0.0,0,False,10,1114,1496,english,g,member,cluster,480,45.0
4,v4_10,10,0.0,0,False,10,1114,1496,english,g,prod,sample,480,37.916666666666664
4,v4_10,10,0.0,0,False,10,1114,1496,english,g,prod,person,480,40.0
4,v4_10,10,0.0,0,False,10,1114,1496,english,g,prod,cluster,480,39.58333333333333
4,v4_10,10,0.0,0,False,10,1114,1496,v4,ng,member,sample,430,46.009389671361504
4,v4_10,10,0.0,0,False,10,1114,1496,v4,ng,member,person,430,45.070422535211264
4,v4_10,10,0.0,0,False,10,1114,1496,v4,ng,member,cluster,430,43.31797235023041
4,v4_10,10,0.0,0,False,10,1114,1496,v4,ng,prod,sample,430,29.5774647887324
4,v4_10,10,0.0,0,False,10,1114,1496,v4,ng,prod,person,430,23.502304147465438
4,v4_10,10,0.0,0,False,10,1114,1496,v4,ng,prod,cluster,430,27.23004694835681
4,v4_10,10,0.0,0,False,10,1114,1496,v4,g,member,sample,430,50.23041474654379
4,v4_10,10,0.0,0,False,10,1114,1496,v4,g,member,person,430,51.1737089201878
4,v4_10,10,0.0,0,False,10,1114,1496,v4,g,member,cluster,430,51.61290322580645
4,v4_10,10,0.0,0,False,10,1114,1496,v4,g,prod,sample,430,37.78801843317972
4,v4_10,10,0.0,0,False,10,1114,1496,v4,g,prod,person,430,31.797235023041477
4,v4_10,10,0.0,0,False,10,1114,1496,v4,g,prod,cluster,430,34.56221198156682
4,v4_10_SP,10,0.0,0,True,10,1114,1496,urdu,ng,member,sample,208,55.769230769230774
4,v4_10_SP,10,0.0,0,True,10,1114,1496,urdu,ng,member,person,208,48.07692307692308
4,v4_10_SP,10,0.0,0,True,10,1114,1496,urdu,ng,member,cluster,208,49.03846153846153
4,v4_10_SP,10,0.0,0,True,10,1114,1496,urdu,ng,prod,sample,208,37.5
4,v4_10_SP,10,0.0,0,True,10,1114,1496,urdu,ng,prod,person,208,23.076923076923073
4,v4_10_SP,10,0.0,0,True,10,1114,1496,urdu,ng,prod,cluster,208,24.03846153846154
4,v4_10_SP,10,0.0,0,True,10,1114,1496,urdu,g,member,sample,208,46.15384615384615
4,v4_10_SP,10,0.0,0,True,10,1114,1496,urdu,g,member,person,208,48.07692307692308
4,v4_10_SP,10,0.0,0,True,10,1114,1496,urdu,g,member,cluster,208,46.15384615384615
4,v4_10_SP,10,0.0,0,True,10,1114,1496,urdu,g,prod,sample,208,31.73076923076923
4,v4_10_SP,10,0.0,0,True,10,1114,1496,urdu,g,prod,person,208,29.807692307692307
4,v4_10_SP,10,0.0,0,True,10,1114,1496,urdu,g,prod,cluster,208,30.76923076923077
4,v4_10_SP,10,0.0,0,True,10,1114,1496,hindi,ng,member,sample,240,50.413223140495866
4,v4_10_SP,10,0.0,0,True,10,1114,1496,hindi,ng,member,person,240,48.760330578512395
4,v4_10_SP,10,0.0,0,True,10,1114,1496,hindi,ng,member,cluster,240,51.2396694214876
4,v4_10_SP,10,0.0,0,True,10,1114,1496,hindi,ng,prod,sample,240,33.88429752066116
4,v4_10_SP,10,0.0,0,True,10,1114,1496,hindi,ng,prod,person,240,27.73109243697479
4,v4_10_SP,10,0.0,0,True,10,1114,1496,hindi,ng,prod,cluster,240,29.75206611570248
4,v4_10_SP,10,0.0,0,True,10,1114,1496,english,ng,member,sample,480,47.083333333333336
4,v4_10_SP,10,0.0,0,True,10,1114,1496,english,ng,member,person,480,50.0
4,v4_10_SP,10,0.0,0,True,10,1114,1496,english,ng,member,cluster,480,48.75
4,v4_10_SP,10,0.0,0,True,10,1114,1496,english,ng,prod,sample,480,33.75
4,v4_10_SP,10,0.0,0,True,10,1114,1496,english,ng,prod,person,480,26.25
4,v4_10_SP,10,0.0,0,True,10,1114,1496,english,ng,prod,cluster,480,26.25
4,v4_10_SP,10,0.0,0,True,10,1114,1496,english,g,member,sample,480,46.25
4,v4_10_SP,10,0.0,0,True,10,1114,1496,english,g,member,person,480,50.0
4,v4_10_SP,10,0.0,0,True,10,1114,1496,english,g,member,cluster,480,47.91666666666667
4,v4_10_SP,10,0.0,0,True,10,1114,1496,english,g,prod,sample,480,37.916666666666664
4,v4_10_SP,10,0.0,0,True,10,1114,1496,english,g,prod,person,480,39.166666666666664
4,v4_10_SP,10,0.0,0,True,10,1114,1496,english,g,prod,cluster,480,38.33333333333333
4,v4_10_SP,10,0.0,0,True,10,1114,1496,v4,ng,member,sample,430,44.23963133640553
4,v4_10_SP,10,0.0,0,True,10,1114,1496,v4,ng,member,person,430,46.08294930875576
4,v4_10_SP,10,0.0,0,True,10,1114,1496,v4,ng,member,cluster,430,45.16129032258064
4,v4_10_SP,10,0.0,0,True,10,1114,1496,v4,ng,prod,sample,430,29.953917050691242
4,v4_10_SP,10,0.0,0,True,10,1114,1496,v4,ng,prod,person,430,25.82159624413145
4,v4_10_SP,10,0.0,0,True,10,1114,1496,v4,ng,prod,cluster,430,27.23004694835681
4,v4_10_SP,10,0.0,0,True,10,1114,1496,v4,g,member,sample,430,50.23041474654379
4,v4_10_SP,10,0.0,0,True,10,1114,1496,v4,g,member,person,430,52.07373271889401
4,v4_10_SP,10,0.0,0,True,10,1114,1496,v4,g,member,cluster,430,51.61290322580645
4,v4_10_SP,10,0.0,0,True,10,1114,1496,v4,g,prod,sample,430,38.02816901408451
4,v4_10_SP,10,0.0,0,True,10,1114,1496,v4,g,prod,person,430,31.336405529953915
4,v4_10_SP,10,0.0,0,True,10,1114,1496,v4,g,prod,cluster,430,34.10138248847927
4,v4_20,20,0.0,0,False,20,1892,1508,urdu,ng,member,sample,208,42.307692307692314
4,v4_20,20,0.0,0,False,20,1892,1508,urdu,ng,member,person,208,30.76923076923077
4,v4_20,20,0.0,0,False,20,1892,1508,urdu,ng,member,cluster,208,32.692307692307686
4,v4_20,20,0.0,0,False,20,1892,1508,urdu,ng,prod,sample,208,26.923076923076927
4,v4_20,20,0.0,0,False,20,1892,1508,urdu,ng,prod,person,208,19.230769230769234
4,v4_20,20,0.0,0,False,20,1892,1508,urdu,ng,prod,cluster,208,19.230769230769234
4,v4_20,20,0.0,0,False,20,1892,1508,urdu,g,member,sample,208,31.73076923076923
4,v4_20,20,0.0,0,False,20,1892,1508,urdu,g,member,person,208,30.76923076923077
4,v4_20,20,0.0,0,False,20,1892,1508,urdu,g,member,cluster,208,30.76923076923077
4,v4_20,20,0.0,0,False,20,1892,1508,urdu,g,prod,sample,208,32.692307692307686
4,v4_20,20,0.0,0,False,20,1892,1508,urdu,g,prod,person,208,23.076923076923073
4,v4_20,20,0.0,0,False,20,1892,1508,urdu,g,prod,cluster,208,23.076923076923073
4,v4_20,20,0.0,0,False,20,1892,1508,hindi,ng,member,sample,240,31.932773109243694
4,v4_20,20,0.0,0,False,20,1892,1508,hindi,ng,member,person,240,33.88429752066116
4,v4_20,20,0.0,0,False,20,1892,1508,hindi,ng,member,cluster,240,30.252100840336137
4,v4_20,20,0.0,0,False,20,1892,1508,hindi,ng,prod,sample,240,26.446280991735538
4,v4_20,20,0.0,0,False,20,1892,1508,hindi,ng,prod,person,240,24.793388429752067
4,v4_20,20,0.0,0,False,20,1892,1508,hindi,ng,prod,cluster,240,23.96694214876033
4,v4_20,20,0.0,0,False,20,1892,1508,english,ng,member,sample,480,38.33333333333333
4,v4_20,20,0.0,0,False,20,1892,1508,english,ng,member,person,480,33.33333333333333
4,v4_20,20,0.0,0,False,20,1892,1508,english,ng,member,cluster,480,34.166666666666664
4,v4_20,20,0.0,0,False,20,1892,1508,english,ng,prod,sample,480,25.83333333333333
4,v4_20,20,0.0,0,False,20,1892,1508,english,ng,prod,person,480,24.166666666666668
4,v4_20,20,0.0,0,False,20,1892,1508,english,ng,prod,cluster,480,24.583333333333336
4,v4_20,20,0.0,0,False,20,1892,1508,english,g,member,sample,480,47.083333333333336
4,v4_20,20,0.0,0,False,20,1892,1508,english,g,member,person,480,50.0
4,v4_20,20,0.0,0,False,20,1892,1508,english,g,member,cluster,480,49.16666666666667
4,v4_20,20,0.0,0,False,20,1892,1508,english,g,prod,sample,480,43.75
4,v4_20,20,0.0,0,False,20,1892,1508,english,g,prod,person,480,42.5
4,v4_20,20,0.0,0,False,20,1892,1508,english,g,prod,cluster,480,42.916666666666664
4,v4_20,20,0.0,0,False,20,1892,1508,v4,ng,member,sample,430,36.405529953917046
4,v4_20,20,0.0,0,False,20,1892,1508,v4,ng,member,person,430,34.56221198156682
4,v4_20,20,0.0,0,False,20,1892,1508,v4,ng,member,cluster,430,35.483870967741936
4,v4_20,20,0.0,0,False,20,1892,1508,v4,ng,prod,sample,430,24.882629107981224
4,v4_20,20,0.0,0,False,20,1892,1508,v4,ng,prod,person,430,17.050691244239633
4,v4_20,20,0.0,0,False,20,1892,1508,v4,ng,prod,cluster,430,21.19815668202765
4,v4_20,20,0.0,0,False,20,1892,1508,v4,g,member,sample,430,42.857142857142854
4,v4_20,20,0.0,0,False,20,1892,1508,v4,g,member,person,430,46.948356807511736
4,v4_20,20,0.0,0,False,20,1892,1508,v4,g,member,cluster,430,41.78403755868545
4,v4_20,20,0.0,0,False,20,1892,1508,v4,g,prod,sample,430,38.24884792626728
4,v4_20,20,0.0,0,False,20,1892,1508,v4,g,prod,person,430,31.336405529953915
4,v4_20,20,0.0,0,False,20,1892,1508,v4,g,prod,cluster,430,32.3943661971831
4,v4_20_SP,20,0.0,0,True,20,1892,1508,urdu,ng,member,sample,208,40.38461538461539
4,v4_20_SP,20,0.0,0,True,20,1892,1508,urdu,ng,member,person,208,32.69230769230769
4,v4_20_SP,20,0.0,0,True,20,1892,1508,urdu,ng,member,cluster,208,32.692307692307686
4,v4_20_SP,20,0.0,0,True,20,1892,1508,urdu,ng,prod,sample,208,25.961538461538463
4,v4_20_SP,20,0.0,0,True,20,1892,1508,urdu,ng,prod,person,208,19.230769230769234
4,v4_20_SP,20,0.0,0,True,20,1892,1508,urdu,ng,prod,cluster,208,19.230769230769234
4,v4_20_SP,20,0.0,0,True,20,1892,1508,urdu,g,member,sample,208,31.73076923076923
4,v4_20_SP,20,0.0,0,True,20,1892,1508,urdu,g,member,person,208,30.76923076923077
4,v4_20_SP,20,0.0,0,True,20,1892,1508,urdu,g,member,cluster,208,29.807692307692307
4,v4_20_SP,20,0.0,0,True,20,1892,1508,urdu,g,prod,sample,208,32.692307692307686
4,v4_20_SP,20,0.0,0,True,20,1892,1508,urdu,g,prod,person,208,23.076923076923073
4,v4_20_SP,20,0.0,0,True,20,1892,1508,urdu,g,prod,cluster,208,23.076923076923073
4,v4_20_SP,20,0.0,0,True,20,1892,1508,hindi,ng,member,sample,240,31.40495867768595
4,v4_20_SP,20,0.0,0,True,20,1892,1508,hindi,ng,member,person,240,34.45378151260504
4,v4_20_SP,20,0.0,0,True,20,1892,1508,hindi,ng,member,cluster,240,30.252100840336137
4,v4_20_SP,20,0.0,0,True,20,1892,1508,hindi,ng,prod,sample,240,27.73109243697479
4,v4_20_SP,20,0.0,0,True,20,1892,1508,hindi,ng,prod,person,240,23.96694214876033
4,v4_20_SP,20,0.0,0,True,20,1892,1508,hindi,ng,prod,cluster,240,23.140495867768596
4,v4_20_SP,20,0.0,0,True,20,1892,1508,english,ng,member,sample,480,37.5
4,v4_20_SP,20,0.0,0,True,20,1892,1508,english,ng,member,person,480,34.583333333333336
4,v4_20_SP,20,0.0,0,True,20,1892,1508,english,ng,member,cluster,480,34.583333333333336
4,v4_20_SP,20,0.0,0,True,20,1892,1508,english,ng,prod,sample,480,25.833333333333336
4,v4_20_SP,20,0.0,0,True,20,1892,1508,english,ng,prod,person,480,23.75
4,v4_20_SP,20,0.0,0,True,20,1892,1508,english,ng,prod,cluster,480,24.583333333333332
4,v4_20_SP,20,0.0,0,True,20,1892,1508,english,g,member,sample,480,47.916666666666664
4,v4_20_SP,20,0.0,0,True,20,1892,1508,english,g,member,person,480,48.75
4,v4_20_SP,20,0.0,0,True,20,1892,1508,english,g,member,cluster,480,51.24999999999999
4,v4_20_SP,20,0.0,0,True,20,1892,1508,english,g,prod,sample,480,44.166666666666664
4,v4_20_SP,20,0.0,0,True,20,1892,1508,english,g,prod,person,480,41.66666666666667
4,v4_20_SP,20,0.0,0,True,20,1892,1508,english,g,prod,cluster,480,42.5
4,v4_20_SP,20,0.0,0,True,20,1892,1508,v4,ng,member,sample,430,37.558685446009385
4,v4_20_SP,20,0.0,0,True,20,1892,1508,v4,ng,member,person,430,35.68075117370893
4,v4_20_SP,20,0.0,0,True,20,1892,1508,v4,ng,member,cluster,430,36.61971830985915
4,v4_20_SP,20,0.0,0,True,20,1892,1508,v4,ng,prod,sample,430,25.82159624413145
4,v4_20_SP,20,0.0,0,True,20,1892,1508,v4,ng,prod,person,430,17.51152073732719
4,v4_20_SP,20,0.0,0,True,20,1892,1508,v4,ng,prod,cluster,430,22.119815668202765
4,v4_20_SP,20,0.0,0,True,20,1892,1508,v4,g,member,sample,430,43.31797235023041
4,v4_20_SP,20,0.0,0,True,20,1892,1508,v4,g,member,person,430,46.948356807511736
4,v4_20_SP,20,0.0,0,True,20,1892,1508,v4,g,member,cluster,430,43.77880184331797
4,v4_20_SP,20,0.0,0,True,20,1892,1508,v4,g,prod,sample,430,37.78801843317972
4,v4_20_SP,20,0.0,0,True,20,1892,1508,v4,g,prod,person,430,31.455399061032864
4,v4_20_SP,20,0.0,0,True,20,1892,1508,v4,g,prod,cluster,430,33.6405529953917
4,v4_30,30,0.0,0,False,30,2934,1485,urdu,ng,member,sample,208,37.5
4,v4_30,30,0.0,0,False,30,2934,1485,urdu,ng,member,person,208,26.923076923076923
4,v4_30,30,0.0,0,False,30,2934,1485,urdu,ng,member,cluster,208,27.884615384615387
4,v4_30,30,0.0,0,False,30,2934,1485,urdu,ng,prod,sample,208,24.03846153846154
4,v4_30,30,0.0,0,False,30,2934,1485,urdu,ng,prod,person,208,17.307692307692307
4,v4_30,30,0.0,0,False,30,2934,1485,urdu,ng,prod,cluster,208,17.307692307692314
4,v4_30,30,0.0,0,False,30,2934,1485,urdu,g,member,sample,208,38.46153846153846
4,v4_30,30,0.0,0,False,30,2934,1485,urdu,g,member,person,208,33.65384615384615
4,v4_30,30,0.0,0,False,30,2934,1485,urdu,g,member,cluster,208,32.69230769230769
4,v4_30,30,0.0,0,False,30,2934,1485,urdu,g,prod,sample,208,34.61538461538461
4,v4_30,30,0.0,0,False,30,2934,1485,urdu,g,prod,person,208,24.03846153846154
4,v4_30,30,0.0,0,False,30,2934,1485,urdu,g,prod,cluster,208,24.03846153846154
4,v4_30,30,0.0,0,False,30,2934,1485,hindi,ng,member,sample,240,30.252100840336137
4,v4_30,30,0.0,0,False,30,2934,1485,hindi,ng,member,person,240,25.6198347107438
4,v4_30,30,0.0,0,False,30,2934,1485,hindi,ng,member,cluster,240,28.09917355371901
4,v4_30,30,0.0,0,False,30,2934,1485,hindi,ng,prod,sample,240,25.6198347107438
4,v4_30,30,0.0,0,False,30,2934,1485,hindi,ng,prod,person,240,22.31404958677686
4,v4_30,30,0.0,0,False,30,2934,1485,hindi,ng,prod,cluster,240,23.529411764705888
4,v4_30,30,0.0,0,False,30,2934,1485,english,ng,member,sample,480,33.75
4,v4_30,30,0.0,0,False,30,2934,1485,english,ng,member,person,480,33.333333333333336
4,v4_30,30,0.0,0,False,30,2934,1485,english,ng,member,cluster,480,32.916666666666664
4,v4_30,30,0.0,0,False,30,2934,1485,english,ng,prod,sample,480,25.833333333333336
4,v4_30,30,0.0,0,False,30,2934,1485,english,ng,prod,person,480,23.33333333333333
4,v4_30,30,0.0,0,False,30,2934,1485,english,ng,prod,cluster,480,22.916666666666664
4,v4_30,30,0.0,0,False,30,2934,1485,english,g,member,sample,480,42.50000000000001
4,v4_30,30,0.0,0,False,30,2934,1485,english,g,member,person,480,40.833333333333336
4,v4_30,30,0.0,0,False,30,2934,1485,english,g,member,cluster,480,42.083333333333336
4,v4_30,30,0.0,0,False,30,2934,1485,english,g,prod,sample,480,37.083333333333336
4,v4_30,30,0.0,0,False,30,2934,1485,english,g,prod,person,480,36.666666666666664
4,v4_30,30,0.0,0,False,30,2934,1485,english,g,prod,cluster,480,34.583333333333336
4,v4_30,30,0.0,0,False,30,2934,1485,v4,ng,member,sample,430,33.17972350230415
4,v4_30,30,0.0,0,False,30,2934,1485,v4,ng,member,person,430,22.58064516129032
4,v4_30,30,0.0,0,False,30,2934,1485,v4,ng,member,cluster,430,24.882629107981224
4,v4_30,30,0.0,0,False,30,2934,1485,v4,ng,prod,sample,430,25.806451612903224
4,v4_30,30,0.0,0,False,30,2934,1485,v4,ng,prod,person,430,18.7793427230047
4,v4_30,30,0.0,0,False,30,2934,1485,v4,ng,prod,cluster,430,21.5962441314554
4,v4_30,30,0.0,0,False,30,2934,1485,v4,g,member,sample,430,43.31797235023041
4,v4_30,30,0.0,0,False,30,2934,1485,v4,g,member,person,430,37.558685446009385
4,v4_30,30,0.0,0,False,30,2934,1485,v4,g,member,cluster,430,38.70967741935484
4,v4_30,30,0.0,0,False,30,2934,1485,v4,g,prod,sample,430,38.24884792626728
4,v4_30,30,0.0,0,False,30,2934,1485,v4,g,prod,person,430,35.944700460829495
4,v4_30,30,0.0,0,False,30,2934,1485,v4,g,prod,cluster,430,32.25806451612903
4,v4_30_SP,30,0.0,0,True,30,2934,1485,urdu,ng,member,sample,208,36.53846153846154
4,v4_30_SP,30,0.0,0,True,30,2934,1485,urdu,ng,member,person,208,20.192307692307686
4,v4_30_SP,30,0.0,0,True,30,2934,1485,urdu,ng,member,cluster,208,21.153846153846153
4,v4_30_SP,30,0.0,0,True,30,2934,1485,urdu,ng,prod,sample,208,23.076923076923073
4,v4_30_SP,30,0.0,0,True,30,2934,1485,urdu,ng,prod,person,208,19.230769230769234
4,v4_30_SP,30,0.0,0,True,30,2934,1485,urdu,ng,prod,cluster,208,17.307692307692314
4,v4_30_SP,30,0.0,0,True,30,2934,1485,urdu,g,member,sample,208,36.53846153846154
4,v4_30_SP,30,0.0,0,True,30,2934,1485,urdu,g,member,person,208,32.69230769230769
4,v4_30_SP,30,0.0,0,True,30,2934,1485,urdu,g,member,cluster,208,30.76923076923077
4,v4_30_SP,30,0.0,0,True,30,2934,1485,urdu,g,prod,sample,208,34.61538461538461
4,v4_30_SP,30,0.0,0,True,30,2934,1485,urdu,g,prod,person,208,24.03846153846154
4,v4_30_SP,30,0.0,0,True,30,2934,1485,urdu,g,prod,cluster,208,24.03846153846154
4,v4_30_SP,30,0.0,0,True,30,2934,1485,hindi,ng,member,sample,240,30.252100840336137
4,v4_30_SP,30,0.0,0,True,30,2934,1485,hindi,ng,member,person,240,26.446280991735538
4,v4_30_SP,30,0.0,0,True,30,2934,1485,hindi,ng,member,cluster,240,26.890756302521012
4,v4_30_SP,30,0.0,0,True,30,2934,1485,hindi,ng,prod,sample,240,25.6198347107438
4,v4_30_SP,30,0.0,0,True,30,2934,1485,hindi,ng,prod,person,240,22.31404958677686
4,v4_30_SP,30,0.0,0,True,30,2934,1485,hindi,ng,prod,cluster,240,23.96694214876033
4,v4_30_SP,30,0.0,0,True,30,2934,1485,english,ng,member,sample,480,34.166666666666664
4,v4_30_SP,30,0.0,0,True,30,2934,1485,english,ng,member,person,480,33.333333333333336
4,v4_30_SP,30,0.0,0,True,30,2934,1485,english,ng,member,cluster,480,32.5
4,v4_30_SP,30,0.0,0,True,30,2934,1485,english,ng,prod,sample,480,25.83333333333333
4,v4_30_SP,30,0.0,0,True,30,2934,1485,english,ng,prod,person,480,23.33333333333333
4,v4_30_SP,30,0.0,0,True,30,2934,1485,english,ng,prod,cluster,480,23.333333333333332
4,v4_30_SP,30,0.0,0,True,30,2934,1485,english,g,member,sample,480,41.25
4,v4_30_SP,30,0.0,0,True,30,2934,1485,english,g,member,person,480,43.333333333333336
4,v4_30_SP,30,0.0,0,True,30,2934,1485,english,g,member,cluster,480,45.416666666666664
4,v4_30_SP,30,0.0,0,True,30,2934,1485,english,g,prod,sample,480,37.5
4,v4_30_SP,30,0.0,0,True,30,2934,1485,english,g,prod,person,480,36.666666666666664
4,v4_30_SP,30,0.0,0,True,30,2934,1485,english,g,prod,cluster,480,34.583333333333336
4,v4_30_SP,30,0.0,0,True,30,2934,1485,v4,ng,member,sample,430,33.17972350230415
4,v4_30_SP,30,0.0,0,True,30,2934,1485,v4,ng,member,person,430,23.04147465437788
4,v4_30_SP,30,0.0,0,True,30,2934,1485,v4,ng,member,cluster,430,25.34562211981567
4,v4_30_SP,30,0.0,0,True,30,2934,1485,v4,ng,prod,sample,430,24.88479262672811
4,v4_30_SP,30,0.0,0,True,30,2934,1485,v4,ng,prod,person,430,18.7793427230047
4,v4_30_SP,30,0.0,0,True,30,2934,1485,v4,ng,prod,cluster,430,21.5962441314554
4,v4_30_SP,30,0.0,0,True,30,2934,1485,v4,g,member,sample,430,42.3963133640553
4,v4_30_SP,30,0.0,0,True,30,2934,1485,v4,g,member,person,430,37.558685446009385
4,v4_30_SP,30,0.0,0,True,30,2934,1485,v4,g,member,cluster,430,39.63133640552996
4,v4_30_SP,30,0.0,0,True,30,2934,1485,v4,g,prod,sample,430,38.24884792626728
4,v4_30_SP,30,0.0,0,True,30,2934,1485,v4,g,prod,person,430,36.405529953917046
4,v4_30_SP,30,0.0,0,True,30,2934,1485,v4,g,prod,cluster,430,33.17972350230415
4,v4_40,40,0.0,0,False,40,3857,1500,urdu,ng,member,sample,208,33.65384615384615
4,v4_40,40,0.0,0,False,40,3857,1500,urdu,ng,member,person,208,15.384615384615385
4,v4_40,40,0.0,0,False,40,3857,1500,urdu,ng,member,cluster,208,19.23076923076923
4,v4_40,40,0.0,0,False,40,3857,1500,urdu,ng,prod,sample,208,25.0
4,v4_40,40,0.0,0,False,40,3857,1500,urdu,ng,prod,person,208,17.307692307692307
4,v4_40,40,0.0,0,False,40,3857,1500,urdu,ng,prod,cluster,208,19.23076923076923
4,v4_40,40,0.0,0,False,40,3857,1500,urdu,g,member,sample,208,29.807692307692307
4,v4_40,40,0.0,0,False,40,3857,1500,urdu,g,member,person,208,22.115384615384613
4,v4_40,40,0.0,0,False,40,3857,1500,urdu,g,member,cluster,208,23.076923076923073
4,v4_40,40,0.0,0,False,40,3857,1500,urdu,g,prod,sample,208,32.692307692307686
4,v4_40,40,0.0,0,False,40,3857,1500,urdu,g,prod,person,208,18.269230769230766
4,v4_40,40,0.0,0,False,40,3857,1500,urdu,g,prod,cluster,208,18.269230769230766
4,v4_40,40,0.0,0,False,40,3857,1500,hindi,ng,member,sample,240,31.40495867768595
4,v4_40,40,0.0,0,False,40,3857,1500,hindi,ng,member,person,240,26.446280991735538
4,v4_40,40,0.0,0,False,40,3857,1500,hindi,ng,member,cluster,240,28.57142857142857
4,v4_40,40,0.0,0,False,40,3857,1500,hindi,ng,prod,sample,240,25.6198347107438
4,v4_40,40,0.0,0,False,40,3857,1500,hindi,ng,prod,person,240,23.140495867768596
4,v4_40,40,0.0,0,False,40,3857,1500,hindi,ng,prod,cluster,240,23.96694214876033
4,v4_40,40,0.0,0,False,40,3857,1500,english,ng,member,sample,480,30.41666666666667
4,v4_40,40,0.0,0,False,40,3857,1500,english,ng,member,person,480,25.0
4,v4_40,40,0.0,0,False,40,3857,1500,english,ng,member,cluster,480,24.583333333333332
4,v4_40,40,0.0,0,False,40,3857,1500,english,ng,prod,sample,480,25.416666666666664
4,v4_40,40,0.0,0,False,40,3857,1500,english,ng,prod,person,480,20.0
4,v4_40,40,0.0,0,False,40,3857,1500,english,ng,prod,cluster,480,19.999999999999996
4,v4_40,40,0.0,0,False,40,3857,1500,english,g,member,sample,480,39.58333333333333
4,v4_40,40,0.0,0,False,40,3857,1500,english,g,member,person,480,39.166666666666664
4,v4_40,40,0.0,0,False,40,3857,1500,english,g,member,cluster,480,37.083333333333336
4,v4_40,40,0.0,0,False,40,3857,1500,english,g,prod,sample,480,35.416666666666664
4,v4_40,40,0.0,0,False,40,3857,1500,english,g,prod,person,480,34.166666666666664
4,v4_40,40,0.0,0,False,40,3857,1500,english,g,prod,cluster,480,34.583333333333336
4,v4_40,40,0.0,0,False,40,3857,1500,v4,ng,member,sample,430,30.414746543778804
4,v4_40,40,0.0,0,False,40,3857,1500,v4,ng,member,person,430,19.81566820276498
4,v4_40,40,0.0,0,False,40,3857,1500,v4,ng,member,cluster,430,22.065727699530512
4,v4_40,40,0.0,0,False,40,3857,1500,v4,ng,prod,sample,430,23.04147465437788
4,v4_40,40,0.0,0,False,40,3857,1500,v4,ng,prod,person,430,15.668202764976957
4,v4_40,40,0.0,0,False,40,3857,1500,v4,ng,prod,cluster,430,18.89400921658986
4,v4_40,40,0.0,0,False,40,3857,1500,v4,g,member,sample,430,37.558685446009385
4,v4_40,40,0.0,0,False,40,3857,1500,v4,g,member,person,430,33.80281690140845
4,v4_40,40,0.0,0,False,40,3857,1500,v4,g,member,cluster,430,35.02304147465438
4,v4_40,40,0.0,0,False,40,3857,1500,v4,g,prod,sample,430,37.08920187793427
4,v4_40,40,0.0,0,False,40,3857,1500,v4,g,prod,person,430,29.03225806451613
4,v4_40,40,0.0,0,False,40,3857,1500,v4,g,prod,cluster,430,29.03225806451613
4,v4_40_SP,40,0.0,0,True,40,3857,1500,urdu,ng,member,sample,208,33.65384615384615
4,v4_40_SP,40,0.0,0,True,40,3857,1500,urdu,ng,member,person,208,15.384615384615385
4,v4_40_SP,40,0.0,0,True,40,3857,1500,urdu,ng,member,cluster,208,19.23076923076923
4,v4_40_SP,40,0.0,0,True,40,3857,1500,urdu,ng,prod,sample,208,25.96153846153846
4,v4_40_SP,40,0.0,0,True,40,3857,1500,urdu,ng,prod,person,208,17.307692307692307
4,v4_40_SP,40,0.0,0,True,40,3857,1500,urdu,ng,prod,cluster,208,19.23076923076923
4,v4_40_SP,40,0.0,0,True,40,3857,1500,urdu,g,member,sample,208,30.76923076923077
4,v4_40_SP,40,0.0,0,True,40,3857,1500,urdu,g,member,person,208,22.115384615384613
4,v4_40_SP,40,0.0,0,True,40,3857,1500,urdu,g,member,cluster,208,23.076923076923073
4,v4_40_SP,40,0.0,0,True,40,3857,1500,urdu,g,prod,sample,208,33.65384615384615
4,v4_40_SP,40,0.0,0,True,40,3857,1500,urdu,g,prod,person,208,18.269230769230766
4,v4_40_SP,40,0.0,0,True,40,3857,1500,urdu,g,prod,cluster,208,18.269230769230766
4,v4_40_SP,40,0.0,0,True,40,3857,1500,hindi,ng,member,sample,240,31.092436974789916
4,v4_40_SP,40,0.0,0,True,40,3857,1500,hindi,ng,member,person,240,24.793388429752067
4,v4_40_SP,40,0.0,0,True,40,3857,1500,hindi,ng,member,cluster,240,27.73109243697479
4,v4_40_SP,40,0.0,0,True,40,3857,1500,hindi,ng,prod,sample,240,26.446280991735538
4,v4_40_SP,40,0.0,0,True,40,3857,1500,hindi,ng,prod,person,240,24.793388429752067
4,v4_40_SP,40,0.0,0,True,40,3857,1500,hindi,ng,prod,cluster,240,23.96694214876033
4,v4_40_SP,40,0.0,0,True,40,3857,1500,english,ng,member,sample,480,31.25
4,v4_40_SP,40,0.0,0,True,40,3857,1500,english,ng,member,person,480,24.583333333333336
4,v4_40_SP,40,0.0,0,True,40,3857,1500,english,ng,member,cluster,480,24.16666666666667
4,v4_40_SP,40,0.0,0,True,40,3857,1500,english,ng,prod,sample,480,26.249999999999996
4,v4_40_SP,40,0.0,0,True,40,3857,1500,english,ng,prod,person,480,19.999999999999996
4,v4_40_SP,40,0.0,0,True,40,3857,1500,english,ng,prod,cluster,480,19.999999999999996
4,v4_40_SP,40,0.0,0,True,40,3857,1500,english,g,member,sample,480,39.16666666666667
4,v4_40_SP,40,0.0,0,True,40,3857,1500,english,g,member,person,480,38.333333333333336
4,v4_40_SP,40,0.0,0,True,40,3857,1500,english,g,member,cluster,480,37.083333333333336
4,v4_40_SP,40,0.0,0,True,40,3857,1500,english,g,prod,sample,480,35.0
4,v4_40_SP,40,0.0,0,True,40,3857,1500,english,g,prod,person,480,35.0
4,v4_40_SP,40,0.0,0,True,40,3857,1500,english,g,prod,cluster,480,35.0
4,v4_40_SP,40,0.0,0,True,40,3857,1500,v4,ng,member,sample,430,30.516431924882625
4,v4_40_SP,40,0.0,0,True,40,3857,1500,v4,ng,member,person,430,19.81566820276498
4,v4_40_SP,40,0.0,0,True,40,3857,1500,v4,ng,member,cluster,430,22.065727699530512
4,v4_40_SP,40,0.0,0,True,40,3857,1500,v4,ng,prod,sample,430,23.004694835680752
4,v4_40_SP,40,0.0,0,True,40,3857,1500,v4,ng,prod,person,430,15.668202764976957
4,v4_40_SP,40,0.0,0,True,40,3857,1500,v4,ng,prod,cluster,430,19.35483870967742
4,v4_40_SP,40,0.0,0,True,40,3857,1500,v4,g,member,sample,430,39.43661971830986
4,v4_40_SP,40,0.0,0,True,40,3857,1500,v4,g,member,person,430,33.80281690140845
4,v4_40_SP,40,0.0,0,True,40,3857,1500,v4,g,member,cluster,430,34.27230046948356
4,v4_40_SP,40,0.0,0,True,40,3857,1500,v4,g,prod,sample,430,35.944700460829495
4,v4_40_SP,40,0.0,0,True,40,3857,1500,v4,g,prod,person,430,30.046948356807512
4,v4_40_SP,40,0.0,0,True,40,3857,1500,v4,g,prod,cluster,430,29.5774647887324
4,v4_40_e25,40,0.25,30,False,70,7696,1440,urdu,ng,member,sample,208,32.692307692307686
4,v4_40_e25,40,0.25,30,False,70,7696,1440,urdu,ng,member,person,208,25.961538461538463
4,v4_40_e25,40,0.25,30,False,70,7696,1440,urdu,ng,member,cluster,208,27.884615384615387
4,v4_40_e25,40,0.25,30,False,70,7696,1440,urdu,ng,prod,sample,208,25.0
4,v4_40_e25,40,0.25,30,False,70,7696,1440,urdu,ng,prod,person,208,19.230769230769234
4,v4_40_e25,40,0.25,30,False,70,7696,1440,urdu,ng,prod,cluster,208,19.230769230769234
4,v4_40_e25,40,0.25,30,False,70,7696,1440,urdu,g,member,sample,208,29.807692307692314
4,v4_40_e25,40,0.25,30,False,70,7696,1440,urdu,g,member,person,208,25.961538461538463
4,v4_40_e25,40,0.25,30,False,70,7696,1440,urdu,g,member,cluster,208,26.923076923076923
4,v4_40_e25,40,0.25,30,False,70,7696,1440,urdu,g,prod,sample,208,32.692307692307686
4,v4_40_e25,40,0.25,30,False,70,7696,1440,urdu,g,prod,person,208,23.076923076923077
4,v4_40_e25,40,0.25,30,False,70,7696,1440,urdu,g,prod,cluster,208,23.076923076923073
4,v4_40_e25,40,0.25,30,False,70,7696,1440,hindi,ng,member,sample,240,27.27272727272727
4,v4_40_e25,40,0.25,30,False,70,7696,1440,hindi,ng,member,person,240,21.487603305785125
4,v4_40_e25,40,0.25,30,False,70,7696,1440,hindi,ng,member,cluster,240,20.168067226890752
4,v4_40_e25,40,0.25,30,False,70,7696,1440,hindi,ng,prod,sample,240,22.6890756302521
4,v4_40_e25,40,0.25,30,False,70,7696,1440,hindi,ng,prod,person,240,18.487394957983195
4,v4_40_e25,40,0.25,30,False,70,7696,1440,hindi,ng,prod,cluster,240,20.66115702479339
4,v4_40_e25,40,0.25,30,False,70,7696,1440,english,ng,member,sample,480,28.749999999999996
4,v4_40_e25,40,0.25,30,False,70,7696,1440,english,ng,member,person,480,19.999999999999996
4,v4_40_e25,40,0.25,30,False,70,7696,1440,english,ng,member,cluster,480,21.666666666666668
4,v4_40_e25,40,0.25,30,False,70,7696,1440,english,ng,prod,sample,480,26.25
4,v4_40_e25,40,0.25,30,False,70,7696,1440,english,ng,prod,person,480,18.75
4,v4_40_e25,40,0.25,30,False,70,7696,1440,english,ng,prod,cluster,480,20.0
4,v4_40_e25,40,0.25,30,False,70,7696,1440,english,g,member,sample,480,39.16666666666667
4,v4_40_e25,40,0.25,30,False,70,7696,1440,english,g,member,person,480,36.66666666666667
4,v4_40_e25,40,0.25,30,False,70,7696,1440,english,g,member,cluster,480,38.75
4,v4_40_e25,40,0.25,30,False,70,7696,1440,english,g,prod,sample,480,36.25000000000001
4,v4_40_e25,40,0.25,30,False,70,7696,1440,english,g,prod,person,480,34.583333333333336
4,v4_40_e25,40,0.25,30,False,70,7696,1440,english,g,prod,cluster,480,34.583333333333336
4,v4_40_e25,40,0.25,30,False,70,7696,1440,v4,ng,member,sample,430,28.110599078341014
4,v4_40_e25,40,0.25,30,False,70,7696,1440,v4,ng,member,person,430,20.276497695852534
4,v4_40_e25,40,0.25,30,False,70,7696,1440,v4,ng,member,cluster,430,23.963133640552993
4,v4_40_e25,40,0.25,30,False,70,7696,1440,v4,ng,prod,sample,430,23.004694835680752
4,v4_40_e25,40,0.25,30,False,70,7696,1440,v4,ng,prod,person,430,15.668202764976957
4,v4_40_e25,40,0.25,30,False,70,7696,1440,v4,ng,prod,cluster,430,18.309859154929576
4,v4_40_e25,40,0.25,30,False,70,7696,1440,v4,g,member,sample,430,37.558685446009385
4,v4_40_e25,40,0.25,30,False,70,7696,1440,v4,g,member,person,430,37.78801843317972
4,v4_40_e25,40,0.25,30,False,70,7696,1440,v4,g,member,cluster,430,39.1705069124424
4,v4_40_e25,40,0.25,30,False,70,7696,1440,v4,g,prod,sample,430,33.80281690140845
4,v4_40_e25,40,0.25,30,False,70,7696,1440,v4,g,prod,person,430,27.188940092165897
4,v4_40_e25,40,0.25,30,False,70,7696,1440,v4,g,prod,cluster,430,28.110599078341014
4,v4_40_e25_SP,40,0.25,30,True,70,7696,1440,urdu,ng,member,sample,208,32.692307692307686
4,v4_40_e25_SP,40,0.25,30,True,70,7696,1440,urdu,ng,member,person,208,24.03846153846154
4,v4_40_e25_SP,40,0.25,30,True,70,7696,1440,urdu,ng,member,cluster,208,27.884615384615387
4,v4_40_e25_SP,40,0.25,30,True,70,7696,1440,urdu,ng,prod,sample,208,24.03846153846154
4,v4_40_e25_SP,40,0.25,30,True,70,7696,1440,urdu,ng,prod,person,208,19.230769230769234
4,v4_40_e25_SP,40,0.25,30,True,70,7696,1440,urdu,ng,prod,cluster,208,19.230769230769234
4,v4_40_e25_SP,40,0.25,30,True,70,7696,1440,urdu,g,member,sample,208,32.692307692307686
4,v4_40_e25_SP,40,0.25,30,True,70,7696,1440,urdu,g,member,person,208,25.0
4,v4_40_e25_SP,40,0.25,30,True,70,7696,1440,urdu,g,member,cluster,208,25.961538461538463
4,v4_40_e25_SP,40,0.25,30,True,70,7696,1440,urdu,g,prod,sample,208,32.692307692307686
4,v4_40_e25_SP,40,0.25,30,True,70,7696,1440,urdu,g,prod,person,208,22.115384615384613
4,v4_40_e25_SP,40,0.25,30,True,70,7696,1440,urdu,g,prod,cluster,208,23.076923076923073
4,v4_40_e25_SP,40,0.25,30,True,70,7696,1440,hindi,ng,member,sample,240,26.446280991735538
4,v4_40_e25_SP,40,0.25,30,True,70,7696,1440,hindi,ng,member,person,240,22.31404958677686
4,v4_40_e25_SP,40,0.25,30,True,70,7696,1440,hindi,ng,member,cluster,240,22.31404958677686
4,v4_40_e25_SP,40,0.25,30,True,70,7696,1440,hindi,ng,prod,sample,240,21.84873949579832
4,v4_40_e25_SP,40,0.25,30,True,70,7696,1440,hindi,ng,prod,person,240,19.00826446280992
4,v4_40_e25_SP,40,0.25,30,True,70,7696,1440,hindi,ng,prod,cluster,240,21.487603305785125
4,v4_40_e25_SP,40,0.25,30,True,70,7696,1440,english,ng,member,sample,480,28.333333333333332
4,v4_40_e25_SP,40,0.25,30,True,70,7696,1440,english,ng,member,person,480,20.41666666666667
4,v4_40_e25_SP,40,0.25,30,True,70,7696,1440,english,ng,member,cluster,480,21.666666666666668
4,v4_40_e25_SP,40,0.25,30,True,70,7696,1440,english,ng,prod,sample,480,26.249999999999996
4,v4_40_e25_SP,40,0.25,30,True,70,7696,1440,english,ng,prod,person,480,18.333333333333332
4,v4_40_e25_SP,40,0.25,30,True,70,7696,1440,english,ng,prod,cluster,480,20.416666666666668
4,v4_40_e25_SP,40,0.25,30,True,70,7696,1440,english,g,member,sample,480,38.74999999999999
4,v4_40_e25_SP,40,0.25,30,True,70,7696,1440,english,g,member,person,480,38.33333333333333
4,v4_40_e25_SP,40,0.25,30,True,70,7696,1440,english,g,member,cluster,480,40.416666666666664
4,v4_40_e25_SP,40,0.25,30,True,70,7696,1440,english,g,prod,sample,480,35.41666666666667
4,v4_40_e25_SP,40,0.25,30,True,70,7696,1440,english,g,prod,person,480,34.583333333333336
4,v4_40_e25_SP,40,0.25,30,True,70,7696,1440,english,g,prod,cluster,480,34.583333333333336
4,v4_40_e25_SP,40,0.25,30,True,70,7696,1440,v4,ng,member,sample,430,28.110599078341014
4,v4_40_e25_SP,40,0.25,30,True,70,7696,1440,v4,ng,member,person,430,18.7793427230047
4,v4_40_e25_SP,40,0.25,30,True,70,7696,1440,v4,ng,member,cluster,430,21.658986175115206
4,v4_40_e25_SP,40,0.25,30,True,70,7696,1440,v4,ng,prod,sample,430,22.119815668202765
4,v4_40_e25_SP,40,0.25,30,True,70,7696,1440,v4,ng,prod,person,430,16.129032258064516
4,v4_40_e25_SP,40,0.25,30,True,70,7696,1440,v4,ng,prod,cluster,430,18.309859154929576
4,v4_40_e25_SP,40,0.25,30,True,70,7696,1440,v4,g,member,sample,430,37.558685446009385
4,v4_40_e25_SP,40,0.25,30,True,70,7696,1440,v4,g,member,person,430,35.02304147465438
4,v4_40_e25_SP,40,0.25,30,True,70,7696,1440,v4,g,member,cluster,430,36.405529953917046
4,v4_40_e25_SP,40,0.25,30,True,70,7696,1440,v4,g,prod,sample,430,33.333333333333336
4,v4_40_e25_SP,40,0.25,30,True,70,7696,1440,v4,g,prod,person,430,26.72811059907834
4,v4_40_e25_SP,40,0.25,30,True,70,7696,1440,v4,g,prod,cluster,430,28.57142857142857
4,v4_40_e50,40,0.5,60,False,100,11912,1488,urdu,ng,member,sample,208,32.69230769230769
4,v4_40_e50,40,0.5,60,False,100,11912,1488,urdu,ng,member,person,208,23.076923076923073
4,v4_40_e50,40,0.5,60,False,100,11912,1488,urdu,ng,member,cluster,208,24.03846153846154
4,v4_40_e50,40,0.5,60,False,100,11912,1488,urdu,ng,prod,sample,208,23.076923076923077
4,v4_40_e50,40,0.5,60,False,100,11912,1488,urdu,ng,prod,person,208,15.384615384615385
4,v4_40_e50,40,0.5,60,False,100,11912,1488,urdu,ng,prod,cluster,208,19.23076923076923
4,v4_40_e50,40,0.5,60,False,100,11912,1488,urdu,g,member,sample,208,33.65384615384615
4,v4_40_e50,40,0.5,60,False,100,11912,1488,urdu,g,member,person,208,23.076923076923073
4,v4_40_e50,40,0.5,60,False,100,11912,1488,urdu,g,member,cluster,208,24.03846153846154
4,v4_40_e50,40,0.5,60,False,100,11912,1488,urdu,g,prod,sample,208,33.65384615384615
4,v4_40_e50,40,0.5,60,False,100,11912,1488,urdu,g,prod,person,208,22.115384615384613
4,v4_40_e50,40,0.5,60,False,100,11912,1488,urdu,g,prod,cluster,208,23.076923076923073
4,v4_40_e50,40,0.5,60,False,100,11912,1488,hindi,ng,member,sample,240,28.09917355371901
4,v4_40_e50,40,0.5,60,False,100,11912,1488,hindi,ng,member,person,240,18.181818181818183
4,v4_40_e50,40,0.5,60,False,100,11912,1488,hindi,ng,member,cluster,240,22.6890756302521
4,v4_40_e50,40,0.5,60,False,100,11912,1488,hindi,ng,prod,sample,240,23.96694214876033
4,v4_40_e50,40,0.5,60,False,100,11912,1488,hindi,ng,prod,person,240,16.806722689075627
4,v4_40_e50,40,0.5,60,False,100,11912,1488,hindi,ng,prod,cluster,240,21.487603305785125
4,v4_40_e50,40,0.5,60,False,100,11912,1488,english,ng,member,sample,480,28.333333333333332
4,v4_40_e50,40,0.5,60,False,100,11912,1488,english,ng,member,person,480,20.0
4,v4_40_e50,40,0.5,60,False,100,11912,1488,english,ng,member,cluster,480,20.0
4,v4_40_e50,40,0.5,60,False,100,11912,1488,english,ng,prod,sample,480,23.750000000000004
4,v4_40_e50,40,0.5,60,False,100,11912,1488,english,ng,prod,person,480,19.166666666666668
4,v4_40_e50,40,0.5,60,False,100,11912,1488,english,ng,prod,cluster,480,19.166666666666668
4,v4_40_e50,40,0.5,60,False,100,11912,1488,english,g,member,sample,480,40.416666666666664
4,v4_40_e50,40,0.5,60,False,100,11912,1488,english,g,member,person,480,35.833333333333336
4,v4_40_e50,40,0.5,60,False,100,11912,1488,english,g,member,cluster,480,36.66666666666667
4,v4_40_e50,40,0.5,60,False,100,11912,1488,english,g,prod,sample,480,35.41666666666667
4,v4_40_e50,40,0.5,60,False,100,11912,1488,english,g,prod,person,480,33.333333333333336
4,v4_40_e50,40,0.5,60,False,100,11912,1488,english,g,prod,cluster,480,34.166666666666664
4,v4_40_e50,40,0.5,60,False,100,11912,1488,v4,ng,member,sample,430,26.26728110599078
4,v4_40_e50,40,0.5,60,False,100,11912,1488,v4,ng,member,person,430,17.050691244239633
4,v4_40_e50,40,0.5,60,False,100,11912,1488,v4,ng,member,cluster,430,19.35483870967742
4,v4_40_e50,40,0.5,60,False,100,11912,1488,v4,ng,prod,sample,430,20.737327188940093
4,v4_40_e50,40,0.5,60,False,100,11912,1488,v4,ng,prod,person,430,15.02347417840375
4,v4_40_e50,40,0.5,60,False,100,11912,1488,v4,ng,prod,cluster,430,17.370892018779337
4,v4_40_e50,40,0.5,60,False,100,11912,1488,v4,g,member,sample,430,34.56221198156682
4,v4_40_e50,40,0.5,60,False,100,11912,1488,v4,g,member,person,430,35.483870967741936
4,v4_40_e50,40,0.5,60,False,100,11912,1488,v4,g,member,cluster,430,35.68075117370893
4,v4_40_e50,40,0.5,60,False,100,11912,1488,v4,g,prod,sample,430,33.80281690140845
4,v4_40_e50,40,0.5,60,False,100,11912,1488,v4,g,prod,person,430,26.72811059907834
4,v4_40_e50,40,0.5,60,False,100,11912,1488,v4,g,prod,cluster,430,29.5774647887324
4,v4_40_e50_SP,40,0.5,60,True,100,11912,1488,urdu,ng,member,sample,208,32.692307692307686
4,v4_40_e50_SP,40,0.5,60,True,100,11912,1488,urdu,ng,member,person,208,23.076923076923073
4,v4_40_e50_SP,40,0.5,60,True,100,11912,1488,urdu,ng,member,cluster,208,25.96153846153846
4,v4_40_e50_SP,40,0.5,60,True,100,11912,1488,urdu,ng,prod,sample,208,24.03846153846154
4,v4_40_e50_SP,40,0.5,60,True,100,11912,1488,urdu,ng,prod,person,208,18.269230769230766
4,v4_40_e50_SP,40,0.5,60,True,100,11912,1488,urdu,ng,prod,cluster,208,18.26923076923077
4,v4_40_e50_SP,40,0.5,60,True,100,11912,1488,urdu,g,member,sample,208,35.57692307692307
4,v4_40_e50_SP,40,0.5,60,True,100,11912,1488,urdu,g,member,person,208,25.961538461538463
4,v4_40_e50_SP,40,0.5,60,True,100,11912,1488,urdu,g,member,cluster,208,27.884615384615387
4,v4_40_e50_SP,40,0.5,60,True,100,11912,1488,urdu,g,prod,sample,208,32.69230769230769
4,v4_40_e50_SP,40,0.5,60,True,100,11912,1488,urdu,g,prod,person,208,21.153846153846153
4,v4_40_e50_SP,40,0.5,60,True,100,11912,1488,urdu,g,prod,cluster,208,23.076923076923073
4,v4_40_e50_SP,40,0.5,60,True,100,11912,1488,hindi,ng,member,sample,240,28.57142857142857
4,v4_40_e50_SP,40,0.5,60,True,100,11912,1488,hindi,ng,member,person,240,19.00826446280992
4,v4_40_e50_SP,40,0.5,60,True,100,11912,1488,hindi,ng,member,cluster,240,22.31404958677686
4,v4_40_e50_SP,40,0.5,60,True,100,11912,1488,hindi,ng,prod,sample,240,23.96694214876033
4,v4_40_e50_SP,40,0.5,60,True,100,11912,1488,hindi,ng,prod,person,240,16.806722689075627
4,v4_40_e50_SP,40,0.5,60,True,100,11912,1488,hindi,ng,prod,cluster,240,21.487603305785125
4,v4_40_e50_SP,40,0.5,60,True,100,11912,1488,english,ng,member,sample,480,29.166666666666664
4,v4_40_e50_SP,40,0.5,60,True,100,11912,1488,english,ng,member,person,480,19.583333333333332
4,v4_40_e50_SP,40,0.5,60,True,100,11912,1488,english,ng,member,cluster,480,20.0
4,v4_40_e50_SP,40,0.5,60,True,100,11912,1488,english,ng,prod,sample,480,23.750000000000004
4,v4_40_e50_SP,40,0.5,60,True,100,11912,1488,english,ng,prod,person,480,19.166666666666668
4,v4_40_e50_SP,40,0.5,60,True,100,11912,1488,english,ng,prod,cluster,480,19.166666666666668
4,v4_40_e50_SP,40,0.5,60,True,100,11912,1488,english,g,member,sample,480,40.416666666666664
4,v4_40_e50_SP,40,0.5,60,True,100,11912,1488,english,g,member,person,480,36.66666666666667
4,v4_40_e50_SP,40,0.5,60,True,100,11912,1488,english,g,member,cluster,480,36.25000000000001
4,v4_40_e50_SP,40,0.5,60,True,100,11912,1488,english,g,prod,sample,480,35.41666666666667
4,v4_40_e50_SP,40,0.5,60,True,100,11912,1488,english,g,prod,person,480,33.333333333333336
4,v4_40_e50_SP,40,0.5,60,True,100,11912,1488,english,g,prod,cluster,480,35.0
4,v4_40_e50_SP,40,0.5,60,True,100,11912,1488,v4,ng,member,sample,430,26.26728110599078
4,v4_40_e50_SP,40,0.5,60,True,100,11912,1488,v4,ng,member,person,430,17.972350230414747
4,v4_40_e50_SP,40,0.5,60,True,100,11912,1488,v4,ng,member,cluster,430,19.81566820276498
4,v4_40_e50_SP,40,0.5,60,True,100,11912,1488,v4,ng,prod,sample,430,21.126760563380287
4,v4_40_e50_SP,40,0.5,60,True,100,11912,1488,v4,ng,prod,person,430,15.02347417840375
4,v4_40_e50_SP,40,0.5,60,True,100,11912,1488,v4,ng,prod,cluster,430,17.370892018779337
4,v4_40_e50_SP,40,0.5,60,True,100,11912,1488,v4,g,member,sample,430,36.15023474178404
4,v4_40_e50_SP,40,0.5,60,True,100,11912,1488,v4,g,member,person,430,33.80281690140845
4,v4_40_e50_SP,40,0.5,60,True,100,11912,1488,v4,g,member,cluster,430,35.02304147465438
4,v4_40_e50_SP,40,0.5,60,True,100,11912,1488,v4,g,prod,sample,430,33.6405529953917
4,v4_40_e50_SP,40,0.5,60,True,100,11912,1488,v4,g,prod,person,430,26.76056338028169
4,v4_40_e50_SP,40,0.5,60,True,100,11912,1488,v4,g,prod,cluster,430,29.493087557603687
4,v4_40_e100,40,1.0,121,False,161,20018,1560,urdu,ng,member,sample,208,28.846153846153843
4,v4_40_e100,40,1.0,121,False,161,20018,1560,urdu,ng,member,person,208,23.076923076923073
4,v4_40_e100,40,1.0,121,False,161,20018,1560,urdu,ng,member,cluster,208,24.03846153846154
4,v4_40_e100,40,1.0,121,False,161,20018,1560,urdu,ng,prod,sample,208,25.0
4,v4_40_e100,40,1.0,121,False,161,20018,1560,urdu,ng,prod,person,208,16.346153846153847
4,v4_40_e100,40,1.0,121,False,161,20018,1560,urdu,ng,prod,cluster,208,18.269230769230766
4,v4_40_e100,40,1.0,121,False,161,20018,1560,urdu,g,member,sample,208,35.57692307692308
4,v4_40_e100,40,1.0,121,False,161,20018,1560,urdu,g,member,person,208,31.73076923076923
4,v4_40_e100,40,1.0,121,False,161,20018,1560,urdu,g,member,cluster,208,31.73076923076923
4,v4_40_e100,40,1.0,121,False,161,20018,1560,urdu,g,prod,sample,208,33.65384615384615
4,v4_40_e100,40,1.0,121,False,161,20018,1560,urdu,g,prod,person,208,23.076923076923073
4,v4_40_e100,40,1.0,121,False,161,20018,1560,urdu,g,prod,cluster,208,23.076923076923077
4,v4_40_e100,40,1.0,121,False,161,20018,1560,hindi,ng,member,sample,240,26.050420168067223
4,v4_40_e100,40,1.0,121,False,161,20018,1560,hindi,ng,member,person,240,20.66115702479339
4,v4_40_e100,40,1.0,121,False,161,20018,1560,hindi,ng,member,cluster,240,24.369747899159666
4,v4_40_e100,40,1.0,121,False,161,20018,1560,hindi,ng,prod,sample,240,23.140495867768596
4,v4_40_e100,40,1.0,121,False,161,20018,1560,hindi,ng,prod,person,240,17.355371900826448
4,v4_40_e100,40,1.0,121,False,161,20018,1560,hindi,ng,prod,cluster,240,22.31404958677686
4,v4_40_e100,40,1.0,121,False,161,20018,1560,english,ng,member,sample,480,25.0
4,v4_40_e100,40,1.0,121,False,161,20018,1560,english,ng,member,person,480,19.583333333333332
4,v4_40_e100,40,1.0,121,False,161,20018,1560,english,ng,member,cluster,480,20.833333333333336
4,v4_40_e100,40,1.0,121,False,161,20018,1560,english,ng,prod,sample,480,21.666666666666668
4,v4_40_e100,40,1.0,121,False,161,20018,1560,english,ng,prod,person,480,20.41666666666667
4,v4_40_e100,40,1.0,121,False,161,20018,1560,english,ng,prod,cluster,480,20.0
4,v4_40_e100,40,1.0,121,False,161,20018,1560,english,g,member,sample,480,37.916666666666664
4,v4_40_e100,40,1.0,121,False,161,20018,1560,english,g,member,person,480,35.833333333333336
4,v4_40_e100,40,1.0,121,False,161,20018,1560,english,g,member,cluster,480,35.41666666666667
4,v4_40_e100,40,1.0,121,False,161,20018,1560,english,g,prod,sample,480,32.5
4,v4_40_e100,40,1.0,121,False,161,20018,1560,english,g,prod,person,480,31.25
4,v4_40_e100,40,1.0,121,False,161,20018,1560,english,g,prod,cluster,480,35.0
4,v4_40_e100,40,1.0,121,False,161,20018,1560,v4,ng,member,sample,430,23.004694835680752
4,v4_40_e100,40,1.0,121,False,161,20018,1560,v4,ng,member,person,430,20.737327188940093
4,v4_40_e100,40,1.0,121,False,161,20018,1560,v4,ng,member,cluster,430,21.19815668202765
4,v4_40_e100,40,1.0,121,False,161,20018,1560,v4,ng,prod,sample,430,20.657276995305164
4,v4_40_e100,40,1.0,121,False,161,20018,1560,v4,ng,prod,person,430,12.903225806451612
4,v4_40_e100,40,1.0,121,False,161,20018,1560,v4,ng,prod,cluster,430,14.746543778801843
4,v4_40_e100,40,1.0,121,False,161,20018,1560,v4,g,member,sample,430,33.6405529953917
4,v4_40_e100,40,1.0,121,False,161,20018,1560,v4,g,member,person,430,31.924882629107977
4,v4_40_e100,40,1.0,121,False,161,20018,1560,v4,g,member,cluster,430,32.863849765258216
4,v4_40_e100,40,1.0,121,False,161,20018,1560,v4,g,prod,sample,430,30.98591549295775
4,v4_40_e100,40,1.0,121,False,161,20018,1560,v4,g,prod,person,430,22.58064516129032
4,v4_40_e100,40,1.0,121,False,161,20018,1560,v4,g,prod,cluster,430,23.963133640552993
4,v4_40_e100_SP,40,1.0,121,True,161,20018,1560,urdu,ng,member,sample,208,31.73076923076923
4,v4_40_e100_SP,40,1.0,121,True,161,20018,1560,urdu,ng,member,person,208,25.0
4,v4_40_e100_SP,40,1.0,121,True,161,20018,1560,urdu,ng,member,cluster,208,25.961538461538463
4,v4_40_e100_SP,40,1.0,121,True,161,20018,1560,urdu,ng,prod,sample,208,25.0
4,v4_40_e100_SP,40,1.0,121,True,161,20018,1560,urdu,ng,prod,person,208,16.346153846153847
4,v4_40_e100_SP,40,1.0,121,True,161,20018,1560,urdu,ng,prod,cluster,208,18.26923076923077
4,v4_40_e100_SP,40,1.0,121,True,161,20018,1560,urdu,g,member,sample,208,35.57692307692308
4,v4_40_e100_SP,40,1.0,121,True,161,20018,1560,urdu,g,member,person,208,31.73076923076923
4,v4_40_e100_SP,40,1.0,121,True,161,20018,1560,urdu,g,member,cluster,208,31.73076923076923
4,v4_40_e100_SP,40,1.0,121,True,161,20018,1560,urdu,g,prod,sample,208,33.65384615384615
4,v4_40_e100_SP,40,1.0,121,True,161,20018,1560,urdu,g,prod,person,208,21.153846153846153
4,v4_40_e100_SP,40,1.0,121,True,161,20018,1560,urdu,g,prod,cluster,208,23.076923076923077
4,v4_40_e100_SP,40,1.0,121,True,161,20018,1560,hindi,ng,member,sample,240,24.793388429752067
4,v4_40_e100_SP,40,1.0,121,True,161,20018,1560,hindi,ng,member,person,240,23.529411764705888
4,v4_40_e100_SP,40,1.0,121,True,161,20018,1560,hindi,ng,member,cluster,240,24.369747899159666
4,v4_40_e100_SP,40,1.0,121,True,161,20018,1560,hindi,ng,prod,sample,240,23.140495867768596
4,v4_40_e100_SP,40,1.0,121,True,161,20018,1560,hindi,ng,prod,person,240,20.66115702479339
4,v4_40_e100_SP,40,1.0,121,True,161,20018,1560,hindi,ng,prod,cluster,240,23.140495867768596
4,v4_40_e100_SP,40,1.0,121,True,161,20018,1560,english,ng,member,sample,480,25.416666666666664
4,v4_40_e100_SP,40,1.0,121,True,161,20018,1560,english,ng,member,person,480,19.583333333333332
4,v4_40_e100_SP,40,1.0,121,True,161,20018,1560,english,ng,member,cluster,480,20.833333333333336
4,v4_40_e100_SP,40,1.0,121,True,161,20018,1560,english,ng,prod,sample,480,22.916666666666664
4,v4_40_e100_SP,40,1.0,121,True,161,20018,1560,english,ng,prod,person,480,20.0
4,v4_40_e100_SP,40,1.0,121,True,161,20018,1560,english,ng,prod,cluster,480,21.25
4,v4_40_e100_SP,40,1.0,121,True,161,20018,1560,english,g,member,sample,480,35.83333333333333
4,v4_40_e100_SP,40,1.0,121,True,161,20018,1560,english,g,member,person,480,35.41666666666667
4,v4_40_e100_SP,40,1.0,121,True,161,20018,1560,english,g,member,cluster,480,35.41666666666667
4,v4_40_e100_SP,40,1.0,121,True,161,20018,1560,english,g,prod,sample,480,32.08333333333333
4,v4_40_e100_SP,40,1.0,121,True,161,20018,1560,english,g,prod,person,480,32.08333333333333
4,v4_40_e100_SP,40,1.0,121,True,161,20018,1560,english,g,prod,cluster,480,34.583333333333336
4,v4_40_e100_SP,40,1.0,121,True,161,20018,1560,v4,ng,member,sample,430,22.119815668202765
4,v4_40_e100_SP,40,1.0,121,True,161,20018,1560,v4,ng,member,person,430,18.7793427230047
4,v4_40_e100_SP,40,1.0,121,True,161,20018,1560,v4,ng,member,cluster,430,19.81566820276498
4,v4_40_e100_SP,40,1.0,121,True,161,20018,1560,v4,ng,prod,sample,430,20.657276995305164
4,v4_40_e100_SP,40,1.0,121,True,161,20018,1560,v4,ng,prod,person,430,12.903225806451612
4,v4_40_e100_SP,40,1.0,121,True,161,20018,1560,v4,ng,prod,cluster,430,14.746543778801843
4,v4_40_e100_SP,40,1.0,121,True,161,20018,1560,v4,g,member,sample,430,33.17972350230415
4,v4_40_e100_SP,40,1.0,121,True,161,20018,1560,v4,g,member,person,430,31.797235023041477
4,v4_40_e100_SP,40,1.0,121,True,161,20018,1560,v4,g,member,cluster,430,31.924882629107977
4,v4_40_e100_SP,40,1.0,121,True,161,20018,1560,v4,g,prod,sample,430,30.046948356807512
4,v4_40_e100_SP,40,1.0,121,True,161,20018,1560,v4,g,prod,person,430,22.535211267605636
4,v4_40_e100_SP,40,1.0,121,True,161,20018,1560,v4,g,prod,cluster,430,23.963133640552993
5,v4_10,10,0.0,0,False,10,1184,1494,urdu,ng,member,sample,192,39.58333333333333
5,v4_10,10,0.0,0,False,10,1184,1494,urdu,ng,member,person,192,33.33333333333333
5,v4_10,10,0.0,0,False,10,1184,1494,urdu,ng,member,cluster,192,32.29166666666667
5,v4_10,10,0.0,0,False,10,1184,1494,urdu,ng,prod,sample,192,26.041666666666664
5,v4_10,10,0.0,0,False,10,1184,1494,urdu,ng,prod,person,192,20.833333333333336
5,v4_10,10,0.0,0,False,10,1184,1494,urdu,ng,prod,cluster,192,22.916666666666664
5,v4_10,10,0.0,0,False,10,1184,1494,urdu,g,member,sample,191,51.578947368421055
5,v4_10,10,0.0,0,False,10,1184,1494,urdu,g,member,person,191,45.833333333333336
5,v4_10,10,0.0,0,False,10,1184,1494,urdu,g,member,cluster,191,46.31578947368421
5,v4_10,10,0.0,0,False,10,1184,1494,urdu,g,prod,sample,191,39.583333333333336
5,v4_10,10,0.0,0,False,10,1184,1494,urdu,g,prod,person,191,33.333333333333336
5,v4_10,10,0.0,0,False,10,1184,1494,urdu,g,prod,cluster,191,36.458333333333336
5,v4_10,10,0.0,0,False,10,1184,1494,hindi,ng,member,sample,288,43.05555555555556
5,v4_10,10,0.0,0,False,10,1184,1494,hindi,ng,member,person,288,34.02777777777778
5,v4_10,10,0.0,0,False,10,1184,1494,hindi,ng,member,cluster,288,34.02777777777778
5,v4_10,10,0.0,0,False,10,1184,1494,hindi,ng,prod,sample,288,30.555555555555557
5,v4_10,10,0.0,0,False,10,1184,1494,hindi,ng,prod,person,288,23.61111111111111
5,v4_10,10,0.0,0,False,10,1184,1494,hindi,ng,prod,cluster,288,25.0
5,v4_10,10,0.0,0,False,10,1184,1494,english,ng,member,sample,469,41.702127659574465
5,v4_10,10,0.0,0,False,10,1184,1494,english,ng,member,person,469,40.0
5,v4_10,10,0.0,0,False,10,1184,1494,english,ng,member,cluster,469,39.148936170212764
5,v4_10,10,0.0,0,False,10,1184,1494,english,ng,prod,sample,469,26.923076923076927
5,v4_10,10,0.0,0,False,10,1184,1494,english,ng,prod,person,469,20.0
5,v4_10,10,0.0,0,False,10,1184,1494,english,ng,prod,cluster,469,22.5531914893617
5,v4_10,10,0.0,0,False,10,1184,1494,english,g,member,sample,469,45.95744680851064
5,v4_10,10,0.0,0,False,10,1184,1494,english,g,member,person,469,47.65957446808511
5,v4_10,10,0.0,0,False,10,1184,1494,english,g,member,cluster,469,46.58119658119658
5,v4_10,10,0.0,0,False,10,1184,1494,english,g,prod,sample,469,38.72340425531915
5,v4_10,10,0.0,0,False,10,1184,1494,english,g,prod,person,469,32.47863247863248
5,v4_10,10,0.0,0,False,10,1184,1494,english,g,prod,cluster,469,33.76068376068376
5,v4_10,10,0.0,0,False,10,1184,1494,v4,ng,member,sample,443,37.89954337899544
5,v4_10,10,0.0,0,False,10,1184,1494,v4,ng,member,person,443,30.357142857142854
5,v4_10,10,0.0,0,False,10,1184,1494,v4,ng,member,cluster,443,30.80357142857143
5,v4_10,10,0.0,0,False,10,1184,1494,v4,ng,prod,sample,443,27.397260273972602
5,v4_10,10,0.0,0,False,10,1184,1494,v4,ng,prod,person,443,17.857142857142858
5,v4_10,10,0.0,0,False,10,1184,1494,v4,ng,prod,cluster,443,17.857142857142858
5,v4_10,10,0.0,0,False,10,1184,1494,v4,g,member,sample,443,47.03196347031964
5,v4_10,10,0.0,0,False,10,1184,1494,v4,g,member,person,443,39.726027397260275
5,v4_10,10,0.0,0,False,10,1184,1494,v4,g,member,cluster,443,38.392857142857146
5,v4_10,10,0.0,0,False,10,1184,1494,v4,g,prod,sample,443,36.607142857142854
5,v4_10,10,0.0,0,False,10,1184,1494,v4,g,prod,person,443,29.017857142857146
5,v4_10,10,0.0,0,False,10,1184,1494,v4,g,prod,cluster,443,30.357142857142854
5,v4_10_SP,10,0.0,0,True,10,1184,1494,urdu,ng,member,sample,192,38.541666666666664
5,v4_10_SP,10,0.0,0,True,10,1184,1494,urdu,ng,member,person,192,33.333333333333336
5,v4_10_SP,10,0.0,0,True,10,1184,1494,urdu,ng,member,cluster,192,34.375
5,v4_10_SP,10,0.0,0,True,10,1184,1494,urdu,ng,prod,sample,192,25.0
5,v4_10_SP,10,0.0,0,True,10,1184,1494,urdu,ng,prod,person,192,18.75
5,v4_10_SP,10,0.0,0,True,10,1184,1494,urdu,ng,prod,cluster,192,18.75
5,v4_10_SP,10,0.0,0,True,10,1184,1494,urdu,g,member,sample,191,48.958333333333336
5,v4_10_SP,10,0.0,0,True,10,1184,1494,urdu,g,member,person,191,41.666666666666664
5,v4_10_SP,10,0.0,0,True,10,1184,1494,urdu,g,member,cluster,191,44.791666666666664
5,v4_10_SP,10,0.0,0,True,10,1184,1494,urdu,g,prod,sample,191,37.89473684210527
5,v4_10_SP,10,0.0,0,True,10,1184,1494,urdu,g,prod,person,191,33.333333333333336
5,v4_10_SP,10,0.0,0,True,10,1184,1494,urdu,g,prod,cluster,191,36.458333333333336
5,v4_10_SP,10,0.0,0,True,10,1184,1494,hindi,ng,member,sample,288,40.97222222222222
5,v4_10_SP,10,0.0,0,True,10,1184,1494,hindi,ng,member,person,288,35.41666666666667
5,v4_10_SP,10,0.0,0,True,10,1184,1494,hindi,ng,member,cluster,288,34.02777777777778
5,v4_10_SP,10,0.0,0,True,10,1184,1494,hindi,ng,prod,sample,288,30.555555555555557
5,v4_10_SP,10,0.0,0,True,10,1184,1494,hindi,ng,prod,person,288,23.61111111111111
5,v4_10_SP,10,0.0,0,True,10,1184,1494,hindi,ng,prod,cluster,288,23.61111111111111
5,v4_10_SP,10,0.0,0,True,10,1184,1494,english,ng,member,sample,469,42.12765957446808
5,v4_10_SP,10,0.0,0,True,10,1184,1494,english,ng,member,person,469,37.87234042553192
5,v4_10_SP,10,0.0,0,True,10,1184,1494,english,ng,member,cluster,469,38.297872340425535
5,v4_10_SP,10,0.0,0,True,10,1184,1494,english,ng,prod,sample,469,27.77777777777778
5,v4_10_SP,10,0.0,0,True,10,1184,1494,english,ng,prod,person,469,19.574468085106382
5,v4_10_SP,10,0.0,0,True,10,1184,1494,english,ng,prod,cluster,469,20.425531914893615
5,v4_10_SP,10,0.0,0,True,10,1184,1494,english,g,member,sample,469,46.58119658119658
5,v4_10_SP,10,0.0,0,True,10,1184,1494,english,g,member,person,469,45.95744680851064
5,v4_10_SP,10,0.0,0,True,10,1184,1494,english,g,member,cluster,469,46.808510638297875
5,v4_10_SP,10,0.0,0,True,10,1184,1494,english,g,prod,sample,469,38.297872340425535
5,v4_10_SP,10,0.0,0,True,10,1184,1494,english,g,prod,person,469,33.61702127659574
5,v4_10_SP,10,0.0,0,True,10,1184,1494,english,g,prod,cluster,469,35.04273504273504
5,v4_10_SP,10,0.0,0,True,10,1184,1494,v4,ng,member,sample,443,37.5
5,v4_10_SP,10,0.0,0,True,10,1184,1494,v4,ng,member,person,443,31.25
5,v4_10_SP,10,0.0,0,True,10,1184,1494,v4,ng,member,cluster,443,31.25
5,v4_10_SP,10,0.0,0,True,10,1184,1494,v4,ng,prod,sample,443,26.940639269406397
5,v4_10_SP,10,0.0,0,True,10,1184,1494,v4,ng,prod,person,443,17.857142857142858
5,v4_10_SP,10,0.0,0,True,10,1184,1494,v4,ng,prod,cluster,443,18.75
5,v4_10_SP,10,0.0,0,True,10,1184,1494,v4,g,member,sample,443,45.982142857142854
5,v4_10_SP,10,0.0,0,True,10,1184,1494,v4,g,member,person,443,39.726027397260275
5,v4_10_SP,10,0.0,0,True,10,1184,1494,v4,g,member,cluster,443,38.35616438356164
5,v4_10_SP,10,0.0,0,True,10,1184,1494,v4,g,prod,sample,443,36.5296803652968
5,v4_10_SP,10,0.0,0,True,10,1184,1494,v4,g,prod,person,443,29.22374429223744
5,v4_10_SP,10,0.0,0,True,10,1184,1494,v4,g,prod,cluster,443,29.910714285714285
5,v4_20,20,0.0,0,False,20,2061,1504,urdu,ng,member,sample,192,33.33333333333333
5,v4_20,20,0.0,0,False,20,2061,1504,urdu,ng,member,person,192,28.125
5,v4_20,20,0.0,0,False,20,2061,1504,urdu,ng,member,cluster,192,28.125
5,v4_20,20,0.0,0,False,20,2061,1504,urdu,ng,prod,sample,192,19.791666666666664
5,v4_20,20,0.0,0,False,20,2061,1504,urdu,ng,prod,person,192,16.666666666666664
5,v4_20,20,0.0,0,False,20,2061,1504,urdu,ng,prod,cluster,192,19.791666666666664
5,v4_20,20,0.0,0,False,20,2061,1504,urdu,g,member,sample,191,49.473684210526315
5,v4_20,20,0.0,0,False,20,2061,1504,urdu,g,member,person,191,43.75
5,v4_20,20,0.0,0,False,20,2061,1504,urdu,g,member,cluster,191,43.15789473684211
5,v4_20,20,0.0,0,False,20,2061,1504,urdu,g,prod,sample,191,38.94736842105263
5,v4_20,20,0.0,0,False,20,2061,1504,urdu,g,prod,person,191,33.68421052631579
5,v4_20,20,0.0,0,False,20,2061,1504,urdu,g,prod,cluster,191,36.458333333333336
5,v4_20,20,0.0,0,False,20,2061,1504,hindi,ng,member,sample,288,39.58333333333333
5,v4_20,20,0.0,0,False,20,2061,1504,hindi,ng,member,person,288,27.77777777777778
5,v4_20,20,0.0,0,False,20,2061,1504,hindi,ng,member,cluster,288,32.63888888888889
5,v4_20,20,0.0,0,False,20,2061,1504,hindi,ng,prod,sample,288,31.944444444444443
5,v4_20,20,0.0,0,False,20,2061,1504,hindi,ng,prod,person,288,22.22222222222222
5,v4_20,20,0.0,0,False,20,2061,1504,hindi,ng,prod,cluster,288,20.833333333333336
5,v4_20,20,0.0,0,False,20,2061,1504,english,ng,member,sample,469,35.89743589743589
5,v4_20,20,0.0,0,False,20,2061,1504,english,ng,member,person,469,32.47863247863248
5,v4_20,20,0.0,0,False,20,2061,1504,english,ng,member,cluster,469,33.61702127659574
5,v4_20,20,0.0,0,False,20,2061,1504,english,ng,prod,sample,469,28.205128205128204
5,v4_20,20,0.0,0,False,20,2061,1504,english,ng,prod,person,469,17.4468085106383
5,v4_20,20,0.0,0,False,20,2061,1504,english,ng,prod,cluster,469,19.658119658119656
5,v4_20,20,0.0,0,False,20,2061,1504,english,g,member,sample,469,46.58119658119658
5,v4_20,20,0.0,0,False,20,2061,1504,english,g,member,person,469,43.829787234042556
5,v4_20,20,0.0,0,False,20,2061,1504,english,g,member,cluster,469,43.162393162393165
5,v4_20,20,0.0,0,False,20,2061,1504,english,g,prod,sample,469,37.60683760683761
5,v4_20,20,0.0,0,False,20,2061,1504,english,g,prod,person,469,34.8936170212766
5,v4_20,20,0.0,0,False,20,2061,1504,english,g,prod,cluster,469,34.8936170212766
5,v4_20,20,0.0,0,False,20,2061,1504,v4,ng,member,sample,443,33.482142857142854
5,v4_20,20,0.0,0,False,20,2061,1504,v4,ng,member,person,443,24.107142857142858
5,v4_20,20,0.0,0,False,20,2061,1504,v4,ng,member,cluster,443,25.570776255707763
5,v4_20,20,0.0,0,False,20,2061,1504,v4,ng,prod,sample,443,26.339285714285715
5,v4_20,20,0.0,0,False,20,2061,1504,v4,ng,prod,person,443,16.964285714285715
5,v4_20,20,0.0,0,False,20,2061,1504,v4,ng,prod,cluster,443,17.857142857142858
5,v4_20,20,0.0,0,False,20,2061,1504,v4,g,member,sample,443,41.964285714285715
5,v4_20,20,0.0,0,False,20,2061,1504,v4,g,member,person,443,37.89954337899544
5,v4_20,20,0.0,0,False,20,2061,1504,v4,g,member,cluster,443,39.26940639269406
5,v4_20,20,0.0,0,False,20,2061,1504,v4,g,prod,sample,443,34.375
5,v4_20,20,0.0,0,False,20,2061,1504,v4,g,prod,person,443,32.87671232876712
5,v4_20,20,0.0,0,False,20,2061,1504,v4,g,prod,cluster,443,33.92857142857143
5,v4_20_SP,20,0.0,0,True,20,2061,1504,urdu,ng,member,sample,192,33.333333333333336
5,v4_20_SP,20,0.0,0,True,20,2061,1504,urdu,ng,member,person,192,29.166666666666668
5,v4_20_SP,20,0.0,0,True,20,2061,1504,urdu,ng,member,cluster,192,27.083333333333336
5,v4_20_SP,20,0.0,0,True,20,2061,1504,urdu,ng,prod,sample,192,20.833333333333336
5,v4_20_SP,20,0.0,0,True,20,2061,1504,urdu,ng,prod,person,192,16.666666666666664
5,v4_20_SP,20,0.0,0,True,20,2061,1504,urdu,ng,prod,cluster,192,19.791666666666664
5,v4_20_SP,20,0.0,0,True,20,2061,1504,urdu,g,member,sample,191,50.0
5,v4_20_SP,20,0.0,0,True,20,2061,1504,urdu,g,member,person,191,44.21052631578947
5,v4_20_SP,20,0.0,0,True,20,2061,1504,urdu,g,member,cluster,191,45.26315789473684
5,v4_20_SP,20,0.0,0,True,20,2061,1504,urdu,g,prod,sample,191,38.541666666666664
5,v4_20_SP,20,0.0,0,True,20,2061,1504,urdu,g,prod,person,191,34.375
5,v4_20_SP,20,0.0,0,True,20,2061,1504,urdu,g,prod,cluster,191,37.5
5,v4_20_SP,20,0.0,0,True,20,2061,1504,hindi,ng,member,sample,288,40.27777777777778
5,v4_20_SP,20,0.0,0,True,20,2061,1504,hindi,ng,member,person,288,29.166666666666668
5,v4_20_SP,20,0.0,0,True,20,2061,1504,hindi,ng,member,cluster,288,32.63888888888889
5,v4_20_SP,20,0.0,0,True,20,2061,1504,hindi,ng,prod,sample,288,30.555555555555557
5,v4_20_SP,20,0.0,0,True,20,2061,1504,hindi,ng,prod,person,288,20.13888888888889
5,v4_20_SP,20,0.0,0,True,20,2061,1504,hindi,ng,prod,cluster,288,20.833333333333336
5,v4_20_SP,20,0.0,0,True,20,2061,1504,english,ng,member,sample,469,37.02127659574468
5,v4_20_SP,20,0.0,0,True,20,2061,1504,english,ng,member,person,469,32.05128205128205
5,v4_20_SP,20,0.0,0,True,20,2061,1504,english,ng,member,cluster,469,33.333333333333336
5,v4_20_SP,20,0.0,0,True,20,2061,1504,english,ng,prod,sample,469,28.63247863247863
5,v4_20_SP,20,0.0,0,True,20,2061,1504,english,ng,prod,person,469,17.09401709401709
5,v4_20_SP,20,0.0,0,True,20,2061,1504,english,ng,prod,cluster,469,20.08547008547008
5,v4_20_SP,20,0.0,0,True,20,2061,1504,english,g,member,sample,469,44.680851063829785
5,v4_20_SP,20,0.0,0,True,20,2061,1504,english,g,member,person,469,45.53191489361702
5,v4_20_SP,20,0.0,0,True,20,2061,1504,english,g,member,cluster,469,43.162393162393165
5,v4_20_SP,20,0.0,0,True,20,2061,1504,english,g,prod,sample,469,37.17948717948718
5,v4_20_SP,20,0.0,0,True,20,2061,1504,english,g,prod,person,469,34.46808510638298
5,v4_20_SP,20,0.0,0,True,20,2061,1504,english,g,prod,cluster,469,34.18803418803419
5,v4_20_SP,20,0.0,0,True,20,2061,1504,v4,ng,member,sample,443,31.963470319634702
5,v4_20_SP,20,0.0,0,True,20,2061,1504,v4,ng,member,person,443,24.553571428571427
5,v4_20_SP,20,0.0,0,True,20,2061,1504,v4,ng,member,cluster,443,25.892857142857146
5,v4_20_SP,20,0.0,0,True,20,2061,1504,v4,ng,prod,sample,443,26.027397260273975
5,v4_20_SP,20,0.0,0,True,20,2061,1504,v4,ng,prod,person,443,17.35159817351598
5,v4_20_SP,20,0.0,0,True,20,2061,1504,v4,ng,prod,cluster,443,18.2648401826484
5,v4_20_SP,20,0.0,0,True,20,2061,1504,v4,g,member,sample,443,41.964285714285715
5,v4_20_SP,20,0.0,0,True,20,2061,1504,v4,g,member,person,443,37.89954337899544
5,v4_20_SP,20,0.0,0,True,20,2061,1504,v4,g,member,cluster,443,39.26940639269406
5,v4_20_SP,20,0.0,0,True,20,2061,1504,v4,g,prod,sample,443,33.482142857142854
5,v4_20_SP,20,0.0,0,True,20,2061,1504,v4,g,prod,person,443,33.035714285714285
5,v4_20_SP,20,0.0,0,True,20,2061,1504,v4,g,prod,cluster,443,34.70319634703196
5,v4_30,30,0.0,0,False,30,2821,1496,urdu,ng,member,sample,192,31.25
5,v4_30,30,0.0,0,False,30,2821,1496,urdu,ng,member,person,192,25.0
5,v4_30,30,0.0,0,False,30,2821,1496,urdu,ng,member,cluster,192,29.166666666666668
5,v4_30,30,0.0,0,False,30,2821,1496,urdu,ng,prod,sample,192,19.791666666666664
5,v4_30,30,0.0,0,False,30,2821,1496,urdu,ng,prod,person,192,16.666666666666664
5,v4_30,30,0.0,0,False,30,2821,1496,urdu,ng,prod,cluster,192,17.708333333333336
5,v4_30,30,0.0,0,False,30,2821,1496,urdu,g,member,sample,191,43.75
5,v4_30,30,0.0,0,False,30,2821,1496,urdu,g,member,person,191,36.84210526315789
5,v4_30,30,0.0,0,False,30,2821,1496,urdu,g,member,cluster,191,36.84210526315789
5,v4_30,30,0.0,0,False,30,2821,1496,urdu,g,prod,sample,191,40.0
5,v4_30,30,0.0,0,False,30,2821,1496,urdu,g,prod,person,191,32.291666666666664
5,v4_30,30,0.0,0,False,30,2821,1496,urdu,g,prod,cluster,191,34.375
5,v4_30,30,0.0,0,False,30,2821,1496,hindi,ng,member,sample,288,38.19444444444444
5,v4_30,30,0.0,0,False,30,2821,1496,hindi,ng,member,person,288,37.5
5,v4_30,30,0.0,0,False,30,2821,1496,hindi,ng,member,cluster,288,37.5
5,v4_30,30,0.0,0,False,30,2821,1496,hindi,ng,prod,sample,288,29.166666666666664
5,v4_30,30,0.0,0,False,30,2821,1496,hindi,ng,prod,person,288,15.972222222222221
5,v4_30,30,0.0,0,False,30,2821,1496,hindi,ng,prod,cluster,288,16.666666666666664
5,v4_30,30,0.0,0,False,30,2821,1496,english,ng,member,sample,469,32.90598290598291
5,v4_30,30,0.0,0,False,30,2821,1496,english,ng,member,person,469,30.76923076923077
5,v4_30,30,0.0,0,False,30,2821,1496,english,ng,member,cluster,469,29.78723404255319
5,v4_30,30,0.0,0,False,30,2821,1496,english,ng,prod,sample,469,26.49572649572649
5,v4_30,30,0.0,0,False,30,2821,1496,english,ng,prod,person,469,14.95726495726496
5,v4_30,30,0.0,0,False,30,2821,1496,english,ng,prod,cluster,469,16.23931623931624
5,v4_30,30,0.0,0,False,30,2821,1496,english,g,member,sample,469,45.1063829787234
5,v4_30,30,0.0,0,False,30,2821,1496,english,g,member,person,469,41.02564102564102
5,v4_30,30,0.0,0,False,30,2821,1496,english,g,member,cluster,469,41.880341880341874
5,v4_30,30,0.0,0,False,30,2821,1496,english,g,prod,sample,469,35.74468085106383
5,v4_30,30,0.0,0,False,30,2821,1496,english,g,prod,person,469,32.340425531914896
5,v4_30,30,0.0,0,False,30,2821,1496,english,g,prod,cluster,469,33.191489361702125
5,v4_30,30,0.0,0,False,30,2821,1496,v4,ng,member,sample,443,28.767123287671236
5,v4_30,30,0.0,0,False,30,2821,1496,v4,ng,member,person,443,25.44642857142857
5,v4_30,30,0.0,0,False,30,2821,1496,v4,ng,member,cluster,443,27.397260273972602
5,v4_30,30,0.0,0,False,30,2821,1496,v4,ng,prod,sample,443,24.200913242009136
5,v4_30,30,0.0,0,False,30,2821,1496,v4,ng,prod,person,443,16.43835616438356
5,v4_30,30,0.0,0,False,30,2821,1496,v4,ng,prod,cluster,443,17.35159817351598
5,v4_30,30,0.0,0,False,30,2821,1496,v4,g,member,sample,443,38.392857142857146
5,v4_30,30,0.0,0,False,30,2821,1496,v4,g,member,person,443,34.375
5,v4_30,30,0.0,0,False,30,2821,1496,v4,g,member,cluster,443,35.61643835616438
5,v4_30,30,0.0,0,False,30,2821,1496,v4,g,prod,sample,443,33.789954337899545
5,v4_30,30,0.0,0,False,30,2821,1496,v4,g,prod,person,443,31.963470319634702
5,v4_30,30,0.0,0,False,30,2821,1496,v4,g,prod,cluster,443,31.506849315068497
5,v4_30_SP,30,0.0,0,True,30,2821,1496,urdu,ng,member,sample,192,32.291666666666664
5,v4_30_SP,30,0.0,0,True,30,2821,1496,urdu,ng,member,person,192,25.0
5,v4_30_SP,30,0.0,0,True,30,2821,1496,urdu,ng,member,cluster,192,29.166666666666664
5,v4_30_SP,30,0.0,0,True,30,2821,1496,urdu,ng,prod,sample,192,19.791666666666664
5,v4_30_SP,30,0.0,0,True,30,2821,1496,urdu,ng,prod,person,192,16.666666666666664
5,v4_30_SP,30,0.0,0,True,30,2821,1496,urdu,ng,prod,cluster,192,17.708333333333336
5,v4_30_SP,30,0.0,0,True,30,2821,1496,urdu,g,member,sample,191,42.708333333333336
5,v4_30_SP,30,0.0,0,True,30,2821,1496,urdu,g,member,person,191,36.84210526315789
5,v4_30_SP,30,0.0,0,True,30,2821,1496,urdu,g,member,cluster,191,36.84210526315789
5,v4_30_SP,30,0.0,0,True,30,2821,1496,urdu,g,prod,sample,191,40.0
5,v4_30_SP,30,0.0,0,True,30,2821,1496,urdu,g,prod,person,191,32.291666666666664
5,v4_30_SP,30,0.0,0,True,30,2821,1496,urdu,g,prod,cluster,191,34.375
5,v4_30_SP,30,0.0,0,True,30,2821,1496,hindi,ng,member,sample,288,38.888888888888886
5,v4_30_SP,30,0.0,0,True,30,2821,1496,hindi,ng,member,person,288,38.888888888888886
5,v4_30_SP,30,0.0,0,True,30,2821,1496,hindi,ng,member,cluster,288,38.88888888888889
5,v4_30_SP,30,0.0,0,True,30,2821,1496,hindi,ng,prod,sample,288,31.25
5,v4_30_SP,30,0.0,0,True,30,2821,1496,hindi,ng,prod,person,288,16.666666666666664
5,v4_30_SP,30,0.0,0,True,30,2821,1496,hindi,ng,prod,cluster,288,19.444444444444443
5,v4_30_SP,30,0.0,0,True,30,2821,1496,english,ng,member,sample,469,32.47863247863248
5,v4_30_SP,30,0.0,0,True,30,2821,1496,english,ng,member,person,469,27.350427350427353
5,v4_30_SP,30,0.0,0,True,30,2821,1496,english,ng,member,cluster,469,27.23404255319149
5,v4_30_SP,30,0.0,0,True,30,2821,1496,english,ng,prod,sample,469,26.49572649572649
5,v4_30_SP,30,0.0,0,True,30,2821,1496,english,ng,prod,person,469,15.319148936170212
5,v4_30_SP,30,0.0,0,True,30,2821,1496,english,ng,prod,cluster,469,16.595744680851062
5,v4_30_SP,30,0.0,0,True,30,2821,1496,english,g,member,sample,469,46.58119658119658
5,v4_30_SP,30,0.0,0,True,30,2821,1496,english,g,member,person,469,41.02564102564102
5,v4_30_SP,30,0.0,0,True,30,2821,1496,english,g,member,cluster,469,42.307692307692314
5,v4_30_SP,30,0.0,0,True,30,2821,1496,english,g,prod,sample,469,35.89743589743589
5,v4_30_SP,30,0.0,0,True,30,2821,1496,english,g,prod,person,469,33.191489361702125
5,v4_30_SP,30,0.0,0,True,30,2821,1496,english,g,prod,cluster,469,33.61702127659574
5,v4_30_SP,30,0.0,0,True,30,2821,1496,v4,ng,member,sample,443,28.125
5,v4_30_SP,30,0.0,0,True,30,2821,1496,v4,ng,member,person,443,27.67857142857143
5,v4_30_SP,30,0.0,0,True,30,2821,1496,v4,ng,member,cluster,443,28.57142857142857
5,v4_30_SP,30,0.0,0,True,30,2821,1496,v4,ng,prod,sample,443,24.200913242009136
5,v4_30_SP,30,0.0,0,True,30,2821,1496,v4,ng,prod,person,443,16.43835616438356
5,v4_30_SP,30,0.0,0,True,30,2821,1496,v4,ng,prod,cluster,443,17.35159817351598
5,v4_30_SP,30,0.0,0,True,30,2821,1496,v4,g,member,sample,443,38.392857142857146
5,v4_30_SP,30,0.0,0,True,30,2821,1496,v4,g,member,person,443,34.24657534246576
5,v4_30_SP,30,0.0,0,True,30,2821,1496,v4,g,member,cluster,443,35.61643835616438
5,v4_30_SP,30,0.0,0,True,30,2821,1496,v4,g,prod,sample,443,33.035714285714285
5,v4_30_SP,30,0.0,0,True,30,2821,1496,v4,g,prod,person,443,31.963470319634702
5,v4_30_SP,30,0.0,0,True,30,2821,1496,v4,g,prod,cluster,443,31.506849315068497
5,v4_40,40,0.0,0,False,40,3790,1475,urdu,ng,member,sample,192,33.333333333333336
5,v4_40,40,0.0,0,False,40,3790,1475,urdu,ng,member,person,192,25.0
5,v4_40,40,0.0,0,False,40,3790,1475,urdu,ng,member,cluster,192,27.083333333333336
5,v4_40,40,0.0,0,False,40,3790,1475,urdu,ng,prod,sample,192,20.833333333333336
5,v4_40,40,0.0,0,False,40,3790,1475,urdu,ng,prod,person,192,16.666666666666664
5,v4_40,40,0.0,0,False,40,3790,1475,urdu,ng,prod,cluster,192,17.708333333333336
5,v4_40,40,0.0,0,False,40,3790,1475,urdu,g,member,sample,191,43.75
5,v4_40,40,0.0,0,False,40,3790,1475,urdu,g,member,person,191,37.89473684210527
5,v4_40,40,0.0,0,False,40,3790,1475,urdu,g,member,cluster,191,37.89473684210527
5,v4_40,40,0.0,0,False,40,3790,1475,urdu,g,prod,sample,191,38.541666666666664
5,v4_40,40,0.0,0,False,40,3790,1475,urdu,g,prod,person,191,32.631578947368425
5,v4_40,40,0.0,0,False,40,3790,1475,urdu,g,prod,cluster,191,33.68421052631579
5,v4_40,40,0.0,0,False,40,3790,1475,hindi,ng,member,sample,288,40.27777777777778
5,v4_40,40,0.0,0,False,40,3790,1475,hindi,ng,member,person,288,33.333333333333336
5,v4_40,40,0.0,0,False,40,3790,1475,hindi,ng,member,cluster,288,36.80555555555556
5,v4_40,40,0.0,0,False,40,3790,1475,hindi,ng,prod,sample,288,31.25
5,v4_40,40,0.0,0,False,40,3790,1475,hindi,ng,prod,person,288,17.36111111111111
5,v4_40,40,0.0,0,False,40,3790,1475,hindi,ng,prod,cluster,288,20.13888888888889
5,v4_40,40,0.0,0,False,40,3790,1475,english,ng,member,sample,469,34.18803418803419
5,v4_40,40,0.0,0,False,40,3790,1475,english,ng,member,person,469,28.205128205128204
5,v4_40,40,0.0,0,False,40,3790,1475,english,ng,member,cluster,469,29.059829059829056
5,v4_40,40,0.0,0,False,40,3790,1475,english,ng,prod,sample,469,24.680851063829788
5,v4_40,40,0.0,0,False,40,3790,1475,english,ng,prod,person,469,16.170212765957448
5,v4_40,40,0.0,0,False,40,3790,1475,english,ng,prod,cluster,469,18.803418803418804
5,v4_40,40,0.0,0,False,40,3790,1475,english,g,member,sample,469,48.08510638297872
5,v4_40,40,0.0,0,False,40,3790,1475,english,g,member,person,469,41.02564102564102
5,v4_40,40,0.0,0,False,40,3790,1475,english,g,member,cluster,469,41.27659574468085
5,v4_40,40,0.0,0,False,40,3790,1475,english,g,prod,sample,469,36.32478632478633
5,v4_40,40,0.0,0,False,40,3790,1475,english,g,prod,person,469,34.04255319148936
5,v4_40,40,0.0,0,False,40,3790,1475,english,g,prod,cluster,469,34.46808510638298
5,v4_40,40,0.0,0,False,40,3790,1475,v4,ng,member,sample,443,28.125
5,v4_40,40,0.0,0,False,40,3790,1475,v4,ng,member,person,443,22.321428571428573
5,v4_40,40,0.0,0,False,40,3790,1475,v4,ng,member,cluster,443,22.767857142857142
5,v4_40,40,0.0,0,False,40,3790,1475,v4,ng,prod,sample,443,22.767857142857142
5,v4_40,40,0.0,0,False,40,3790,1475,v4,ng,prod,person,443,16.964285714285715
5,v4_40,40,0.0,0,False,40,3790,1475,v4,ng,prod,cluster,443,17.857142857142858
5,v4_40,40,0.0,0,False,40,3790,1475,v4,g,member,sample,443,38.839285714285715
5,v4_40,40,0.0,0,False,40,3790,1475,v4,g,member,person,443,34.70319634703196
5,v4_40,40,0.0,0,False,40,3790,1475,v4,g,member,cluster,443,36.5296803652968
5,v4_40,40,0.0,0,False,40,3790,1475,v4,g,prod,sample,443,32.42009132420092
5,v4_40,40,0.0,0,False,40,3790,1475,v4,g,prod,person,443,29.910714285714285
5,v4_40,40,0.0,0,False,40,3790,1475,v4,g,prod,cluster,443,31.69642857142857
5,v4_40_SP,40,0.0,0,True,40,3790,1475,urdu,ng,member,sample,192,32.291666666666664
5,v4_40_SP,40,0.0,0,True,40,3790,1475,urdu,ng,member,person,192,25.0
5,v4_40_SP,40,0.0,0,True,40,3790,1475,urdu,ng,member,cluster,192,27.083333333333336
5,v4_40_SP,40,0.0,0,True,40,3790,1475,urdu,ng,prod,sample,192,20.833333333333336
5,v4_40_SP,40,0.0,0,True,40,3790,1475,urdu,ng,prod,person,192,16.666666666666664
5,v4_40_SP,40,0.0,0,True,40,3790,1475,urdu,ng,prod,cluster,192,17.708333333333336
5,v4_40_SP,40,0.0,0,True,40,3790,1475,urdu,g,member,sample,191,43.15789473684211
5,v4_40_SP,40,0.0,0,True,40,3790,1475,urdu,g,member,person,191,37.89473684210527
5,v4_40_SP,40,0.0,0,True,40,3790,1475,urdu,g,member,cluster,191,40.0
5,v4_40_SP,40,0.0,0,True,40,3790,1475,urdu,g,prod,sample,191,36.458333333333336
5,v4_40_SP,40,0.0,0,True,40,3790,1475,urdu,g,prod,person,191,31.57894736842105
5,v4_40_SP,40,0.0,0,True,40,3790,1475,urdu,g,prod,cluster,191,33.68421052631579
5,v4_40_SP,40,0.0,0,True,40,3790,1475,hindi,ng,member,sample,288,38.888888888888886
5,v4_40_SP,40,0.0,0,True,40,3790,1475,hindi,ng,member,person,288,33.333333333333336
5,v4_40_SP,40,0.0,0,True,40,3790,1475,hindi,ng,member,cluster,288,34.72222222222222
5,v4_40_SP,40,0.0,0,True,40,3790,1475,hindi,ng,prod,sample,288,31.25
5,v4_40_SP,40,0.0,0,True,40,3790,1475,hindi,ng,prod,person,288,17.36111111111111
5,v4_40_SP,40,0.0,0,True,40,3790,1475,hindi,ng,prod,cluster,288,20.833333333333336
5,v4_40_SP,40,0.0,0,True,40,3790,1475,english,ng,member,sample,469,34.61538461538461
5,v4_40_SP,40,0.0,0,True,40,3790,1475,english,ng,member,person,469,28.936170212765955
5,v4_40_SP,40,0.0,0,True,40,3790,1475,english,ng,member,cluster,469,28.510638297872344
5,v4_40_SP,40,0.0,0,True,40,3790,1475,english,ng,prod,sample,469,25.64102564102564
5,v4_40_SP,40,0.0,0,True,40,3790,1475,english,ng,prod,person,469,17.872340425531917
5,v4_40_SP,40,0.0,0,True,40,3790,1475,english,ng,prod,cluster,469,18.72340425531915
5,v4_40_SP,40,0.0,0,True,40,3790,1475,english,g,member,sample,469,47.23404255319149
5,v4_40_SP,40,0.0,0,True,40,3790,1475,english,g,member,person,469,42.97872340425532
5,v4_40_SP,40,0.0,0,True,40,3790,1475,english,g,member,cluster,469,41.880341880341874
5,v4_40_SP,40,0.0,0,True,40,3790,1475,english,g,prod,sample,469,36.32478632478633
5,v4_40_SP,40,0.0,0,True,40,3790,1475,english,g,prod,person,469,34.04255319148936
5,v4_40_SP,40,0.0,0,True,40,3790,1475,english,g,prod,cluster,469,34.46808510638298
5,v4_40_SP,40,0.0,0,True,40,3790,1475,v4,ng,member,sample,443,26.940639269406397
5,v4_40_SP,40,0.0,0,True,40,3790,1475,v4,ng,member,person,443,21.875
5,v4_40_SP,40,0.0,0,True,40,3790,1475,v4,ng,member,cluster,443,22.767857142857142
5,v4_40_SP,40,0.0,0,True,40,3790,1475,v4,ng,prod,sample,443,23.214285714285715
5,v4_40_SP,40,0.0,0,True,40,3790,1475,v4,ng,prod,person,443,16.964285714285715
5,v4_40_SP,40,0.0,0,True,40,3790,1475,v4,ng,prod,cluster,443,18.303571428571427
5,v4_40_SP,40,0.0,0,True,40,3790,1475,v4,g,member,sample,443,39.732142857142854
5,v4_40_SP,40,0.0,0,True,40,3790,1475,v4,g,member,person,443,34.70319634703196
5,v4_40_SP,40,0.0,0,True,40,3790,1475,v4,g,member,cluster,443,36.5296803652968
5,v4_40_SP,40,0.0,0,True,40,3790,1475,v4,g,prod,sample,443,32.589285714285715
5,v4_40_SP,40,0.0,0,True,40,3790,1475,v4,g,prod,person,443,29.910714285714285
5,v4_40_SP,40,0.0,0,True,40,3790,1475,v4,g,prod,cluster,443,31.69642857142857
5,v4_40_e25,40,0.25,30,False,70,7679,1547,urdu,ng,member,sample,192,27.083333333333332
5,v4_40_e25,40,0.25,30,False,70,7679,1547,urdu,ng,member,person,192,25.0
5,v4_40_e25,40,0.25,30,False,70,7679,1547,urdu,ng,member,cluster,192,23.958333333333336
5,v4_40_e25,40,0.25,30,False,70,7679,1547,urdu,ng,prod,sample,192,20.833333333333336
5,v4_40_e25,40,0.25,30,False,70,7679,1547,urdu,ng,prod,person,192,15.625
5,v4_40_e25,40,0.25,30,False,70,7679,1547,urdu,ng,prod,cluster,192,14.583333333333334
5,v4_40_e25,40,0.25,30,False,70,7679,1547,urdu,g,member,sample,191,36.458333333333336
5,v4_40_e25,40,0.25,30,False,70,7679,1547,urdu,g,member,person,191,33.333333333333336
5,v4_40_e25,40,0.25,30,False,70,7679,1547,urdu,g,member,cluster,191,33.68421052631579
5,v4_40_e25,40,0.25,30,False,70,7679,1547,urdu,g,prod,sample,191,38.541666666666664
5,v4_40_e25,40,0.25,30,False,70,7679,1547,urdu,g,prod,person,191,33.333333333333336
5,v4_40_e25,40,0.25,30,False,70,7679,1547,urdu,g,prod,cluster,191,33.68421052631579
5,v4_40_e25,40,0.25,30,False,70,7679,1547,hindi,ng,member,sample,288,31.25
5,v4_40_e25,40,0.25,30,False,70,7679,1547,hindi,ng,member,person,288,27.77777777777778
5,v4_40_e25,40,0.25,30,False,70,7679,1547,hindi,ng,member,cluster,288,31.944444444444443
5,v4_40_e25,40,0.25,30,False,70,7679,1547,hindi,ng,prod,sample,288,25.694444444444443
5,v4_40_e25,40,0.25,30,False,70,7679,1547,hindi,ng,prod,person,288,16.666666666666664
5,v4_40_e25,40,0.25,30,False,70,7679,1547,hindi,ng,prod,cluster,288,19.444444444444443
5,v4_40_e25,40,0.25,30,False,70,7679,1547,english,ng,member,sample,469,28.205128205128204
5,v4_40_e25,40,0.25,30,False,70,7679,1547,english,ng,member,person,469,21.794871794871796
5,v4_40_e25,40,0.25,30,False,70,7679,1547,english,ng,member,cluster,469,21.36752136752137
5,v4_40_e25,40,0.25,30,False,70,7679,1547,english,ng,prod,sample,469,23.931623931623935
5,v4_40_e25,40,0.25,30,False,70,7679,1547,english,ng,prod,person,469,17.4468085106383
5,v4_40_e25,40,0.25,30,False,70,7679,1547,english,ng,prod,cluster,469,18.29787234042553
5,v4_40_e25,40,0.25,30,False,70,7679,1547,english,g,member,sample,469,41.02564102564102
5,v4_40_e25,40,0.25,30,False,70,7679,1547,english,g,member,person,469,33.61702127659574
5,v4_40_e25,40,0.25,30,False,70,7679,1547,english,g,member,cluster,469,34.8936170212766
5,v4_40_e25,40,0.25,30,False,70,7679,1547,english,g,prod,sample,469,34.61538461538461
5,v4_40_e25,40,0.25,30,False,70,7679,1547,english,g,prod,person,469,29.78723404255319
5,v4_40_e25,40,0.25,30,False,70,7679,1547,english,g,prod,cluster,469,30.638297872340424
5,v4_40_e25,40,0.25,30,False,70,7679,1547,v4,ng,member,sample,443,26.940639269406397
5,v4_40_e25,40,0.25,30,False,70,7679,1547,v4,ng,member,person,443,20.535714285714285
5,v4_40_e25,40,0.25,30,False,70,7679,1547,v4,ng,member,cluster,443,20.982142857142858
5,v4_40_e25,40,0.25,30,False,70,7679,1547,v4,ng,prod,sample,443,20.091324200913242
5,v4_40_e25,40,0.25,30,False,70,7679,1547,v4,ng,prod,person,443,15.178571428571427
5,v4_40_e25,40,0.25,30,False,70,7679,1547,v4,ng,prod,cluster,443,16.894977168949776
5,v4_40_e25,40,0.25,30,False,70,7679,1547,v4,g,member,sample,443,39.726027397260275
5,v4_40_e25,40,0.25,30,False,70,7679,1547,v4,g,member,person,443,37.94642857142857
5,v4_40_e25,40,0.25,30,False,70,7679,1547,v4,g,member,cluster,443,39.726027397260275
5,v4_40_e25,40,0.25,30,False,70,7679,1547,v4,g,prod,sample,443,34.375
5,v4_40_e25,40,0.25,30,False,70,7679,1547,v4,g,prod,person,443,26.785714285714285
5,v4_40_e25,40,0.25,30,False,70,7679,1547,v4,g,prod,cluster,443,28.767123287671236
5,v4_40_e25_SP,40,0.25,30,True,70,7679,1547,urdu,ng,member,sample,192,28.125
5,v4_40_e25_SP,40,0.25,30,True,70,7679,1547,urdu,ng,member,person,192,25.0
5,v4_40_e25_SP,40,0.25,30,True,70,7679,1547,urdu,ng,member,cluster,192,23.958333333333336
5,v4_40_e25_SP,40,0.25,30,True,70,7679,1547,urdu,ng,prod,sample,192,20.833333333333336
5,v4_40_e25_SP,40,0.25,30,True,70,7679,1547,urdu,ng,prod,person,192,15.625
5,v4_40_e25_SP,40,0.25,30,True,70,7679,1547,urdu,ng,prod,cluster,192,14.583333333333334
5,v4_40_e25_SP,40,0.25,30,True,70,7679,1547,urdu,g,member,sample,191,38.541666666666664
5,v4_40_e25_SP,40,0.25,30,True,70,7679,1547,urdu,g,member,person,191,33.333333333333336
5,v4_40_e25_SP,40,0.25,30,True,70,7679,1547,urdu,g,member,cluster,191,36.84210526315789
5,v4_40_e25_SP,40,0.25,30,True,70,7679,1547,urdu,g,prod,sample,191,38.541666666666664
5,v4_40_e25_SP,40,0.25,30,True,70,7679,1547,urdu,g,prod,person,191,33.333333333333336
5,v4_40_e25_SP,40,0.25,30,True,70,7679,1547,urdu,g,prod,cluster,191,33.68421052631579
5,v4_40_e25_SP,40,0.25,30,True,70,7679,1547,hindi,ng,member,sample,288,32.63888888888889
5,v4_40_e25_SP,40,0.25,30,True,70,7679,1547,hindi,ng,member,person,288,27.77777777777778
5,v4_40_e25_SP,40,0.25,30,True,70,7679,1547,hindi,ng,member,cluster,288,31.944444444444443
5,v4_40_e25_SP,40,0.25,30,True,70,7679,1547,hindi,ng,prod,sample,288,25.0
5,v4_40_e25_SP,40,0.25,30,True,70,7679,1547,hindi,ng,prod,person,288,16.666666666666664
5,v4_40_e25_SP,40,0.25,30,True,70,7679,1547,hindi,ng,prod,cluster,288,19.444444444444443
5,v4_40_e25_SP,40,0.25,30,True,70,7679,1547,english,ng,member,sample,469,28.63247863247863
5,v4_40_e25_SP,40,0.25,30,True,70,7679,1547,english,ng,member,person,469,22.22222222222222
5,v4_40_e25_SP,40,0.25,30,True,70,7679,1547,english,ng,member,cluster,469,22.22222222222222
5,v4_40_e25_SP,40,0.25,30,True,70,7679,1547,english,ng,prod,sample,469,23.404255319148938
5,v4_40_e25_SP,40,0.25,30,True,70,7679,1547,english,ng,prod,person,469,17.09401709401709
5,v4_40_e25_SP,40,0.25,30,True,70,7679,1547,english,ng,prod,cluster,469,17.872340425531917
5,v4_40_e25_SP,40,0.25,30,True,70,7679,1547,english,g,member,sample,469,41.45299145299145
5,v4_40_e25_SP,40,0.25,30,True,70,7679,1547,english,g,member,person,469,33.191489361702125
5,v4_40_e25_SP,40,0.25,30,True,70,7679,1547,english,g,member,cluster,469,34.46808510638298
5,v4_40_e25_SP,40,0.25,30,True,70,7679,1547,english,g,prod,sample,469,34.04255319148936
5,v4_40_e25_SP,40,0.25,30,True,70,7679,1547,english,g,prod,person,469,29.78723404255319
5,v4_40_e25_SP,40,0.25,30,True,70,7679,1547,english,g,prod,cluster,469,29.78723404255319
5,v4_40_e25_SP,40,0.25,30,True,70,7679,1547,v4,ng,member,sample,443,26.785714285714285
5,v4_40_e25_SP,40,0.25,30,True,70,7679,1547,v4,ng,member,person,443,20.535714285714285
5,v4_40_e25_SP,40,0.25,30,True,70,7679,1547,v4,ng,member,cluster,443,21.875
5,v4_40_e25_SP,40,0.25,30,True,70,7679,1547,v4,ng,prod,sample,443,20.982142857142858
5,v4_40_e25_SP,40,0.25,30,True,70,7679,1547,v4,ng,prod,person,443,15.981735159817356
5,v4_40_e25_SP,40,0.25,30,True,70,7679,1547,v4,ng,prod,cluster,443,17.410714285714285
5,v4_40_e25_SP,40,0.25,30,True,70,7679,1547,v4,g,member,sample,443,39.726027397260275
5,v4_40_e25_SP,40,0.25,30,True,70,7679,1547,v4,g,member,person,443,38.35616438356164
5,v4_40_e25_SP,40,0.25,30,True,70,7679,1547,v4,g,member,cluster,443,39.726027397260275
5,v4_40_e25_SP,40,0.25,30,True,70,7679,1547,v4,g,prod,sample,443,33.92857142857143
5,v4_40_e25_SP,40,0.25,30,True,70,7679,1547,v4,g,prod,person,443,29.22374429223744
5,v4_40_e25_SP,40,0.25,30,True,70,7679,1547,v4,g,prod,cluster,443,31.25
5,v4_40_e50,40,0.5,60,False,100,11700,1456,urdu,ng,member,sample,192,23.958333333333336
5,v4_40_e50,40,0.5,60,False,100,11700,1456,urdu,ng,member,person,192,25.0
5,v4_40_e50,40,0.5,60,False,100,11700,1456,urdu,ng,member,cluster,192,23.958333333333336
5,v4_40_e50,40,0.5,60,False,100,11700,1456,urdu,ng,prod,sample,192,20.833333333333336
5,v4_40_e50,40,0.5,60,False,100,11700,1456,urdu,ng,prod,person,192,16.666666666666664
5,v4_40_e50,40,0.5,60,False,100,11700,1456,urdu,ng,prod,cluster,192,17.708333333333336
5,v4_40_e50,40,0.5,60,False,100,11700,1456,urdu,g,member,sample,191,34.73684210526316
5,v4_40_e50,40,0.5,60,False,100,11700,1456,urdu,g,member,person,191,33.333333333333336
5,v4_40_e50,40,0.5,60,False,100,11700,1456,urdu,g,member,cluster,191,31.25
5,v4_40_e50,40,0.5,60,False,100,11700,1456,urdu,g,prod,sample,191,30.208333333333336
5,v4_40_e50,40,0.5,60,False,100,11700,1456,urdu,g,prod,person,191,33.333333333333336
5,v4_40_e50,40,0.5,60,False,100,11700,1456,urdu,g,prod,cluster,191,31.57894736842105
5,v4_40_e50,40,0.5,60,False,100,11700,1456,hindi,ng,member,sample,288,27.77777777777778
5,v4_40_e50,40,0.5,60,False,100,11700,1456,hindi,ng,member,person,288,23.61111111111111
5,v4_40_e50,40,0.5,60,False,100,11700,1456,hindi,ng,member,cluster,288,24.305555555555554
5,v4_40_e50,40,0.5,60,False,100,11700,1456,hindi,ng,prod,sample,288,23.611111111111114
5,v4_40_e50,40,0.5,60,False,100,11700,1456,hindi,ng,prod,person,288,16.666666666666664
5,v4_40_e50,40,0.5,60,False,100,11700,1456,hindi,ng,prod,cluster,288,19.444444444444443
5,v4_40_e50,40,0.5,60,False,100,11700,1456,english,ng,member,sample,469,25.106382978723403
5,v4_40_e50,40,0.5,60,False,100,11700,1456,english,ng,member,person,469,21.27659574468085
5,v4_40_e50,40,0.5,60,False,100,11700,1456,english,ng,member,cluster,469,21.27659574468085
5,v4_40_e50,40,0.5,60,False,100,11700,1456,english,ng,prod,sample,469,21.36752136752137
5,v4_40_e50,40,0.5,60,False,100,11700,1456,english,ng,prod,person,469,15.81196581196581
5,v4_40_e50,40,0.5,60,False,100,11700,1456,english,ng,prod,cluster,469,15.384615384615385
5,v4_40_e50,40,0.5,60,False,100,11700,1456,english,g,member,sample,469,36.32478632478633
5,v4_40_e50,40,0.5,60,False,100,11700,1456,english,g,member,person,469,29.487179487179482
5,v4_40_e50,40,0.5,60,False,100,11700,1456,english,g,member,cluster,469,30.341880341880344
5,v4_40_e50,40,0.5,60,False,100,11700,1456,english,g,prod,sample,469,32.340425531914896
5,v4_40_e50,40,0.5,60,False,100,11700,1456,english,g,prod,person,469,25.53191489361702
5,v4_40_e50,40,0.5,60,False,100,11700,1456,english,g,prod,cluster,469,26.49572649572649
5,v4_40_e50,40,0.5,60,False,100,11700,1456,v4,ng,member,sample,443,24.107142857142858
5,v4_40_e50,40,0.5,60,False,100,11700,1456,v4,ng,member,person,443,20.982142857142858
5,v4_40_e50,40,0.5,60,False,100,11700,1456,v4,ng,member,cluster,443,21.875
5,v4_40_e50,40,0.5,60,False,100,11700,1456,v4,ng,prod,sample,443,21.00456621004566
5,v4_40_e50,40,0.5,60,False,100,11700,1456,v4,ng,prod,person,443,18.303571428571427
5,v4_40_e50,40,0.5,60,False,100,11700,1456,v4,ng,prod,cluster,443,20.535714285714285
5,v4_40_e50,40,0.5,60,False,100,11700,1456,v4,g,member,sample,443,40.182648401826484
5,v4_40_e50,40,0.5,60,False,100,11700,1456,v4,g,member,person,443,34.375
5,v4_40_e50,40,0.5,60,False,100,11700,1456,v4,g,member,cluster,443,35.714285714285715
5,v4_40_e50,40,0.5,60,False,100,11700,1456,v4,g,prod,sample,443,33.92857142857143
5,v4_40_e50,40,0.5,60,False,100,11700,1456,v4,g,prod,person,443,30.357142857142854
5,v4_40_e50,40,0.5,60,False,100,11700,1456,v4,g,prod,cluster,443,32.142857142857146
5,v4_40_e50_SP,40,0.5,60,True,100,11700,1456,urdu,ng,member,sample,192,23.958333333333336
5,v4_40_e50_SP,40,0.5,60,True,100,11700,1456,urdu,ng,member,person,192,25.0
5,v4_40_e50_SP,40,0.5,60,True,100,11700,1456,urdu,ng,member,cluster,192,23.958333333333336
5,v4_40_e50_SP,40,0.5,60,True,100,11700,1456,urdu,ng,prod,sample,192,20.833333333333336
5,v4_40_e50_SP,40,0.5,60,True,100,11700,1456,urdu,ng,prod,person,192,16.666666666666664
5,v4_40_e50_SP,40,0.5,60,True,100,11700,1456,urdu,ng,prod,cluster,192,17.708333333333336
5,v4_40_e50_SP,40,0.5,60,True,100,11700,1456,urdu,g,member,sample,191,35.416666666666664
5,v4_40_e50_SP,40,0.5,60,True,100,11700,1456,urdu,g,member,person,191,30.208333333333336
5,v4_40_e50_SP,40,0.5,60,True,100,11700,1456,urdu,g,member,cluster,191,32.291666666666664
5,v4_40_e50_SP,40,0.5,60,True,100,11700,1456,urdu,g,prod,sample,191,30.526315789473685
5,v4_40_e50_SP,40,0.5,60,True,100,11700,1456,urdu,g,prod,person,191,33.333333333333336
5,v4_40_e50_SP,40,0.5,60,True,100,11700,1456,urdu,g,prod,cluster,191,32.291666666666664
5,v4_40_e50_SP,40,0.5,60,True,100,11700,1456,hindi,ng,member,sample,288,27.083333333333336
5,v4_40_e50_SP,40,0.5,60,True,100,11700,1456,hindi,ng,member,person,288,24.305555555555554
5,v4_40_e50_SP,40,0.5,60,True,100,11700,1456,hindi,ng,member,cluster,288,27.083333333333332
5,v4_40_e50_SP,40,0.5,60,True,100,11700,1456,hindi,ng,prod,sample,288,23.611111111111114
5,v4_40_e50_SP,40,0.5,60,True,100,11700,1456,hindi,ng,prod,person,288,17.361111111111114
5,v4_40_e50_SP,40,0.5,60,True,100,11700,1456,hindi,ng,prod,cluster,288,18.75
5,v4_40_e50_SP,40,0.5,60,True,100,11700,1456,english,ng,member,sample,469,25.957446808510635
5,v4_40_e50_SP,40,0.5,60,True,100,11700,1456,english,ng,member,person,469,22.649572649572647
5,v4_40_e50_SP,40,0.5,60,True,100,11700,1456,english,ng,member,cluster,469,22.649572649572647
5,v4_40_e50_SP,40,0.5,60,True,100,11700,1456,english,ng,prod,sample,469,21.27659574468085
5,v4_40_e50_SP,40,0.5,60,True,100,11700,1456,english,ng,prod,person,469,15.81196581196581
5,v4_40_e50_SP,40,0.5,60,True,100,11700,1456,english,ng,prod,cluster,469,14.893617021276595
5,v4_40_e50_SP,40,0.5,60,True,100,11700,1456,english,g,member,sample,469,37.17948717948718
5,v4_40_e50_SP,40,0.5,60,True,100,11700,1456,english,g,member,person,469,29.487179487179482
5,v4_40_e50_SP,40,0.5,60,True,100,11700,1456,english,g,member,cluster,469,30.638297872340424
5,v4_40_e50_SP,40,0.5,60,True,100,11700,1456,english,g,prod,sample,469,31.62393162393162
5,v4_40_e50_SP,40,0.5,60,True,100,11700,1456,english,g,prod,person,469,26.068376068376065
5,v4_40_e50_SP,40,0.5,60,True,100,11700,1456,english,g,prod,cluster,469,27.23404255319149
5,v4_40_e50_SP,40,0.5,60,True,100,11700,1456,v4,ng,member,sample,443,23.660714285714285
5,v4_40_e50_SP,40,0.5,60,True,100,11700,1456,v4,ng,member,person,443,20.982142857142858
5,v4_40_e50_SP,40,0.5,60,True,100,11700,1456,v4,ng,member,cluster,443,21.428571428571427
5,v4_40_e50_SP,40,0.5,60,True,100,11700,1456,v4,ng,prod,sample,443,20.535714285714285
5,v4_40_e50_SP,40,0.5,60,True,100,11700,1456,v4,ng,prod,person,443,20.089285714285715
5,v4_40_e50_SP,40,0.5,60,True,100,11700,1456,v4,ng,prod,cluster,443,21.875
5,v4_40_e50_SP,40,0.5,60,True,100,11700,1456,v4,g,member,sample,443,39.726027397260275
5,v4_40_e50_SP,40,0.5,60,True,100,11700,1456,v4,g,member,person,443,35.714285714285715
5,v4_40_e50_SP,40,0.5,60,True,100,11700,1456,v4,g,member,cluster,443,37.05357142857143
5,v4_40_e50_SP,40,0.5,60,True,100,11700,1456,v4,g,prod,sample,443,34.70319634703196
5,v4_40_e50_SP,40,0.5,60,True,100,11700,1456,v4,g,prod,person,443,31.05022831050228
5,v4_40_e50_SP,40,0.5,60,True,100,11700,1456,v4,g,prod,cluster,443,32.142857142857146
5,v4_40_e100,40,1.0,121,False,161,19633,1530,urdu,ng,member,sample,192,19.791666666666664
5,v4_40_e100,40,1.0,121,False,161,19633,1530,urdu,ng,member,person,192,16.666666666666664
5,v4_40_e100,40,1.0,121,False,161,19633,1530,urdu,ng,member,cluster,192,18.75
5,v4_40_e100,40,1.0,121,False,161,19633,1530,urdu,ng,prod,sample,192,19.791666666666664
5,v4_40_e100,40,1.0,121,False,161,19633,1530,urdu,ng,prod,person,192,12.5
5,v4_40_e100,40,1.0,121,False,161,19633,1530,urdu,ng,prod,cluster,192,11.458333333333332
5,v4_40_e100,40,1.0,121,False,161,19633,1530,urdu,g,member,sample,191,33.333333333333336
5,v4_40_e100,40,1.0,121,False,161,19633,1530,urdu,g,member,person,191,25.0
5,v4_40_e100,40,1.0,121,False,161,19633,1530,urdu,g,member,cluster,191,30.526315789473685
5,v4_40_e100,40,1.0,121,False,161,19633,1530,urdu,g,prod,sample,191,32.631578947368425
5,v4_40_e100,40,1.0,121,False,161,19633,1530,urdu,g,prod,person,191,31.57894736842105
5,v4_40_e100,40,1.0,121,False,161,19633,1530,urdu,g,prod,cluster,191,33.68421052631579
5,v4_40_e100,40,1.0,121,False,161,19633,1530,hindi,ng,member,sample,288,30.555555555555557
5,v4_40_e100,40,1.0,121,False,161,19633,1530,hindi,ng,member,person,288,17.361111111111114
5,v4_40_e100,40,1.0,121,False,161,19633,1530,hindi,ng,member,cluster,288,18.055555555555557
5,v4_40_e100,40,1.0,121,False,161,19633,1530,hindi,ng,prod,sample,288,27.083333333333332
5,v4_40_e100,40,1.0,121,False,161,19633,1530,hindi,ng,prod,person,288,15.277777777777779
5,v4_40_e100,40,1.0,121,False,161,19633,1530,hindi,ng,prod,cluster,288,13.888888888888884
5,v4_40_e100,40,1.0,121,False,161,19633,1530,english,ng,member,sample,469,28.085106382978726
5,v4_40_e100,40,1.0,121,False,161,19633,1530,english,ng,member,person,469,21.70212765957447
5,v4_40_e100,40,1.0,121,False,161,19633,1530,english,ng,member,cluster,469,19.658119658119656
5,v4_40_e100,40,1.0,121,False,161,19633,1530,english,ng,prod,sample,469,21.27659574468085
5,v4_40_e100,40,1.0,121,False,161,19633,1530,english,ng,prod,person,469,17.4468085106383
5,v4_40_e100,40,1.0,121,False,161,19633,1530,english,ng,prod,cluster,469,16.595744680851062
5,v4_40_e100,40,1.0,121,False,161,19633,1530,english,g,member,sample,469,37.17948717948718
5,v4_40_e100,40,1.0,121,False,161,19633,1530,english,g,member,person,469,30.638297872340424
5,v4_40_e100,40,1.0,121,False,161,19633,1530,english,g,member,cluster,469,31.62393162393162
5,v4_40_e100,40,1.0,121,False,161,19633,1530,english,g,prod,sample,469,33.333333333333336
5,v4_40_e100,40,1.0,121,False,161,19633,1530,english,g,prod,person,469,29.487179487179482
5,v4_40_e100,40,1.0,121,False,161,19633,1530,english,g,prod,cluster,469,30.341880341880344
5,v4_40_e100,40,1.0,121,False,161,19633,1530,v4,ng,member,sample,443,26.339285714285715
5,v4_40_e100,40,1.0,121,False,161,19633,1530,v4,ng,member,person,443,22.767857142857142
5,v4_40_e100,40,1.0,121,False,161,19633,1530,v4,ng,member,cluster,443,22.767857142857142
5,v4_40_e100,40,1.0,121,False,161,19633,1530,v4,ng,prod,sample,443,20.982142857142858
5,v4_40_e100,40,1.0,121,False,161,19633,1530,v4,ng,prod,person,443,16.894977168949776
5,v4_40_e100,40,1.0,121,False,161,19633,1530,v4,ng,prod,cluster,443,18.75
5,v4_40_e100,40,1.0,121,False,161,19633,1530,v4,g,member,sample,443,39.732142857142854
5,v4_40_e100,40,1.0,121,False,161,19633,1530,v4,g,member,person,443,42.00913242009132
5,v4_40_e100,40,1.0,121,False,161,19633,1530,v4,g,member,cluster,443,41.0958904109589
5,v4_40_e100,40,1.0,121,False,161,19633,1530,v4,g,prod,sample,443,32.589285714285715
5,v4_40_e100,40,1.0,121,False,161,19633,1530,v4,g,prod,person,443,28.57142857142857
5,v4_40_e100,40,1.0,121,False,161,19633,1530,v4,g,prod,cluster,443,30.136986301369863
5,v4_40_e100_SP,40,1.0,121,True,161,19633,1530,urdu,ng,member,sample,192,19.791666666666664
5,v4_40_e100_SP,40,1.0,121,True,161,19633,1530,urdu,ng,member,person,192,19.791666666666664
5,v4_40_e100_SP,40,1.0,121,True,161,19633,1530,urdu,ng,member,cluster,192,18.75
5,v4_40_e100_SP,40,1.0,121,True,161,19633,1530,urdu,ng,prod,sample,192,18.75
5,v4_40_e100_SP,40,1.0,121,True,161,19633,1530,urdu,ng,prod,person,192,13.541666666666663
5,v4_40_e100_SP,40,1.0,121,True,161,19633,1530,urdu,ng,prod,cluster,192,12.5
5,v4_40_e100_SP,40,1.0,121,True,161,19633,1530,urdu,g,member,sample,191,33.333333333333336
5,v4_40_e100_SP,40,1.0,121,True,161,19633,1530,urdu,g,member,person,191,25.0
5,v4_40_e100_SP,40,1.0,121,True,161,19633,1530,urdu,g,member,cluster,191,27.368421052631582
5,v4_40_e100_SP,40,1.0,121,True,161,19633,1530,urdu,g,prod,sample,191,32.631578947368425
5,v4_40_e100_SP,40,1.0,121,True,161,19633,1530,urdu,g,prod,person,191,32.631578947368425
5,v4_40_e100_SP,40,1.0,121,True,161,19633,1530,urdu,g,prod,cluster,191,34.375
5,v4_40_e100_SP,40,1.0,121,True,161,19633,1530,hindi,ng,member,sample,288,31.944444444444443
5,v4_40_e100_SP,40,1.0,121,True,161,19633,1530,hindi,ng,member,person,288,16.666666666666664
5,v4_40_e100_SP,40,1.0,121,True,161,19633,1530,hindi,ng,member,cluster,288,19.444444444444443
5,v4_40_e100_SP,40,1.0,121,True,161,19633,1530,hindi,ng,prod,sample,288,27.77777777777778
5,v4_40_e100_SP,40,1.0,121,True,161,19633,1530,hindi,ng,prod,person,288,14.583333333333334
5,v4_40_e100_SP,40,1.0,121,True,161,19633,1530,hindi,ng,prod,cluster,288,13.888888888888884
5,v4_40_e100_SP,40,1.0,121,True,161,19633,1530,english,ng,member,sample,469,28.936170212765955
5,v4_40_e100_SP,40,1.0,121,True,161,19633,1530,english,ng,member,person,469,21.27659574468085
5,v4_40_e100_SP,40,1.0,121,True,161,19633,1530,english,ng,member,cluster,469,20.08547008547008
5,v4_40_e100_SP,40,1.0,121,True,161,19633,1530,english,ng,prod,sample,469,21.36752136752137
5,v4_40_e100_SP,40,1.0,121,True,161,19633,1530,english,ng,prod,person,469,17.4468085106383
5,v4_40_e100_SP,40,1.0,121,True,161,19633,1530,english,ng,prod,cluster,469,17.4468085106383
5,v4_40_e100_SP,40,1.0,121,True,161,19633,1530,english,g,member,sample,469,37.60683760683761
5,v4_40_e100_SP,40,1.0,121,True,161,19633,1530,english,g,member,person,469,29.487179487179482
5,v4_40_e100_SP,40,1.0,121,True,161,19633,1530,english,g,member,cluster,469,31.62393162393162
5,v4_40_e100_SP,40,1.0,121,True,161,19633,1530,english,g,prod,sample,469,33.61702127659574
5,v4_40_e100_SP,40,1.0,121,True,161,19633,1530,english,g,prod,person,469,28.510638297872344
5,v4_40_e100_SP,40,1.0,121,True,161,19633,1530,english,g,prod,cluster,469,28.936170212765955
5,v4_40_e100_SP,40,1.0,121,True,161,19633,1530,v4,ng,member,sample,443,26.339285714285715
5,v4_40_e100_SP,40,1.0,121,True,161,19633,1530,v4,ng,member,person,443,22.321428571428573
5,v4_40_e100_SP,40,1.0,121,True,161,19633,1530,v4,ng,member,cluster,443,22.321428571428573
5,v4_40_e100_SP,40,1.0,121,True,161,19633,1530,v4,ng,prod,sample,443,20.982142857142858
5,v4_40_e100_SP,40,1.0,121,True,161,19633,1530,v4,ng,prod,person,443,17.410714285714285
5,v4_40_e100_SP,40,1.0,121,True,161,19633,1530,v4,ng,prod,cluster,443,19.196428571428573
5,v4_40_e100_SP,40,1.0,121,True,161,19633,1530,v4,g,member,sample,443,39.285714285714285
5,v4_40_e100_SP,40,1.0,121,True,161,19633,1530,v4,g,member,person,443,41.964285714285715
5,v4_40_e100_SP,40,1.0,121,True,161,19633,1530,v4,g,member,cluster,443,41.0958904109589
5,v4_40_e100_SP,40,1.0,121,True,161,19633,1530,v4,g,prod,sample,443,33.92857142857143
5,v4_40_e100_SP,40,1.0,121,True,161,19633,1530,v4,g,prod,person,443,30.357142857142854
5,v4_40_e100_SP,40,1.0,121,True,161,19633,1530,v4,g,prod,cluster,443,30.136986301369863
