path,spk,lang,video,dur
voices/id0001/English/h_vamljclHE/00000.wav,id0001,english,h_vamljclHE,91.362434
voices/id0001/English/j9laBEe_a9k/00000.wav,id0001,english,j9laBEe_a9k,91.24244
voices/id0001/English/msPfcIocWrc/00000.wav,id0001,english,msPfcIocWrc,27.722437
voices/id0001/English/msPfcIocWrc/00001.wav,id0001,english,msPfcIocWrc,20.562437
voices/id0001/English/msPfcIocWrc/00002.wav,id0001,english,msPfcIocWrc,32.322437
voices/id0001/English/omPIqSJukyQ/00000.wav,id0001,english,omPIqSJukyQ,20.122438
voices/id0001/English/uXyNswH9Tus/00000.wav,id0001,english,uXyNswH9Tus,42.522438
voices/id0001/English/XtKYDOsvsG0/00000.wav,id0001,english,XtKYDOsvsG0,5.3224373
voices/id0001/English/XtKYDOsvsG0/00001.wav,id0001,english,XtKYDOsvsG0,5.4424376
voices/id0001/German/8tyyC9BXuQA/00000.wav,id0001,german,8tyyC9BXuQA,57.682438
voices/id0001/German/O14Izflu0ac/00000.wav,id0001,german,O14Izflu0ac,9.0824375
voices/id0001/German/O14Izflu0ac/00001.wav,id0001,german,O14Izflu0ac,6.1624374
voices/id0001/German/O14Izflu0ac/00002.wav,id0001,german,O14Izflu0ac,8.1224375
voices/id0001/German/O14Izflu0ac/00003.wav,id0001,german,O14Izflu0ac,5.2424374
voices/id0001/German/O14Izflu0ac/00004.wav,id0001,german,O14Izflu0ac,13.002438
voices/id0001/German/O14Izflu0ac/00005.wav,id0001,german,O14Izflu0ac,11.562437
voices/id0001/German/O51EXXy8QOQ/00005.wav,id0001,german,O51EXXy8QOQ,4.5624375
voices/id0001/German/OmqPjkYoqRo/00001.wav,id0001,german,OmqPjkYoqRo,19.282438
voices/id0001/German/OmqPjkYoqRo/00003.wav,id0001,german,OmqPjkYoqRo,19.162437
voices/id0001/German/OmqPjkYoqRo/00005.wav,id0001,german,OmqPjkYoqRo,11.602438
voices/id0001/German/OmqPjkYoqRo/00007.wav,id0001,german,OmqPjkYoqRo,10.362437
voices/id0001/German/OmqPjkYoqRo/00008.wav,id0001,german,OmqPjkYoqRo,11.962438
voices/id0001/German/OmqPjkYoqRo/00010.wav,id0001,german,OmqPjkYoqRo,14.962438
voices/id0001/German/OmqPjkYoqRo/00011.wav,id0001,german,OmqPjkYoqRo,21.442438
voices/id0001/German/OmqPjkYoqRo/00012.wav,id0001,german,OmqPjkYoqRo,4.1224375
voices/id0001/German/OmqPjkYoqRo/00013.wav,id0001,german,OmqPjkYoqRo,15.802438
voices/id0001/German/OmqPjkYoqRo/00014.wav,id0001,german,OmqPjkYoqRo,35.802437
voices/id0001/German/OmqPjkYoqRo/00016.wav,id0001,german,OmqPjkYoqRo,8.682438
voices/id0001/German/OmqPjkYoqRo/00018.wav,id0001,german,OmqPjkYoqRo,7.7624373
voices/id0001/German/OmqPjkYoqRo/00020.wav,id0001,german,OmqPjkYoqRo,8.442437
voices/id0001/German/OmqPjkYoqRo/00022.wav,id0001,german,OmqPjkYoqRo,16.202438
voices/id0001/German/OmqPjkYoqRo/00023.wav,id0001,german,OmqPjkYoqRo,22.202438
voices/id0001/German/OmqPjkYoqRo/00025.wav,id0001,german,OmqPjkYoqRo,8.322437
voices/id0001/German/OmqPjkYoqRo/00026.wav,id0001,german,OmqPjkYoqRo,5.2824373
voices/id0001/German/OmqPjkYoqRo/00027.wav,id0001,german,OmqPjkYoqRo,5.0824375
voices/id0001/German/OmqPjkYoqRo/00029.wav,id0001,german,OmqPjkYoqRo,12.642438
voices/id0001/German/OmqPjkYoqRo/00031.wav,id0001,german,OmqPjkYoqRo,5.4024377
voices/id0001/German/OmqPjkYoqRo/00033.wav,id0001,german,OmqPjkYoqRo,29.642437
voices/id0001/German/OmqPjkYoqRo/00034.wav,id0001,german,OmqPjkYoqRo,7.6824374
voices/id0001/German/ptweuBPJaz0/00000.wav,id0001,german,ptweuBPJaz0,161.84244
voices/id0001/German/QLynKZ222Ic/00000.wav,id0001,german,QLynKZ222Ic,106.32244
voices/id0001/German/qnEJMy05qhU/00000.wav,id0001,german,qnEJMy05qhU,353.48245
voices/id0002/English/2NpfYjyMsPM/00000.wav,id0002,english,2NpfYjyMsPM,66.082436
voices/id0002/English/2NpfYjyMsPM/00001.wav,id0002,english,2NpfYjyMsPM,27.962437
voices/id0002/English/2NpfYjyMsPM/00002.wav,id0002,english,2NpfYjyMsPM,31.522438
voices/id0002/English/2NpfYjyMsPM/00003.wav,id0002,english,2NpfYjyMsPM,49.282436
voices/id0002/English/awN05jdeg90/00002.wav,id0002,english,awN05jdeg90,57.24244
voices/id0002/English/awN05jdeg90/00010.wav,id0002,english,awN05jdeg90,36.20244
voices/id0002/English/awN05jdeg90/00015.wav,id0002,english,awN05jdeg90,28.682438
voices/id0002/English/awN05jdeg90/00020.wav,id0002,english,awN05jdeg90,21.082438
voices/id0002/English/awN05jdeg90/00024.wav,id0002,english,awN05jdeg90,63.762436
voices/id0002/English/awN05jdeg90/00032.wav,id0002,english,awN05jdeg90,42.36244
voices/id0002/English/gvPM4ePeZ0s/00000.wav,id0002,english,gvPM4ePeZ0s,35.88244
voices/id0002/English/gvPM4ePeZ0s/00001.wav,id0002,english,gvPM4ePeZ0s,31.322437
voices/id0002/English/gvPM4ePeZ0s/00002.wav,id0002,english,gvPM4ePeZ0s,11.802438
voices/id0002/English/gvPM4ePeZ0s/00003.wav,id0002,english,gvPM4ePeZ0s,11.442437
voices/id0002/English/gvPM4ePeZ0s/00004.wav,id0002,english,gvPM4ePeZ0s,35.642437
voices/id0002/English/gvPM4ePeZ0s/00005.wav,id0002,english,gvPM4ePeZ0s,20.522438
voices/id0002/English/gvPM4ePeZ0s/00006.wav,id0002,english,gvPM4ePeZ0s,24.322437
voices/id0002/English/oOT5usXNbPY/00000.wav,id0002,english,oOT5usXNbPY,64.48244
voices/id0002/English/oOT5usXNbPY/00001.wav,id0002,english,oOT5usXNbPY,138.44244
voices/id0002/English/oOT5usXNbPY/00002.wav,id0002,english,oOT5usXNbPY,7.2424374
voices/id0002/German/2QIcaUO0U4I/00000.wav,id0002,german,2QIcaUO0U4I,10.202437
voices/id0002/German/2QIcaUO0U4I/00006.wav,id0002,german,2QIcaUO0U4I,10.162437
voices/id0002/German/2QIcaUO0U4I/00009.wav,id0002,german,2QIcaUO0U4I,38.40244
voices/id0002/German/2QIcaUO0U4I/00011.wav,id0002,german,2QIcaUO0U4I,5.8424373
voices/id0002/German/2QIcaUO0U4I/00012.wav,id0002,german,2QIcaUO0U4I,6.4024377
voices/id0002/German/2QIcaUO0U4I/00016.wav,id0002,german,2QIcaUO0U4I,39.72244
voices/id0002/German/2QIcaUO0U4I/00020.wav,id0002,german,2QIcaUO0U4I,67.28244
voices/id0002/German/2QIcaUO0U4I/00021.wav,id0002,german,2QIcaUO0U4I,33.642437
voices/id0002/German/2QIcaUO0U4I/00034.wav,id0002,german,2QIcaUO0U4I,4.4024377
voices/id0002/German/2QIcaUO0U4I/00036.wav,id0002,german,2QIcaUO0U4I,6.6824374
voices/id0002/German/2QIcaUO0U4I/00037.wav,id0002,german,2QIcaUO0U4I,4.6824374
voices/id0002/German/2QIcaUO0U4I/00040.wav,id0002,german,2QIcaUO0U4I,7.1624374
voices/id0002/German/2QIcaUO0U4I/00051.wav,id0002,german,2QIcaUO0U4I,22.402437
voices/id0002/German/2QIcaUO0U4I/00054.wav,id0002,german,2QIcaUO0U4I,24.522438
voices/id0002/German/2QIcaUO0U4I/00057.wav,id0002,german,2QIcaUO0U4I,13.482437
voices/id0002/German/B62xVmSfm-0/00003.wav,id0002,german,B62xVmSfm-0,8.882438
voices/id0002/German/B62xVmSfm-0/00009.wav,id0002,german,B62xVmSfm-0,19.242437
voices/id0002/German/B62xVmSfm-0/00013.wav,id0002,german,B62xVmSfm-0,6.8824377
voices/id0002/German/B62xVmSfm-0/00015.wav,id0002,german,B62xVmSfm-0,12.482437
voices/id0002/German/sb3PAVdNxhI/00000.wav,id0002,german,sb3PAVdNxhI,6.7224374
voices/id0002/German/sb3PAVdNxhI/00001.wav,id0002,german,sb3PAVdNxhI,4.1224375
voices/id0002/German/sb3PAVdNxhI/00005.wav,id0002,german,sb3PAVdNxhI,4.1624374
voices/id0002/German/sb3PAVdNxhI/00007.wav,id0002,german,sb3PAVdNxhI,11.362437
voices/id0002/German/sb3PAVdNxhI/00009.wav,id0002,german,sb3PAVdNxhI,17.802437
voices/id0003/English/FiF4TMtiYqE/00000.wav,id0003,english,FiF4TMtiYqE,6.8024373
voices/id0003/English/FiF4TMtiYqE/00001.wav,id0003,english,FiF4TMtiYqE,4.5224376
voices/id0003/English/FiF4TMtiYqE/00002.wav,id0003,english,FiF4TMtiYqE,4.2024374
voices/id0003/English/JhsRA_QEhOc/00001.wav,id0003,english,JhsRA_QEhOc,21.202438
voices/id0003/English/JhsRA_QEhOc/00002.wav,id0003,english,JhsRA_QEhOc,22.362438
voices/id0003/English/JhsRA_QEhOc/00003.wav,id0003,english,JhsRA_QEhOc,12.602438
voices/id0003/English/JhsRA_QEhOc/00005.wav,id0003,english,JhsRA_QEhOc,12.282437
voices/id0003/English/JhsRA_QEhOc/00006.wav,id0003,english,JhsRA_QEhOc,5.4024377
voices/id0003/English/JhsRA_QEhOc/00008.wav,id0003,english,JhsRA_QEhOc,6.9624376
voices/id0003/English/JhsRA_QEhOc/00009.wav,id0003,english,JhsRA_QEhOc,4.5624375
voices/id0003/English/JhsRA_QEhOc/00010.wav,id0003,english,JhsRA_QEhOc,23.642437
voices/id0003/English/JhsRA_QEhOc/00011.wav,id0003,english,JhsRA_QEhOc,5.4824376
voices/id0003/English/JhsRA_QEhOc/00012.wav,id0003,english,JhsRA_QEhOc,21.962437
voices/id0003/English/JhsRA_QEhOc/00013.wav,id0003,english,JhsRA_QEhOc,36.24244
voices/id0003/English/JhsRA_QEhOc/00014.wav,id0003,english,JhsRA_QEhOc,11.282437
voices/id0003/English/JhsRA_QEhOc/00015.wav,id0003,english,JhsRA_QEhOc,7.3224373
voices/id0003/English/JhsRA_QEhOc/00016.wav,id0003,english,JhsRA_QEhOc,9.202437
voices/id0003/English/JhsRA_QEhOc/00017.wav,id0003,english,JhsRA_QEhOc,30.242437
voices/id0003/English/JhsRA_QEhOc/00018.wav,id0003,english,JhsRA_QEhOc,23.442438
voices/id0003/English/li1bA2OtuAI/00000.wav,id0003,english,li1bA2OtuAI,8.322437
voices/id0003/English/li1bA2OtuAI/00001.wav,id0003,english,li1bA2OtuAI,21.562437
voices/id0003/English/li1bA2OtuAI/00003.wav,id0003,english,li1bA2OtuAI,15.722438
voices/id0003/English/li1bA2OtuAI/00004.wav,id0003,english,li1bA2OtuAI,8.562437
voices/id0003/English/o6AI8Ex156A/00001.wav,id0003,english,o6AI8Ex156A,19.452438
voices/id0003/English/o6AI8Ex156A/00002.wav,id0003,english,o6AI8Ex156A,37.61244
voices/id0003/English/o6AI8Ex156A/00006.wav,id0003,english,o6AI8Ex156A,12.562437
voices/id0003/English/o6AI8Ex156A/00010.wav,id0003,english,o6AI8Ex156A,18.722437
voices/id0003/English/o6AI8Ex156A/00011.wav,id0003,english,o6AI8Ex156A,35.002438
voices/id0003/English/o6AI8Ex156A/00015.wav,id0003,english,o6AI8Ex156A,25.922438
voices/id0003/English/o6AI8Ex156A/00016.wav,id0003,english,o6AI8Ex156A,7.5624375
voices/id0003/English/o6AI8Ex156A/00017.wav,id0003,english,o6AI8Ex156A,9.282437
voices/id0003/English/o6AI8Ex156A/00022.wav,id0003,english,o6AI8Ex156A,6.4024377
voices/id0003/English/o6AI8Ex156A/00023.wav,id0003,english,o6AI8Ex156A,24.402437
voices/id0003/English/o6AI8Ex156A/00027.wav,id0003,english,o6AI8Ex156A,23.362438
voices/id0003/English/o6AI8Ex156A/00028.wav,id0003,english,o6AI8Ex156A,22.202438
voices/id0003/English/o6AI8Ex156A/00029.wav,id0003,english,o6AI8Ex156A,28.682438
voices/id0003/German/j71wpMmzyy0/00000.wav,id0003,german,j71wpMmzyy0,11.882438
voices/id0003/German/j71wpMmzyy0/00001.wav,id0003,german,j71wpMmzyy0,10.882438
voices/id0003/German/j71wpMmzyy0/00002.wav,id0003,german,j71wpMmzyy0,41.36244
voices/id0003/German/j71wpMmzyy0/00003.wav,id0003,german,j71wpMmzyy0,4.8824377
voices/id0003/German/j71wpMmzyy0/00004.wav,id0003,german,j71wpMmzyy0,12.402437
voices/id0003/German/j71wpMmzyy0/00005.wav,id0003,german,j71wpMmzyy0,8.522437
voices/id0003/German/j71wpMmzyy0/00006.wav,id0003,german,j71wpMmzyy0,11.002438
voices/id0003/German/j71wpMmzyy0/00007.wav,id0003,german,j71wpMmzyy0,10.442437
voices/id0003/German/j71wpMmzyy0/00008.wav,id0003,german,j71wpMmzyy0,18.762438
voices/id0003/German/j71wpMmzyy0/00009.wav,id0003,german,j71wpMmzyy0,17.802437
voices/id0003/German/j71wpMmzyy0/00010.wav,id0003,german,j71wpMmzyy0,7.5224376
voices/id0003/German/j71wpMmzyy0/00011.wav,id0003,german,j71wpMmzyy0,5.4424376
voices/id0003/German/j71wpMmzyy0/00012.wav,id0003,german,j71wpMmzyy0,5.0824375
voices/id0003/German/j71wpMmzyy0/00013.wav,id0003,german,j71wpMmzyy0,12.442437
voices/id0003/German/j71wpMmzyy0/00014.wav,id0003,german,j71wpMmzyy0,5.4824376
voices/id0003/German/j71wpMmzyy0/00015.wav,id0003,german,j71wpMmzyy0,6.8424373
voices/id0003/German/j71wpMmzyy0/00016.wav,id0003,german,j71wpMmzyy0,19.802437
voices/id0003/German/j71wpMmzyy0/00017.wav,id0003,german,j71wpMmzyy0,8.842438
voices/id0003/German/j71wpMmzyy0/00018.wav,id0003,german,j71wpMmzyy0,10.842438
voices/id0003/German/j71wpMmzyy0/00019.wav,id0003,german,j71wpMmzyy0,8.682438
voices/id0003/German/j71wpMmzyy0/00020.wav,id0003,german,j71wpMmzyy0,8.442437
voices/id0003/German/j71wpMmzyy0/00021.wav,id0003,german,j71wpMmzyy0,13.882438
voices/id0003/German/j71wpMmzyy0/00022.wav,id0003,german,j71wpMmzyy0,17.362438
voices/id0003/German/j71wpMmzyy0/00023.wav,id0003,german,j71wpMmzyy0,5.2424374
voices/id0003/German/j71wpMmzyy0/00024.wav,id0003,german,j71wpMmzyy0,11.162437
voices/id0003/German/j71wpMmzyy0/00025.wav,id0003,german,j71wpMmzyy0,12.162437
voices/id0003/German/j71wpMmzyy0/00026.wav,id0003,german,j71wpMmzyy0,20.562437
voices/id0003/German/RQbKZZnYvFM/00000.wav,id0003,german,RQbKZZnYvFM,5.8424373
voices/id0004/English/57NY_m2BpHw/00002.wav,id0004,english,57NY_m2BpHw,7.0824375
voices/id0004/English/57NY_m2BpHw/00003.wav,id0004,english,57NY_m2BpHw,4.2424374
voices/id0004/English/57NY_m2BpHw/00006.wav,id0004,english,57NY_m2BpHw,5.7224374
voices/id0004/English/57NY_m2BpHw/00007.wav,id0004,english,57NY_m2BpHw,4.8024373
voices/id0004/English/57NY_m2BpHw/00008.wav,id0004,english,57NY_m2BpHw,4.8824377
voices/id0004/English/57NY_m2BpHw/00010.wav,id0004,english,57NY_m2BpHw,5.1624374
voices/id0004/English/57NY_m2BpHw/00011.wav,id0004,english,57NY_m2BpHw,6.3624377
voices/id0004/English/57NY_m2BpHw/00012.wav,id0004,english,57NY_m2BpHw,6.0424376
voices/id0004/English/57NY_m2BpHw/00014.wav,id0004,english,57NY_m2BpHw,4.2024374
voices/id0004/English/57NY_m2BpHw/00015.wav,id0004,english,57NY_m2BpHw,4.4024377
voices/id0004/English/57NY_m2BpHw/00017.wav,id0004,english,57NY_m2BpHw,5.7224374
voices/id0004/English/57NY_m2BpHw/00018.wav,id0004,english,57NY_m2BpHw,5.3224373
voices/id0004/English/57NY_m2BpHw/00021.wav,id0004,english,57NY_m2BpHw,6.3224373
voices/id0004/English/57NY_m2BpHw/00022.wav,id0004,english,57NY_m2BpHw,7.1224375
voices/id0004/English/d1dKPTJWsYs/00000.wav,id0004,english,d1dKPTJWsYs,79.60244
voices/id0004/English/d1dKPTJWsYs/00001.wav,id0004,english,d1dKPTJWsYs,72.56244
voices/id0004/English/e66dp7tBBls/00001.wav,id0004,english,e66dp7tBBls,5.4824376
voices/id0004/English/e66dp7tBBls/00010.wav,id0004,english,e66dp7tBBls,5.9224377
voices/id0004/English/e66dp7tBBls/00016.wav,id0004,english,e66dp7tBBls,5.5224376
voices/id0004/English/e66dp7tBBls/00017.wav,id0004,english,e66dp7tBBls,9.442437
voices/id0004/English/FmBdo9JkTuo/00000.wav,id0004,english,FmBdo9JkTuo,21.282438
voices/id0004/English/FmBdo9JkTuo/00001.wav,id0004,english,FmBdo9JkTuo,9.402437
voices/id0004/English/FmBdo9JkTuo/00002.wav,id0004,english,FmBdo9JkTuo,8.922438
voices/id0004/English/FmBdo9JkTuo/00003.wav,id0004,english,FmBdo9JkTuo,6.4424376
voices/id0004/English/FmBdo9JkTuo/00004.wav,id0004,english,FmBdo9JkTuo,4.5224376
voices/id0004/English/FmBdo9JkTuo/00005.wav,id0004,english,FmBdo9JkTuo,5.1224375
voices/id0004/English/FmBdo9JkTuo/00006.wav,id0004,english,FmBdo9JkTuo,13.1224375
voices/id0004/English/FmBdo9JkTuo/00007.wav,id0004,english,FmBdo9JkTuo,16.682438
voices/id0004/English/FmBdo9JkTuo/00008.wav,id0004,english,FmBdo9JkTuo,4.9224377
voices/id0004/English/FmBdo9JkTuo/00009.wav,id0004,english,FmBdo9JkTuo,4.0424376
voices/id0004/English/FmBdo9JkTuo/00010.wav,id0004,english,FmBdo9JkTuo,5.7624373
voices/id0004/English/FmBdo9JkTuo/00011.wav,id0004,english,FmBdo9JkTuo,13.722438
voices/id0004/English/FmBdo9JkTuo/00012.wav,id0004,english,FmBdo9JkTuo,18.602438
voices/id0004/English/FmBdo9JkTuo/00013.wav,id0004,english,FmBdo9JkTuo,4.7624373
voices/id0004/English/FmBdo9JkTuo/00014.wav,id0004,english,FmBdo9JkTuo,9.002438
voices/id0004/English/FmBdo9JkTuo/00015.wav,id0004,english,FmBdo9JkTuo,4.9624376
voices/id0004/English/FmBdo9JkTuo/00016.wav,id0004,english,FmBdo9JkTuo,11.802438
voices/id0004/English/FmBdo9JkTuo/00017.wav,id0004,english,FmBdo9JkTuo,8.002438
voices/id0004/English/FmBdo9JkTuo/00018.wav,id0004,english,FmBdo9JkTuo,6.9624376
voices/id0004/English/zj-c7DJ5NW4/00000.wav,id0004,english,zj-c7DJ5NW4,6.6424375
voices/id0004/English/zj-c7DJ5NW4/00001.wav,id0004,english,zj-c7DJ5NW4,9.042438
voices/id0004/English/zj-c7DJ5NW4/00002.wav,id0004,english,zj-c7DJ5NW4,26.762438
voices/id0004/English/zj-c7DJ5NW4/00003.wav,id0004,english,zj-c7DJ5NW4,11.322437
voices/id0004/English/zj-c7DJ5NW4/00004.wav,id0004,english,zj-c7DJ5NW4,7.4824376
voices/id0004/English/zj-c7DJ5NW4/00005.wav,id0004,english,zj-c7DJ5NW4,4.1624374
voices/id0004/English/zj-c7DJ5NW4/00006.wav,id0004,english,zj-c7DJ5NW4,4.7224374
voices/id0004/English/zj-c7DJ5NW4/00007.wav,id0004,english,zj-c7DJ5NW4,9.0824375
voices/id0004/English/zj-c7DJ5NW4/00008.wav,id0004,english,zj-c7DJ5NW4,10.322437
voices/id0004/English/zj-c7DJ5NW4/00009.wav,id0004,english,zj-c7DJ5NW4,4.1624374
voices/id0004/English/zj-c7DJ5NW4/00010.wav,id0004,english,zj-c7DJ5NW4,9.402437
voices/id0004/English/zj-c7DJ5NW4/00011.wav,id0004,english,zj-c7DJ5NW4,4.1224375
voices/id0004/English/zj-c7DJ5NW4/00012.wav,id0004,english,zj-c7DJ5NW4,4.4024377
voices/id0004/English/zj-c7DJ5NW4/00013.wav,id0004,english,zj-c7DJ5NW4,4.0824375
voices/id0004/English/zj-c7DJ5NW4/00014.wav,id0004,english,zj-c7DJ5NW4,5.7224374
voices/id0004/English/zj-c7DJ5NW4/00015.wav,id0004,english,zj-c7DJ5NW4,7.6824374
voices/id0004/English/zj-c7DJ5NW4/00016.wav,id0004,english,zj-c7DJ5NW4,6.3224373
voices/id0004/English/zj-c7DJ5NW4/00017.wav,id0004,english,zj-c7DJ5NW4,6.2024374
voices/id0004/English/zj-c7DJ5NW4/00018.wav,id0004,english,zj-c7DJ5NW4,6.3624377
voices/id0004/English/zj-c7DJ5NW4/00019.wav,id0004,english,zj-c7DJ5NW4,4.3224373
voices/id0004/English/zj-c7DJ5NW4/00020.wav,id0004,english,zj-c7DJ5NW4,6.2824373
voices/id0004/English/zj-c7DJ5NW4/00021.wav,id0004,english,zj-c7DJ5NW4,4.0424376
voices/id0004/English/zj-c7DJ5NW4/00022.wav,id0004,english,zj-c7DJ5NW4,6.9624376
voices/id0004/English/zj-c7DJ5NW4/00023.wav,id0004,english,zj-c7DJ5NW4,4.0424376
voices/id0004/German/8M_q7cLFm0c/00004.wav,id0004,german,8M_q7cLFm0c,10.562437
voices/id0004/German/8M_q7cLFm0c/00006.wav,id0004,german,8M_q7cLFm0c,4.8424373
voices/id0004/German/8M_q7cLFm0c/00007.wav,id0004,german,8M_q7cLFm0c,7.4024377
voices/id0004/German/8M_q7cLFm0c/00008.wav,id0004,german,8M_q7cLFm0c,23.162437
voices/id0004/German/8M_q7cLFm0c/00011.wav,id0004,german,8M_q7cLFm0c,5.0824375
voices/id0004/German/8M_q7cLFm0c/00013.wav,id0004,german,8M_q7cLFm0c,24.082438
voices/id0004/German/8M_q7cLFm0c/00015.wav,id0004,german,8M_q7cLFm0c,5.4424376
voices/id0004/German/8M_q7cLFm0c/00018.wav,id0004,german,8M_q7cLFm0c,27.682438
voices/id0004/German/8M_q7cLFm0c/00020.wav,id0004,german,8M_q7cLFm0c,5.2824373
voices/id0004/German/8M_q7cLFm0c/00022.wav,id0004,german,8M_q7cLFm0c,27.042437
voices/id0004/German/8M_q7cLFm0c/00024.wav,id0004,german,8M_q7cLFm0c,14.602438
voices/id0004/German/8M_q7cLFm0c/00027.wav,id0004,german,8M_q7cLFm0c,48.56244
voices/id0004/German/8M_q7cLFm0c/00029.wav,id0004,german,8M_q7cLFm0c,59.322437
voices/id0004/German/8M_q7cLFm0c/00032.wav,id0004,german,8M_q7cLFm0c,33.40244
voices/id0004/German/8M_q7cLFm0c/00034.wav,id0004,german,8M_q7cLFm0c,5.2824373
voices/id0004/German/8M_q7cLFm0c/00035.wav,id0004,german,8M_q7cLFm0c,6.7624373
voices/id0004/German/8M_q7cLFm0c/00037.wav,id0004,german,8M_q7cLFm0c,30.042437
voices/id0004/German/8M_q7cLFm0c/00039.wav,id0004,german,8M_q7cLFm0c,31.762438
voices/id0004/German/8M_q7cLFm0c/00041.wav,id0004,german,8M_q7cLFm0c,14.282437
voices/id0004/German/8M_q7cLFm0c/00043.wav,id0004,german,8M_q7cLFm0c,12.0824375
voices/id0004/German/8M_q7cLFm0c/00045.wav,id0004,german,8M_q7cLFm0c,13.882438
voices/id0004/German/C85yN_1_fb4/00001.wav,id0004,german,C85yN_1_fb4,6.4824376
voices/id0004/German/C85yN_1_fb4/00002.wav,id0004,german,C85yN_1_fb4,4.1224375
voices/id0004/German/C85yN_1_fb4/00003.wav,id0004,german,C85yN_1_fb4,5.2024374
voices/id0004/German/C85yN_1_fb4/00005.wav,id0004,german,C85yN_1_fb4,4.0824375
voices/id0004/German/C85yN_1_fb4/00006.wav,id0004,german,C85yN_1_fb4,5.0424376
voices/id0004/German/C85yN_1_fb4/00007.wav,id0004,german,C85yN_1_fb4,5.8824377
voices/id0004/German/C85yN_1_fb4/00015.wav,id0004,german,C85yN_1_fb4,7.6824374
voices/id0004/German/C85yN_1_fb4/00018.wav,id0004,german,C85yN_1_fb4,12.642438
voices/id0004/German/C85yN_1_fb4/00019.wav,id0004,german,C85yN_1_fb4,5.9624376
voices/id0004/German/C85yN_1_fb4/00020.wav,id0004,german,C85yN_1_fb4,7.6424375
voices/id0004/German/C85yN_1_fb4/00023.wav,id0004,german,C85yN_1_fb4,4.8424373
voices/id0004/German/C85yN_1_fb4/00024.wav,id0004,german,C85yN_1_fb4,6.6824374
voices/id0004/German/C85yN_1_fb4/00025.wav,id0004,german,C85yN_1_fb4,8.842438
voices/id0004/German/C85yN_1_fb4/00026.wav,id0004,german,C85yN_1_fb4,11.642438
voices/id0004/German/C85yN_1_fb4/00027.wav,id0004,german,C85yN_1_fb4,5.7224374
voices/id0004/German/C85yN_1_fb4/00028.wav,id0004,german,C85yN_1_fb4,8.242437
voices/id0004/German/C85yN_1_fb4/00034.wav,id0004,german,C85yN_1_fb4,6.5224376
voices/id0004/German/C85yN_1_fb4/00035.wav,id0004,german,C85yN_1_fb4,9.202437
voices/id0004/German/C85yN_1_fb4/00036.wav,id0004,german,C85yN_1_fb4,8.722438
voices/id0004/German/C85yN_1_fb4/00037.wav,id0004,german,C85yN_1_fb4,5.1224375
voices/id0004/German/C85yN_1_fb4/00038.wav,id0004,german,C85yN_1_fb4,5.0424376
voices/id0004/German/C85yN_1_fb4/00039.wav,id0004,german,C85yN_1_fb4,6.4024377
voices/id0004/German/C85yN_1_fb4/00042.wav,id0004,german,C85yN_1_fb4,4.8824377
voices/id0004/German/C85yN_1_fb4/00043.wav,id0004,german,C85yN_1_fb4,9.362437
voices/id0004/German/C85yN_1_fb4/00045.wav,id0004,german,C85yN_1_fb4,7.5224376
voices/id0004/German/C85yN_1_fb4/00046.wav,id0004,german,C85yN_1_fb4,5.6424375
voices/id0004/German/C85yN_1_fb4/00047.wav,id0004,german,C85yN_1_fb4,5.5624375
voices/id0004/German/C85yN_1_fb4/00053.wav,id0004,german,C85yN_1_fb4,8.162437
voices/id0004/German/C85yN_1_fb4/00058.wav,id0004,german,C85yN_1_fb4,4.3224373
voices/id0004/German/C85yN_1_fb4/00059.wav,id0004,german,C85yN_1_fb4,7.2424374
voices/id0004/German/C85yN_1_fb4/00060.wav,id0004,german,C85yN_1_fb4,5.4024377
voices/id0004/German/C85yN_1_fb4/00061.wav,id0004,german,C85yN_1_fb4,4.2024374
voices/id0004/German/C85yN_1_fb4/00062.wav,id0004,german,C85yN_1_fb4,11.042438
voices/id0004/German/C85yN_1_fb4/00063.wav,id0004,german,C85yN_1_fb4,6.1224375
voices/id0004/German/C85yN_1_fb4/00065.wav,id0004,german,C85yN_1_fb4,4.9224377
voices/id0004/German/C85yN_1_fb4/00078.wav,id0004,german,C85yN_1_fb4,4.4424376
voices/id0004/German/C85yN_1_fb4/00079.wav,id0004,german,C85yN_1_fb4,7.0824375
voices/id0004/German/C85yN_1_fb4/00084.wav,id0004,german,C85yN_1_fb4,7.3624377
voices/id0004/German/C85yN_1_fb4/00086.wav,id0004,german,C85yN_1_fb4,5.0024376
voices/id0004/German/C85yN_1_fb4/00088.wav,id0004,german,C85yN_1_fb4,6.2824373
voices/id0004/German/C85yN_1_fb4/00093.wav,id0004,german,C85yN_1_fb4,7.1624374
voices/id0004/German/C85yN_1_fb4/00095.wav,id0004,german,C85yN_1_fb4,6.6824374
voices/id0004/German/HR-NUPX26H0/00000.wav,id0004,german,HR-NUPX26H0,13.827437
voices/id0004/German/HR-NUPX26H0/00001.wav,id0004,german,HR-NUPX26H0,18.127438
voices/id0004/German/HR-NUPX26H0/00002.wav,id0004,german,HR-NUPX26H0,2.5274374
voices/id0004/German/HR-NUPX26H0/00003.wav,id0004,german,HR-NUPX26H0,5.0524373
voices/id0004/German/HR-NUPX26H0/00004.wav,id0004,german,HR-NUPX26H0,8.852438
voices/id0004/German/HR-NUPX26H0/00005.wav,id0004,german,HR-NUPX26H0,10.642438
voices/id0005/English/1bumPyvzCyo/00000.wav,id0005,english,1bumPyvzCyo,4.7624373
voices/id0005/English/1bumPyvzCyo/00001.wav,id0005,english,1bumPyvzCyo,4.5624375
voices/id0005/English/1bumPyvzCyo/00016.wav,id0005,english,1bumPyvzCyo,5.5624375
voices/id0005/English/2rV7ZczsDGY/00002.wav,id0005,english,2rV7ZczsDGY,6.0424376
voices/id0005/English/2rV7ZczsDGY/00004.wav,id0005,english,2rV7ZczsDGY,4.2024374
voices/id0005/English/2rV7ZczsDGY/00010.wav,id0005,english,2rV7ZczsDGY,4.2824373
voices/id0005/English/2rV7ZczsDGY/00011.wav,id0005,english,2rV7ZczsDGY,11.002438
voices/id0005/English/2rV7ZczsDGY/00023.wav,id0005,english,2rV7ZczsDGY,4.9224377
voices/id0005/English/2rV7ZczsDGY/00025.wav,id0005,english,2rV7ZczsDGY,9.1224375
voices/id0005/English/DpO7Rsamars/00000.wav,id0005,english,DpO7Rsamars,6.5624375
voices/id0005/English/DpO7Rsamars/00001.wav,id0005,english,DpO7Rsamars,6.6824374
voices/id0005/English/DpO7Rsamars/00002.wav,id0005,english,DpO7Rsamars,4.5224376
voices/id0005/English/DpO7Rsamars/00003.wav,id0005,english,DpO7Rsamars,8.042438
voices/id0005/English/DpO7Rsamars/00004.wav,id0005,english,DpO7Rsamars,4.6824374
voices/id0005/English/DpO7Rsamars/00005.wav,id0005,english,DpO7Rsamars,4.0824375
voices/id0005/English/DpO7Rsamars/00008.wav,id0005,english,DpO7Rsamars,4.6424375
voices/id0005/English/DpO7Rsamars/00010.wav,id0005,english,DpO7Rsamars,4.4424376
voices/id0005/English/DpO7Rsamars/00012.wav,id0005,english,DpO7Rsamars,6.1224375
voices/id0005/English/DpO7Rsamars/00013.wav,id0005,english,DpO7Rsamars,4.6024375
voices/id0005/English/DpO7Rsamars/00014.wav,id0005,english,DpO7Rsamars,20.522438
voices/id0005/English/DpO7Rsamars/00015.wav,id0005,english,DpO7Rsamars,10.482437
voices/id0005/English/pAHp3LbBa3U/00001.wav,id0005,english,pAHp3LbBa3U,5.7624373
voices/id0005/English/pAHp3LbBa3U/00003.wav,id0005,english,pAHp3LbBa3U,4.7224374
voices/id0005/English/pAHp3LbBa3U/00004.wav,id0005,english,pAHp3LbBa3U,5.3624377
voices/id0005/English/pAHp3LbBa3U/00005.wav,id0005,english,pAHp3LbBa3U,6.9224377
voices/id0005/English/pAHp3LbBa3U/00006.wav,id0005,english,pAHp3LbBa3U,8.002438
voices/id0005/English/pAHp3LbBa3U/00007.wav,id0005,english,pAHp3LbBa3U,4.8024373
voices/id0005/English/pAHp3LbBa3U/00008.wav,id0005,english,pAHp3LbBa3U,4.9624376
voices/id0005/English/pAHp3LbBa3U/00009.wav,id0005,english,pAHp3LbBa3U,5.1224375
voices/id0005/English/pAHp3LbBa3U/00010.wav,id0005,english,pAHp3LbBa3U,7.0024376
voices/id0005/English/pAHp3LbBa3U/00012.wav,id0005,english,pAHp3LbBa3U,5.8824377
voices/id0005/English/pAHp3LbBa3U/00013.wav,id0005,english,pAHp3LbBa3U,7.8824377
voices/id0005/English/pAHp3LbBa3U/00016.wav,id0005,english,pAHp3LbBa3U,5.0424376
voices/id0005/English/pAHp3LbBa3U/00020.wav,id0005,english,pAHp3LbBa3U,4.8024373
voices/id0005/English/z9r4IWdxW1w/00001.wav,id0005,english,z9r4IWdxW1w,12.002438
voices/id0005/English/z9r4IWdxW1w/00007.wav,id0005,english,z9r4IWdxW1w,4.4824376
voices/id0005/English/z9r4IWdxW1w/00008.wav,id0005,english,z9r4IWdxW1w,14.042438
voices/id0005/English/z9r4IWdxW1w/00009.wav,id0005,english,z9r4IWdxW1w,17.122438
voices/id0005/English/z9r4IWdxW1w/00012.wav,id0005,english,z9r4IWdxW1w,6.0824375
voices/id0005/English/z9r4IWdxW1w/00013.wav,id0005,english,z9r4IWdxW1w,6.5624375
voices/id0005/English/z9r4IWdxW1w/00015.wav,id0005,english,z9r4IWdxW1w,4.7224374
voices/id0005/German/06hGUWazcSQ/00000.wav,id0005,german,06hGUWazcSQ,24.522438
voices/id0005/German/2rV7ZczsDGY/00007.wav,id0005,german,2rV7ZczsDGY,4.1624374
voices/id0005/German/2rV7ZczsDGY/00014.wav,id0005,german,2rV7ZczsDGY,5.4024377
voices/id0005/German/cHAEAKF2jzo/00001.wav,id0005,german,cHAEAKF2jzo,13.282437
voices/id0005/German/cHAEAKF2jzo/00005.wav,id0005,german,cHAEAKF2jzo,16.442438
voices/id0005/German/cHAEAKF2jzo/00007.wav,id0005,german,cHAEAKF2jzo,16.122438
voices/id0005/German/cHAEAKF2jzo/00013.wav,id0005,german,cHAEAKF2jzo,18.962437
voices/id0005/German/cHAEAKF2jzo/00018.wav,id0005,german,cHAEAKF2jzo,10.442437
voices/id0005/German/cHAEAKF2jzo/00024.wav,id0005,german,cHAEAKF2jzo,13.762438
voices/id0005/German/o528NwchgcY/00002.wav,id0005,german,o528NwchgcY,4.2824373
voices/id0005/German/o528NwchgcY/00003.wav,id0005,german,o528NwchgcY,12.1224375
voices/id0005/German/q6ly_7yDvLs/00000.wav,id0005,german,q6ly_7yDvLs,19.282438
voices/id0006/English/a5A-pt0JGeE/00001.wav,id0006,english,a5A-pt0JGeE,5.1274376
voices/id0006/English/a5A-pt0JGeE/00021.wav,id0006,english,a5A-pt0JGeE,3.9524374
voices/id0006/English/pPUsk0VtSNA/00004.wav,id0006,english,pPUsk0VtSNA,43.962437
voices/id0006/English/PxKOYhreB3Q/00000.wav,id0006,english,PxKOYhreB3Q,10.522437
voices/id0006/English/PxKOYhreB3Q/00008.wav,id0006,english,PxKOYhreB3Q,14.762438
voices/id0006/English/PxKOYhreB3Q/00010.wav,id0006,english,PxKOYhreB3Q,24.962437
voices/id0006/German/2jk6qr8sqsg/00000.wav,id0006,german,2jk6qr8sqsg,103.682434
voices/id0006/German/2jk6qr8sqsg/00001.wav,id0006,german,2jk6qr8sqsg,134.16245
voices/id0006/German/2jk6qr8sqsg/00002.wav,id0006,german,2jk6qr8sqsg,78.402435
voices/id0006/German/2jk6qr8sqsg/00003.wav,id0006,german,2jk6qr8sqsg,95.44244
voices/id0006/German/3wAZ3UQiSXQ/00000.wav,id0006,german,3wAZ3UQiSXQ,22.282438
voices/id0006/German/CG88veC-vDs/00010.wav,id0006,german,CG88veC-vDs,63.77744
voices/id0006/German/CG88veC-vDs/00011.wav,id0006,german,CG88veC-vDs,23.552437
voices/id0006/German/Q-VBiizGNq8/00007.wav,id0006,german,Q-VBiizGNq8,10.962438
voices/id0006/German/Q-VBiizGNq8/00008.wav,id0006,german,Q-VBiizGNq8,4.8424373
voices/id0006/German/Q-VBiizGNq8/00015.wav,id0006,german,Q-VBiizGNq8,10.097438
voices/id0006/German/Q-VBiizGNq8/00017.wav,id0006,german,Q-VBiizGNq8,6.2024374
voices/id0006/German/Q-VBiizGNq8/00019.wav,id0006,german,Q-VBiizGNq8,4.4424376
voices/id0006/German/Q-VBiizGNq8/00022.wav,id0006,german,Q-VBiizGNq8,6.0824375
voices/id0006/German/Q-VBiizGNq8/00023.wav,id0006,german,Q-VBiizGNq8,16.082438
voices/id0006/German/Q-VBiizGNq8/00028.wav,id0006,german,Q-VBiizGNq8,4.5224376
voices/id0006/German/Q-VBiizGNq8/00030.wav,id0006,german,Q-VBiizGNq8,24.322437
voices/id0006/German/Q-VBiizGNq8/00034.wav,id0006,german,Q-VBiizGNq8,27.802437
voices/id0006/German/Q-VBiizGNq8/00038.wav,id0006,german,Q-VBiizGNq8,9.202437
voices/id0006/German/Q-VBiizGNq8/00040.wav,id0006,german,Q-VBiizGNq8,20.242437
voices/id0006/German/Q-VBiizGNq8/00042.wav,id0006,german,Q-VBiizGNq8,14.562437
voices/id0006/German/Q-VBiizGNq8/00043.wav,id0006,german,Q-VBiizGNq8,21.922438
voices/id0006/German/Q-VBiizGNq8/00044.wav,id0006,german,Q-VBiizGNq8,4.6024375
voices/id0006/German/Q-VBiizGNq8/00045.wav,id0006,german,Q-VBiizGNq8,21.602438
voices/id0006/German/Q-VBiizGNq8/00046.wav,id0006,german,Q-VBiizGNq8,7.6824374
voices/id0006/German/Q-VBiizGNq8/00049.wav,id0006,german,Q-VBiizGNq8,22.482437
voices/id0006/German/Q-VBiizGNq8/00053.wav,id0006,german,Q-VBiizGNq8,18.362438
voices/id0006/German/Q-VBiizGNq8/00056.wav,id0006,german,Q-VBiizGNq8,7.7224374
voices/id0006/German/Q-VBiizGNq8/00063.wav,id0006,german,Q-VBiizGNq8,7.2824373
voices/id0006/German/Q-VBiizGNq8/00065.wav,id0006,german,Q-VBiizGNq8,35.602436
voices/id0006/German/Q-VBiizGNq8/00068.wav,id0006,german,Q-VBiizGNq8,17.362438
voices/id0006/German/Q-VBiizGNq8/00073.wav,id0006,german,Q-VBiizGNq8,10.162437
voices/id0006/German/Q-VBiizGNq8/00074.wav,id0006,german,Q-VBiizGNq8,8.282437
voices/id0006/German/Q-VBiizGNq8/00079.wav,id0006,german,Q-VBiizGNq8,23.242437
voices/id0006/German/Q-VBiizGNq8/00080.wav,id0006,german,Q-VBiizGNq8,7.3624377
voices/id0006/German/Q-VBiizGNq8/00081.wav,id0006,german,Q-VBiizGNq8,9.002438
voices/id0006/German/Q-VBiizGNq8/00083.wav,id0006,german,Q-VBiizGNq8,4.6024375
voices/id0006/German/Q-VBiizGNq8/00090.wav,id0006,german,Q-VBiizGNq8,6.8824377
voices/id0006/German/Vi5sxXN8xW4/00000.wav,id0006,german,Vi5sxXN8xW4,21.827438
voices/id0006/German/Vi5sxXN8xW4/00002.wav,id0006,german,Vi5sxXN8xW4,4.8824377
voices/id0006/German/Vi5sxXN8xW4/00004.wav,id0006,german,Vi5sxXN8xW4,13.642438
voices/id0006/German/Vi5sxXN8xW4/00006.wav,id0006,german,Vi5sxXN8xW4,18.802437
voices/id0006/German/Vi5sxXN8xW4/00007.wav,id0006,german,Vi5sxXN8xW4,23.002438
voices/id0007/English/q3vroKXxLQo/00008.wav,id0007,english,q3vroKXxLQo,7.5224376
voices/id0007/English/q3vroKXxLQo/00017.wav,id0007,english,q3vroKXxLQo,28.682438
voices/id0007/English/q3vroKXxLQo/00022.wav,id0007,english,q3vroKXxLQo,4.9624376
voices/id0007/English/q3vroKXxLQo/00023.wav,id0007,english,q3vroKXxLQo,15.042438
voices/id0007/English/q3vroKXxLQo/00027.wav,id0007,english,q3vroKXxLQo,5.1624374
voices/id0007/English/q3vroKXxLQo/00040.wav,id0007,english,q3vroKXxLQo,7.1224375
voices/id0007/English/q3vroKXxLQo/00042.wav,id0007,english,q3vroKXxLQo,9.602438
voices/id0007/English/q3vroKXxLQo/00046.wav,id0007,english,q3vroKXxLQo,6.5624375
voices/id0007/English/q3vroKXxLQo/00049.wav,id0007,english,q3vroKXxLQo,7.4424376
voices/id0007/English/q3vroKXxLQo/00052.wav,id0007,english,q3vroKXxLQo,4.2824373
voices/id0007/English/q3vroKXxLQo/00053.wav,id0007,english,q3vroKXxLQo,6.8824377
voices/id0007/English/q3vroKXxLQo/00071.wav,id0007,english,q3vroKXxLQo,7.1624374
voices/id0007/German/iHvK9JROGNc/00014.wav,id0007,german,iHvK9JROGNc,6.0424376
voices/id0007/German/iHvK9JROGNc/00016.wav,id0007,german,iHvK9JROGNc,13.0824375
voices/id0007/German/iHvK9JROGNc/00017.wav,id0007,german,iHvK9JROGNc,42.522438
voices/id0007/German/iHvK9JROGNc/00041.wav,id0007,german,iHvK9JROGNc,13.762438
voices/id0007/German/iHvK9JROGNc/00049.wav,id0007,german,iHvK9JROGNc,9.962438
voices/id0007/German/iHvK9JROGNc/00051.wav,id0007,german,iHvK9JROGNc,9.682438
voices/id0007/German/iHvK9JROGNc/00052.wav,id0007,german,iHvK9JROGNc,10.522437
voices/id0008/English/2jxxeqU9ucI/00000.wav,id0008,english,2jxxeqU9ucI,5.4424376
voices/id0008/English/Es8HLDSPO0s/00000.wav,id0008,english,Es8HLDSPO0s,4.3624377
voices/id0008/English/nX31jXayGnE/00000.wav,id0008,english,nX31jXayGnE,4.4424376
voices/id0008/English/nX31jXayGnE/00001.wav,id0008,english,nX31jXayGnE,4.0824375
voices/id0008/English/nX31jXayGnE/00004.wav,id0008,english,nX31jXayGnE,4.6424375
voices/id0008/English/nX31jXayGnE/00006.wav,id0008,english,nX31jXayGnE,4.9224377
voices/id0008/English/nX31jXayGnE/00007.wav,id0008,english,nX31jXayGnE,5.8824377
voices/id0008/German/iFBUYgv1WeA/00000.wav,id0008,german,iFBUYgv1WeA,91.88244
voices/id0008/German/iFBUYgv1WeA/00006.wav,id0008,german,iFBUYgv1WeA,53.122437
voices/id0008/German/Px3gCbgvRww/00000.wav,id0008,german,Px3gCbgvRww,6.3624377
voices/id0008/German/Px3gCbgvRww/00001.wav,id0008,german,Px3gCbgvRww,5.6424375
voices/id0008/German/Px3gCbgvRww/00002.wav,id0008,german,Px3gCbgvRww,4.4424376
voices/id0008/German/Px3gCbgvRww/00003.wav,id0008,german,Px3gCbgvRww,6.2424374
voices/id0008/German/Px3gCbgvRww/00004.wav,id0008,german,Px3gCbgvRww,7.9224377
voices/id0008/German/Px3gCbgvRww/00005.wav,id0008,german,Px3gCbgvRww,5.5624375
voices/id0008/German/Px3gCbgvRww/00006.wav,id0008,german,Px3gCbgvRww,4.2424374
voices/id0008/German/Px3gCbgvRww/00007.wav,id0008,german,Px3gCbgvRww,4.1224375
voices/id0008/German/Px3gCbgvRww/00008.wav,id0008,german,Px3gCbgvRww,6.2424374
voices/id0008/German/Px3gCbgvRww/00009.wav,id0008,german,Px3gCbgvRww,4.4424376
voices/id0008/German/Px3gCbgvRww/00010.wav,id0008,german,Px3gCbgvRww,4.4424376
voices/id0008/German/Px3gCbgvRww/00011.wav,id0008,german,Px3gCbgvRww,8.282437
voices/id0008/German/Px3gCbgvRww/00012.wav,id0008,german,Px3gCbgvRww,8.442437
voices/id0008/German/Px3gCbgvRww/00013.wav,id0008,german,Px3gCbgvRww,20.962437
voices/id0008/German/Px3gCbgvRww/00014.wav,id0008,german,Px3gCbgvRww,4.7624373
voices/id0008/German/Px3gCbgvRww/00015.wav,id0008,german,Px3gCbgvRww,4.5224376
voices/id0008/German/Px3gCbgvRww/00016.wav,id0008,german,Px3gCbgvRww,15.922438
voices/id0008/German/Px3gCbgvRww/00017.wav,id0008,german,Px3gCbgvRww,10.562437
voices/id0008/German/Px3gCbgvRww/00018.wav,id0008,german,Px3gCbgvRww,11.042438
voices/id0008/German/Px3gCbgvRww/00019.wav,id0008,german,Px3gCbgvRww,4.4824376
voices/id0008/German/Px3gCbgvRww/00020.wav,id0008,german,Px3gCbgvRww,8.282437
voices/id0008/German/Px3gCbgvRww/00021.wav,id0008,german,Px3gCbgvRww,7.4424376
voices/id0008/German/Px3gCbgvRww/00022.wav,id0008,german,Px3gCbgvRww,5.8024373
voices/id0008/German/Px3gCbgvRww/00023.wav,id0008,german,Px3gCbgvRww,4.9224377
voices/id0008/German/Px3gCbgvRww/00024.wav,id0008,german,Px3gCbgvRww,7.5224376
voices/id0008/German/Px3gCbgvRww/00025.wav,id0008,german,Px3gCbgvRww,4.2824373
voices/id0008/German/Px3gCbgvRww/00026.wav,id0008,german,Px3gCbgvRww,10.922438
voices/id0008/German/Px3gCbgvRww/00027.wav,id0008,german,Px3gCbgvRww,7.4824376
voices/id0008/German/Px3gCbgvRww/00028.wav,id0008,german,Px3gCbgvRww,11.722438
voices/id0008/German/Px3gCbgvRww/00029.wav,id0008,german,Px3gCbgvRww,4.0424376
voices/id0008/German/Px3gCbgvRww/00030.wav,id0008,german,Px3gCbgvRww,11.202437
voices/id0008/German/Px3gCbgvRww/00031.wav,id0008,german,Px3gCbgvRww,8.0824375
voices/id0008/German/Px3gCbgvRww/00032.wav,id0008,german,Px3gCbgvRww,10.962438
voices/id0008/German/_2hLPVCWCiM/00011.wav,id0008,german,_2hLPVCWCiM,15.522437
voices/id0008/German/_2hLPVCWCiM/00012.wav,id0008,german,_2hLPVCWCiM,9.482437
voices/id0008/German/_2hLPVCWCiM/00013.wav,id0008,german,_2hLPVCWCiM,4.2824373
voices/id0008/German/_2hLPVCWCiM/00015.wav,id0008,german,_2hLPVCWCiM,5.4424376
voices/id0008/German/_2hLPVCWCiM/00019.wav,id0008,german,_2hLPVCWCiM,5.3624377
voices/id0008/German/_2hLPVCWCiM/00020.wav,id0008,german,_2hLPVCWCiM,5.0824375
voices/id0008/German/_2hLPVCWCiM/00022.wav,id0008,german,_2hLPVCWCiM,13.682438
voices/id0008/German/_2hLPVCWCiM/00023.wav,id0008,german,_2hLPVCWCiM,6.4024377
voices/id0008/German/_2hLPVCWCiM/00027.wav,id0008,german,_2hLPVCWCiM,4.8024373
voices/id0008/German/_2hLPVCWCiM/00031.wav,id0008,german,_2hLPVCWCiM,11.242437
voices/id0008/German/_2hLPVCWCiM/00033.wav,id0008,german,_2hLPVCWCiM,23.682438
voices/id0008/German/_2hLPVCWCiM/00041.wav,id0008,german,_2hLPVCWCiM,5.0824375
voices/id0008/German/_2hLPVCWCiM/00042.wav,id0008,german,_2hLPVCWCiM,11.1224375
voices/id0008/German/_2hLPVCWCiM/00043.wav,id0008,german,_2hLPVCWCiM,8.882438
voices/id0009/English/5sr1xWlWwQE/00001.wav,id0009,english,5sr1xWlWwQE,7.1624374
voices/id0009/English/5sr1xWlWwQE/00002.wav,id0009,english,5sr1xWlWwQE,95.96244
voices/id0009/English/5sr1xWlWwQE/00006.wav,id0009,english,5sr1xWlWwQE,68.682434
voices/id0009/English/5sr1xWlWwQE/00007.wav,id0009,english,5sr1xWlWwQE,15.642438
voices/id0009/English/5sr1xWlWwQE/00008.wav,id0009,english,5sr1xWlWwQE,5.8024373
voices/id0009/English/5sr1xWlWwQE/00009.wav,id0009,english,5sr1xWlWwQE,8.442437
voices/id0009/English/5sr1xWlWwQE/00010.wav,id0009,english,5sr1xWlWwQE,5.9224377
voices/id0009/English/5sr1xWlWwQE/00011.wav,id0009,english,5sr1xWlWwQE,6.7224374
voices/id0009/English/5sr1xWlWwQE/00012.wav,id0009,english,5sr1xWlWwQE,5.4824376
voices/id0009/English/5sr1xWlWwQE/00013.wav,id0009,english,5sr1xWlWwQE,10.402437
voices/id0009/English/dHmee7D2hXg/00004.wav,id0009,english,dHmee7D2hXg,4.0824375
voices/id0009/English/dHmee7D2hXg/00008.wav,id0009,english,dHmee7D2hXg,6.2024374
voices/id0009/English/dHmee7D2hXg/00009.wav,id0009,english,dHmee7D2hXg,5.4824376
voices/id0009/English/dHmee7D2hXg/00010.wav,id0009,english,dHmee7D2hXg,7.9224377
voices/id0009/English/dHmee7D2hXg/00012.wav,id0009,english,dHmee7D2hXg,6.0424376
voices/id0009/English/dHmee7D2hXg/00013.wav,id0009,english,dHmee7D2hXg,7.1624374
voices/id0009/English/dHmee7D2hXg/00015.wav,id0009,english,dHmee7D2hXg,7.4824376
voices/id0009/English/O3Ui-yWKzhc/00004.wav,id0009,english,O3Ui-yWKzhc,12.522437
voices/id0009/English/O3Ui-yWKzhc/00005.wav,id0009,english,O3Ui-yWKzhc,11.042438
voices/id0009/English/O3Ui-yWKzhc/00006.wav,id0009,english,O3Ui-yWKzhc,19.042437
voices/id0009/English/O3Ui-yWKzhc/00008.wav,id0009,english,O3Ui-yWKzhc,26.802437
voices/id0009/English/O3Ui-yWKzhc/00009.wav,id0009,english,O3Ui-yWKzhc,11.522437
voices/id0009/English/O3Ui-yWKzhc/00010.wav,id0009,english,O3Ui-yWKzhc,21.442438
voices/id0009/English/O3Ui-yWKzhc/00011.wav,id0009,english,O3Ui-yWKzhc,11.482437
voices/id0009/English/O3Ui-yWKzhc/00012.wav,id0009,english,O3Ui-yWKzhc,10.962438
voices/id0009/English/O3Ui-yWKzhc/00015.wav,id0009,english,O3Ui-yWKzhc,22.122438
voices/id0009/English/O3Ui-yWKzhc/00016.wav,id0009,english,O3Ui-yWKzhc,19.602438
voices/id0009/English/O3Ui-yWKzhc/00017.wav,id0009,english,O3Ui-yWKzhc,19.722437
voices/id0009/English/O3Ui-yWKzhc/00018.wav,id0009,english,O3Ui-yWKzhc,23.882437
voices/id0009/English/O3Ui-yWKzhc/00019.wav,id0009,english,O3Ui-yWKzhc,7.1624374
voices/id0009/English/O3Ui-yWKzhc/00020.wav,id0009,english,O3Ui-yWKzhc,26.282438
voices/id0009/English/O3Ui-yWKzhc/00021.wav,id0009,english,O3Ui-yWKzhc,9.002438
voices/id0009/English/O3Ui-yWKzhc/00023.wav,id0009,english,O3Ui-yWKzhc,7.0424376
voices/id0009/English/O3Ui-yWKzhc/00026.wav,id0009,english,O3Ui-yWKzhc,5.3624377
voices/id0009/German/crTtTaEzJMI/00000.wav,id0009,german,crTtTaEzJMI,30.682438
voices/id0009/German/crTtTaEzJMI/00001.wav,id0009,german,crTtTaEzJMI,8.162437
voices/id0009/German/crTtTaEzJMI/00002.wav,id0009,german,crTtTaEzJMI,11.202437
voices/id0009/German/crTtTaEzJMI/00003.wav,id0009,german,crTtTaEzJMI,4.9624376
voices/id0009/German/crTtTaEzJMI/00005.wav,id0009,german,crTtTaEzJMI,6.7224374
voices/id0009/German/crTtTaEzJMI/00006.wav,id0009,german,crTtTaEzJMI,8.842438
voices/id0009/German/crTtTaEzJMI/00008.wav,id0009,german,crTtTaEzJMI,18.202438
voices/id0009/German/crTtTaEzJMI/00010.wav,id0009,german,crTtTaEzJMI,12.442437
voices/id0009/German/crTtTaEzJMI/00011.wav,id0009,german,crTtTaEzJMI,39.36244
voices/id0009/German/crTtTaEzJMI/00013.wav,id0009,german,crTtTaEzJMI,16.322437
voices/id0009/German/crTtTaEzJMI/00014.wav,id0009,german,crTtTaEzJMI,4.7224374
voices/id0009/German/crTtTaEzJMI/00015.wav,id0009,german,crTtTaEzJMI,10.722438
voices/id0009/German/crTtTaEzJMI/00018.wav,id0009,german,crTtTaEzJMI,4.2824373
voices/id0009/German/crTtTaEzJMI/00019.wav,id0009,german,crTtTaEzJMI,14.562437
voices/id0009/German/crTtTaEzJMI/00020.wav,id0009,german,crTtTaEzJMI,10.202437
voices/id0009/German/crTtTaEzJMI/00021.wav,id0009,german,crTtTaEzJMI,24.722437
voices/id0009/German/k4a9aqDW_dI/00001.wav,id0009,german,k4a9aqDW_dI,5.3624377
voices/id0009/German/k4a9aqDW_dI/00003.wav,id0009,german,k4a9aqDW_dI,5.8024373
voices/id0009/German/k4a9aqDW_dI/00005.wav,id0009,german,k4a9aqDW_dI,6.8424373
voices/id0009/German/k4a9aqDW_dI/00006.wav,id0009,german,k4a9aqDW_dI,6.7624373
voices/id0009/German/k4a9aqDW_dI/00014.wav,id0009,german,k4a9aqDW_dI,6.2424374
voices/id0009/German/k4a9aqDW_dI/00015.wav,id0009,german,k4a9aqDW_dI,7.4024377
voices/id0009/German/k4a9aqDW_dI/00019.wav,id0009,german,k4a9aqDW_dI,10.802438
voices/id0009/German/k4a9aqDW_dI/00023.wav,id0009,german,k4a9aqDW_dI,5.6824374
voices/id0009/German/k4a9aqDW_dI/00024.wav,id0009,german,k4a9aqDW_dI,14.762438
voices/id0009/German/k4a9aqDW_dI/00027.wav,id0009,german,k4a9aqDW_dI,4.3624377
voices/id0009/German/M9GioZWdc2g/00001.wav,id0009,german,M9GioZWdc2g,13.552438
voices/id0009/German/M9GioZWdc2g/00002.wav,id0009,german,M9GioZWdc2g,11.077437
voices/id0009/German/M9GioZWdc2g/00003.wav,id0009,german,M9GioZWdc2g,5.0024376
voices/id0009/German/M9GioZWdc2g/00004.wav,id0009,german,M9GioZWdc2g,4.6024375
voices/id0009/German/M9GioZWdc2g/00005.wav,id0009,german,M9GioZWdc2g,2.7764375
voices/id0009/German/M9GioZWdc2g/00006.wav,id0009,german,M9GioZWdc2g,2.3654375
voices/id0009/German/M9GioZWdc2g/00007.wav,id0009,german,M9GioZWdc2g,16.686438
voices/id0009/German/M9GioZWdc2g/00008.wav,id0009,german,M9GioZWdc2g,9.702437
voices/id0009/German/M9GioZWdc2g/00009.wav,id0009,german,M9GioZWdc2g,4.0774374
voices/id0009/German/M9GioZWdc2g/00010.wav,id0009,german,M9GioZWdc2g,4.2824373
voices/id0009/German/nCZBf6fHk_M/00013.wav,id0009,german,nCZBf6fHk_M,8.962438
voices/id0010/English/lHGL3kgDb2s/00000.wav,id0010,english,lHGL3kgDb2s,5.0824375
voices/id0010/English/lHGL3kgDb2s/00001.wav,id0010,english,lHGL3kgDb2s,33.002438
voices/id0010/English/lHGL3kgDb2s/00003.wav,id0010,english,lHGL3kgDb2s,10.642438
voices/id0010/English/lHGL3kgDb2s/00004.wav,id0010,english,lHGL3kgDb2s,10.002438
voices/id0010/English/lHGL3kgDb2s/00005.wav,id0010,english,lHGL3kgDb2s,12.202437
voices/id0010/English/lHGL3kgDb2s/00006.wav,id0010,english,lHGL3kgDb2s,17.122438
voices/id0010/English/lHGL3kgDb2s/00007.wav,id0010,english,lHGL3kgDb2s,11.042438
voices/id0010/English/lHGL3kgDb2s/00008.wav,id0010,english,lHGL3kgDb2s,5.3224373
voices/id0010/English/lHGL3kgDb2s/00009.wav,id0010,english,lHGL3kgDb2s,14.282437
voices/id0010/English/lHGL3kgDb2s/00010.wav,id0010,english,lHGL3kgDb2s,22.762438
voices/id0010/English/lHGL3kgDb2s/00011.wav,id0010,english,lHGL3kgDb2s,19.402437
voices/id0010/English/lHGL3kgDb2s/00012.wav,id0010,english,lHGL3kgDb2s,15.002438
voices/id0010/English/lHGL3kgDb2s/00013.wav,id0010,english,lHGL3kgDb2s,22.082438
voices/id0010/English/lHGL3kgDb2s/00014.wav,id0010,english,lHGL3kgDb2s,7.3624377
voices/id0010/English/lHGL3kgDb2s/00015.wav,id0010,english,lHGL3kgDb2s,8.842438
voices/id0010/English/lHGL3kgDb2s/00016.wav,id0010,english,lHGL3kgDb2s,23.402437
voices/id0010/English/nMRZ5KSslkQ/00001.wav,id0010,english,nMRZ5KSslkQ,5.3364377
voices/id0010/English/nMRZ5KSslkQ/00002.wav,id0010,english,nMRZ5KSslkQ,4.5174375
voices/id0010/English/nMRZ5KSslkQ/00003.wav,id0010,english,nMRZ5KSslkQ,35.207436
voices/id0010/English/nMRZ5KSslkQ/00004.wav,id0010,english,nMRZ5KSslkQ,2.8724375
voices/id0010/English/nMRZ5KSslkQ/00005.wav,id0010,english,nMRZ5KSslkQ,11.852438
voices/id0010/English/nMRZ5KSslkQ/00021.wav,id0010,english,nMRZ5KSslkQ,13.442437
voices/id0010/English/nMRZ5KSslkQ/00025.wav,id0010,english,nMRZ5KSslkQ,8.202437
voices/id0010/English/nMRZ5KSslkQ/00026.wav,id0010,english,nMRZ5KSslkQ,5.0824375
voices/id0010/English/nMRZ5KSslkQ/00027.wav,id0010,english,nMRZ5KSslkQ,4.5624375
voices/id0010/English/nMRZ5KSslkQ/00028.wav,id0010,english,nMRZ5KSslkQ,22.362438
voices/id0010/English/nMRZ5KSslkQ/00039.wav,id0010,english,nMRZ5KSslkQ,13.242437
voices/id0010/English/XgI1Lr4dI-c/00010.wav,id0010,english,XgI1Lr4dI-c,5.7624373
voices/id0010/English/XgI1Lr4dI-c/00013.wav,id0010,english,XgI1Lr4dI-c,5.2824373
voices/id0010/English/XgI1Lr4dI-c/00016.wav,id0010,english,XgI1Lr4dI-c,8.162437
voices/id0010/German/c9wnvgaWr0A/00000.wav,id0010,german,c9wnvgaWr0A,9.962438
voices/id0010/German/c9wnvgaWr0A/00009.wav,id0010,german,c9wnvgaWr0A,4.1224375
voices/id0010/German/c9wnvgaWr0A/00010.wav,id0010,german,c9wnvgaWr0A,6.6024375
voices/id0010/German/c9wnvgaWr0A/00012.wav,id0010,german,c9wnvgaWr0A,4.4824376
voices/id0010/German/c9wnvgaWr0A/00013.wav,id0010,german,c9wnvgaWr0A,18.562437
voices/id0010/German/c9wnvgaWr0A/00014.wav,id0010,german,c9wnvgaWr0A,9.442437
voices/id0010/German/c9wnvgaWr0A/00017.wav,id0010,german,c9wnvgaWr0A,5.4424376
voices/id0010/German/c9wnvgaWr0A/00018.wav,id0010,german,c9wnvgaWr0A,4.0824375
voices/id0010/German/G64xjefmExA/00000.wav,id0010,german,G64xjefmExA,5.2824373
voices/id0010/German/G64xjefmExA/00001.wav,id0010,german,G64xjefmExA,5.3224373
voices/id0010/German/MxiOjLkQ-98/00006.wav,id0010,german,MxiOjLkQ-98,7.9224377
voices/id0010/German/MxiOjLkQ-98/00013.wav,id0010,german,MxiOjLkQ-98,12.962438
voices/id0010/German/MxiOjLkQ-98/00018.wav,id0010,german,MxiOjLkQ-98,22.962437
voices/id0010/German/MxiOjLkQ-98/00019.wav,id0010,german,MxiOjLkQ-98,16.002438
voices/id0010/German/MxiOjLkQ-98/00021.wav,id0010,german,MxiOjLkQ-98,11.242437
voices/id0010/German/MxiOjLkQ-98/00023.wav,id0010,german,MxiOjLkQ-98,6.7224374
voices/id0010/German/MxiOjLkQ-98/00025.wav,id0010,german,MxiOjLkQ-98,7.6024375
voices/id0010/German/MxiOjLkQ-98/00031.wav,id0010,german,MxiOjLkQ-98,22.802437
voices/id0010/German/MxiOjLkQ-98/00033.wav,id0010,german,MxiOjLkQ-98,11.042438
voices/id0010/German/MxiOjLkQ-98/00034.wav,id0010,german,MxiOjLkQ-98,16.282438
voices/id0010/German/MxiOjLkQ-98/00036.wav,id0010,german,MxiOjLkQ-98,12.322437
voices/id0010/German/MxiOjLkQ-98/00037.wav,id0010,german,MxiOjLkQ-98,15.0824375
voices/id0010/German/MxiOjLkQ-98/00041.wav,id0010,german,MxiOjLkQ-98,6.4824376
voices/id0010/German/MxiOjLkQ-98/00042.wav,id0010,german,MxiOjLkQ-98,5.3624377
voices/id0010/German/MxiOjLkQ-98/00043.wav,id0010,german,MxiOjLkQ-98,13.682438
voices/id0010/German/MxiOjLkQ-98/00044.wav,id0010,german,MxiOjLkQ-98,11.562437
voices/id0010/German/MxiOjLkQ-98/00051.wav,id0010,german,MxiOjLkQ-98,21.882437
voices/id0010/German/MxiOjLkQ-98/00053.wav,id0010,german,MxiOjLkQ-98,10.402437
voices/id0010/German/MxiOjLkQ-98/00054.wav,id0010,german,MxiOjLkQ-98,18.082438
voices/id0010/German/MxiOjLkQ-98/00055.wav,id0010,german,MxiOjLkQ-98,4.2024374
voices/id0010/German/MxiOjLkQ-98/00056.wav,id0010,german,MxiOjLkQ-98,12.642438
voices/id0010/German/MxiOjLkQ-98/00059.wav,id0010,german,MxiOjLkQ-98,5.4824376
voices/id0010/German/MxiOjLkQ-98/00062.wav,id0010,german,MxiOjLkQ-98,7.0824375
voices/id0010/German/MxiOjLkQ-98/00072.wav,id0010,german,MxiOjLkQ-98,10.922438
voices/id0010/German/MxiOjLkQ-98/00073.wav,id0010,german,MxiOjLkQ-98,14.642438
voices/id0010/German/MxiOjLkQ-98/00075.wav,id0010,german,MxiOjLkQ-98,10.522437
voices/id0011/English/B1oYMWHoFg8/00001.wav,id0011,english,B1oYMWHoFg8,28.242437
voices/id0011/English/B1oYMWHoFg8/00002.wav,id0011,english,B1oYMWHoFg8,30.168438
voices/id0011/English/B1oYMWHoFg8/00004.wav,id0011,english,B1oYMWHoFg8,46.52744
voices/id0011/English/B1oYMWHoFg8/00006.wav,id0011,english,B1oYMWHoFg8,48.90244
voices/id0011/English/vwiOFgYuJ-M/00000.wav,id0011,english,vwiOFgYuJ-M,6.4424376
voices/id0011/English/vwiOFgYuJ-M/00002.wav,id0011,english,vwiOFgYuJ-M,4.8424373
voices/id0011/English/vwiOFgYuJ-M/00003.wav,id0011,english,vwiOFgYuJ-M,11.042438
voices/id0011/English/vwiOFgYuJ-M/00004.wav,id0011,english,vwiOFgYuJ-M,6.8024373
voices/id0011/English/vwiOFgYuJ-M/00005.wav,id0011,english,vwiOFgYuJ-M,13.362437
voices/id0011/English/vwiOFgYuJ-M/00008.wav,id0011,english,vwiOFgYuJ-M,12.562437
voices/id0011/English/vwiOFgYuJ-M/00009.wav,id0011,english,vwiOFgYuJ-M,18.042437
voices/id0011/English/y4KnvrKgeLM/00000-.wav,id0011,english,y4KnvrKgeLM,16.427437
voices/id0011/English/y4KnvrKgeLM/00001.wav,id0011,english,y4KnvrKgeLM,73.722435
voices/id0011/German/LBvJPivToac/00000.wav,id0011,german,LBvJPivToac,6.4024377
voices/id0011/German/LBvJPivToac/00001.wav,id0011,german,LBvJPivToac,11.522437
voices/id0011/German/TrRfc6cRbDU/00000.wav,id0011,german,TrRfc6cRbDU,9.482437
voices/id0011/German/TrRfc6cRbDU/00003.wav,id0011,german,TrRfc6cRbDU,4.7224374
voices/id0011/German/TrRfc6cRbDU/00008.wav,id0011,german,TrRfc6cRbDU,5.2024374
voices/id0011/German/TrRfc6cRbDU/00009.wav,id0011,german,TrRfc6cRbDU,7.6024375
voices/id0011/German/TrRfc6cRbDU/00011.wav,id0011,german,TrRfc6cRbDU,5.1624374
voices/id0011/German/TrRfc6cRbDU/00012.wav,id0011,german,TrRfc6cRbDU,4.5624375
voices/id0011/German/YRMwHpZZQ1A/00000.wav,id0011,german,YRMwHpZZQ1A,4.0424376
voices/id0011/German/YRMwHpZZQ1A/00001.wav,id0011,german,YRMwHpZZQ1A,5.0024376
voices/id0011/German/YRMwHpZZQ1A/00003.wav,id0011,german,YRMwHpZZQ1A,5.3624377
voices/id0012/English/4bOVkoTbmuk/00000.wav,id0012,english,4bOVkoTbmuk,7.4424376
voices/id0012/English/7aqjACP4bKk/00000.wav,id0012,english,7aqjACP4bKk,7.3624377
voices/id0012/English/7aqjACP4bKk/00003.wav,id0012,english,7aqjACP4bKk,4.5224376
voices/id0012/English/CJ5wyxczHLs/00001.wav,id0012,english,CJ5wyxczHLs,7.4024377
voices/id0012/English/DP8azK4tL-o/00001.wav,id0012,english,DP8azK4tL-o,6.8824377
voices/id0012/English/DP8azK4tL-o/00002.wav,id0012,english,DP8azK4tL-o,7.0824375
voices/id0012/English/DP8azK4tL-o/00003.wav,id0012,english,DP8azK4tL-o,4.2024374
voices/id0012/English/DP8azK4tL-o/00004.wav,id0012,english,DP8azK4tL-o,11.042438
voices/id0012/English/DP8azK4tL-o/00005.wav,id0012,english,DP8azK4tL-o,4.6024375
voices/id0012/English/DP8azK4tL-o/00006.wav,id0012,english,DP8azK4tL-o,7.8424373
voices/id0012/English/DP8azK4tL-o/00007.wav,id0012,english,DP8azK4tL-o,4.2424374
voices/id0012/English/DP8azK4tL-o/00008.wav,id0012,english,DP8azK4tL-o,4.2424374
voices/id0012/English/DP8azK4tL-o/00009.wav,id0012,english,DP8azK4tL-o,5.2024374
voices/id0012/English/DP8azK4tL-o/00010.wav,id0012,english,DP8azK4tL-o,5.4024377
voices/id0012/English/DP8azK4tL-o/00011.wav,id0012,english,DP8azK4tL-o,9.682438
voices/id0012/English/DP8azK4tL-o/00012.wav,id0012,english,DP8azK4tL-o,5.6424375
voices/id0012/English/DP8azK4tL-o/00013.wav,id0012,english,DP8azK4tL-o,5.4424376
voices/id0012/English/DP8azK4tL-o/00014.wav,id0012,english,DP8azK4tL-o,4.6424375
voices/id0012/English/DP8azK4tL-o/00015.wav,id0012,english,DP8azK4tL-o,5.3624377
voices/id0012/English/DP8azK4tL-o/00016.wav,id0012,english,DP8azK4tL-o,5.1224375
voices/id0012/English/DP8azK4tL-o/00017.wav,id0012,english,DP8azK4tL-o,5.2424374
voices/id0012/English/DP8azK4tL-o/00018.wav,id0012,english,DP8azK4tL-o,4.5624375
voices/id0012/English/zKC-SDHPE-I/00001.wav,id0012,english,zKC-SDHPE-I,4.5224376
voices/id0012/English/zKC-SDHPE-I/00002.wav,id0012,english,zKC-SDHPE-I,9.882438
voices/id0012/English/zKC-SDHPE-I/00003.wav,id0012,english,zKC-SDHPE-I,5.6824374
voices/id0012/English/zKC-SDHPE-I/00004.wav,id0012,english,zKC-SDHPE-I,6.0024376
voices/id0012/English/zKC-SDHPE-I/00005.wav,id0012,english,zKC-SDHPE-I,4.8824377
voices/id0012/German/3mD2MzHMVP0/00000.wav,id0012,german,3mD2MzHMVP0,5.8024373
voices/id0012/German/3mD2MzHMVP0/00006.wav,id0012,german,3mD2MzHMVP0,6.8424373
voices/id0012/German/9EZef0-a0cQ/00025.wav,id0012,german,9EZef0-a0cQ,7.2024374
voices/id0012/German/9EZef0-a0cQ/00027.wav,id0012,german,9EZef0-a0cQ,12.802438
voices/id0012/German/hHziM7QOly4/00001.wav,id0012,german,hHziM7QOly4,5.0424376
voices/id0012/German/hHziM7QOly4/00004.wav,id0012,german,hHziM7QOly4,11.362437
voices/id0012/German/vJhiZZkhR_g/00003.wav,id0012,german,vJhiZZkhR_g,24.962437
voices/id0012/German/vJhiZZkhR_g/00007.wav,id0012,german,vJhiZZkhR_g,6.9624376
voices/id0012/German/vJhiZZkhR_g/00008.wav,id0012,german,vJhiZZkhR_g,20.042437
voices/id0012/German/vJhiZZkhR_g/00014.wav,id0012,german,vJhiZZkhR_g,6.0424376
voices/id0012/German/vJhiZZkhR_g/00017.wav,id0012,german,vJhiZZkhR_g,8.162437
voices/id0012/German/vJhiZZkhR_g/00018.wav,id0012,german,vJhiZZkhR_g,6.2824373
voices/id0012/German/vJhiZZkhR_g/00061.wav,id0012,german,vJhiZZkhR_g,7.8024373
voices/id0012/German/vJhiZZkhR_g/00067.wav,id0012,german,vJhiZZkhR_g,11.402437
voices/id0012/German/vJhiZZkhR_g/00073.wav,id0012,german,vJhiZZkhR_g,4.4824376
voices/id0012/German/_jyAzohq6Qg/00001.wav,id0012,german,_jyAzohq6Qg,14.162437
voices/id0012/German/_jyAzohq6Qg/00005.wav,id0012,german,_jyAzohq6Qg,18.242437
voices/id0012/German/_jyAzohq6Qg/00010.wav,id0012,german,_jyAzohq6Qg,15.882438
voices/id0012/German/_jyAzohq6Qg/00013.wav,id0012,german,_jyAzohq6Qg,14.162437
voices/id0012/German/_jyAzohq6Qg/00014.wav,id0012,german,_jyAzohq6Qg,5.1224375
voices/id0012/German/_jyAzohq6Qg/00015.wav,id0012,german,_jyAzohq6Qg,13.282437
voices/id0012/German/_jyAzohq6Qg/00016.wav,id0012,german,_jyAzohq6Qg,12.682438
voices/id0012/German/_jyAzohq6Qg/00023.wav,id0012,german,_jyAzohq6Qg,9.322437
voices/id0012/German/_jyAzohq6Qg/00024.wav,id0012,german,_jyAzohq6Qg,11.242437
voices/id0012/German/_jyAzohq6Qg/00026.wav,id0012,german,_jyAzohq6Qg,13.0824375
voices/id0012/German/_jyAzohq6Qg/00027.wav,id0012,german,_jyAzohq6Qg,11.882438
voices/id0012/German/_jyAzohq6Qg/00028.wav,id0012,german,_jyAzohq6Qg,10.562437
voices/id0012/German/_jyAzohq6Qg/00030.wav,id0012,german,_jyAzohq6Qg,8.762438
voices/id0012/German/_jyAzohq6Qg/00035.wav,id0012,german,_jyAzohq6Qg,6.0024376
voices/id0012/German/_jyAzohq6Qg/00040.wav,id0012,german,_jyAzohq6Qg,20.002438
voices/id0013/English/-jXipE2hraA/00000.wav,id0013,english,-jXipE2hraA,7.6424375
voices/id0013/English/dS8fAP-NSJk/00000.wav,id0013,english,dS8fAP-NSJk,40.802437
voices/id0013/English/dS8fAP-NSJk/00001.wav,id0013,english,dS8fAP-NSJk,5.4824376
voices/id0013/English/dS8fAP-NSJk/00002.wav,id0013,english,dS8fAP-NSJk,6.0824375
voices/id0013/English/dS8fAP-NSJk/00003.wav,id0013,english,dS8fAP-NSJk,4.6824374
voices/id0013/English/dS8fAP-NSJk/00004.wav,id0013,english,dS8fAP-NSJk,27.282438
voices/id0013/English/q0DwZH4Bqdc/00004.wav,id0013,english,q0DwZH4Bqdc,7.9224377
voices/id0013/English/q0DwZH4Bqdc/00006.wav,id0013,english,q0DwZH4Bqdc,4.3624377
voices/id0013/English/q0DwZH4Bqdc/00007.wav,id0013,english,q0DwZH4Bqdc,9.722438
voices/id0013/English/q0DwZH4Bqdc/00010.wav,id0013,english,q0DwZH4Bqdc,9.922438
voices/id0013/English/q0DwZH4Bqdc/00013.wav,id0013,english,q0DwZH4Bqdc,11.922438
voices/id0013/English/q0DwZH4Bqdc/00017.wav,id0013,english,q0DwZH4Bqdc,11.722438
voices/id0013/English/q0DwZH4Bqdc/00018.wav,id0013,english,q0DwZH4Bqdc,17.962437
voices/id0013/English/q0DwZH4Bqdc/00019.wav,id0013,english,q0DwZH4Bqdc,9.562437
voices/id0013/English/q0DwZH4Bqdc/00020.wav,id0013,english,q0DwZH4Bqdc,6.3224373
voices/id0013/English/q0DwZH4Bqdc/00021.wav,id0013,english,q0DwZH4Bqdc,7.0424376
voices/id0013/English/q0DwZH4Bqdc/00023.wav,id0013,english,q0DwZH4Bqdc,6.8024373
voices/id0013/English/q0DwZH4Bqdc/00024.wav,id0013,english,q0DwZH4Bqdc,5.6424375
voices/id0013/English/q0DwZH4Bqdc/00026.wav,id0013,english,q0DwZH4Bqdc,6.0424376
voices/id0013/English/q0DwZH4Bqdc/00028.wav,id0013,english,q0DwZH4Bqdc,4.9624376
voices/id0013/English/q0DwZH4Bqdc/00030.wav,id0013,english,q0DwZH4Bqdc,21.962437
voices/id0013/English/q0DwZH4Bqdc/00032.wav,id0013,english,q0DwZH4Bqdc,5.6024375
voices/id0013/German/d6ydSBIUGaY/00003.wav,id0013,german,d6ydSBIUGaY,7.8824377
voices/id0013/German/d6ydSBIUGaY/00004.wav,id0013,german,d6ydSBIUGaY,5.4824376
voices/id0013/German/d6ydSBIUGaY/00005.wav,id0013,german,d6ydSBIUGaY,5.8824377
voices/id0013/German/d6ydSBIUGaY/00007.wav,id0013,german,d6ydSBIUGaY,4.4824376
voices/id0013/German/d6ydSBIUGaY/00008.wav,id0013,german,d6ydSBIUGaY,5.1224375
voices/id0013/German/d6ydSBIUGaY/00009.wav,id0013,german,d6ydSBIUGaY,4.1224375
voices/id0013/German/d6ydSBIUGaY/00012.wav,id0013,german,d6ydSBIUGaY,7.8824377
voices/id0013/German/d6ydSBIUGaY/00013.wav,id0013,german,d6ydSBIUGaY,12.682438
voices/id0013/German/d6ydSBIUGaY/00018.wav,id0013,german,d6ydSBIUGaY,7.8024373
voices/id0013/German/d6ydSBIUGaY/00020.wav,id0013,german,d6ydSBIUGaY,6.1624374
voices/id0013/German/d6ydSBIUGaY/00023.wav,id0013,german,d6ydSBIUGaY,6.4424376
voices/id0013/German/d6ydSBIUGaY/00026.wav,id0013,german,d6ydSBIUGaY,4.9224377
voices/id0013/German/d6ydSBIUGaY/00027.wav,id0013,german,d6ydSBIUGaY,10.402437
voices/id0013/German/d6ydSBIUGaY/00028.wav,id0013,german,d6ydSBIUGaY,5.7624373
voices/id0013/German/d6ydSBIUGaY/00033.wav,id0013,german,d6ydSBIUGaY,5.4824376
voices/id0013/German/d6ydSBIUGaY/00036.wav,id0013,german,d6ydSBIUGaY,4.1224375
voices/id0013/German/d6ydSBIUGaY/00038.wav,id0013,german,d6ydSBIUGaY,12.962438
voices/id0013/German/d6ydSBIUGaY/00043.wav,id0013,german,d6ydSBIUGaY,8.162437
voices/id0013/German/ex8WF8z3vq8/00000.wav,id0013,german,ex8WF8z3vq8,5.4824376
voices/id0013/German/ex8WF8z3vq8/00004.wav,id0013,german,ex8WF8z3vq8,133.32243
voices/id0013/German/ex8WF8z3vq8/00007.wav,id0013,german,ex8WF8z3vq8,53.802437
voices/id0013/German/ex8WF8z3vq8/00010.wav,id0013,german,ex8WF8z3vq8,64.32244
voices/id0013/German/ex8WF8z3vq8/00011.wav,id0013,german,ex8WF8z3vq8,15.522437
voices/id0013/German/ex8WF8z3vq8/00015.wav,id0013,german,ex8WF8z3vq8,87.92244
voices/id0013/German/q9aCn9w1oJA/00005.wav,id0013,german,q9aCn9w1oJA,14.522437
voices/id0013/German/q9aCn9w1oJA/00007.wav,id0013,german,q9aCn9w1oJA,179.68243
voices/id0013/German/q9aCn9w1oJA/00011.wav,id0013,german,q9aCn9w1oJA,38.082436
voices/id0013/German/SQulJxMHQPA/00000.wav,id0013,german,SQulJxMHQPA,5.0024376
voices/id0013/German/SQulJxMHQPA/00007.wav,id0013,german,SQulJxMHQPA,44.482437
voices/id0013/German/SQulJxMHQPA/00010.wav,id0013,german,SQulJxMHQPA,36.72244
voices/id0013/German/SQulJxMHQPA/00012.wav,id0013,german,SQulJxMHQPA,57.922436
voices/id0013/German/SQulJxMHQPA/00013.wav,id0013,german,SQulJxMHQPA,7.8424373
voices/id0013/German/SQulJxMHQPA/00014.wav,id0013,german,SQulJxMHQPA,40.20244
voices/id0013/German/SQulJxMHQPA/00015.wav,id0013,german,SQulJxMHQPA,31.882437
voices/id0013/German/thbHIYWQWpM/00000.wav,id0013,german,thbHIYWQWpM,20.322437
voices/id0013/German/thbHIYWQWpM/00001.wav,id0013,german,thbHIYWQWpM,58.72244
voices/id0013/German/thbHIYWQWpM/00002.wav,id0013,german,thbHIYWQWpM,44.04244
voices/id0013/German/thbHIYWQWpM/00003.wav,id0013,german,thbHIYWQWpM,60.082436
voices/id0013/German/thbHIYWQWpM/00004.wav,id0013,german,thbHIYWQWpM,34.88244
voices/id0013/German/thbHIYWQWpM/00005.wav,id0013,german,thbHIYWQWpM,68.12244
voices/id0013/German/thbHIYWQWpM/00006.wav,id0013,german,thbHIYWQWpM,51.842438
voices/id0013/German/thbHIYWQWpM/00007.wav,id0013,german,thbHIYWQWpM,20.442438
voices/id0013/German/thbHIYWQWpM/00008.wav,id0013,german,thbHIYWQWpM,17.642437
voices/id0013/German/thbHIYWQWpM/00009.wav,id0013,german,thbHIYWQWpM,16.722437
voices/id0013/German/thbHIYWQWpM/00010.wav,id0013,german,thbHIYWQWpM,19.042437
voices/id0013/German/X1QvJBgwA44/00000.wav,id0013,german,X1QvJBgwA44,4.2824373
voices/id0013/German/X1QvJBgwA44/00001.wav,id0013,german,X1QvJBgwA44,4.4424376
voices/id0013/German/ZampFS4gy48/00002.wav,id0013,german,ZampFS4gy48,54.642437
voices/id0013/German/ZampFS4gy48/00005.wav,id0013,german,ZampFS4gy48,33.122437
voices/id0013/German/ZampFS4gy48/00006.wav,id0013,german,ZampFS4gy48,17.202438
voices/id0013/German/zpmcvt4j--U/00002.wav,id0013,german,zpmcvt4j--U,7.7624373
voices/id0013/German/zpmcvt4j--U/00003.wav,id0013,german,zpmcvt4j--U,6.8824377
voices/id0013/German/zpmcvt4j--U/00004.wav,id0013,german,zpmcvt4j--U,4.3224373
voices/id0013/German/zpmcvt4j--U/00005.wav,id0013,german,zpmcvt4j--U,4.8024373
voices/id0013/German/zpmcvt4j--U/00006.wav,id0013,german,zpmcvt4j--U,4.4824376
voices/id0013/German/zpmcvt4j--U/00007.wav,id0013,german,zpmcvt4j--U,6.0824375
voices/id0014/English/TDKnvLeU1HM/00001.wav,id0014,english,TDKnvLeU1HM,3.6724374
voices/id0014/English/TDKnvLeU1HM/00002.wav,id0014,english,TDKnvLeU1HM,2.7274375
voices/id0014/English/yi4Gn9Toygc/00001.wav,id0014,english,yi4Gn9Toygc,12.1154375
voices/id0014/English/yi4Gn9Toygc/00002.wav,id0014,english,yi4Gn9Toygc,28.352438
voices/id0014/English/yi4Gn9Toygc/00003.wav,id0014,english,yi4Gn9Toygc,25.502438
voices/id0014/English/yi4Gn9Toygc/00004.wav,id0014,english,yi4Gn9Toygc,12.034437
voices/id0014/English/yi4Gn9Toygc/00005.wav,id0014,english,yi4Gn9Toygc,14.237437
voices/id0014/German/8N_pHu3z83w/00004.wav,id0014,german,8N_pHu3z83w,33.252438
voices/id0014/German/jpmW9Bd3J-I/00000.wav,id0014,german,jpmW9Bd3J-I,12.427438
voices/id0014/German/jpmW9Bd3J-I/00007.wav,id0014,german,jpmW9Bd3J-I,4.4824376
voices/id0014/German/jpmW9Bd3J-I/00008.wav,id0014,german,jpmW9Bd3J-I,11.277437
voices/id0014/German/K7tisq7KOnw/00012.wav,id0014,german,K7tisq7KOnw,2.1024375
voices/id0014/German/oh1wNH7e-WE/00003.wav,id0014,german,oh1wNH7e-WE,5.9024377
voices/id0014/German/V0K1zKT_aZQ/00000.wav,id0014,german,V0K1zKT_aZQ,4.0424376
voices/id0014/German/V0K1zKT_aZQ/00001.wav,id0014,german,V0K1zKT_aZQ,4.0424376
voices/id0014/German/V0K1zKT_aZQ/00002.wav,id0014,german,V0K1zKT_aZQ,5.0424376
voices/id0014/German/V0K1zKT_aZQ/00003.wav,id0014,german,V0K1zKT_aZQ,6.7624373
voices/id0014/German/V0K1zKT_aZQ/00004.wav,id0014,german,V0K1zKT_aZQ,7.7624373
voices/id0014/German/V0K1zKT_aZQ/00005.wav,id0014,german,V0K1zKT_aZQ,4.4024377
voices/id0014/German/V0K1zKT_aZQ/00006.wav,id0014,german,V0K1zKT_aZQ,7.2824373
voices/id0014/German/V0K1zKT_aZQ/00007.wav,id0014,german,V0K1zKT_aZQ,5.0824375
voices/id0014/German/V0K1zKT_aZQ/00008.wav,id0014,german,V0K1zKT_aZQ,5.8424373
voices/id0014/German/V0K1zKT_aZQ/00009.wav,id0014,german,V0K1zKT_aZQ,4.6824374
voices/id0014/German/V0K1zKT_aZQ/00010.wav,id0014,german,V0K1zKT_aZQ,4.5624375
voices/id0014/German/V0K1zKT_aZQ/00011.wav,id0014,german,V0K1zKT_aZQ,4.0824375
voices/id0014/German/V0K1zKT_aZQ/00012.wav,id0014,german,V0K1zKT_aZQ,5.1224375
voices/id0014/German/V0K1zKT_aZQ/00013.wav,id0014,german,V0K1zKT_aZQ,5.4024377
voices/id0014/German/V0K1zKT_aZQ/00014.wav,id0014,german,V0K1zKT_aZQ,8.762438
voices/id0014/German/V0K1zKT_aZQ/00015.wav,id0014,german,V0K1zKT_aZQ,5.0424376
voices/id0014/German/V0K1zKT_aZQ/00016.wav,id0014,german,V0K1zKT_aZQ,7.9224377
voices/id0014/German/V0K1zKT_aZQ/00017.wav,id0014,german,V0K1zKT_aZQ,6.6024375
voices/id0014/German/V0K1zKT_aZQ/00018.wav,id0014,german,V0K1zKT_aZQ,10.562437
voices/id0014/German/V0K1zKT_aZQ/00019.wav,id0014,german,V0K1zKT_aZQ,8.002438
voices/id0014/German/V0K1zKT_aZQ/00020.wav,id0014,german,V0K1zKT_aZQ,4.3624377
voices/id0014/German/V0K1zKT_aZQ/00021.wav,id0014,german,V0K1zKT_aZQ,4.4824376
voices/id0014/German/V0K1zKT_aZQ/00022.wav,id0014,german,V0K1zKT_aZQ,5.3624377
voices/id0014/German/V0K1zKT_aZQ/00023.wav,id0014,german,V0K1zKT_aZQ,11.962438
voices/id0014/German/V0K1zKT_aZQ/00024.wav,id0014,german,V0K1zKT_aZQ,5.2024374
voices/id0014/German/V0K1zKT_aZQ/00025.wav,id0014,german,V0K1zKT_aZQ,4.2824373
voices/id0014/German/V0K1zKT_aZQ/00026.wav,id0014,german,V0K1zKT_aZQ,5.6824374
voices/id0014/German/V0K1zKT_aZQ/00027.wav,id0014,german,V0K1zKT_aZQ,4.6024375
voices/id0014/German/V0K1zKT_aZQ/00028.wav,id0014,german,V0K1zKT_aZQ,5.5624375
voices/id0014/German/V0K1zKT_aZQ/00029.wav,id0014,german,V0K1zKT_aZQ,5.3624377
voices/id0014/German/V0K1zKT_aZQ/00030.wav,id0014,german,V0K1zKT_aZQ,4.2024374
voices/id0014/German/V0K1zKT_aZQ/00031.wav,id0014,german,V0K1zKT_aZQ,5.7624373
voices/id0014/German/V0K1zKT_aZQ/00032.wav,id0014,german,V0K1zKT_aZQ,5.6824374
voices/id0014/German/V0K1zKT_aZQ/00033.wav,id0014,german,V0K1zKT_aZQ,4.8024373
voices/id0014/German/V0K1zKT_aZQ/00034.wav,id0014,german,V0K1zKT_aZQ,6.3624377
voices/id0014/German/V0K1zKT_aZQ/00035.wav,id0014,german,V0K1zKT_aZQ,4.2424374
voices/id0014/German/V0K1zKT_aZQ/00036.wav,id0014,german,V0K1zKT_aZQ,4.6424375
voices/id0014/German/V0K1zKT_aZQ/00037.wav,id0014,german,V0K1zKT_aZQ,4.0824375
voices/id0014/German/V0K1zKT_aZQ/00038.wav,id0014,german,V0K1zKT_aZQ,5.2024374
voices/id0014/German/V0K1zKT_aZQ/00039.wav,id0014,german,V0K1zKT_aZQ,7.1224375
voices/id0014/German/V0K1zKT_aZQ/00040.wav,id0014,german,V0K1zKT_aZQ,6.4424376
voices/id0014/German/V0K1zKT_aZQ/00041.wav,id0014,german,V0K1zKT_aZQ,5.1224375
voices/id0014/German/V0K1zKT_aZQ/00042.wav,id0014,german,V0K1zKT_aZQ,4.2424374
voices/id0014/German/V0K1zKT_aZQ/00043.wav,id0014,german,V0K1zKT_aZQ,5.4424376
voices/id0015/English/_8ZxKV276KQ/00010.wav,id0015,english,_8ZxKV276KQ,6.8824377
voices/id0015/English/_8ZxKV276KQ/00011.wav,id0015,english,_8ZxKV276KQ,9.722438
voices/id0015/English/_8ZxKV276KQ/00012.wav,id0015,english,_8ZxKV276KQ,6.1224375
voices/id0015/English/_8ZxKV276KQ/00016.wav,id0015,english,_8ZxKV276KQ,22.722437
voices/id0015/English/_8ZxKV276KQ/00018.wav,id0015,english,_8ZxKV276KQ,7.8824377
voices/id0015/English/_8ZxKV276KQ/00025.wav,id0015,english,_8ZxKV276KQ,7.8824377
voices/id0015/English/_8ZxKV276KQ/00028.wav,id0015,english,_8ZxKV276KQ,6.5624375
voices/id0015/English/_8ZxKV276KQ/00035.wav,id0015,english,_8ZxKV276KQ,7.4024377
voices/id0015/English/_8ZxKV276KQ/00036.wav,id0015,english,_8ZxKV276KQ,6.8824377
voices/id0015/English/_8ZxKV276KQ/00037.wav,id0015,english,_8ZxKV276KQ,11.322437
voices/id0015/English/_8ZxKV276KQ/00039.wav,id0015,english,_8ZxKV276KQ,6.4424376
voices/id0015/English/_8ZxKV276KQ/00040.wav,id0015,english,_8ZxKV276KQ,5.4824376
voices/id0015/English/_8ZxKV276KQ/00046.wav,id0015,english,_8ZxKV276KQ,10.1224375
voices/id0015/German/tZPG-hQ2vOI/00006.wav,id0015,german,tZPG-hQ2vOI,6.0024376
voices/id0015/German/tZPG-hQ2vOI/00011.wav,id0015,german,tZPG-hQ2vOI,6.5224376
voices/id0015/German/tZPG-hQ2vOI/00012.wav,id0015,german,tZPG-hQ2vOI,7.5624375
voices/id0015/German/tZPG-hQ2vOI/00013.wav,id0015,german,tZPG-hQ2vOI,6.9224377
voices/id0015/German/tZPG-hQ2vOI/00015.wav,id0015,german,tZPG-hQ2vOI,9.962438
voices/id0015/German/tZPG-hQ2vOI/00016.wav,id0015,german,tZPG-hQ2vOI,4.8024373
voices/id0015/German/tZPG-hQ2vOI/00021.wav,id0015,german,tZPG-hQ2vOI,4.5224376
voices/id0015/German/tZPG-hQ2vOI/00032.wav,id0015,german,tZPG-hQ2vOI,8.402437
voices/id0015/German/tZPG-hQ2vOI/00034.wav,id0015,german,tZPG-hQ2vOI,5.6824374
voices/id0015/German/tZPG-hQ2vOI/00035.wav,id0015,german,tZPG-hQ2vOI,4.0824375
voices/id0015/German/tZPG-hQ2vOI/00051.wav,id0015,german,tZPG-hQ2vOI,4.1624374
voices/id0015/German/tZPG-hQ2vOI/00053.wav,id0015,german,tZPG-hQ2vOI,6.5224376
voices/id0015/German/uwjHOas_CXg/00001.wav,id0015,german,uwjHOas_CXg,33.56244
voices/id0015/German/uwjHOas_CXg/00004.wav,id0015,german,uwjHOas_CXg,11.722438
voices/id0015/German/uwjHOas_CXg/00006.wav,id0015,german,uwjHOas_CXg,8.562437
voices/id0015/German/uwjHOas_CXg/00010.wav,id0015,german,uwjHOas_CXg,19.042437
voices/id0015/German/uwjHOas_CXg/00011.wav,id0015,german,uwjHOas_CXg,15.482437
voices/id0015/German/uwjHOas_CXg/00012.wav,id0015,german,uwjHOas_CXg,4.9224377
voices/id0015/German/uwjHOas_CXg/00014.wav,id0015,german,uwjHOas_CXg,9.762438
voices/id0015/German/uwjHOas_CXg/00015.wav,id0015,german,uwjHOas_CXg,5.1624374
voices/id0015/German/uwjHOas_CXg/00020.wav,id0015,german,uwjHOas_CXg,15.642438
voices/id0015/German/uwjHOas_CXg/00021.wav,id0015,german,uwjHOas_CXg,4.5224376
voices/id0015/German/uwjHOas_CXg/00022.wav,id0015,german,uwjHOas_CXg,8.1224375
voices/id0015/German/uwjHOas_CXg/00023.wav,id0015,german,uwjHOas_CXg,8.282437
voices/id0015/German/uwjHOas_CXg/00024.wav,id0015,german,uwjHOas_CXg,28.722437
voices/id0015/German/uwjHOas_CXg/00028.wav,id0015,german,uwjHOas_CXg,6.1624374
voices/id0015/German/uwjHOas_CXg/00029.wav,id0015,german,uwjHOas_CXg,5.9224377
voices/id0015/German/uwjHOas_CXg/00033.wav,id0015,german,uwjHOas_CXg,9.802438
voices/id0015/German/uwjHOas_CXg/00034.wav,id0015,german,uwjHOas_CXg,7.5224376
voices/id0015/German/uwjHOas_CXg/00036.wav,id0015,german,uwjHOas_CXg,8.242437
voices/id0015/German/uwjHOas_CXg/00037.wav,id0015,german,uwjHOas_CXg,6.9224377
voices/id0015/German/uwjHOas_CXg/00038.wav,id0015,german,uwjHOas_CXg,12.522437
voices/id0015/German/uwjHOas_CXg/00039.wav,id0015,german,uwjHOas_CXg,5.0024376
voices/id0015/German/uwjHOas_CXg/00041.wav,id0015,german,uwjHOas_CXg,52.20244
voices/id0016/English/2KXXR6kLOxg/00004.wav,id0016,english,2KXXR6kLOxg,5.6424375
voices/id0016/English/2KXXR6kLOxg/00011.wav,id0016,english,2KXXR6kLOxg,9.922438
voices/id0016/English/2KXXR6kLOxg/00012.wav,id0016,english,2KXXR6kLOxg,4.4824376
voices/id0016/English/2KXXR6kLOxg/00017.wav,id0016,english,2KXXR6kLOxg,7.5624375
voices/id0016/English/2KXXR6kLOxg/00028.wav,id0016,english,2KXXR6kLOxg,9.882438
voices/id0016/English/FQDhy0gM7A8/00004.wav,id0016,english,FQDhy0gM7A8,12.362437
voices/id0016/English/FQDhy0gM7A8/00007.wav,id0016,english,FQDhy0gM7A8,18.762438
voices/id0016/English/FQDhy0gM7A8/00014.wav,id0016,english,FQDhy0gM7A8,13.522437
voices/id0016/English/FQDhy0gM7A8/00017.wav,id0016,english,FQDhy0gM7A8,19.922438
voices/id0016/English/FQDhy0gM7A8/00024.wav,id0016,english,FQDhy0gM7A8,6.6424375
voices/id0016/English/FQDhy0gM7A8/00027.wav,id0016,english,FQDhy0gM7A8,8.922438
voices/id0016/English/FQDhy0gM7A8/00029.wav,id0016,english,FQDhy0gM7A8,18.362438
voices/id0016/English/iMQNAdDAXpU/00005.wav,id0016,english,iMQNAdDAXpU,7.6424375
voices/id0016/English/iMQNAdDAXpU/00006.wav,id0016,english,iMQNAdDAXpU,6.5224376
voices/id0016/English/iMQNAdDAXpU/00011.wav,id0016,english,iMQNAdDAXpU,9.882438
voices/id0016/English/iMQNAdDAXpU/00013.wav,id0016,english,iMQNAdDAXpU,5.9624376
voices/id0016/English/iMQNAdDAXpU/00018.wav,id0016,english,iMQNAdDAXpU,4.8824377
voices/id0016/English/iMQNAdDAXpU/00035.wav,id0016,english,iMQNAdDAXpU,6.6024375
voices/id0016/English/iMQNAdDAXpU/00044.wav,id0016,english,iMQNAdDAXpU,5.8024373
voices/id0016/English/iMQNAdDAXpU/00053.wav,id0016,english,iMQNAdDAXpU,7.5224376
voices/id0016/English/iMQNAdDAXpU/00062.wav,id0016,english,iMQNAdDAXpU,14.842438
voices/id0016/English/iMQNAdDAXpU/00070.wav,id0016,english,iMQNAdDAXpU,6.8824377
voices/id0016/English/iMQNAdDAXpU/00074.wav,id0016,english,iMQNAdDAXpU,7.2824373
voices/id0016/English/nlFmG8_mYv8/00000.wav,id0016,english,nlFmG8_mYv8,14.882438
voices/id0016/English/nlFmG8_mYv8/00001.wav,id0016,english,nlFmG8_mYv8,4.6024375
voices/id0016/English/nlFmG8_mYv8/00002.wav,id0016,english,nlFmG8_mYv8,4.6024375
voices/id0016/English/syjbBgp6zs0/00000.wav,id0016,english,syjbBgp6zs0,11.0824375
voices/id0016/English/syjbBgp6zs0/00001.wav,id0016,english,syjbBgp6zs0,9.482437
voices/id0016/English/syjbBgp6zs0/00012.wav,id0016,english,syjbBgp6zs0,5.3224373
voices/id0016/German/4BEYh1O14Oc/00001.wav,id0016,german,4BEYh1O14Oc,19.762438
voices/id0016/German/4BEYh1O14Oc/00005.wav,id0016,german,4BEYh1O14Oc,5.9624376
voices/id0016/German/4BEYh1O14Oc/00007.wav,id0016,german,4BEYh1O14Oc,4.9224377
voices/id0016/German/4BEYh1O14Oc/00009.wav,id0016,german,4BEYh1O14Oc,8.482437
voices/id0016/German/4BEYh1O14Oc/00012.wav,id0016,german,4BEYh1O14Oc,9.602438
voices/id0016/German/4BEYh1O14Oc/00014.wav,id0016,german,4BEYh1O14Oc,15.682438
voices/id0016/German/4BEYh1O14Oc/00018.wav,id0016,german,4BEYh1O14Oc,36.842438
voices/id0016/German/4BEYh1O14Oc/00022.wav,id0016,german,4BEYh1O14Oc,39.20244
voices/id0016/German/4BEYh1O14Oc/00024.wav,id0016,german,4BEYh1O14Oc,36.802437
voices/id0016/German/4BEYh1O14Oc/00025.wav,id0016,german,4BEYh1O14Oc,8.602438
voices/id0016/German/7BrV3ztO9mw/00000.wav,id0016,german,7BrV3ztO9mw,8.922438
voices/id0016/German/7BrV3ztO9mw/00001.wav,id0016,german,7BrV3ztO9mw,9.0824375
voices/id0016/German/7BrV3ztO9mw/00002.wav,id0016,german,7BrV3ztO9mw,7.0024376
voices/id0016/German/7BrV3ztO9mw/00003.wav,id0016,german,7BrV3ztO9mw,9.922438
voices/id0016/German/7BrV3ztO9mw/00004.wav,id0016,german,7BrV3ztO9mw,12.922438
voices/id0016/German/7BrV3ztO9mw/00005.wav,id0016,german,7BrV3ztO9mw,6.5224376
voices/id0016/German/7BrV3ztO9mw/00006.wav,id0016,german,7BrV3ztO9mw,12.442437
voices/id0016/German/7BrV3ztO9mw/00007.wav,id0016,german,7BrV3ztO9mw,15.762438
voices/id0016/German/7BrV3ztO9mw/00008.wav,id0016,german,7BrV3ztO9mw,12.802438
voices/id0016/German/7BrV3ztO9mw/00010.wav,id0016,german,7BrV3ztO9mw,8.482437
voices/id0016/German/7BrV3ztO9mw/00011.wav,id0016,german,7BrV3ztO9mw,6.4824376
voices/id0016/German/7BrV3ztO9mw/00012.wav,id0016,german,7BrV3ztO9mw,7.8024373
voices/id0016/German/7BrV3ztO9mw/00013.wav,id0016,german,7BrV3ztO9mw,8.682438
voices/id0016/German/7BrV3ztO9mw/00014.wav,id0016,german,7BrV3ztO9mw,9.362437
voices/id0016/German/7BrV3ztO9mw/00015.wav,id0016,german,7BrV3ztO9mw,4.5224376
voices/id0016/German/7BrV3ztO9mw/00016.wav,id0016,german,7BrV3ztO9mw,8.482437
voices/id0016/German/dvpMWTzxPAc/00002.wav,id0016,german,dvpMWTzxPAc,14.682438
voices/id0016/German/dvpMWTzxPAc/00005.wav,id0016,german,dvpMWTzxPAc,20.442438
voices/id0016/German/dvpMWTzxPAc/00009.wav,id0016,german,dvpMWTzxPAc,40.002438
voices/id0016/German/dvpMWTzxPAc/00011.wav,id0016,german,dvpMWTzxPAc,26.522438
voices/id0016/German/dvpMWTzxPAc/00016.wav,id0016,german,dvpMWTzxPAc,33.72244
voices/id0016/German/dvpMWTzxPAc/00019.wav,id0016,german,dvpMWTzxPAc,48.56244
voices/id0016/German/dvpMWTzxPAc/00023.wav,id0016,german,dvpMWTzxPAc,46.842438
voices/id0016/German/gnI90DlZjss/00005.wav,id0016,german,gnI90DlZjss,5.6824374
voices/id0016/German/gnI90DlZjss/00008.wav,id0016,german,gnI90DlZjss,5.8024373
voices/id0016/German/gnI90DlZjss/00013.wav,id0016,german,gnI90DlZjss,6.4424376
voices/id0016/German/gnI90DlZjss/00027.wav,id0016,german,gnI90DlZjss,5.7624373
voices/id0016/German/gnI90DlZjss/00031.wav,id0016,german,gnI90DlZjss,7.7224374
voices/id0016/German/gnI90DlZjss/00047.wav,id0016,german,gnI90DlZjss,7.5624375
voices/id0016/German/gnI90DlZjss/00048.wav,id0016,german,gnI90DlZjss,7.4024377
voices/id0016/German/K8S0k0wdyx0/00000.wav,id0016,german,K8S0k0wdyx0,305.32245
voices/id0016/German/vCOeDq-FkyM/00000.wav,id0016,german,vCOeDq-FkyM,8.642438
voices/id0016/German/vCOeDq-FkyM/00002.wav,id0016,german,vCOeDq-FkyM,4.7224374
voices/id0016/German/vCOeDq-FkyM/00003.wav,id0016,german,vCOeDq-FkyM,14.562437
voices/id0016/German/vCOeDq-FkyM/00004.wav,id0016,german,vCOeDq-FkyM,6.5224376
voices/id0016/German/vCOeDq-FkyM/00007.wav,id0016,german,vCOeDq-FkyM,25.682438
voices/id0017/English/9AVJFGaAaMU/00003.wav,id0017,english,9AVJFGaAaMU,11.842438
voices/id0017/English/9AVJFGaAaMU/00006.wav,id0017,english,9AVJFGaAaMU,5.4424376
voices/id0017/English/9AVJFGaAaMU/00009.wav,id0017,english,9AVJFGaAaMU,7.9224377
voices/id0017/English/9AVJFGaAaMU/00010.wav,id0017,english,9AVJFGaAaMU,32.27044
voices/id0017/English/9AVJFGaAaMU/00011.wav,id0017,english,9AVJFGaAaMU,18.027437
voices/id0017/English/9AVJFGaAaMU/00012.wav,id0017,english,9AVJFGaAaMU,4.3124375
voices/id0017/English/9AVJFGaAaMU/00013.wav,id0017,english,9AVJFGaAaMU,6.2024374
voices/id0017/English/9AVJFGaAaMU/00019.wav,id0017,english,9AVJFGaAaMU,20.722437
voices/id0017/English/9AVJFGaAaMU/00020.wav,id0017,english,9AVJFGaAaMU,5.8824377
voices/id0017/English/9AVJFGaAaMU/00021.wav,id0017,english,9AVJFGaAaMU,30.202438
voices/id0017/English/9AVJFGaAaMU/00022.wav,id0017,english,9AVJFGaAaMU,27.722437
voices/id0017/English/9AVJFGaAaMU/00028.wav,id0017,english,9AVJFGaAaMU,24.202438
voices/id0017/English/9AVJFGaAaMU/00029.wav,id0017,english,9AVJFGaAaMU,25.162437
voices/id0017/English/9AVJFGaAaMU/00030.wav,id0017,english,9AVJFGaAaMU,4.3624377
voices/id0017/English/9AVJFGaAaMU/00031.wav,id0017,english,9AVJFGaAaMU,6.4424376
voices/id0017/English/9AVJFGaAaMU/00034.wav,id0017,english,9AVJFGaAaMU,22.682438
voices/id0017/English/9AVJFGaAaMU/00036.wav,id0017,english,9AVJFGaAaMU,20.682438
voices/id0017/English/9AVJFGaAaMU/00040.wav,id0017,english,9AVJFGaAaMU,8.722438
voices/id0017/English/nMRZ5KSslkQ/00011.wav,id0017,english,nMRZ5KSslkQ,12.562437
voices/id0017/English/nMRZ5KSslkQ/00012.wav,id0017,english,nMRZ5KSslkQ,4.8424373
voices/id0017/English/nMRZ5KSslkQ/00013.wav,id0017,english,nMRZ5KSslkQ,5.8824377
voices/id0017/English/nMRZ5KSslkQ/00014.wav,id0017,english,nMRZ5KSslkQ,4.1624374
voices/id0017/English/nMRZ5KSslkQ/00015.wav,id0017,english,nMRZ5KSslkQ,8.242437
voices/id0017/English/nMRZ5KSslkQ/00016.wav,id0017,english,nMRZ5KSslkQ,6.3624377
voices/id0017/English/nMRZ5KSslkQ/00046.wav,id0017,english,nMRZ5KSslkQ,10.802438
voices/id0017/English/qxIrXmCfDqQ/00015.wav,id0017,english,qxIrXmCfDqQ,17.602438
voices/id0017/English/qxIrXmCfDqQ/00026.wav,id0017,english,qxIrXmCfDqQ,10.522437
voices/id0017/English/qxIrXmCfDqQ/00027.wav,id0017,english,qxIrXmCfDqQ,9.602438
voices/id0017/English/qxIrXmCfDqQ/00037.wav,id0017,english,qxIrXmCfDqQ,18.002438
voices/id0017/English/qxIrXmCfDqQ/00051.wav,id0017,english,qxIrXmCfDqQ,7.7624373
voices/id0017/English/XgI1Lr4dI-c/00003.wav,id0017,english,XgI1Lr4dI-c,21.202438
voices/id0017/English/XgI1Lr4dI-c/00005.wav,id0017,english,XgI1Lr4dI-c,17.042437
voices/id0017/German/1kDCS4bA6q0/00001.wav,id0017,german,1kDCS4bA6q0,12.202437
voices/id0017/German/1kDCS4bA6q0/00002.wav,id0017,german,1kDCS4bA6q0,12.922438
voices/id0017/German/1kDCS4bA6q0/00003.wav,id0017,german,1kDCS4bA6q0,6.9074373
voices/id0017/German/1kDCS4bA6q0/00004.wav,id0017,german,1kDCS4bA6q0,10.922438
voices/id0017/German/1kDCS4bA6q0/00005.wav,id0017,german,1kDCS4bA6q0,5.0824375
voices/id0017/German/1kDCS4bA6q0/00006.wav,id0017,german,1kDCS4bA6q0,6.4024377
voices/id0017/German/1kDCS4bA6q0/00008.wav,id0017,german,1kDCS4bA6q0,17.122438
voices/id0017/German/1kDCS4bA6q0/00010.wav,id0017,german,1kDCS4bA6q0,13.802438
voices/id0017/German/1kDCS4bA6q0/00012.wav,id0017,german,1kDCS4bA6q0,9.002438
voices/id0017/German/1kDCS4bA6q0/00013.wav,id0017,german,1kDCS4bA6q0,13.922438
voices/id0017/German/1kDCS4bA6q0/00014.wav,id0017,german,1kDCS4bA6q0,9.522437
voices/id0017/German/1kDCS4bA6q0/00016.wav,id0017,german,1kDCS4bA6q0,19.082438
voices/id0017/German/1kDCS4bA6q0/00017.wav,id0017,german,1kDCS4bA6q0,5.5624375
voices/id0017/German/1kDCS4bA6q0/00018.wav,id0017,german,1kDCS4bA6q0,14.762438
voices/id0017/German/1kDCS4bA6q0/00021.wav,id0017,german,1kDCS4bA6q0,9.322437
voices/id0017/German/1kDCS4bA6q0/00022.wav,id0017,german,1kDCS4bA6q0,9.762438
voices/id0017/German/1kDCS4bA6q0/00023.wav,id0017,german,1kDCS4bA6q0,20.362438
voices/id0017/German/1kDCS4bA6q0/00024.wav,id0017,german,1kDCS4bA6q0,22.202438
voices/id0017/German/1kDCS4bA6q0/00025.wav,id0017,german,1kDCS4bA6q0,20.482437
voices/id0017/German/1kDCS4bA6q0/00026.wav,id0017,german,1kDCS4bA6q0,5.3224373
voices/id0017/German/1kDCS4bA6q0/00028.wav,id0017,german,1kDCS4bA6q0,18.242437
voices/id0017/German/1kDCS4bA6q0/00029.wav,id0017,german,1kDCS4bA6q0,11.0824375
voices/id0017/German/1kDCS4bA6q0/00030.wav,id0017,german,1kDCS4bA6q0,7.6824374
voices/id0017/German/1kDCS4bA6q0/00031.wav,id0017,german,1kDCS4bA6q0,4.7624373
voices/id0017/German/1kDCS4bA6q0/00032.wav,id0017,german,1kDCS4bA6q0,10.882438
voices/id0017/German/1kDCS4bA6q0/00033.wav,id0017,german,1kDCS4bA6q0,16.162437
voices/id0017/German/1kDCS4bA6q0/00034.wav,id0017,german,1kDCS4bA6q0,20.962437
voices/id0017/German/1kDCS4bA6q0/00035.wav,id0017,german,1kDCS4bA6q0,9.242437
voices/id0017/German/1kDCS4bA6q0/00036.wav,id0017,german,1kDCS4bA6q0,17.402437
voices/id0017/German/1kDCS4bA6q0/00037.wav,id0017,german,1kDCS4bA6q0,21.922438
voices/id0017/German/1kDCS4bA6q0/00039.wav,id0017,german,1kDCS4bA6q0,5.9224377
voices/id0017/German/1kDCS4bA6q0/00040.wav,id0017,german,1kDCS4bA6q0,7.8424373
voices/id0017/German/1kDCS4bA6q0/00044.wav,id0017,german,1kDCS4bA6q0,4.1624374
voices/id0017/German/c9wnvgaWr0A/00001.wav,id0017,german,c9wnvgaWr0A,4.8024373
voices/id0017/German/c9wnvgaWr0A/00002.wav,id0017,german,c9wnvgaWr0A,6.0424376
voices/id0017/German/c9wnvgaWr0A/00004.wav,id0017,german,c9wnvgaWr0A,4.6424375
voices/id0017/German/c9wnvgaWr0A/00006.wav,id0017,german,c9wnvgaWr0A,6.9624376
voices/id0017/German/c9wnvgaWr0A/00008.wav,id0017,german,c9wnvgaWr0A,4.5224376
voices/id0017/German/c9wnvgaWr0A/00011.wav,id0017,german,c9wnvgaWr0A,13.042438
voices/id0018/English/0Qbti7Ftx7E/00001.wav,id0018,english,0Qbti7Ftx7E,20.362438
voices/id0018/English/0Qbti7Ftx7E/00002.wav,id0018,english,0Qbti7Ftx7E,6.4824376
voices/id0018/English/0Qbti7Ftx7E/00003.wav,id0018,english,0Qbti7Ftx7E,28.082438
voices/id0018/English/0Qbti7Ftx7E/00004.wav,id0018,english,0Qbti7Ftx7E,7.8424373
voices/id0018/English/0Qbti7Ftx7E/00005.wav,id0018,english,0Qbti7Ftx7E,6.4824376
voices/id0018/English/0Qbti7Ftx7E/00006.wav,id0018,english,0Qbti7Ftx7E,8.0824375
voices/id0018/English/0Qbti7Ftx7E/00007.wav,id0018,english,0Qbti7Ftx7E,5.2824373
voices/id0018/English/0Qbti7Ftx7E/00008.wav,id0018,english,0Qbti7Ftx7E,6.0024376
voices/id0018/English/0Qbti7Ftx7E/00009.wav,id0018,english,0Qbti7Ftx7E,19.082438
voices/id0018/English/0Qbti7Ftx7E/00010.wav,id0018,english,0Qbti7Ftx7E,10.322437
voices/id0018/English/0Qbti7Ftx7E/00011.wav,id0018,english,0Qbti7Ftx7E,17.362438
voices/id0018/English/0Qbti7Ftx7E/00013.wav,id0018,english,0Qbti7Ftx7E,8.922438
voices/id0018/English/0Qbti7Ftx7E/00014.wav,id0018,english,0Qbti7Ftx7E,22.402437
voices/id0018/English/0Qbti7Ftx7E/00015.wav,id0018,english,0Qbti7Ftx7E,46.842438
voices/id0018/English/0Qbti7Ftx7E/00016.wav,id0018,english,0Qbti7Ftx7E,8.322437
voices/id0018/English/0Qbti7Ftx7E/00018.wav,id0018,english,0Qbti7Ftx7E,16.922438
voices/id0018/English/0Qbti7Ftx7E/00019.wav,id0018,english,0Qbti7Ftx7E,21.682438
voices/id0018/English/0Qbti7Ftx7E/00021.wav,id0018,english,0Qbti7Ftx7E,6.1224375
voices/id0018/English/0Qbti7Ftx7E/00022.wav,id0018,english,0Qbti7Ftx7E,6.4824376
voices/id0018/English/0Qbti7Ftx7E/00023.wav,id0018,english,0Qbti7Ftx7E,26.402437
voices/id0018/English/0Qbti7Ftx7E/00024.wav,id0018,english,0Qbti7Ftx7E,6.8424373
voices/id0018/English/0Qbti7Ftx7E/00025.wav,id0018,english,0Qbti7Ftx7E,9.562437
voices/id0018/English/0Qbti7Ftx7E/00026.wav,id0018,english,0Qbti7Ftx7E,16.162437
voices/id0018/English/0Qbti7Ftx7E/00027.wav,id0018,english,0Qbti7Ftx7E,36.082436
voices/id0018/English/0Qbti7Ftx7E/00028.wav,id0018,english,0Qbti7Ftx7E,4.6824374
voices/id0018/English/0Qbti7Ftx7E/00029.wav,id0018,english,0Qbti7Ftx7E,9.842438
voices/id0018/English/0Qbti7Ftx7E/00030.wav,id0018,english,0Qbti7Ftx7E,13.842438
voices/id0018/English/0Qbti7Ftx7E/00031.wav,id0018,english,0Qbti7Ftx7E,7.8824377
voices/id0018/English/iPZWwcPqSuY/00000.wav,id0018,english,iPZWwcPqSuY,152.08244
voices/id0018/English/iPZWwcPqSuY/00001.wav,id0018,english,iPZWwcPqSuY,137.52243
voices/id0018/English/Z0S0b_Ya0Sw/00000.wav,id0018,english,Z0S0b_Ya0Sw,9.162437
voices/id0018/English/Z0S0b_Ya0Sw/00003.wav,id0018,english,Z0S0b_Ya0Sw,8.562437
voices/id0018/English/Z0S0b_Ya0Sw/00004.wav,id0018,english,Z0S0b_Ya0Sw,8.0824375
voices/id0018/English/znJEH8Cgq70/00003.wav,id0018,english,znJEH8Cgq70,6.4424376
voices/id0018/English/znJEH8Cgq70/00004.wav,id0018,english,znJEH8Cgq70,6.3624377
voices/id0018/English/znJEH8Cgq70/00005.wav,id0018,english,znJEH8Cgq70,25.882437
voices/id0018/English/znJEH8Cgq70/00007.wav,id0018,english,znJEH8Cgq70,4.5624375
voices/id0018/German/ALX1fMj2kN4/00000.wav,id0018,german,ALX1fMj2kN4,305.64243
voices/id0018/German/Cp56Q0Yijr4/00023.wav,id0018,german,Cp56Q0Yijr4,21.922438
voices/id0018/German/Cp56Q0Yijr4/00056.wav,id0018,german,Cp56Q0Yijr4,4.5624375
voices/id0018/German/Cp56Q0Yijr4/00059.wav,id0018,german,Cp56Q0Yijr4,16.562437
voices/id0018/German/IACquCI-U50/00000.wav,id0018,german,IACquCI-U50,53.282436
voices/id0018/German/IACquCI-U50/00001.wav,id0018,german,IACquCI-U50,91.722435
voices/id0018/German/IACquCI-U50/00002.wav,id0018,german,IACquCI-U50,60.04244
voices/id0018/German/IACquCI-U50/00003.wav,id0018,german,IACquCI-U50,108.00243
voices/id0018/German/sZjqF8Itz5I/00002.wav,id0018,german,sZjqF8Itz5I,6.8424373
voices/id0018/German/sZjqF8Itz5I/00003.wav,id0018,german,sZjqF8Itz5I,6.0824375
voices/id0018/German/sZjqF8Itz5I/00004.wav,id0018,german,sZjqF8Itz5I,11.402437
voices/id0018/German/sZjqF8Itz5I/00005.wav,id0018,german,sZjqF8Itz5I,8.442437
voices/id0018/German/sZjqF8Itz5I/00006.wav,id0018,german,sZjqF8Itz5I,9.962438
voices/id0018/German/sZjqF8Itz5I/00008.wav,id0018,german,sZjqF8Itz5I,15.962438
voices/id0018/German/sZjqF8Itz5I/00009.wav,id0018,german,sZjqF8Itz5I,25.362438
voices/id0018/German/sZjqF8Itz5I/00013.wav,id0018,german,sZjqF8Itz5I,11.882438
voices/id0018/German/sZjqF8Itz5I/00014.wav,id0018,german,sZjqF8Itz5I,6.4024377
voices/id0018/German/sZjqF8Itz5I/00015.wav,id0018,german,sZjqF8Itz5I,14.762438
voices/id0018/German/sZjqF8Itz5I/00016.wav,id0018,german,sZjqF8Itz5I,9.602438
voices/id0018/German/sZjqF8Itz5I/00017.wav,id0018,german,sZjqF8Itz5I,7.0424376
voices/id0018/German/sZjqF8Itz5I/00050.wav,id0018,german,sZjqF8Itz5I,35.72244
voices/id0018/German/sZjqF8Itz5I/00051.wav,id0018,german,sZjqF8Itz5I,16.362438
voices/id0018/German/sZjqF8Itz5I/00052.wav,id0018,german,sZjqF8Itz5I,7.4824376
voices/id0018/German/sZjqF8Itz5I/00053.wav,id0018,german,sZjqF8Itz5I,21.002438
voices/id0018/German/sZjqF8Itz5I/00054.wav,id0018,german,sZjqF8Itz5I,10.442437
voices/id0019/English/-EEkNs1l1qI/00000.wav,id0019,english,-EEkNs1l1qI,4.8024373
voices/id0019/English/-EEkNs1l1qI/00001.wav,id0019,english,-EEkNs1l1qI,7.0024376
voices/id0019/English/-EEkNs1l1qI/00002.wav,id0019,english,-EEkNs1l1qI,13.042438
voices/id0019/English/9iizym9cwKE/00000.wav,id0019,english,9iizym9cwKE,19.362438
voices/id0019/English/9iizym9cwKE/00003.wav,id0019,english,9iizym9cwKE,16.162437
voices/id0019/English/9iizym9cwKE/00004.wav,id0019,english,9iizym9cwKE,8.602438
voices/id0019/German/lmlVLLQYutI/00002.wav,id0019,german,lmlVLLQYutI,26.162437
voices/id0019/German/lmlVLLQYutI/00004.wav,id0019,german,lmlVLLQYutI,4.6024375
voices/id0019/German/lmlVLLQYutI/00005.wav,id0019,german,lmlVLLQYutI,12.0824375
voices/id0019/German/lmlVLLQYutI/00010.wav,id0019,german,lmlVLLQYutI,13.842438
voices/id0019/German/lmlVLLQYutI/00014.wav,id0019,german,lmlVLLQYutI,12.562437
voices/id0019/German/lmlVLLQYutI/00015.wav,id0019,german,lmlVLLQYutI,4.6424375
voices/id0019/German/lmlVLLQYutI/00018.wav,id0019,german,lmlVLLQYutI,13.962438
voices/id0019/German/lmlVLLQYutI/00021.wav,id0019,german,lmlVLLQYutI,7.6824374
voices/id0019/German/lmlVLLQYutI/00022.wav,id0019,german,lmlVLLQYutI,7.0424376
voices/id0019/German/lmlVLLQYutI/00023.wav,id0019,german,lmlVLLQYutI,15.052438
voices/id0019/German/lmlVLLQYutI/00025.wav,id0019,german,lmlVLLQYutI,12.242437
voices/id0019/German/lmlVLLQYutI/00028.wav,id0019,german,lmlVLLQYutI,12.602438
voices/id0020/English/4FjeV9RmdWs/00022.wav,id0020,english,4FjeV9RmdWs,7.4824376
voices/id0020/English/4FjeV9RmdWs/00023.wav,id0020,english,4FjeV9RmdWs,8.802438
voices/id0020/English/4FjeV9RmdWs/00024.wav,id0020,english,4FjeV9RmdWs,6.1224375
voices/id0020/English/4FjeV9RmdWs/00033.wav,id0020,english,4FjeV9RmdWs,11.642438
voices/id0020/English/4FjeV9RmdWs/00035.wav,id0020,english,4FjeV9RmdWs,15.522437
voices/id0020/English/4FjeV9RmdWs/00047.wav,id0020,english,4FjeV9RmdWs,17.762438
voices/id0020/English/4FjeV9RmdWs/00057.wav,id0020,english,4FjeV9RmdWs,23.042437
voices/id0020/English/4FjeV9RmdWs/00061.wav,id0020,english,4FjeV9RmdWs,8.962438
voices/id0020/English/4FjeV9RmdWs/00063.wav,id0020,english,4FjeV9RmdWs,22.162437
voices/id0020/English/4FjeV9RmdWs/00065.wav,id0020,english,4FjeV9RmdWs,4.6024375
voices/id0020/English/4FjeV9RmdWs/00067.wav,id0020,english,4FjeV9RmdWs,13.282437
voices/id0020/English/4FjeV9RmdWs/00077.wav,id0020,english,4FjeV9RmdWs,7.4024377
voices/id0020/English/4FjeV9RmdWs/00079.wav,id0020,english,4FjeV9RmdWs,29.922438
voices/id0020/English/4FjeV9RmdWs/00088.wav,id0020,english,4FjeV9RmdWs,4.4824376
voices/id0020/English/4FjeV9RmdWs/00090.wav,id0020,english,4FjeV9RmdWs,5.9224377
voices/id0020/English/4FjeV9RmdWs/00093.wav,id0020,english,4FjeV9RmdWs,4.4024377
voices/id0020/English/4FjeV9RmdWs/00095.wav,id0020,english,4FjeV9RmdWs,4.1224375
voices/id0020/English/4FjeV9RmdWs/00097.wav,id0020,english,4FjeV9RmdWs,5.8424373
voices/id0020/English/4FjeV9RmdWs/00098.wav,id0020,english,4FjeV9RmdWs,4.9224377
voices/id0020/English/4FjeV9RmdWs/00100.wav,id0020,english,4FjeV9RmdWs,9.042438
voices/id0020/English/4FjeV9RmdWs/00101.wav,id0020,english,4FjeV9RmdWs,27.482437
voices/id0020/English/4FjeV9RmdWs/00104.wav,id0020,english,4FjeV9RmdWs,7.3224373
voices/id0020/English/4FjeV9RmdWs/00112.wav,id0020,english,4FjeV9RmdWs,12.882438
voices/id0020/English/4FjeV9RmdWs/00115.wav,id0020,english,4FjeV9RmdWs,23.562437
voices/id0020/English/4FjeV9RmdWs/00127.wav,id0020,english,4FjeV9RmdWs,13.362437
voices/id0020/English/4FjeV9RmdWs/00130.wav,id0020,english,4FjeV9RmdWs,17.802437
voices/id0020/English/4FjeV9RmdWs/00138.wav,id0020,english,4FjeV9RmdWs,28.602438
voices/id0020/English/4FjeV9RmdWs/00140.wav,id0020,english,4FjeV9RmdWs,19.402437
voices/id0020/English/4FjeV9RmdWs/00145.wav,id0020,english,4FjeV9RmdWs,6.0824375
voices/id0020/English/csMqmZ5N668/00008.wav,id0020,english,csMqmZ5N668,34.802437
voices/id0020/English/csMqmZ5N668/00011.wav,id0020,english,csMqmZ5N668,13.162437
voices/id0020/English/csMqmZ5N668/00027.wav,id0020,english,csMqmZ5N668,34.962437
voices/id0020/English/csMqmZ5N668/00030.wav,id0020,english,csMqmZ5N668,28.602438
voices/id0020/English/qCcxyTa7gUQ/00000.wav,id0020,english,qCcxyTa7gUQ,14.842438
voices/id0020/English/qCcxyTa7gUQ/00013.wav,id0020,english,qCcxyTa7gUQ,17.042437
voices/id0020/English/qCcxyTa7gUQ/00018.wav,id0020,english,qCcxyTa7gUQ,7.0024376
voices/id0020/English/qCcxyTa7gUQ/00019.wav,id0020,english,qCcxyTa7gUQ,19.082438
voices/id0020/English/qCcxyTa7gUQ/00020.wav,id0020,english,qCcxyTa7gUQ,4.9624376
voices/id0020/English/qCcxyTa7gUQ/00021.wav,id0020,english,qCcxyTa7gUQ,6.8424373
voices/id0020/English/qCcxyTa7gUQ/00035.wav,id0020,english,qCcxyTa7gUQ,22.362438
voices/id0020/English/qCcxyTa7gUQ/00037.wav,id0020,english,qCcxyTa7gUQ,10.402437
voices/id0020/English/qCcxyTa7gUQ/00039.wav,id0020,english,qCcxyTa7gUQ,6.2824373
voices/id0020/English/qCcxyTa7gUQ/00043.wav,id0020,english,qCcxyTa7gUQ,7.6824374
voices/id0020/English/qCcxyTa7gUQ/00044.wav,id0020,english,qCcxyTa7gUQ,11.002438
voices/id0020/English/qCcxyTa7gUQ/00045.wav,id0020,english,qCcxyTa7gUQ,4.2024374
voices/id0020/English/qCcxyTa7gUQ/00047.wav,id0020,english,qCcxyTa7gUQ,14.362437
voices/id0020/English/qCcxyTa7gUQ/00048.wav,id0020,english,qCcxyTa7gUQ,15.042438
voices/id0020/English/qCcxyTa7gUQ/00050.wav,id0020,english,qCcxyTa7gUQ,9.842438
voices/id0020/English/qCcxyTa7gUQ/00055.wav,id0020,english,qCcxyTa7gUQ,11.682438
voices/id0020/English/qCcxyTa7gUQ/00056.wav,id0020,english,qCcxyTa7gUQ,5.8824377
voices/id0020/English/qCcxyTa7gUQ/00057.wav,id0020,english,qCcxyTa7gUQ,10.1224375
voices/id0020/English/qCcxyTa7gUQ/00065.wav,id0020,english,qCcxyTa7gUQ,8.322437
voices/id0020/English/qCcxyTa7gUQ/00066.wav,id0020,english,qCcxyTa7gUQ,11.922438
voices/id0020/English/qCcxyTa7gUQ/00067.wav,id0020,english,qCcxyTa7gUQ,30.642437
voices/id0020/English/qCcxyTa7gUQ/00068.wav,id0020,english,qCcxyTa7gUQ,9.202437
voices/id0020/English/qCcxyTa7gUQ/00073.wav,id0020,english,qCcxyTa7gUQ,6.2424374
voices/id0020/English/qCcxyTa7gUQ/00075.wav,id0020,english,qCcxyTa7gUQ,7.4024377
voices/id0020/English/qCcxyTa7gUQ/00077.wav,id0020,english,qCcxyTa7gUQ,6.8424373
voices/id0020/English/rXLtmk4MJSU/00000.wav,id0020,english,rXLtmk4MJSU,4.1624374
voices/id0020/English/rXLtmk4MJSU/00004.wav,id0020,english,rXLtmk4MJSU,8.1224375
voices/id0020/English/rXLtmk4MJSU/00019.wav,id0020,english,rXLtmk4MJSU,13.042438
voices/id0020/English/rXLtmk4MJSU/00025.wav,id0020,english,rXLtmk4MJSU,4.2824373
voices/id0020/English/rXLtmk4MJSU/00028.wav,id0020,english,rXLtmk4MJSU,7.4824376
voices/id0020/English/rXLtmk4MJSU/00035.wav,id0020,english,rXLtmk4MJSU,30.482437
voices/id0020/English/rXLtmk4MJSU/00036.wav,id0020,english,rXLtmk4MJSU,30.002438
voices/id0020/English/rXLtmk4MJSU/00037.wav,id0020,english,rXLtmk4MJSU,13.722438
voices/id0020/English/rXLtmk4MJSU/00038.wav,id0020,english,rXLtmk4MJSU,20.682438
voices/id0020/English/rXLtmk4MJSU/00039.wav,id0020,english,rXLtmk4MJSU,25.802437
voices/id0020/English/rXLtmk4MJSU/00043.wav,id0020,english,rXLtmk4MJSU,12.362437
voices/id0020/English/rXLtmk4MJSU/00044.wav,id0020,english,rXLtmk4MJSU,37.442436
voices/id0020/German/-bhDAECe3FI/00008.wav,id0020,german,-bhDAECe3FI,5.8424373
voices/id0020/German/-bhDAECe3FI/00009.wav,id0020,german,-bhDAECe3FI,7.0424376
voices/id0020/German/-bhDAECe3FI/00010.wav,id0020,german,-bhDAECe3FI,13.562437
voices/id0020/German/-bhDAECe3FI/00014.wav,id0020,german,-bhDAECe3FI,7.2424374
voices/id0020/German/-bhDAECe3FI/00018.wav,id0020,german,-bhDAECe3FI,8.482437
voices/id0020/German/-bhDAECe3FI/00027.wav,id0020,german,-bhDAECe3FI,31.522438
voices/id0020/German/-bhDAECe3FI/00032.wav,id0020,german,-bhDAECe3FI,48.442436
voices/id0020/German/-bhDAECe3FI/00041.wav,id0020,german,-bhDAECe3FI,9.282437
voices/id0020/German/-bhDAECe3FI/00044.wav,id0020,german,-bhDAECe3FI,24.002438
voices/id0020/German/-bhDAECe3FI/00050.wav,id0020,german,-bhDAECe3FI,14.602438
voices/id0020/German/-bhDAECe3FI/00051.wav,id0020,german,-bhDAECe3FI,9.362437
voices/id0020/German/FgSeyBs81Ek/00009.wav,id0020,german,FgSeyBs81Ek,5.2824373
voices/id0020/German/FgSeyBs81Ek/00010.wav,id0020,german,FgSeyBs81Ek,21.762438
voices/id0020/German/FgSeyBs81Ek/00011.wav,id0020,german,FgSeyBs81Ek,15.0824375
voices/id0020/German/FgSeyBs81Ek/00012.wav,id0020,german,FgSeyBs81Ek,10.562437
voices/id0020/German/FgSeyBs81Ek/00014.wav,id0020,german,FgSeyBs81Ek,4.8824377
voices/id0020/German/FgSeyBs81Ek/00016.wav,id0020,german,FgSeyBs81Ek,12.0824375
voices/id0020/German/FgSeyBs81Ek/00019.wav,id0020,german,FgSeyBs81Ek,6.8424373
voices/id0020/German/jWF9AWXqr5k/00007.wav,id0020,german,jWF9AWXqr5k,5.4824376
voices/id0020/German/jWF9AWXqr5k/00009.wav,id0020,german,jWF9AWXqr5k,6.5624375
voices/id0020/German/jWF9AWXqr5k/00016.wav,id0020,german,jWF9AWXqr5k,29.722437
voices/id0020/German/jWF9AWXqr5k/00021.wav,id0020,german,jWF9AWXqr5k,33.122437
voices/id0020/German/jWF9AWXqr5k/00030.wav,id0020,german,jWF9AWXqr5k,28.882437
voices/id0021/English/68B-dHsuLtM/00001.wav,id0021,english,68B-dHsuLtM,10.962438
voices/id0021/English/68B-dHsuLtM/00002.wav,id0021,english,68B-dHsuLtM,7.9624376
voices/id0021/English/68B-dHsuLtM/00003.wav,id0021,english,68B-dHsuLtM,30.042437
voices/id0021/English/c8YKKs0Pcx8/00000.wav,id0021,english,c8YKKs0Pcx8,17.802437
voices/id0021/English/c8YKKs0Pcx8/00001.wav,id0021,english,c8YKKs0Pcx8,4.0424376
voices/id0021/English/c8YKKs0Pcx8/00003.wav,id0021,english,c8YKKs0Pcx8,65.88244
voices/id0021/German/YuVLOzW3J-k/00000.wav,id0021,german,YuVLOzW3J-k,7.1224375
voices/id0021/German/YuVLOzW3J-k/00001.wav,id0021,german,YuVLOzW3J-k,6.9624376
voices/id0021/German/YuVLOzW3J-k/00002.wav,id0021,german,YuVLOzW3J-k,5.1624374
voices/id0021/German/YuVLOzW3J-k/00003.wav,id0021,german,YuVLOzW3J-k,5.2824373
voices/id0021/German/YuVLOzW3J-k/00005.wav,id0021,german,YuVLOzW3J-k,7.2824373
voices/id0021/German/YuVLOzW3J-k/00006.wav,id0021,german,YuVLOzW3J-k,11.162437
voices/id0021/German/YuVLOzW3J-k/00007.wav,id0021,german,YuVLOzW3J-k,7.6024375
voices/id0021/German/YuVLOzW3J-k/00009.wav,id0021,german,YuVLOzW3J-k,7.2824373
voices/id0021/German/YuVLOzW3J-k/00010.wav,id0021,german,YuVLOzW3J-k,4.7224374
voices/id0021/German/YuVLOzW3J-k/00011.wav,id0021,german,YuVLOzW3J-k,4.0424376
voices/id0021/German/YuVLOzW3J-k/00012.wav,id0021,german,YuVLOzW3J-k,8.002438
voices/id0021/German/YuVLOzW3J-k/00013.wav,id0021,german,YuVLOzW3J-k,5.9224377
voices/id0021/German/YuVLOzW3J-k/00015.wav,id0021,german,YuVLOzW3J-k,6.0024376
voices/id0021/German/YuVLOzW3J-k/00016.wav,id0021,german,YuVLOzW3J-k,7.7624373
voices/id0021/German/YuVLOzW3J-k/00017.wav,id0021,german,YuVLOzW3J-k,6.1224375
voices/id0022/English/EClHlMnrIQc/00025.wav,id0022,english,EClHlMnrIQc,5.4024377
voices/id0022/English/fgfyR14fm_8/00001.wav,id0022,english,fgfyR14fm_8,10.882438
voices/id0022/English/fgfyR14fm_8/00006.wav,id0022,english,fgfyR14fm_8,4.0424376
voices/id0022/English/fgfyR14fm_8/00007.wav,id0022,english,fgfyR14fm_8,9.242437
voices/id0022/English/fgfyR14fm_8/00008.wav,id0022,english,fgfyR14fm_8,4.1624374
voices/id0022/English/fgfyR14fm_8/00012.wav,id0022,english,fgfyR14fm_8,30.322437
voices/id0022/English/fgfyR14fm_8/00013.wav,id0022,english,fgfyR14fm_8,6.2424374
voices/id0022/English/hEXCdNnUErY/00001.wav,id0022,english,hEXCdNnUErY,5.0424376
voices/id0022/English/MkWta2k0k_g/00001.wav,id0022,english,MkWta2k0k_g,7.4024377
voices/id0022/English/MkWta2k0k_g/00002.wav,id0022,english,MkWta2k0k_g,7.6424375
voices/id0022/English/MkWta2k0k_g/00004.wav,id0022,english,MkWta2k0k_g,4.9624376
voices/id0022/English/MkWta2k0k_g/00005.wav,id0022,english,MkWta2k0k_g,4.2824373
voices/id0022/English/MkWta2k0k_g/00009.wav,id0022,english,MkWta2k0k_g,6.8824377
voices/id0022/English/MkWta2k0k_g/00010.wav,id0022,english,MkWta2k0k_g,7.6424375
voices/id0022/English/MkWta2k0k_g/00015.wav,id0022,english,MkWta2k0k_g,5.2824373
voices/id0022/English/pz9DMTtrjwQ/00001.wav,id0022,english,pz9DMTtrjwQ,5.7624373
voices/id0022/English/pz9DMTtrjwQ/00002.wav,id0022,english,pz9DMTtrjwQ,8.642438
voices/id0022/English/pz9DMTtrjwQ/00006.wav,id0022,english,pz9DMTtrjwQ,7.4824376
voices/id0022/English/pz9DMTtrjwQ/00009.wav,id0022,english,pz9DMTtrjwQ,6.8824377
voices/id0022/English/pz9DMTtrjwQ/00014.wav,id0022,english,pz9DMTtrjwQ,4.9624376
voices/id0022/English/pz9DMTtrjwQ/00016.wav,id0022,english,pz9DMTtrjwQ,7.8024373
voices/id0022/English/pz9DMTtrjwQ/00017.wav,id0022,english,pz9DMTtrjwQ,10.1224375
voices/id0022/English/pz9DMTtrjwQ/00027.wav,id0022,english,pz9DMTtrjwQ,5.6024375
voices/id0022/English/u-P3YI69Hro/00011.wav,id0022,english,u-P3YI69Hro,4.2424374
voices/id0022/English/uaImIRUyZqw/00004.wav,id0022,english,uaImIRUyZqw,7.8024373
voices/id0022/English/uaImIRUyZqw/00005.wav,id0022,english,uaImIRUyZqw,7.2824373
voices/id0022/English/uaImIRUyZqw/00012.wav,id0022,english,uaImIRUyZqw,17.722437
voices/id0022/English/uaImIRUyZqw/00014.wav,id0022,english,uaImIRUyZqw,11.602438
voices/id0022/English/uaImIRUyZqw/00015.wav,id0022,english,uaImIRUyZqw,10.002438
voices/id0022/English/uaImIRUyZqw/00016.wav,id0022,english,uaImIRUyZqw,4.5624375
voices/id0022/English/uaImIRUyZqw/00019.wav,id0022,english,uaImIRUyZqw,19.642437
voices/id0022/English/uaImIRUyZqw/00020.wav,id0022,english,uaImIRUyZqw,21.762438
voices/id0022/English/uaImIRUyZqw/00021.wav,id0022,english,uaImIRUyZqw,44.36244
voices/id0022/German/9Qi5kevt5L4/00010.wav,id0022,german,9Qi5kevt5L4,5.3624377
voices/id0022/German/9Qi5kevt5L4/00012.wav,id0022,german,9Qi5kevt5L4,5.6824374
voices/id0022/German/9Qi5kevt5L4/00017.wav,id0022,german,9Qi5kevt5L4,5.2424374
voices/id0022/German/9Qi5kevt5L4/00020.wav,id0022,german,9Qi5kevt5L4,4.4424376
voices/id0022/German/EClHlMnrIQc/00000.wav,id0022,german,EClHlMnrIQc,8.042438
voices/id0022/German/EClHlMnrIQc/00004.wav,id0022,german,EClHlMnrIQc,20.322437
voices/id0022/German/EClHlMnrIQc/00006.wav,id0022,german,EClHlMnrIQc,4.6824374
voices/id0022/German/EClHlMnrIQc/00008.wav,id0022,german,EClHlMnrIQc,7.5224376
voices/id0022/German/EClHlMnrIQc/00009.wav,id0022,german,EClHlMnrIQc,14.522437
voices/id0022/German/EClHlMnrIQc/00012.wav,id0022,german,EClHlMnrIQc,11.922438
voices/id0022/German/EClHlMnrIQc/00013.wav,id0022,german,EClHlMnrIQc,17.082438
voices/id0022/German/EClHlMnrIQc/00014.wav,id0022,german,EClHlMnrIQc,25.282438
voices/id0022/German/EClHlMnrIQc/00015.wav,id0022,german,EClHlMnrIQc,6.2824373
voices/id0022/German/EClHlMnrIQc/00016.wav,id0022,german,EClHlMnrIQc,6.4024377
voices/id0022/German/EClHlMnrIQc/00017.wav,id0022,german,EClHlMnrIQc,9.522437
voices/id0022/German/EClHlMnrIQc/00019.wav,id0022,german,EClHlMnrIQc,19.322437
voices/id0022/German/EClHlMnrIQc/00020.wav,id0022,german,EClHlMnrIQc,18.602438
voices/id0022/German/EClHlMnrIQc/00022.wav,id0022,german,EClHlMnrIQc,9.042438
voices/id0022/German/EClHlMnrIQc/00023.wav,id0022,german,EClHlMnrIQc,4.4824376
voices/id0022/German/EClHlMnrIQc/00024.wav,id0022,german,EClHlMnrIQc,25.842438
voices/id0022/German/EClHlMnrIQc/00026.wav,id0022,german,EClHlMnrIQc,16.882437
voices/id0022/German/EClHlMnrIQc/00028.wav,id0022,german,EClHlMnrIQc,7.6424375
voices/id0022/German/EClHlMnrIQc/00029.wav,id0022,german,EClHlMnrIQc,10.482437
voices/id0022/German/ENdechAstZg/00002.wav,id0022,german,ENdechAstZg,4.0424376
voices/id0022/German/ENdechAstZg/00006.wav,id0022,german,ENdechAstZg,4.1224375
voices/id0022/German/gYTGAY_LHmU/00000.wav,id0022,german,gYTGAY_LHmU,4.6824374
voices/id0022/German/gYTGAY_LHmU/00004.wav,id0022,german,gYTGAY_LHmU,6.4424376
voices/id0022/German/gYTGAY_LHmU/00007.wav,id0022,german,gYTGAY_LHmU,4.0424376
voices/id0022/German/leLXJ5heYXg/00002.wav,id0022,german,leLXJ5heYXg,8.002438
voices/id0022/German/leLXJ5heYXg/00003.wav,id0022,german,leLXJ5heYXg,5.0824375
voices/id0022/German/leLXJ5heYXg/00004.wav,id0022,german,leLXJ5heYXg,4.7224374
voices/id0022/German/leLXJ5heYXg/00005.wav,id0022,german,leLXJ5heYXg,12.362437
voices/id0022/German/leLXJ5heYXg/00006.wav,id0022,german,leLXJ5heYXg,102.682434
voices/id0022/German/leLXJ5heYXg/00007.wav,id0022,german,leLXJ5heYXg,28.722437
voices/id0022/German/leLXJ5heYXg/00011.wav,id0022,german,leLXJ5heYXg,9.0824375
voices/id0022/German/leLXJ5heYXg/00012.wav,id0022,german,leLXJ5heYXg,4.4824376
voices/id0022/German/leLXJ5heYXg/00013.wav,id0022,german,leLXJ5heYXg,5.0824375
voices/id0022/German/leLXJ5heYXg/00016.wav,id0022,german,leLXJ5heYXg,5.6424375
voices/id0022/German/tQ0SfW24TSA/00001.wav,id0022,german,tQ0SfW24TSA,9.042438
voices/id0023/English/7f7ona8KmMc/00000.wav,id0023,english,7f7ona8KmMc,16.522438
voices/id0023/English/7f7ona8KmMc/00003.wav,id0023,english,7f7ona8KmMc,33.762436
voices/id0023/English/d0lBiWDh7Eo/00000.wav,id0023,english,d0lBiWDh7Eo,1.6874375
voices/id0023/English/d0lBiWDh7Eo/00010.wav,id0023,english,d0lBiWDh7Eo,5.6274376
voices/id0023/English/UAwoJbLhHVk/00002.wav,id0023,english,UAwoJbLhHVk,22.402437
voices/id0023/English/UAwoJbLhHVk/00003.wav,id0023,english,UAwoJbLhHVk,6.0024376
voices/id0023/English/UAwoJbLhHVk/00005.wav,id0023,english,UAwoJbLhHVk,35.082436
voices/id0023/English/UAwoJbLhHVk/00006.wav,id0023,english,UAwoJbLhHVk,29.882437
voices/id0023/English/UAwoJbLhHVk/00008.wav,id0023,english,UAwoJbLhHVk,6.7224374
voices/id0023/English/UAwoJbLhHVk/00011.wav,id0023,english,UAwoJbLhHVk,11.922438
voices/id0023/German/jYbpEskg0wE/00000.wav,id0023,german,jYbpEskg0wE,31.562437
voices/id0023/German/jYbpEskg0wE/00002.wav,id0023,german,jYbpEskg0wE,23.322437
voices/id0023/German/jYbpEskg0wE/00004.wav,id0023,german,jYbpEskg0wE,15.202437
voices/id0023/German/jYbpEskg0wE/00013.wav,id0023,german,jYbpEskg0wE,63.922436
voices/id0023/German/jYbpEskg0wE/00015.wav,id0023,german,jYbpEskg0wE,22.042437
voices/id0023/German/jYvixcl9Mas/00000.wav,id0023,german,jYvixcl9Mas,42.162437
voices/id0023/German/n4wEqsfraB8/00000.wav,id0023,german,n4wEqsfraB8,12.610437
voices/id0023/German/yW1PTXpW0JA/00051.wav,id0023,german,yW1PTXpW0JA,9.362437
voices/id0023/German/yW1PTXpW0JA/00052.wav,id0023,german,yW1PTXpW0JA,5.7224374
voices/id0023/German/yW1PTXpW0JA/00056.wav,id0023,german,yW1PTXpW0JA,12.762438
voices/id0024/English/Aof3F3Esv1E/00018.wav,id0024,english,Aof3F3Esv1E,4.8024373
voices/id0024/English/Aof3F3Esv1E/00019.wav,id0024,english,Aof3F3Esv1E,4.9224377
voices/id0024/English/Aof3F3Esv1E/00022.wav,id0024,english,Aof3F3Esv1E,5.4824376
voices/id0024/English/Aof3F3Esv1E/00024.wav,id0024,english,Aof3F3Esv1E,7.7624373
voices/id0024/English/Aof3F3Esv1E/00026.wav,id0024,english,Aof3F3Esv1E,4.2824373
voices/id0024/English/Aof3F3Esv1E/00028.wav,id0024,english,Aof3F3Esv1E,13.002438
voices/id0024/English/Aof3F3Esv1E/00031.wav,id0024,english,Aof3F3Esv1E,7.7624373
voices/id0024/German/aW4tjKzDEDU/00001.wav,id0024,german,aW4tjKzDEDU,8.202437
voices/id0024/German/aW4tjKzDEDU/00004.wav,id0024,german,aW4tjKzDEDU,13.1224375
voices/id0024/German/aW4tjKzDEDU/00006.wav,id0024,german,aW4tjKzDEDU,16.482437
voices/id0024/German/aW4tjKzDEDU/00008.wav,id0024,german,aW4tjKzDEDU,38.522438
voices/id0024/German/aW4tjKzDEDU/00011.wav,id0024,german,aW4tjKzDEDU,19.562437
voices/id0024/German/aW4tjKzDEDU/00014.wav,id0024,german,aW4tjKzDEDU,8.282437
voices/id0024/German/aW4tjKzDEDU/00016.wav,id0024,german,aW4tjKzDEDU,20.802437
voices/id0024/German/aW4tjKzDEDU/00019.wav,id0024,german,aW4tjKzDEDU,7.2424374
voices/id0024/German/aW4tjKzDEDU/00021.wav,id0024,german,aW4tjKzDEDU,14.642438
voices/id0024/German/aW4tjKzDEDU/00023.wav,id0024,german,aW4tjKzDEDU,5.4824376
voices/id0024/German/aW4tjKzDEDU/00024.wav,id0024,german,aW4tjKzDEDU,11.602438
voices/id0024/German/aW4tjKzDEDU/00026.wav,id0024,german,aW4tjKzDEDU,4.4424376
voices/id0024/German/EhYwlTyR3VI/00000.wav,id0024,german,EhYwlTyR3VI,45.162437
voices/id0024/German/EhYwlTyR3VI/00001.wav,id0024,german,EhYwlTyR3VI,27.162437
voices/id0024/German/EhYwlTyR3VI/00002.wav,id0024,german,EhYwlTyR3VI,21.962437
voices/id0024/German/EhYwlTyR3VI/00003.wav,id0024,german,EhYwlTyR3VI,17.642437
voices/id0024/German/EhYwlTyR3VI/00004.wav,id0024,german,EhYwlTyR3VI,27.362438
voices/id0024/German/EhYwlTyR3VI/00005.wav,id0024,german,EhYwlTyR3VI,66.64244
voices/id0024/German/EhYwlTyR3VI/00006.wav,id0024,german,EhYwlTyR3VI,23.602438
voices/id0024/German/EhYwlTyR3VI/00007.wav,id0024,german,EhYwlTyR3VI,7.3624377
voices/id0024/German/GWP5tFS62ag/00002.wav,id0024,german,GWP5tFS62ag,5.8824377
voices/id0024/German/GWP5tFS62ag/00004.wav,id0024,german,GWP5tFS62ag,4.0424376
voices/id0025/English/3lb22y16g4g/00000.wav,id0025,english,3lb22y16g4g,8.362437
voices/id0025/English/3lb22y16g4g/00001.wav,id0025,english,3lb22y16g4g,8.1224375
voices/id0025/English/3lb22y16g4g/00002.wav,id0025,english,3lb22y16g4g,14.0824375
voices/id0025/English/3lb22y16g4g/00003.wav,id0025,english,3lb22y16g4g,19.402437
voices/id0025/English/3lb22y16g4g/00004.wav,id0025,english,3lb22y16g4g,11.842438
voices/id0025/English/3lb22y16g4g/00006.wav,id0025,english,3lb22y16g4g,11.1224375
voices/id0025/English/3lb22y16g4g/00008.wav,id0025,english,3lb22y16g4g,4.8824377
voices/id0025/English/3lb22y16g4g/00009.wav,id0025,english,3lb22y16g4g,4.5624375
voices/id0025/English/3lb22y16g4g/00010.wav,id0025,english,3lb22y16g4g,12.402437
voices/id0025/English/7flPSMiR9Ww/00000.wav,id0025,english,7flPSMiR9Ww,10.042438
voices/id0025/English/7flPSMiR9Ww/00005.wav,id0025,english,7flPSMiR9Ww,6.1624374
voices/id0025/English/7flPSMiR9Ww/00006.wav,id0025,english,7flPSMiR9Ww,7.9224377
voices/id0025/English/UEqX-YAol1Q/00000.wav,id0025,english,UEqX-YAol1Q,10.242437
voices/id0025/English/WrRVzofqI5g/00001.wav,id0025,english,WrRVzofqI5g,4.3224373
voices/id0025/English/WrRVzofqI5g/00006.wav,id0025,english,WrRVzofqI5g,8.282437
voices/id0025/English/WrRVzofqI5g/00009.wav,id0025,english,WrRVzofqI5g,7.4424376
voices/id0025/English/WrRVzofqI5g/00010.wav,id0025,english,WrRVzofqI5g,8.242437
voices/id0025/English/WrRVzofqI5g/00013.wav,id0025,english,WrRVzofqI5g,16.202438
voices/id0025/English/WrRVzofqI5g/00014.wav,id0025,english,WrRVzofqI5g,9.282437
voices/id0025/English/WrRVzofqI5g/00015.wav,id0025,english,WrRVzofqI5g,11.282437
voices/id0025/English/WrRVzofqI5g/00016.wav,id0025,english,WrRVzofqI5g,13.162437
voices/id0025/English/WrRVzofqI5g/00018.wav,id0025,english,WrRVzofqI5g,18.082438
voices/id0025/English/yMJlXBbie_I/00000.wav,id0025,english,yMJlXBbie_I,4.5224376
voices/id0025/English/yMJlXBbie_I/00001.wav,id0025,english,yMJlXBbie_I,8.242437
voices/id0025/German/hAr6jHIqSGA/00004.wav,id0025,german,hAr6jHIqSGA,6.8824377
voices/id0025/German/hAr6jHIqSGA/00009.wav,id0025,german,hAr6jHIqSGA,12.642438
voices/id0025/German/hAr6jHIqSGA/00012.wav,id0025,german,hAr6jHIqSGA,19.962437
voices/id0025/German/lLm9Yfvgg7w/00002.wav,id0025,german,lLm9Yfvgg7w,6.4024377
voices/id0025/German/lLm9Yfvgg7w/00003.wav,id0025,german,lLm9Yfvgg7w,5.2824373
voices/id0025/German/lLm9Yfvgg7w/00006.wav,id0025,german,lLm9Yfvgg7w,6.8024373
voices/id0025/German/lLm9Yfvgg7w/00009.wav,id0025,german,lLm9Yfvgg7w,7.0024376
voices/id0025/German/lLm9Yfvgg7w/00018.wav,id0025,german,lLm9Yfvgg7w,6.0824375
voices/id0025/German/y1qQkvaI4Bc/00005.wav,id0025,german,y1qQkvaI4Bc,6.5224376
voices/id0025/German/y1qQkvaI4Bc/00006.wav,id0025,german,y1qQkvaI4Bc,16.642437
voices/id0025/German/y1qQkvaI4Bc/00008.wav,id0025,german,y1qQkvaI4Bc,4.8024373
voices/id0026/English/hle-nBXHb5Q/00001.wav,id0026,english,hle-nBXHb5Q,9.642438
voices/id0026/English/hle-nBXHb5Q/00002.wav,id0026,english,hle-nBXHb5Q,14.602438
voices/id0026/English/hle-nBXHb5Q/00003.wav,id0026,english,hle-nBXHb5Q,9.682438
voices/id0026/English/hle-nBXHb5Q/00005.wav,id0026,english,hle-nBXHb5Q,9.642438
voices/id0026/English/hle-nBXHb5Q/00006.wav,id0026,english,hle-nBXHb5Q,33.762436
voices/id0026/English/hle-nBXHb5Q/00008.wav,id0026,english,hle-nBXHb5Q,18.762438
voices/id0026/English/hle-nBXHb5Q/00015.wav,id0026,english,hle-nBXHb5Q,13.322437
voices/id0026/English/m4wk8JOyi0E/00000.wav,id0026,english,m4wk8JOyi0E,10.682438
voices/id0026/English/m4wk8JOyi0E/00002.wav,id0026,english,m4wk8JOyi0E,7.7624373
voices/id0026/English/m4wk8JOyi0E/00004.wav,id0026,english,m4wk8JOyi0E,5.2824373
voices/id0026/English/m4wk8JOyi0E/00006.wav,id0026,english,m4wk8JOyi0E,14.722438
voices/id0026/English/m4wk8JOyi0E/00008.wav,id0026,english,m4wk8JOyi0E,5.7224374
voices/id0026/English/ZOnMSLSNmWY/00002.wav,id0026,english,ZOnMSLSNmWY,6.1624374
voices/id0026/English/ZOnMSLSNmWY/00003.wav,id0026,english,ZOnMSLSNmWY,6.1224375
voices/id0026/English/ZOnMSLSNmWY/00005.wav,id0026,english,ZOnMSLSNmWY,6.1224375
voices/id0026/English/ZOnMSLSNmWY/00006.wav,id0026,english,ZOnMSLSNmWY,7.8824377
voices/id0026/English/ZOnMSLSNmWY/00008.wav,id0026,english,ZOnMSLSNmWY,10.762438
voices/id0026/English/ZOnMSLSNmWY/00010.wav,id0026,english,ZOnMSLSNmWY,5.1224375
voices/id0026/English/ZOnMSLSNmWY/00011.wav,id0026,english,ZOnMSLSNmWY,4.7624373
voices/id0026/English/ZOnMSLSNmWY/00012.wav,id0026,english,ZOnMSLSNmWY,4.4424376
voices/id0026/English/ZOnMSLSNmWY/00013.wav,id0026,english,ZOnMSLSNmWY,5.6824374
voices/id0026/English/ZOnMSLSNmWY/00014.wav,id0026,english,ZOnMSLSNmWY,6.1624374
voices/id0026/English/ZOnMSLSNmWY/00015.wav,id0026,english,ZOnMSLSNmWY,8.482437
voices/id0026/English/ZOnMSLSNmWY/00017.wav,id0026,english,ZOnMSLSNmWY,12.642438
voices/id0026/English/ZOnMSLSNmWY/00019.wav,id0026,english,ZOnMSLSNmWY,4.4024377
voices/id0026/English/ZOnMSLSNmWY/00021.wav,id0026,english,ZOnMSLSNmWY,4.6024375
voices/id0026/English/ZOnMSLSNmWY/00022.wav,id0026,english,ZOnMSLSNmWY,16.002438
voices/id0026/English/ZOnMSLSNmWY/00024.wav,id0026,english,ZOnMSLSNmWY,8.202437
voices/id0026/English/ZOnMSLSNmWY/00026.wav,id0026,english,ZOnMSLSNmWY,13.402437
voices/id0026/English/ZOnMSLSNmWY/00027.wav,id0026,english,ZOnMSLSNmWY,10.362437
voices/id0026/English/ZOnMSLSNmWY/00028.wav,id0026,english,ZOnMSLSNmWY,8.762438
voices/id0026/English/ZOnMSLSNmWY/00030.wav,id0026,english,ZOnMSLSNmWY,5.9624376
voices/id0026/English/ZOnMSLSNmWY/00031.wav,id0026,english,ZOnMSLSNmWY,19.722437
voices/id0026/English/ZOnMSLSNmWY/00033.wav,id0026,english,ZOnMSLSNmWY,9.162437
voices/id0026/English/ZOnMSLSNmWY/00034.wav,id0026,english,ZOnMSLSNmWY,10.442437
voices/id0026/English/ZOnMSLSNmWY/00035.wav,id0026,english,ZOnMSLSNmWY,4.8824377
voices/id0026/English/ZOnMSLSNmWY/00036.wav,id0026,english,ZOnMSLSNmWY,10.562437
voices/id0026/English/ZOnMSLSNmWY/00037.wav,id0026,english,ZOnMSLSNmWY,7.1624374
voices/id0026/English/ZOnMSLSNmWY/00040.wav,id0026,english,ZOnMSLSNmWY,5.0024376
voices/id0026/English/ZOnMSLSNmWY/00041.wav,id0026,english,ZOnMSLSNmWY,23.642437
voices/id0026/English/ZOnMSLSNmWY/00042.wav,id0026,english,ZOnMSLSNmWY,11.802438
voices/id0026/English/ZOnMSLSNmWY/00043.wav,id0026,english,ZOnMSLSNmWY,27.802437
voices/id0026/English/ZOnMSLSNmWY/00045.wav,id0026,english,ZOnMSLSNmWY,9.282437
voices/id0026/English/ZOnMSLSNmWY/00046.wav,id0026,english,ZOnMSLSNmWY,7.7624373
voices/id0026/English/ZOnMSLSNmWY/00047.wav,id0026,english,ZOnMSLSNmWY,17.682438
voices/id0026/English/ZOnMSLSNmWY/00048.wav,id0026,english,ZOnMSLSNmWY,5.5624375
voices/id0026/English/ZOnMSLSNmWY/00050.wav,id0026,english,ZOnMSLSNmWY,6.9224377
voices/id0026/English/_qS5WY3JEkg/00001.wav,id0026,english,_qS5WY3JEkg,4.0824375
voices/id0026/English/_qS5WY3JEkg/00002.wav,id0026,english,_qS5WY3JEkg,5.6024375
voices/id0026/English/_qS5WY3JEkg/00003.wav,id0026,english,_qS5WY3JEkg,8.562437
voices/id0026/English/_qS5WY3JEkg/00004.wav,id0026,english,_qS5WY3JEkg,12.642438
voices/id0026/English/_qS5WY3JEkg/00006.wav,id0026,english,_qS5WY3JEkg,4.4024377
voices/id0026/English/_qS5WY3JEkg/00007.wav,id0026,english,_qS5WY3JEkg,15.842438
voices/id0026/English/_qS5WY3JEkg/00008.wav,id0026,english,_qS5WY3JEkg,24.602438
voices/id0026/English/_qS5WY3JEkg/00009.wav,id0026,english,_qS5WY3JEkg,4.5624375
voices/id0026/English/_qS5WY3JEkg/00010.wav,id0026,english,_qS5WY3JEkg,8.562437
voices/id0026/English/_qS5WY3JEkg/00011.wav,id0026,english,_qS5WY3JEkg,12.482437
voices/id0026/English/_qS5WY3JEkg/00012.wav,id0026,english,_qS5WY3JEkg,28.162437
voices/id0026/English/_qS5WY3JEkg/00013.wav,id0026,english,_qS5WY3JEkg,5.6824374
voices/id0026/English/_qS5WY3JEkg/00014.wav,id0026,english,_qS5WY3JEkg,13.482437
voices/id0026/English/_qS5WY3JEkg/00018.wav,id0026,english,_qS5WY3JEkg,7.8424373
voices/id0026/German/NV5LY9LTWN8/00000.wav,id0026,german,NV5LY9LTWN8,25.777437
voices/id0026/German/NV5LY9LTWN8/00001.wav,id0026,german,NV5LY9LTWN8,14.042438
voices/id0026/German/NV5LY9LTWN8/00002.wav,id0026,german,NV5LY9LTWN8,11.682438
voices/id0026/German/NV5LY9LTWN8/00003.wav,id0026,german,NV5LY9LTWN8,42.162437
voices/id0026/German/NV5LY9LTWN8/00004.wav,id0026,german,NV5LY9LTWN8,32.36244
voices/id0026/German/NV5LY9LTWN8/00005.wav,id0026,german,NV5LY9LTWN8,25.042437
voices/id0027/English/2aUCFUf9izU/00004.wav,id0027,english,2aUCFUf9izU,16.402437
voices/id0027/English/2aUCFUf9izU/00005.wav,id0027,english,2aUCFUf9izU,23.442438
voices/id0027/English/2aUCFUf9izU/00007.wav,id0027,english,2aUCFUf9izU,8.762438
voices/id0027/English/2aUCFUf9izU/00013.wav,id0027,english,2aUCFUf9izU,11.762438
voices/id0027/English/2aUCFUf9izU/00014.wav,id0027,english,2aUCFUf9izU,72.00243
voices/id0027/English/2aUCFUf9izU/00015.wav,id0027,english,2aUCFUf9izU,45.002438
voices/id0027/English/2aUCFUf9izU/00016.wav,id0027,english,2aUCFUf9izU,8.242437
voices/id0027/English/2aUCFUf9izU/00017.wav,id0027,english,2aUCFUf9izU,10.0824375
voices/id0027/English/2aUCFUf9izU/00019.wav,id0027,english,2aUCFUf9izU,12.242437
voices/id0027/English/2aUCFUf9izU/00020.wav,id0027,english,2aUCFUf9izU,60.36244
voices/id0027/English/56Rcw9QmcPw/00000.wav,id0027,english,56Rcw9QmcPw,7.4824376
voices/id0027/English/56Rcw9QmcPw/00001.wav,id0027,english,56Rcw9QmcPw,7.4824376
voices/id0027/English/56Rcw9QmcPw/00002.wav,id0027,english,56Rcw9QmcPw,19.202438
voices/id0027/English/56Rcw9QmcPw/00003.wav,id0027,english,56Rcw9QmcPw,4.4424376
voices/id0027/English/56Rcw9QmcPw/00004.wav,id0027,english,56Rcw9QmcPw,4.2424374
voices/id0027/English/56Rcw9QmcPw/00005.wav,id0027,english,56Rcw9QmcPw,4.4024377
voices/id0027/English/56Rcw9QmcPw/00006.wav,id0027,english,56Rcw9QmcPw,4.0424376
voices/id0027/English/56Rcw9QmcPw/00007.wav,id0027,english,56Rcw9QmcPw,4.2024374
voices/id0027/English/56Rcw9QmcPw/00008.wav,id0027,english,56Rcw9QmcPw,5.6424375
voices/id0027/English/56Rcw9QmcPw/00009.wav,id0027,english,56Rcw9QmcPw,12.682438
voices/id0027/English/56Rcw9QmcPw/00010.wav,id0027,english,56Rcw9QmcPw,4.0424376
voices/id0027/English/56Rcw9QmcPw/00011.wav,id0027,english,56Rcw9QmcPw,4.5224376
voices/id0027/English/56Rcw9QmcPw/00012.wav,id0027,english,56Rcw9QmcPw,4.3224373
voices/id0027/English/56Rcw9QmcPw/00013.wav,id0027,english,56Rcw9QmcPw,10.1224375
voices/id0027/English/56Rcw9QmcPw/00014.wav,id0027,english,56Rcw9QmcPw,43.922436
voices/id0027/English/56Rcw9QmcPw/00015.wav,id0027,english,56Rcw9QmcPw,5.3224373
voices/id0027/English/56Rcw9QmcPw/00016.wav,id0027,english,56Rcw9QmcPw,6.3224373
voices/id0027/English/56Rcw9QmcPw/00017.wav,id0027,english,56Rcw9QmcPw,14.842438
voices/id0027/English/56Rcw9QmcPw/00018.wav,id0027,english,56Rcw9QmcPw,12.842438
voices/id0027/English/56Rcw9QmcPw/00019.wav,id0027,english,56Rcw9QmcPw,11.922438
voices/id0027/English/56Rcw9QmcPw/00020.wav,id0027,english,56Rcw9QmcPw,11.1224375
voices/id0027/English/56Rcw9QmcPw/00021.wav,id0027,english,56Rcw9QmcPw,13.322437
voices/id0027/English/56Rcw9QmcPw/00022.wav,id0027,english,56Rcw9QmcPw,40.842438
voices/id0027/English/56Rcw9QmcPw/00023.wav,id0027,english,56Rcw9QmcPw,12.202437
voices/id0027/English/56Rcw9QmcPw/00024.wav,id0027,english,56Rcw9QmcPw,6.8424373
voices/id0027/English/56Rcw9QmcPw/00025.wav,id0027,english,56Rcw9QmcPw,6.7624373
voices/id0027/English/56Rcw9QmcPw/00026.wav,id0027,english,56Rcw9QmcPw,9.802438
voices/id0027/English/56Rcw9QmcPw/00027.wav,id0027,english,56Rcw9QmcPw,10.682438
voices/id0027/English/56Rcw9QmcPw/00028.wav,id0027,english,56Rcw9QmcPw,4.4824376
voices/id0027/English/56Rcw9QmcPw/00029.wav,id0027,english,56Rcw9QmcPw,12.602438
voices/id0027/English/56Rcw9QmcPw/00030.wav,id0027,english,56Rcw9QmcPw,10.402437
voices/id0027/English/56Rcw9QmcPw/00031.wav,id0027,english,56Rcw9QmcPw,20.922438
voices/id0027/English/56Rcw9QmcPw/00032.wav,id0027,english,56Rcw9QmcPw,4.6424375
voices/id0027/English/56Rcw9QmcPw/00033.wav,id0027,english,56Rcw9QmcPw,34.482437
voices/id0027/English/BlE0jhbL7Vo/00000.wav,id0027,english,BlE0jhbL7Vo,5.7224374
voices/id0027/English/BlE0jhbL7Vo/00001.wav,id0027,english,BlE0jhbL7Vo,4.4424376
voices/id0027/English/KrEkpowh490/00006.wav,id0027,english,KrEkpowh490,259.24243
voices/id0027/English/KrEkpowh490/00010.wav,id0027,english,KrEkpowh490,101.56244
voices/id0027/English/KrEkpowh490/00012.wav,id0027,english,KrEkpowh490,43.04244
voices/id0027/English/nVLVU-Jr1nU/00000.wav,id0027,english,nVLVU-Jr1nU,6.4424376
voices/id0027/English/nVLVU-Jr1nU/00001.wav,id0027,english,nVLVU-Jr1nU,11.722438
voices/id0027/English/nVLVU-Jr1nU/00002.wav,id0027,english,nVLVU-Jr1nU,17.842438
voices/id0027/English/nVLVU-Jr1nU/00003.wav,id0027,english,nVLVU-Jr1nU,67.80244
voices/id0027/English/nVLVU-Jr1nU/00004.wav,id0027,english,nVLVU-Jr1nU,5.2824373
voices/id0027/English/nVLVU-Jr1nU/00005.wav,id0027,english,nVLVU-Jr1nU,24.922438
voices/id0027/English/nVLVU-Jr1nU/00006.wav,id0027,english,nVLVU-Jr1nU,59.082436
voices/id0027/English/nVLVU-Jr1nU/00007.wav,id0027,english,nVLVU-Jr1nU,24.962437
voices/id0027/English/nVLVU-Jr1nU/00008.wav,id0027,english,nVLVU-Jr1nU,45.122437
voices/id0027/English/nVLVU-Jr1nU/00009.wav,id0027,english,nVLVU-Jr1nU,13.762438
voices/id0027/English/nVLVU-Jr1nU/00010.wav,id0027,english,nVLVU-Jr1nU,6.6424375
voices/id0027/English/nVLVU-Jr1nU/00011.wav,id0027,english,nVLVU-Jr1nU,11.642438
voices/id0027/English/nVLVU-Jr1nU/00012.wav,id0027,english,nVLVU-Jr1nU,9.722438
voices/id0027/German/cYcD-cChR3o/00006.wav,id0027,german,cYcD-cChR3o,4.6024375
voices/id0027/German/iKc8j-xmbVo/00000.wav,id0027,german,iKc8j-xmbVo,18.502438
voices/id0027/German/iKc8j-xmbVo/00001.wav,id0027,german,iKc8j-xmbVo,29.954437
voices/id0027/German/iKc8j-xmbVo/00002.wav,id0027,german,iKc8j-xmbVo,8.527437
voices/id0027/German/iKc8j-xmbVo/00003.wav,id0027,german,iKc8j-xmbVo,9.617437
voices/id0027/German/iKc8j-xmbVo/00004.wav,id0027,german,iKc8j-xmbVo,13.002438
voices/id0027/German/iKc8j-xmbVo/00005.wav,id0027,german,iKc8j-xmbVo,8.578438
voices/id0027/German/iKc8j-xmbVo/00006.wav,id0027,german,iKc8j-xmbVo,28.502438
voices/id0027/German/IMTOrqs7Inw/00000.wav,id0027,german,IMTOrqs7Inw,11.877438
voices/id0027/German/IMTOrqs7Inw/00002.wav,id0027,german,IMTOrqs7Inw,13.402437
voices/id0028/English/AfBd0-43Pcs/00000.wav,id0028,english,AfBd0-43Pcs,6.4424376
voices/id0028/English/Vn6riKmgHg4/00000.wav,id0028,english,Vn6riKmgHg4,6.6524377
voices/id0028/English/Y7WYuoKU-Vo/00001.wav,id0028,english,Y7WYuoKU-Vo,85.082436
voices/id0028/English/Y7WYuoKU-Vo/00005.wav,id0028,english,Y7WYuoKU-Vo,16.657438
voices/id0028/German/DRnos20OlzY/00000.wav,id0028,german,DRnos20OlzY,17.762438
voices/id0028/German/DRnos20OlzY/00001.wav,id0028,german,DRnos20OlzY,4.1624374
voices/id0028/German/DRnos20OlzY/00002.wav,id0028,german,DRnos20OlzY,11.882438
voices/id0028/German/DRnos20OlzY/00003.wav,id0028,german,DRnos20OlzY,16.202438
voices/id0028/German/DRnos20OlzY/00004.wav,id0028,german,DRnos20OlzY,4.5624375
voices/id0028/German/DRnos20OlzY/00005.wav,id0028,german,DRnos20OlzY,4.3624377
voices/id0028/German/DRnos20OlzY/00006.wav,id0028,german,DRnos20OlzY,8.722438
voices/id0028/German/DRnos20OlzY/00007.wav,id0028,german,DRnos20OlzY,21.722437
voices/id0028/German/eogFUuT25f4/00000.wav,id0028,german,eogFUuT25f4,9.442437
voices/id0028/German/eogFUuT25f4/00001.wav,id0028,german,eogFUuT25f4,9.602438
voices/id0028/German/eogFUuT25f4/00002.wav,id0028,german,eogFUuT25f4,12.1224375
voices/id0028/German/eogFUuT25f4/00003.wav,id0028,german,eogFUuT25f4,5.6824374
voices/id0028/German/eogFUuT25f4/00004.wav,id0028,german,eogFUuT25f4,4.3624377
voices/id0028/German/eogFUuT25f4/00005.wav,id0028,german,eogFUuT25f4,5.1224375
voices/id0028/German/eogFUuT25f4/00006.wav,id0028,german,eogFUuT25f4,8.602438
voices/id0028/German/eogFUuT25f4/00007.wav,id0028,german,eogFUuT25f4,5.3224373
voices/id0028/German/eogFUuT25f4/00008.wav,id0028,german,eogFUuT25f4,6.0824375
voices/id0028/German/eogFUuT25f4/00009.wav,id0028,german,eogFUuT25f4,9.0824375
voices/id0028/German/eogFUuT25f4/00010.wav,id0028,german,eogFUuT25f4,12.842438
voices/id0028/German/eogFUuT25f4/00011.wav,id0028,german,eogFUuT25f4,6.4024377
voices/id0028/German/eogFUuT25f4/00012.wav,id0028,german,eogFUuT25f4,6.6824374
voices/id0028/German/eogFUuT25f4/00013.wav,id0028,german,eogFUuT25f4,5.4424376
voices/id0028/German/eogFUuT25f4/00014.wav,id0028,german,eogFUuT25f4,31.162437
voices/id0028/German/eogFUuT25f4/00015.wav,id0028,german,eogFUuT25f4,31.002438
voices/id0028/German/eogFUuT25f4/00016.wav,id0028,german,eogFUuT25f4,60.122437
voices/id0028/German/eogFUuT25f4/00017.wav,id0028,german,eogFUuT25f4,33.642437
voices/id0028/German/eogFUuT25f4/00018.wav,id0028,german,eogFUuT25f4,4.6024375
voices/id0028/German/eogFUuT25f4/00019.wav,id0028,german,eogFUuT25f4,4.8824377
voices/id0028/German/eogFUuT25f4/00020.wav,id0028,german,eogFUuT25f4,18.762438
voices/id0028/German/eogFUuT25f4/00021.wav,id0028,german,eogFUuT25f4,22.562437
voices/id0028/German/eogFUuT25f4/00022.wav,id0028,german,eogFUuT25f4,4.3624377
voices/id0028/German/eogFUuT25f4/00023.wav,id0028,german,eogFUuT25f4,19.722437
voices/id0028/German/eogFUuT25f4/00024.wav,id0028,german,eogFUuT25f4,12.442437
voices/id0028/German/eogFUuT25f4/00025.wav,id0028,german,eogFUuT25f4,6.0024376
voices/id0028/German/eogFUuT25f4/00026.wav,id0028,german,eogFUuT25f4,5.4424376
voices/id0028/German/eogFUuT25f4/00027.wav,id0028,german,eogFUuT25f4,11.802438
voices/id0028/German/eogFUuT25f4/00028.wav,id0028,german,eogFUuT25f4,6.7224374
voices/id0028/German/eogFUuT25f4/00029.wav,id0028,german,eogFUuT25f4,10.922438
voices/id0028/German/eogFUuT25f4/00030.wav,id0028,german,eogFUuT25f4,4.8024373
voices/id0028/German/eogFUuT25f4/00032.wav,id0028,german,eogFUuT25f4,13.162437
voices/id0028/German/eogFUuT25f4/00033.wav,id0028,german,eogFUuT25f4,6.0424376
voices/id0028/German/eogFUuT25f4/00034.wav,id0028,german,eogFUuT25f4,14.522437
voices/id0028/German/eogFUuT25f4/00035.wav,id0028,german,eogFUuT25f4,20.482437
voices/id0028/German/eogFUuT25f4/00036.wav,id0028,german,eogFUuT25f4,17.642437
voices/id0028/German/eogFUuT25f4/00037.wav,id0028,german,eogFUuT25f4,30.042437
voices/id0028/German/eogFUuT25f4/00038.wav,id0028,german,eogFUuT25f4,36.162437
voices/id0028/German/eogFUuT25f4/00039.wav,id0028,german,eogFUuT25f4,24.722437
voices/id0028/German/eogFUuT25f4/00040.wav,id0028,german,eogFUuT25f4,15.442437
voices/id0028/German/eogFUuT25f4/00041.wav,id0028,german,eogFUuT25f4,14.282437
voices/id0028/German/ErwXeZyLWBY/00000.wav,id0028,german,ErwXeZyLWBY,5.7624373
voices/id0028/German/QmFtSnwN9tQ/00000.wav,id0028,german,QmFtSnwN9tQ,12.162437
voices/id0028/German/QmFtSnwN9tQ/00002.wav,id0028,german,QmFtSnwN9tQ,8.282437
voices/id0028/German/QmFtSnwN9tQ/00004.wav,id0028,german,QmFtSnwN9tQ,19.842438
voices/id0028/German/QmFtSnwN9tQ/00005.wav,id0028,german,QmFtSnwN9tQ,5.2824373
voices/id0028/German/QmFtSnwN9tQ/00006.wav,id0028,german,QmFtSnwN9tQ,5.3224373
voices/id0028/German/QmFtSnwN9tQ/00009.wav,id0028,german,QmFtSnwN9tQ,7.3224373
voices/id0028/German/QmFtSnwN9tQ/00011.wav,id0028,german,QmFtSnwN9tQ,4.0824375
voices/id0028/German/QmFtSnwN9tQ/00012.wav,id0028,german,QmFtSnwN9tQ,7.3224373
voices/id0028/German/QmFtSnwN9tQ/00013.wav,id0028,german,QmFtSnwN9tQ,5.7624373
voices/id0028/German/QmFtSnwN9tQ/00015.wav,id0028,german,QmFtSnwN9tQ,6.2424374
voices/id0028/German/QmFtSnwN9tQ/00016.wav,id0028,german,QmFtSnwN9tQ,4.2824373
voices/id0028/German/QmFtSnwN9tQ/00018.wav,id0028,german,QmFtSnwN9tQ,8.242437
voices/id0028/German/QmFtSnwN9tQ/00019.wav,id0028,german,QmFtSnwN9tQ,9.722438
voices/id0028/German/QmFtSnwN9tQ/00021.wav,id0028,german,QmFtSnwN9tQ,6.3624377
voices/id0028/German/QmFtSnwN9tQ/00022.wav,id0028,german,QmFtSnwN9tQ,4.7224374
voices/id0028/German/QmFtSnwN9tQ/00024.wav,id0028,german,QmFtSnwN9tQ,7.5224376
voices/id0028/German/QmFtSnwN9tQ/00026.wav,id0028,german,QmFtSnwN9tQ,6.3624377
voices/id0028/German/QmFtSnwN9tQ/00028.wav,id0028,german,QmFtSnwN9tQ,4.7224374
voices/id0028/German/QmFtSnwN9tQ/00029.wav,id0028,german,QmFtSnwN9tQ,10.322437
voices/id0028/German/QmFtSnwN9tQ/00031.wav,id0028,german,QmFtSnwN9tQ,5.6024375
voices/id0028/German/QmFtSnwN9tQ/00032.wav,id0028,german,QmFtSnwN9tQ,4.8824377
voices/id0028/German/QmFtSnwN9tQ/00034.wav,id0028,german,QmFtSnwN9tQ,4.6424375
voices/id0028/German/QmFtSnwN9tQ/00035.wav,id0028,german,QmFtSnwN9tQ,32.082436
voices/id0028/German/QmFtSnwN9tQ/00037.wav,id0028,german,QmFtSnwN9tQ,6.6824374
voices/id0028/German/QmFtSnwN9tQ/00038.wav,id0028,german,QmFtSnwN9tQ,6.2824373
voices/id0028/German/QmFtSnwN9tQ/00039.wav,id0028,german,QmFtSnwN9tQ,4.8024373
voices/id0028/German/QmFtSnwN9tQ/00040.wav,id0028,german,QmFtSnwN9tQ,5.9224377
voices/id0028/German/QmFtSnwN9tQ/00041.wav,id0028,german,QmFtSnwN9tQ,5.7624373
voices/id0028/German/QmFtSnwN9tQ/00043.wav,id0028,german,QmFtSnwN9tQ,6.6824374
voices/id0028/German/QmFtSnwN9tQ/00045.wav,id0028,german,QmFtSnwN9tQ,22.242437
voices/id0028/German/QmFtSnwN9tQ/00046.wav,id0028,german,QmFtSnwN9tQ,7.0024376
voices/id0028/German/QmFtSnwN9tQ/00047.wav,id0028,german,QmFtSnwN9tQ,4.7224374
voices/id0028/German/QmFtSnwN9tQ/00048.wav,id0028,german,QmFtSnwN9tQ,4.8024373
voices/id0028/German/QmFtSnwN9tQ/00049.wav,id0028,german,QmFtSnwN9tQ,9.482437
voices/id0028/German/QmFtSnwN9tQ/00050.wav,id0028,german,QmFtSnwN9tQ,5.4424376
voices/id0028/German/QmFtSnwN9tQ/00052.wav,id0028,german,QmFtSnwN9tQ,6.0824375
voices/id0028/German/QmFtSnwN9tQ/00054.wav,id0028,german,QmFtSnwN9tQ,4.7224374
voices/id0028/German/QmFtSnwN9tQ/00056.wav,id0028,german,QmFtSnwN9tQ,14.642438
voices/id0028/German/QmFtSnwN9tQ/00057.wav,id0028,german,QmFtSnwN9tQ,15.242437
voices/id0028/German/QmFtSnwN9tQ/00058.wav,id0028,german,QmFtSnwN9tQ,5.9224377
voices/id0028/German/QmFtSnwN9tQ/00059.wav,id0028,german,QmFtSnwN9tQ,4.8024373
voices/id0028/German/QmFtSnwN9tQ/00060.wav,id0028,german,QmFtSnwN9tQ,6.0024376
voices/id0028/German/QmFtSnwN9tQ/00061.wav,id0028,german,QmFtSnwN9tQ,11.882438
voices/id0028/German/QmFtSnwN9tQ/00064.wav,id0028,german,QmFtSnwN9tQ,5.4424376
voices/id0028/German/QmFtSnwN9tQ/00066.wav,id0028,german,QmFtSnwN9tQ,7.3624377
voices/id0028/German/QmFtSnwN9tQ/00067.wav,id0028,german,QmFtSnwN9tQ,4.1624374
voices/id0028/German/QmFtSnwN9tQ/00068.wav,id0028,german,QmFtSnwN9tQ,6.4824376
voices/id0028/German/QmFtSnwN9tQ/00069.wav,id0028,german,QmFtSnwN9tQ,4.2024374
voices/id0028/German/QmFtSnwN9tQ/00070.wav,id0028,german,QmFtSnwN9tQ,7.0024376
voices/id0028/German/QmFtSnwN9tQ/00072.wav,id0028,german,QmFtSnwN9tQ,6.6024375
voices/id0028/German/QmFtSnwN9tQ/00073.wav,id0028,german,QmFtSnwN9tQ,7.0824375
voices/id0028/German/QmFtSnwN9tQ/00074.wav,id0028,german,QmFtSnwN9tQ,5.9224377
voices/id0028/German/QmFtSnwN9tQ/00076.wav,id0028,german,QmFtSnwN9tQ,4.0824375
voices/id0028/German/QmFtSnwN9tQ/00077.wav,id0028,german,QmFtSnwN9tQ,4.5624375
voices/id0028/German/QmFtSnwN9tQ/00078.wav,id0028,german,QmFtSnwN9tQ,5.7624373
voices/id0028/German/QmFtSnwN9tQ/00079.wav,id0028,german,QmFtSnwN9tQ,5.4024377
voices/id0028/German/QmFtSnwN9tQ/00080.wav,id0028,german,QmFtSnwN9tQ,4.1624374
voices/id0028/German/QmFtSnwN9tQ/00081.wav,id0028,german,QmFtSnwN9tQ,4.9224377
voices/id0028/German/QmFtSnwN9tQ/00082.wav,id0028,german,QmFtSnwN9tQ,4.2824373
voices/id0028/German/QmFtSnwN9tQ/00084.wav,id0028,german,QmFtSnwN9tQ,4.5224376
voices/id0028/German/QmFtSnwN9tQ/00085.wav,id0028,german,QmFtSnwN9tQ,5.0024376
voices/id0028/German/QmFtSnwN9tQ/00087.wav,id0028,german,QmFtSnwN9tQ,6.1624374
voices/id0028/German/QmFtSnwN9tQ/00088.wav,id0028,german,QmFtSnwN9tQ,23.282438
voices/id0028/German/QmFtSnwN9tQ/00089.wav,id0028,german,QmFtSnwN9tQ,7.2024374
voices/id0028/German/QmFtSnwN9tQ/00090.wav,id0028,german,QmFtSnwN9tQ,6.7224374
voices/id0028/German/QmFtSnwN9tQ/00091.wav,id0028,german,QmFtSnwN9tQ,6.2824373
voices/id0028/German/QmFtSnwN9tQ/00092.wav,id0028,german,QmFtSnwN9tQ,4.1624374
voices/id0029/English/fWJ0XL_t7Zk/00000.wav,id0029,english,fWJ0XL_t7Zk,15.162437
voices/id0029/English/fWJ0XL_t7Zk/00001.wav,id0029,english,fWJ0XL_t7Zk,17.882437
voices/id0029/English/fWJ0XL_t7Zk/00002.wav,id0029,english,fWJ0XL_t7Zk,9.562437
voices/id0029/English/fWJ0XL_t7Zk/00003.wav,id0029,english,fWJ0XL_t7Zk,41.442436
voices/id0029/English/fWJ0XL_t7Zk/00004.wav,id0029,english,fWJ0XL_t7Zk,4.3224373
voices/id0029/English/fWJ0XL_t7Zk/00005.wav,id0029,english,fWJ0XL_t7Zk,30.162437
voices/id0029/English/fWJ0XL_t7Zk/00006.wav,id0029,english,fWJ0XL_t7Zk,43.162437
voices/id0029/English/fWJ0XL_t7Zk/00007.wav,id0029,english,fWJ0XL_t7Zk,20.282438
voices/id0029/English/fWJ0XL_t7Zk/00008.wav,id0029,english,fWJ0XL_t7Zk,14.882438
voices/id0029/English/fWJ0XL_t7Zk/00009.wav,id0029,english,fWJ0XL_t7Zk,5.0024376
voices/id0029/English/fWJ0XL_t7Zk/00010.wav,id0029,english,fWJ0XL_t7Zk,38.442436
voices/id0029/English/fWJ0XL_t7Zk/00011.wav,id0029,english,fWJ0XL_t7Zk,31.162437
voices/id0029/English/fWJ0XL_t7Zk/00012.wav,id0029,english,fWJ0XL_t7Zk,50.20244
voices/id0029/English/fWJ0XL_t7Zk/00013.wav,id0029,english,fWJ0XL_t7Zk,11.522437
voices/id0029/English/RxElAqVmJ2M/00004.wav,id0029,english,RxElAqVmJ2M,33.842438
voices/id0029/English/RxElAqVmJ2M/00008.wav,id0029,english,RxElAqVmJ2M,5.1224375
voices/id0029/German/bErEsmdAbSY/00001.wav,id0029,german,bErEsmdAbSY,8.562437
voices/id0029/German/bErEsmdAbSY/00003.wav,id0029,german,bErEsmdAbSY,9.482437
voices/id0029/German/bErEsmdAbSY/00004.wav,id0029,german,bErEsmdAbSY,19.962437
voices/id0029/German/bErEsmdAbSY/00007.wav,id0029,german,bErEsmdAbSY,24.682438
voices/id0029/German/bErEsmdAbSY/00008.wav,id0029,german,bErEsmdAbSY,4.8024373
voices/id0029/German/bErEsmdAbSY/00016.wav,id0029,german,bErEsmdAbSY,10.682438
voices/id0029/German/bErEsmdAbSY/00019.wav,id0029,german,bErEsmdAbSY,15.922438
voices/id0029/German/bErEsmdAbSY/00023.wav,id0029,german,bErEsmdAbSY,7.4824376
voices/id0029/German/bErEsmdAbSY/00027.wav,id0029,german,bErEsmdAbSY,7.4424376
voices/id0029/German/bErEsmdAbSY/00048.wav,id0029,german,bErEsmdAbSY,21.042437
voices/id0029/German/bErEsmdAbSY/00049.wav,id0029,german,bErEsmdAbSY,8.802438
voices/id0029/German/bErEsmdAbSY/00051.wav,id0029,german,bErEsmdAbSY,9.362437
voices/id0030/English/GeJT_RXN8ps/00001.wav,id0030,english,GeJT_RXN8ps,9.877438
voices/id0030/English/GeJT_RXN8ps/00002.wav,id0030,english,GeJT_RXN8ps,16.922438
voices/id0030/English/GeJT_RXN8ps/00003.wav,id0030,english,GeJT_RXN8ps,9.727438
voices/id0030/English/GeJT_RXN8ps/00005.wav,id0030,english,GeJT_RXN8ps,21.802437
voices/id0030/English/GeJT_RXN8ps/00006.wav,id0030,english,GeJT_RXN8ps,11.042438
voices/id0030/English/GeJT_RXN8ps/00007.wav,id0030,english,GeJT_RXN8ps,16.852438
voices/id0030/English/j8ZG04_q-hQ/00003.wav,id0030,english,j8ZG04_q-hQ,10.402437
voices/id0030/English/j8ZG04_q-hQ/00004.wav,id0030,english,j8ZG04_q-hQ,4.5224376
voices/id0030/English/j8ZG04_q-hQ/00005.wav,id0030,english,j8ZG04_q-hQ,4.9624376
voices/id0030/English/j8ZG04_q-hQ/00006.wav,id0030,english,j8ZG04_q-hQ,4.8024373
voices/id0030/English/j8ZG04_q-hQ/00008.wav,id0030,english,j8ZG04_q-hQ,4.8424373
voices/id0030/English/j8ZG04_q-hQ/00009.wav,id0030,english,j8ZG04_q-hQ,4.8824377
voices/id0030/English/j8ZG04_q-hQ/00012.wav,id0030,english,j8ZG04_q-hQ,7.5524373
voices/id0030/English/j8ZG04_q-hQ/00013.wav,id0030,english,j8ZG04_q-hQ,7.2824373
voices/id0030/English/j8ZG04_q-hQ/00014.wav,id0030,english,j8ZG04_q-hQ,4.5224376
voices/id0030/English/j8ZG04_q-hQ/00016.wav,id0030,english,j8ZG04_q-hQ,7.2824373
voices/id0030/English/j8ZG04_q-hQ/00019.wav,id0030,english,j8ZG04_q-hQ,7.1014376
voices/id0030/English/j8ZG04_q-hQ/00020.wav,id0030,english,j8ZG04_q-hQ,6.5624375
voices/id0030/English/j8ZG04_q-hQ/00021.wav,id0030,english,j8ZG04_q-hQ,14.322437
voices/id0030/English/j8ZG04_q-hQ/00024.wav,id0030,english,j8ZG04_q-hQ,6.9224377
voices/id0030/English/j8ZG04_q-hQ/00027.wav,id0030,english,j8ZG04_q-hQ,7.5624375
voices/id0030/English/j8ZG04_q-hQ/00030.wav,id0030,english,j8ZG04_q-hQ,4.5224376
voices/id0030/English/j8ZG04_q-hQ/00034.wav,id0030,english,j8ZG04_q-hQ,13.642438
voices/id0030/English/PuovDwnQePU/00003.wav,id0030,english,PuovDwnQePU,8.522437
voices/id0030/English/PuovDwnQePU/00004.wav,id0030,english,PuovDwnQePU,4.7624373
voices/id0030/English/PuovDwnQePU/00005.wav,id0030,english,PuovDwnQePU,7.4024377
voices/id0030/English/PuovDwnQePU/00006.wav,id0030,english,PuovDwnQePU,5.8024373
voices/id0030/English/PuovDwnQePU/00008.wav,id0030,english,PuovDwnQePU,4.1624374
voices/id0030/English/W3RK-Oglna8/00000.wav,id0030,english,W3RK-Oglna8,10.322437
voices/id0030/English/W3RK-Oglna8/00001.wav,id0030,english,W3RK-Oglna8,38.24244
voices/id0030/English/W3RK-Oglna8/00002.wav,id0030,english,W3RK-Oglna8,40.602436
voices/id0030/English/W3RK-Oglna8/00004.wav,id0030,english,W3RK-Oglna8,16.427437
voices/id0030/English/W3RK-Oglna8/00005.wav,id0030,english,W3RK-Oglna8,38.802437
voices/id0030/German/bdMvXcadBqE/00002.wav,id0030,german,bdMvXcadBqE,15.882438
voices/id0030/German/bdMvXcadBqE/00004.wav,id0030,german,bdMvXcadBqE,8.722438
voices/id0030/German/bdMvXcadBqE/00005.wav,id0030,german,bdMvXcadBqE,16.027437
voices/id0030/German/bdMvXcadBqE/00006.wav,id0030,german,bdMvXcadBqE,14.152437
voices/id0030/German/bdMvXcadBqE/00007.wav,id0030,german,bdMvXcadBqE,5.4054375
voices/id0030/German/bdMvXcadBqE/00008.wav,id0030,german,bdMvXcadBqE,16.702438
voices/id0030/German/T4B_VgtkujE/00001.wav,id0030,german,T4B_VgtkujE,11.882438
voices/id0030/German/T4B_VgtkujE/00007.wav,id0030,german,T4B_VgtkujE,37.642437
voices/id0030/German/T4B_VgtkujE/00009.wav,id0030,german,T4B_VgtkujE,5.4424376
voices/id0030/German/T4B_VgtkujE/00011.wav,id0030,german,T4B_VgtkujE,18.482437
voices/id0030/German/T4B_VgtkujE/00012.wav,id0030,german,T4B_VgtkujE,20.082438
voices/id0030/German/T4B_VgtkujE/00015.wav,id0030,german,T4B_VgtkujE,19.642437
voices/id0030/German/T4B_VgtkujE/00016.wav,id0030,german,T4B_VgtkujE,7.6424375
voices/id0030/German/T4B_VgtkujE/00017.wav,id0030,german,T4B_VgtkujE,20.322437
voices/id0030/German/T4B_VgtkujE/00021.wav,id0030,german,T4B_VgtkujE,19.362438
voices/id0030/German/T4B_VgtkujE/00022.wav,id0030,german,T4B_VgtkujE,7.4824376
voices/id0030/German/T4B_VgtkujE/00027.wav,id0030,german,T4B_VgtkujE,6.4424376
voices/id0030/German/T4B_VgtkujE/00028.wav,id0030,german,T4B_VgtkujE,24.682438
voices/id0030/German/T4B_VgtkujE/00029.wav,id0030,german,T4B_VgtkujE,35.36244
voices/id0030/German/T4B_VgtkujE/00034.wav,id0030,german,T4B_VgtkujE,15.682438
voices/id0030/German/T4B_VgtkujE/00037.wav,id0030,german,T4B_VgtkujE,5.0424376
voices/id0030/German/T4B_VgtkujE/00041.wav,id0030,german,T4B_VgtkujE,42.962437
voices/id0030/German/T4B_VgtkujE/00044.wav,id0030,german,T4B_VgtkujE,16.602438
voices/id0030/German/VIHNCmmNH1s/00000.wav,id0030,german,VIHNCmmNH1s,10.802438
voices/id0030/German/VIHNCmmNH1s/00002.wav,id0030,german,VIHNCmmNH1s,6.2424374
voices/id0030/German/VIHNCmmNH1s/00003.wav,id0030,german,VIHNCmmNH1s,4.1624374
voices/id0030/German/VIHNCmmNH1s/00004.wav,id0030,german,VIHNCmmNH1s,7.2824373
voices/id0030/German/VIHNCmmNH1s/00006.wav,id0030,german,VIHNCmmNH1s,21.842438
voices/id0030/German/VIHNCmmNH1s/00009.wav,id0030,german,VIHNCmmNH1s,4.4824376
voices/id0030/German/VIHNCmmNH1s/00011.wav,id0030,german,VIHNCmmNH1s,20.722437
voices/id0030/German/VIHNCmmNH1s/00014.wav,id0030,german,VIHNCmmNH1s,9.002438
voices/id0030/German/VIHNCmmNH1s/00015.wav,id0030,german,VIHNCmmNH1s,5.3624377
voices/id0030/German/VIHNCmmNH1s/00017.wav,id0030,german,VIHNCmmNH1s,14.802438
voices/id0030/German/VIHNCmmNH1s/00020.wav,id0030,german,VIHNCmmNH1s,6.5624375
voices/id0030/German/VIHNCmmNH1s/00021.wav,id0030,german,VIHNCmmNH1s,6.5224376
voices/id0030/German/VIHNCmmNH1s/00023.wav,id0030,german,VIHNCmmNH1s,28.762438
voices/id0030/German/VIHNCmmNH1s/00024.wav,id0030,german,VIHNCmmNH1s,12.042438
voices/id0030/German/VIHNCmmNH1s/00026.wav,id0030,german,VIHNCmmNH1s,16.082438
voices/id0030/German/VIHNCmmNH1s/00028.wav,id0030,german,VIHNCmmNH1s,13.962438
voices/id0030/German/VIHNCmmNH1s/00030.wav,id0030,german,VIHNCmmNH1s,6.6424375
voices/id0030/German/VIHNCmmNH1s/00031.wav,id0030,german,VIHNCmmNH1s,13.602438
voices/id0030/German/VIHNCmmNH1s/00033.wav,id0030,german,VIHNCmmNH1s,8.002438
voices/id0030/German/VIHNCmmNH1s/00036.wav,id0030,german,VIHNCmmNH1s,9.922438
voices/id0030/German/VIHNCmmNH1s/00038.wav,id0030,german,VIHNCmmNH1s,13.322437
voices/id0030/German/VIHNCmmNH1s/00039.wav,id0030,german,VIHNCmmNH1s,8.042438
voices/id0030/German/VIHNCmmNH1s/00040.wav,id0030,german,VIHNCmmNH1s,9.522437
voices/id0030/German/VIHNCmmNH1s/00041.wav,id0030,german,VIHNCmmNH1s,11.322437
voices/id0030/German/VIHNCmmNH1s/00043.wav,id0030,german,VIHNCmmNH1s,4.3224373
voices/id0030/German/VIHNCmmNH1s/00045.wav,id0030,german,VIHNCmmNH1s,15.762438
voices/id0030/German/VIHNCmmNH1s/00048.wav,id0030,german,VIHNCmmNH1s,13.402437
voices/id0030/German/VIHNCmmNH1s/00049.wav,id0030,german,VIHNCmmNH1s,9.522437
voices/id0030/German/VIHNCmmNH1s/00051.wav,id0030,german,VIHNCmmNH1s,18.642437
voices/id0030/German/VIHNCmmNH1s/00057.wav,id0030,german,VIHNCmmNH1s,14.162437
voices/id0030/German/VIHNCmmNH1s/00059.wav,id0030,german,VIHNCmmNH1s,6.8824377
voices/id0030/German/VIHNCmmNH1s/00060.wav,id0030,german,VIHNCmmNH1s,7.8824377
voices/id0030/German/VIHNCmmNH1s/00066.wav,id0030,german,VIHNCmmNH1s,11.242437
voices/id0030/German/VIHNCmmNH1s/00068.wav,id0030,german,VIHNCmmNH1s,22.642437
voices/id0030/German/VIHNCmmNH1s/00069.wav,id0030,german,VIHNCmmNH1s,8.962438
voices/id0030/German/VIHNCmmNH1s/00071.wav,id0030,german,VIHNCmmNH1s,10.202437
voices/id0030/German/VIHNCmmNH1s/00075.wav,id0030,german,VIHNCmmNH1s,15.202437
voices/id0030/German/VIHNCmmNH1s/00078.wav,id0030,german,VIHNCmmNH1s,9.282437
voices/id0030/German/VIHNCmmNH1s/00079.wav,id0030,german,VIHNCmmNH1s,18.282438
voices/id0030/German/VIHNCmmNH1s/00080.wav,id0030,german,VIHNCmmNH1s,10.0824375
voices/id0030/German/VIHNCmmNH1s/00081.wav,id0030,german,VIHNCmmNH1s,11.042438
voices/id0030/German/VIHNCmmNH1s/00082.wav,id0030,german,VIHNCmmNH1s,7.8024373
voices/id0030/German/VIHNCmmNH1s/00083.wav,id0030,german,VIHNCmmNH1s,5.6024375
voices/id0030/German/VIHNCmmNH1s/00085.wav,id0030,german,VIHNCmmNH1s,19.562437
voices/id0030/German/VIHNCmmNH1s/00086.wav,id0030,german,VIHNCmmNH1s,8.962438
voices/id0030/German/VIHNCmmNH1s/00089.wav,id0030,german,VIHNCmmNH1s,21.002438
voices/id0030/German/VIHNCmmNH1s/00090.wav,id0030,german,VIHNCmmNH1s,6.4024377
voices/id0030/German/VIHNCmmNH1s/00095.wav,id0030,german,VIHNCmmNH1s,19.522438
voices/id0030/German/VIHNCmmNH1s/00096.wav,id0030,german,VIHNCmmNH1s,10.762438
voices/id0030/German/VIHNCmmNH1s/00097.wav,id0030,german,VIHNCmmNH1s,13.482437
voices/id0030/German/VIHNCmmNH1s/00098.wav,id0030,german,VIHNCmmNH1s,10.242437
voices/id0031/English/DDzPU7W6u1E/00002.wav,id0031,english,DDzPU7W6u1E,15.477438
voices/id0031/English/DDzPU7W6u1E/00018.wav,id0031,english,DDzPU7W6u1E,45.442436
voices/id0031/English/DDzPU7W6u1E/00023.wav,id0031,english,DDzPU7W6u1E,17.522438
voices/id0031/English/DDzPU7W6u1E/00026.wav,id0031,english,DDzPU7W6u1E,39.20244
voices/id0031/English/L8V-ChwGVTI/00003.wav,id0031,english,L8V-ChwGVTI,9.762438
voices/id0031/English/L8V-ChwGVTI/00005.wav,id0031,english,L8V-ChwGVTI,13.362437
voices/id0031/English/L8V-ChwGVTI/00008.wav,id0031,english,L8V-ChwGVTI,7.6824374
voices/id0031/German/7XvF1rd0Znw/00004.wav,id0031,german,7XvF1rd0Znw,23.442438
voices/id0031/German/7XvF1rd0Znw/00007.wav,id0031,german,7XvF1rd0Znw,9.642438
voices/id0031/German/7XvF1rd0Znw/00008.wav,id0031,german,7XvF1rd0Znw,6.4824376
voices/id0031/German/7XvF1rd0Znw/00009.wav,id0031,german,7XvF1rd0Znw,9.482437
voices/id0031/German/7XvF1rd0Znw/00011.wav,id0031,german,7XvF1rd0Znw,8.442437
voices/id0031/German/7XvF1rd0Znw/00012.wav,id0031,german,7XvF1rd0Znw,12.002438
voices/id0031/German/7XvF1rd0Znw/00013.wav,id0031,german,7XvF1rd0Znw,8.922438
voices/id0031/German/7XvF1rd0Znw/00014.wav,id0031,german,7XvF1rd0Znw,15.842438
voices/id0031/German/7XvF1rd0Znw/00015.wav,id0031,german,7XvF1rd0Znw,17.282438
voices/id0031/German/7XvF1rd0Znw/00016.wav,id0031,german,7XvF1rd0Znw,15.642438
voices/id0031/German/7XvF1rd0Znw/00017.wav,id0031,german,7XvF1rd0Znw,38.082436
voices/id0031/German/7XvF1rd0Znw/00019.wav,id0031,german,7XvF1rd0Znw,6.8024373
voices/id0031/German/7XvF1rd0Znw/00020.wav,id0031,german,7XvF1rd0Znw,6.1224375
voices/id0031/German/7XvF1rd0Znw/00021.wav,id0031,german,7XvF1rd0Znw,12.682438
voices/id0031/German/7XvF1rd0Znw/00023.wav,id0031,german,7XvF1rd0Znw,6.6824374
voices/id0031/German/7XvF1rd0Znw/00024.wav,id0031,german,7XvF1rd0Znw,11.642438
voices/id0031/German/7XvF1rd0Znw/00025.wav,id0031,german,7XvF1rd0Znw,49.802437
voices/id0031/German/7XvF1rd0Znw/00026.wav,id0031,german,7XvF1rd0Znw,15.442437
voices/id0031/German/7XvF1rd0Znw/00027.wav,id0031,german,7XvF1rd0Znw,11.0824375
voices/id0031/German/7XvF1rd0Znw/00028.wav,id0031,german,7XvF1rd0Znw,19.322437
voices/id0031/German/C0N9rOkIoro/00001.wav,id0031,german,C0N9rOkIoro,31.787437
voices/id0031/German/C0N9rOkIoro/00002.wav,id0031,german,C0N9rOkIoro,23.824438
voices/id0031/German/C0N9rOkIoro/00011.wav,id0031,german,C0N9rOkIoro,12.027437
voices/id0031/German/C0N9rOkIoro/00012.wav,id0031,german,C0N9rOkIoro,16.287437
voices/id0031/German/C0N9rOkIoro/00013.wav,id0031,german,C0N9rOkIoro,33.502438
voices/id0031/German/C0N9rOkIoro/00018.wav,id0031,german,C0N9rOkIoro,5.4024377
voices/id0031/German/C0N9rOkIoro/00019.wav,id0031,german,C0N9rOkIoro,5.2424374
voices/id0031/German/C0N9rOkIoro/00020.wav,id0031,german,C0N9rOkIoro,5.2824373
voices/id0031/German/C0N9rOkIoro/00029.wav,id0031,german,C0N9rOkIoro,5.0424376
voices/id0031/German/IRIiTms76PI/00000.wav,id0031,german,IRIiTms76PI,5.0424376
voices/id0031/German/IRIiTms76PI/00001.wav,id0031,german,IRIiTms76PI,4.4824376
voices/id0031/German/lmg2uPpOCxg/00012.wav,id0031,german,lmg2uPpOCxg,12.042438
voices/id0032/English/KZGmd1mu1Dw/00000.wav,id0032,english,KZGmd1mu1Dw,5.8424373
voices/id0032/English/KZGmd1mu1Dw/00002.wav,id0032,english,KZGmd1mu1Dw,6.2424374
voices/id0032/English/KZGmd1mu1Dw/00003.wav,id0032,english,KZGmd1mu1Dw,9.442437
voices/id0032/English/KZGmd1mu1Dw/00005.wav,id0032,english,KZGmd1mu1Dw,6.0424376
voices/id0032/English/KZGmd1mu1Dw/00006.wav,id0032,english,KZGmd1mu1Dw,36.24244
voices/id0032/English/rwe2GrvB1eQ/00000.wav,id0032,english,rwe2GrvB1eQ,6.9224377
voices/id0032/English/rwe2GrvB1eQ/00001.wav,id0032,english,rwe2GrvB1eQ,9.882438
voices/id0032/English/rwe2GrvB1eQ/00002.wav,id0032,english,rwe2GrvB1eQ,5.4024377
voices/id0032/English/rwe2GrvB1eQ/00003.wav,id0032,english,rwe2GrvB1eQ,5.8824377
voices/id0032/English/rwe2GrvB1eQ/00004.wav,id0032,english,rwe2GrvB1eQ,4.9224377
voices/id0032/English/rwe2GrvB1eQ/00005.wav,id0032,english,rwe2GrvB1eQ,7.0824375
voices/id0032/English/rwe2GrvB1eQ/00006.wav,id0032,english,rwe2GrvB1eQ,6.5224376
voices/id0032/English/YpGUdWPRK8E/00000.wav,id0032,english,YpGUdWPRK8E,9.882438
voices/id0032/English/YpGUdWPRK8E/00006.wav,id0032,english,YpGUdWPRK8E,12.522437
voices/id0032/English/YpGUdWPRK8E/00007.wav,id0032,english,YpGUdWPRK8E,20.522438
voices/id0032/English/YpGUdWPRK8E/00009.wav,id0032,english,YpGUdWPRK8E,7.3624377
voices/id0032/English/YpGUdWPRK8E/00013.wav,id0032,english,YpGUdWPRK8E,27.162437
voices/id0032/German/0z7Co9EGTTk/00000.wav,id0032,german,0z7Co9EGTTk,240.52243
voices/id0032/German/9QDlxAiZacQ/00001.wav,id0032,german,9QDlxAiZacQ,7.4774375
voices/id0032/German/9QDlxAiZacQ/00002.wav,id0032,german,9QDlxAiZacQ,7.0524373
voices/id0032/German/9QDlxAiZacQ/00003.wav,id0032,german,9QDlxAiZacQ,6.5524373
voices/id0032/German/9QDlxAiZacQ/00004.wav,id0032,german,9QDlxAiZacQ,2.8924375
voices/id0032/German/9QDlxAiZacQ/00005.wav,id0032,german,9QDlxAiZacQ,36.977436
voices/id0032/German/B71SSf0Eko0/00001.wav,id0032,german,B71SSf0Eko0,30.482437
voices/id0032/German/CwhU5o8eoKE/00001.wav,id0032,german,CwhU5o8eoKE,17.002438
voices/id0032/German/CwhU5o8eoKE/00002.wav,id0032,german,CwhU5o8eoKE,7.6824374
voices/id0032/German/CwhU5o8eoKE/00003.wav,id0032,german,CwhU5o8eoKE,22.082438
voices/id0032/German/CwhU5o8eoKE/00005.wav,id0032,german,CwhU5o8eoKE,9.002438
voices/id0033/English/0z2_nwEzO5M/00000.wav,id0033,english,0z2_nwEzO5M,4.1224375
voices/id0033/English/0z2_nwEzO5M/00002.wav,id0033,english,0z2_nwEzO5M,4.2824373
voices/id0033/English/0z2_nwEzO5M/00003.wav,id0033,english,0z2_nwEzO5M,12.1224375
voices/id0033/English/0z2_nwEzO5M/00005.wav,id0033,english,0z2_nwEzO5M,9.602438
voices/id0033/English/0z2_nwEzO5M/00008.wav,id0033,english,0z2_nwEzO5M,10.322437
voices/id0033/English/0z2_nwEzO5M/00010.wav,id0033,english,0z2_nwEzO5M,6.2824373
voices/id0033/English/0z2_nwEzO5M/00011.wav,id0033,english,0z2_nwEzO5M,13.922438
voices/id0033/English/0z2_nwEzO5M/00012.wav,id0033,english,0z2_nwEzO5M,4.2024374
voices/id0033/English/jt6zCvf10_I/00001.wav,id0033,english,jt6zCvf10_I,24.402437
voices/id0033/English/jt6zCvf10_I/00005.wav,id0033,english,jt6zCvf10_I,6.5224376
voices/id0033/English/jt6zCvf10_I/00008.wav,id0033,english,jt6zCvf10_I,6.5624375
voices/id0033/English/jt6zCvf10_I/00010.wav,id0033,english,jt6zCvf10_I,8.002438
voices/id0033/English/jt6zCvf10_I/00022.wav,id0033,english,jt6zCvf10_I,18.082438
voices/id0033/English/jt6zCvf10_I/00026.wav,id0033,english,jt6zCvf10_I,8.962438
voices/id0033/German/-Ju4pRc8uiE/00004.wav,id0033,german,-Ju4pRc8uiE,6.4824376
voices/id0033/German/-Ju4pRc8uiE/00016.wav,id0033,german,-Ju4pRc8uiE,12.002438
voices/id0033/German/-Ju4pRc8uiE/00018.wav,id0033,german,-Ju4pRc8uiE,6.3224373
voices/id0033/German/-Ju4pRc8uiE/00056.wav,id0033,german,-Ju4pRc8uiE,4.6024375
voices/id0033/German/-Ju4pRc8uiE/00100.wav,id0033,german,-Ju4pRc8uiE,7.2024374
voices/id0033/German/-Ju4pRc8uiE/00107.wav,id0033,german,-Ju4pRc8uiE,13.842438
voices/id0033/German/-Ju4pRc8uiE/00113.wav,id0033,german,-Ju4pRc8uiE,8.762438
voices/id0033/German/3a2lFLZV37s/00000.wav,id0033,german,3a2lFLZV37s,13.642438
voices/id0033/German/3a2lFLZV37s/00002.wav,id0033,german,3a2lFLZV37s,6.2824373
voices/id0033/German/3a2lFLZV37s/00003.wav,id0033,german,3a2lFLZV37s,4.1624374
voices/id0033/German/3a2lFLZV37s/00004.wav,id0033,german,3a2lFLZV37s,10.802438
voices/id0033/German/3a2lFLZV37s/00005.wav,id0033,german,3a2lFLZV37s,4.9624376
voices/id0033/German/3a2lFLZV37s/00006.wav,id0033,german,3a2lFLZV37s,8.202437
voices/id0033/German/3a2lFLZV37s/00007.wav,id0033,german,3a2lFLZV37s,9.602438
voices/id0033/German/3a2lFLZV37s/00008.wav,id0033,german,3a2lFLZV37s,6.5224376
voices/id0033/German/3a2lFLZV37s/00009.wav,id0033,german,3a2lFLZV37s,9.1224375
voices/id0033/German/3a2lFLZV37s/00010.wav,id0033,german,3a2lFLZV37s,5.7624373
voices/id0033/German/5nBFRiLO50M/00004.wav,id0033,german,5nBFRiLO50M,4.9224377
voices/id0033/German/5nBFRiLO50M/00005.wav,id0033,german,5nBFRiLO50M,6.9624376
voices/id0033/German/5nBFRiLO50M/00006.wav,id0033,german,5nBFRiLO50M,5.9224377
voices/id0033/German/5nBFRiLO50M/00013.wav,id0033,german,5nBFRiLO50M,8.202437
voices/id0033/German/5nBFRiLO50M/00014.wav,id0033,german,5nBFRiLO50M,7.1224375
voices/id0033/German/BkSw7U6r9BI/00010.wav,id0033,german,BkSw7U6r9BI,4.6424375
voices/id0033/German/BkSw7U6r9BI/00016.wav,id0033,german,BkSw7U6r9BI,5.3224373
voices/id0033/German/BkSw7U6r9BI/00017.wav,id0033,german,BkSw7U6r9BI,6.5224376
voices/id0033/German/BkSw7U6r9BI/00020.wav,id0033,german,BkSw7U6r9BI,7.1224375
voices/id0033/German/BkSw7U6r9BI/00022.wav,id0033,german,BkSw7U6r9BI,5.8024373
voices/id0033/German/BkSw7U6r9BI/00024.wav,id0033,german,BkSw7U6r9BI,6.0024376
voices/id0033/German/BkSw7U6r9BI/00043.wav,id0033,german,BkSw7U6r9BI,5.1624374
voices/id0033/German/BkSw7U6r9BI/00044.wav,id0033,german,BkSw7U6r9BI,4.2024374
voices/id0033/German/BkSw7U6r9BI/00046.wav,id0033,german,BkSw7U6r9BI,5.1224375
voices/id0033/German/BkSw7U6r9BI/00049.wav,id0033,german,BkSw7U6r9BI,9.482437
voices/id0033/German/BkSw7U6r9BI/00051.wav,id0033,german,BkSw7U6r9BI,4.6824374
voices/id0033/German/BkSw7U6r9BI/00053.wav,id0033,german,BkSw7U6r9BI,7.8024373
voices/id0033/German/BkSw7U6r9BI/00055.wav,id0033,german,BkSw7U6r9BI,5.0024376
voices/id0033/German/BkSw7U6r9BI/00056.wav,id0033,german,BkSw7U6r9BI,6.3624377
voices/id0033/German/F7pJ82aQZak/00006.wav,id0033,german,F7pJ82aQZak,5.0824375
voices/id0033/German/F7pJ82aQZak/00019.wav,id0033,german,F7pJ82aQZak,8.922438
voices/id0033/German/F7pJ82aQZak/00033.wav,id0033,german,F7pJ82aQZak,13.282437
voices/id0033/German/F7pJ82aQZak/00037.wav,id0033,german,F7pJ82aQZak,9.602438
voices/id0033/German/F7pJ82aQZak/00044.wav,id0033,german,F7pJ82aQZak,4.7224374
voices/id0033/German/F7pJ82aQZak/00046.wav,id0033,german,F7pJ82aQZak,4.6824374
voices/id0034/English/0bxJwBpQQqQ/00001.wav,id0034,english,0bxJwBpQQqQ,17.853437
voices/id0034/English/0bxJwBpQQqQ/00002.wav,id0034,english,0bxJwBpQQqQ,9.400437
voices/id0034/English/0bxJwBpQQqQ/00003.wav,id0034,english,0bxJwBpQQqQ,3.2524376
voices/id0034/English/0bxJwBpQQqQ/00004.wav,id0034,english,0bxJwBpQQqQ,21.677437
voices/id0034/English/0bxJwBpQQqQ/00005.wav,id0034,english,0bxJwBpQQqQ,4.4524374
voices/id0034/English/0bxJwBpQQqQ/00006.wav,id0034,english,0bxJwBpQQqQ,3.4074376
voices/id0034/English/0bxJwBpQQqQ/00007.wav,id0034,english,0bxJwBpQQqQ,30.402437
voices/id0034/English/mvZGJpY02gU/00000.wav,id0034,english,mvZGJpY02gU,10.602438
voices/id0034/English/mvZGJpY02gU/00001.wav,id0034,english,mvZGJpY02gU,9.802438
voices/id0034/English/mvZGJpY02gU/00002.wav,id0034,english,mvZGJpY02gU,8.0824375
voices/id0034/English/mvZGJpY02gU/00003.wav,id0034,english,mvZGJpY02gU,8.002438
voices/id0034/English/mvZGJpY02gU/00004.wav,id0034,english,mvZGJpY02gU,9.202437
voices/id0034/English/mvZGJpY02gU/00005.wav,id0034,english,mvZGJpY02gU,7.4424376
voices/id0034/German/cN5HG-1UV8w/00001.wav,id0034,german,cN5HG-1UV8w,8.202437
voices/id0034/German/cN5HG-1UV8w/00002.wav,id0034,german,cN5HG-1UV8w,13.027437
voices/id0034/German/cN5HG-1UV8w/00003.wav,id0034,german,cN5HG-1UV8w,13.213437
voices/id0034/German/cN5HG-1UV8w/00004.wav,id0034,german,cN5HG-1UV8w,10.702437
voices/id0034/German/cN5HG-1UV8w/00005.wav,id0034,german,cN5HG-1UV8w,5.3414373
voices/id0034/German/cN5HG-1UV8w/00006.wav,id0034,german,cN5HG-1UV8w,2.3274374
voices/id0034/German/cN5HG-1UV8w/00007.wav,id0034,german,cN5HG-1UV8w,11.152437
voices/id0034/German/UKVhAwKBMNs/00001.wav,id0034,german,UKVhAwKBMNs,19.162437
voices/id0035/English/8SJ7Z22EvBw/00000.wav,id0035,english,8SJ7Z22EvBw,17.762438
voices/id0035/English/8SJ7Z22EvBw/00001.wav,id0035,english,8SJ7Z22EvBw,17.322437
voices/id0035/English/8SJ7Z22EvBw/00002.wav,id0035,english,8SJ7Z22EvBw,12.682438
voices/id0035/English/8SJ7Z22EvBw/00003.wav,id0035,english,8SJ7Z22EvBw,8.1224375
voices/id0035/English/8SJ7Z22EvBw/00004.wav,id0035,english,8SJ7Z22EvBw,10.922438
voices/id0035/English/8SJ7Z22EvBw/00005.wav,id0035,english,8SJ7Z22EvBw,10.842438
voices/id0035/English/8SJ7Z22EvBw/00006.wav,id0035,english,8SJ7Z22EvBw,16.322437
voices/id0035/English/8SJ7Z22EvBw/00007.wav,id0035,english,8SJ7Z22EvBw,18.242437
voices/id0035/English/8SJ7Z22EvBw/00008.wav,id0035,english,8SJ7Z22EvBw,10.0824375
voices/id0035/English/8SJ7Z22EvBw/00009.wav,id0035,english,8SJ7Z22EvBw,7.3624377
voices/id0035/English/8SJ7Z22EvBw/00010.wav,id0035,english,8SJ7Z22EvBw,12.682438
voices/id0035/English/8SJ7Z22EvBw/00011.wav,id0035,english,8SJ7Z22EvBw,7.8424373
voices/id0035/English/8SJ7Z22EvBw/00012.wav,id0035,english,8SJ7Z22EvBw,9.962438
voices/id0035/English/8SJ7Z22EvBw/00013.wav,id0035,english,8SJ7Z22EvBw,4.2024374
voices/id0035/English/8SJ7Z22EvBw/00014.wav,id0035,english,8SJ7Z22EvBw,10.922438
voices/id0035/English/8SJ7Z22EvBw/00015.wav,id0035,english,8SJ7Z22EvBw,14.762438
voices/id0035/English/8SJ7Z22EvBw/00016.wav,id0035,english,8SJ7Z22EvBw,13.882438
voices/id0035/English/8SJ7Z22EvBw/00017.wav,id0035,english,8SJ7Z22EvBw,13.642438
voices/id0035/English/8SJ7Z22EvBw/00018.wav,id0035,english,8SJ7Z22EvBw,13.282437
voices/id0035/English/8SJ7Z22EvBw/00019.wav,id0035,english,8SJ7Z22EvBw,10.442437
voices/id0035/English/8SJ7Z22EvBw/00020.wav,id0035,english,8SJ7Z22EvBw,15.442437
voices/id0035/English/8SJ7Z22EvBw/00021.wav,id0035,english,8SJ7Z22EvBw,15.682438
voices/id0035/English/8SJ7Z22EvBw/00022.wav,id0035,english,8SJ7Z22EvBw,22.242437
voices/id0035/English/8SJ7Z22EvBw/00023.wav,id0035,english,8SJ7Z22EvBw,17.882437
voices/id0035/English/8SJ7Z22EvBw/00024.wav,id0035,english,8SJ7Z22EvBw,16.002438
voices/id0035/English/8SJ7Z22EvBw/00025.wav,id0035,english,8SJ7Z22EvBw,10.362437
voices/id0035/English/8SJ7Z22EvBw/00026.wav,id0035,english,8SJ7Z22EvBw,5.3624377
voices/id0035/English/8SJ7Z22EvBw/00027.wav,id0035,english,8SJ7Z22EvBw,8.042438
voices/id0035/English/8SJ7Z22EvBw/00028.wav,id0035,english,8SJ7Z22EvBw,5.5624375
voices/id0035/English/8SJ7Z22EvBw/00029.wav,id0035,english,8SJ7Z22EvBw,13.362437
voices/id0035/English/8SJ7Z22EvBw/00030.wav,id0035,english,8SJ7Z22EvBw,7.1224375
voices/id0035/English/8SJ7Z22EvBw/00031.wav,id0035,english,8SJ7Z22EvBw,20.002438
voices/id0035/English/8SJ7Z22EvBw/00032.wav,id0035,english,8SJ7Z22EvBw,12.202437
voices/id0035/English/8SJ7Z22EvBw/00033.wav,id0035,english,8SJ7Z22EvBw,19.442438
voices/id0035/English/8SJ7Z22EvBw/00034.wav,id0035,english,8SJ7Z22EvBw,6.2024374
voices/id0035/English/8SJ7Z22EvBw/00035.wav,id0035,english,8SJ7Z22EvBw,15.682438
voices/id0035/English/8SJ7Z22EvBw/00036.wav,id0035,english,8SJ7Z22EvBw,5.2424374
voices/id0035/English/8SJ7Z22EvBw/00037.wav,id0035,english,8SJ7Z22EvBw,8.402437
voices/id0035/English/8SJ7Z22EvBw/00038.wav,id0035,english,8SJ7Z22EvBw,4.2824373
voices/id0035/English/8SJ7Z22EvBw/00039.wav,id0035,english,8SJ7Z22EvBw,6.0424376
voices/id0035/English/8SJ7Z22EvBw/00040.wav,id0035,english,8SJ7Z22EvBw,14.402437
voices/id0035/English/8SJ7Z22EvBw/00041.wav,id0035,english,8SJ7Z22EvBw,8.562437
voices/id0035/English/fi3vw-T4YgU/00000.wav,id0035,english,fi3vw-T4YgU,5.0424376
voices/id0035/English/fi3vw-T4YgU/00001.wav,id0035,english,fi3vw-T4YgU,5.4024377
voices/id0035/English/fi3vw-T4YgU/00002.wav,id0035,english,fi3vw-T4YgU,4.6424375
voices/id0035/English/fi3vw-T4YgU/00003.wav,id0035,english,fi3vw-T4YgU,4.2024374
voices/id0035/English/fi3vw-T4YgU/00004.wav,id0035,english,fi3vw-T4YgU,5.2024374
voices/id0035/English/fi3vw-T4YgU/00005.wav,id0035,english,fi3vw-T4YgU,4.6824374
voices/id0035/English/fi3vw-T4YgU/00006.wav,id0035,english,fi3vw-T4YgU,5.3624377
voices/id0035/English/fi3vw-T4YgU/00007.wav,id0035,english,fi3vw-T4YgU,8.322437
voices/id0035/English/fi3vw-T4YgU/00008.wav,id0035,english,fi3vw-T4YgU,6.2424374
voices/id0035/English/fi3vw-T4YgU/00009.wav,id0035,english,fi3vw-T4YgU,7.6824374
voices/id0035/English/fi3vw-T4YgU/00010.wav,id0035,english,fi3vw-T4YgU,4.0824375
voices/id0035/English/fi3vw-T4YgU/00011.wav,id0035,english,fi3vw-T4YgU,5.4824376
voices/id0035/English/fi3vw-T4YgU/00012.wav,id0035,english,fi3vw-T4YgU,6.7224374
voices/id0035/English/fi3vw-T4YgU/00013.wav,id0035,english,fi3vw-T4YgU,4.9224377
voices/id0035/English/fi3vw-T4YgU/00014.wav,id0035,english,fi3vw-T4YgU,4.4024377
voices/id0035/English/fi3vw-T4YgU/00015.wav,id0035,english,fi3vw-T4YgU,5.4824376
voices/id0035/English/fi3vw-T4YgU/00016.wav,id0035,english,fi3vw-T4YgU,9.282437
voices/id0035/English/s1728uyV5hA/00008.wav,id0035,english,s1728uyV5hA,9.362437
voices/id0035/English/ZNX_gYyVxng/00000.wav,id0035,english,ZNX_gYyVxng,5.1624374
voices/id0035/English/ZNX_gYyVxng/00001.wav,id0035,english,ZNX_gYyVxng,4.3624377
voices/id0035/English/ZNX_gYyVxng/00002.wav,id0035,english,ZNX_gYyVxng,6.0424376
voices/id0035/English/ZNX_gYyVxng/00003.wav,id0035,english,ZNX_gYyVxng,5.6424375
voices/id0035/English/ZNX_gYyVxng/00004.wav,id0035,english,ZNX_gYyVxng,4.6424375
voices/id0035/English/ZNX_gYyVxng/00005.wav,id0035,english,ZNX_gYyVxng,6.4024377
voices/id0035/English/ZNX_gYyVxng/00006.wav,id0035,english,ZNX_gYyVxng,5.6824374
voices/id0035/English/ZNX_gYyVxng/00007.wav,id0035,english,ZNX_gYyVxng,4.4424376
voices/id0035/English/ZNX_gYyVxng/00008.wav,id0035,english,ZNX_gYyVxng,11.682438
voices/id0035/English/ZNX_gYyVxng/00009.wav,id0035,english,ZNX_gYyVxng,4.4424376
voices/id0035/English/ZNX_gYyVxng/00010.wav,id0035,english,ZNX_gYyVxng,16.322437
voices/id0035/English/ZNX_gYyVxng/00011.wav,id0035,english,ZNX_gYyVxng,5.2824373
voices/id0035/English/ZNX_gYyVxng/00012.wav,id0035,english,ZNX_gYyVxng,12.002438
voices/id0035/English/ZNX_gYyVxng/00013.wav,id0035,english,ZNX_gYyVxng,4.7224374
voices/id0035/German/16C7YrhPDSM/00002.wav,id0035,german,16C7YrhPDSM,4.6824374
voices/id0035/German/16C7YrhPDSM/00003.wav,id0035,german,16C7YrhPDSM,7.1624374
voices/id0035/German/16C7YrhPDSM/00005.wav,id0035,german,16C7YrhPDSM,17.362438
voices/id0035/German/16C7YrhPDSM/00006.wav,id0035,german,16C7YrhPDSM,5.0424376
voices/id0036/English/BvJgohpjAjA/00000.wav,id0036,english,BvJgohpjAjA,6.2824373
voices/id0036/English/BvJgohpjAjA/00002.wav,id0036,english,BvJgohpjAjA,6.7224374
voices/id0036/English/BvJgohpjAjA/00004.wav,id0036,english,BvJgohpjAjA,10.402437
voices/id0036/English/BvJgohpjAjA/00006.wav,id0036,english,BvJgohpjAjA,12.202437
voices/id0036/English/BvJgohpjAjA/00007.wav,id0036,english,BvJgohpjAjA,8.202437
voices/id0036/English/BvJgohpjAjA/00009.wav,id0036,english,BvJgohpjAjA,12.162437
voices/id0036/English/BvJgohpjAjA/00010.wav,id0036,english,BvJgohpjAjA,10.442437
voices/id0036/English/BvJgohpjAjA/00012.wav,id0036,english,BvJgohpjAjA,10.922438
voices/id0036/English/BvJgohpjAjA/00013.wav,id0036,english,BvJgohpjAjA,22.602438
voices/id0036/English/BvJgohpjAjA/00014.wav,id0036,english,BvJgohpjAjA,4.4824376
voices/id0036/English/BvJgohpjAjA/00016.wav,id0036,english,BvJgohpjAjA,15.562437
voices/id0036/English/oRuw7tlZfO8/00000.wav,id0036,english,oRuw7tlZfO8,6.9624376
voices/id0036/English/XIucDSQU5WA/00001.wav,id0036,english,XIucDSQU5WA,9.242437
voices/id0036/English/XIucDSQU5WA/00002.wav,id0036,english,XIucDSQU5WA,9.402437
voices/id0036/English/XIucDSQU5WA/00005.wav,id0036,english,XIucDSQU5WA,11.282437
voices/id0036/English/XIucDSQU5WA/00006.wav,id0036,english,XIucDSQU5WA,12.642438
voices/id0036/English/XIucDSQU5WA/00007.wav,id0036,english,XIucDSQU5WA,4.6424375
voices/id0036/English/XIucDSQU5WA/00011.wav,id0036,english,XIucDSQU5WA,17.402437
voices/id0036/English/XIucDSQU5WA/00012.wav,id0036,english,XIucDSQU5WA,10.0824375
voices/id0036/English/XIucDSQU5WA/00013.wav,id0036,english,XIucDSQU5WA,9.602438
voices/id0036/English/XIucDSQU5WA/00017.wav,id0036,english,XIucDSQU5WA,5.9224377
voices/id0036/English/XIucDSQU5WA/00020.wav,id0036,english,XIucDSQU5WA,11.322437
voices/id0036/English/XIucDSQU5WA/00021.wav,id0036,english,XIucDSQU5WA,11.682438
voices/id0036/English/XIucDSQU5WA/00022.wav,id0036,english,XIucDSQU5WA,4.2424374
voices/id0036/English/XIucDSQU5WA/00023.wav,id0036,english,XIucDSQU5WA,6.1624374
voices/id0036/English/XIucDSQU5WA/00030.wav,id0036,english,XIucDSQU5WA,7.0024376
voices/id0036/English/XIucDSQU5WA/00034.wav,id0036,english,XIucDSQU5WA,5.2424374
voices/id0036/English/XIucDSQU5WA/00035.wav,id0036,english,XIucDSQU5WA,10.0824375
voices/id0036/English/XIucDSQU5WA/00036.wav,id0036,english,XIucDSQU5WA,5.8824377
voices/id0036/English/XIucDSQU5WA/00037.wav,id0036,english,XIucDSQU5WA,11.522437
voices/id0036/English/XIucDSQU5WA/00043.wav,id0036,english,XIucDSQU5WA,13.642438
voices/id0036/German/37j06NKAB3c/00007.wav,id0036,german,37j06NKAB3c,5.8424373
voices/id0036/German/37j06NKAB3c/00023.wav,id0036,german,37j06NKAB3c,8.322437
voices/id0036/German/4-k6dgGb-9M/00012.wav,id0036,german,4-k6dgGb-9M,9.762438
voices/id0036/German/4-k6dgGb-9M/00017.wav,id0036,german,4-k6dgGb-9M,4.8024373
voices/id0036/German/4-k6dgGb-9M/00019.wav,id0036,german,4-k6dgGb-9M,11.042438
voices/id0036/German/4-k6dgGb-9M/00022.wav,id0036,german,4-k6dgGb-9M,8.002438
voices/id0036/German/4-k6dgGb-9M/00026.wav,id0036,german,4-k6dgGb-9M,8.442437
voices/id0036/German/4-k6dgGb-9M/00032.wav,id0036,german,4-k6dgGb-9M,13.402437
voices/id0036/German/4-k6dgGb-9M/00038.wav,id0036,german,4-k6dgGb-9M,6.3624377
voices/id0036/German/4-k6dgGb-9M/00042.wav,id0036,german,4-k6dgGb-9M,11.242437
voices/id0036/German/4-k6dgGb-9M/00049.wav,id0036,german,4-k6dgGb-9M,10.322437
voices/id0036/German/4-k6dgGb-9M/00051.wav,id0036,german,4-k6dgGb-9M,4.7224374
voices/id0036/German/4-k6dgGb-9M/00056.wav,id0036,german,4-k6dgGb-9M,12.962438
voices/id0036/German/4-k6dgGb-9M/00062.wav,id0036,german,4-k6dgGb-9M,14.242437
voices/id0036/German/4-k6dgGb-9M/00068.wav,id0036,german,4-k6dgGb-9M,7.0824375
voices/id0036/German/4-k6dgGb-9M/00069.wav,id0036,german,4-k6dgGb-9M,5.0824375
voices/id0036/German/4-k6dgGb-9M/00071.wav,id0036,german,4-k6dgGb-9M,5.5224376
voices/id0036/German/4-k6dgGb-9M/00073.wav,id0036,german,4-k6dgGb-9M,9.842438
voices/id0036/German/4-k6dgGb-9M/00074.wav,id0036,german,4-k6dgGb-9M,9.802438
voices/id0036/German/4-k6dgGb-9M/00076.wav,id0036,german,4-k6dgGb-9M,9.962438
voices/id0036/German/d1fGcJb6hvM/00001.wav,id0036,german,d1fGcJb6hvM,5.8424373
voices/id0036/German/d1fGcJb6hvM/00004.wav,id0036,german,d1fGcJb6hvM,6.7624373
voices/id0036/German/d1fGcJb6hvM/00006.wav,id0036,german,d1fGcJb6hvM,6.0824375
voices/id0036/German/d1fGcJb6hvM/00008.wav,id0036,german,d1fGcJb6hvM,4.1624374
voices/id0036/German/d1fGcJb6hvM/00017.wav,id0036,german,d1fGcJb6hvM,6.5624375
voices/id0036/German/d1fGcJb6hvM/00019.wav,id0036,german,d1fGcJb6hvM,11.242437
voices/id0037/English/1KFcBXqLvDg/00002.wav,id0037,english,1KFcBXqLvDg,4.5224376
voices/id0037/English/1KFcBXqLvDg/00003.wav,id0037,english,1KFcBXqLvDg,5.1624374
voices/id0037/English/1KFcBXqLvDg/00004.wav,id0037,english,1KFcBXqLvDg,4.8424373
voices/id0037/English/1KFcBXqLvDg/00005.wav,id0037,english,1KFcBXqLvDg,4.1224375
voices/id0037/English/1KFcBXqLvDg/00006.wav,id0037,english,1KFcBXqLvDg,5.5624375
voices/id0037/English/1KFcBXqLvDg/00007.wav,id0037,english,1KFcBXqLvDg,4.4824376
voices/id0037/English/1kq38SE7Ccw/00000.wav,id0037,english,1kq38SE7Ccw,13.042438
voices/id0037/English/1kq38SE7Ccw/00001.wav,id0037,english,1kq38SE7Ccw,10.0824375
voices/id0037/English/1kq38SE7Ccw/00002.wav,id0037,english,1kq38SE7Ccw,5.1224375
voices/id0037/English/1kq38SE7Ccw/00004.wav,id0037,english,1kq38SE7Ccw,6.2424374
voices/id0037/English/1kq38SE7Ccw/00005.wav,id0037,english,1kq38SE7Ccw,30.282438
voices/id0037/English/1kq38SE7Ccw/00006.wav,id0037,english,1kq38SE7Ccw,29.322437
voices/id0037/English/1kq38SE7Ccw/00007.wav,id0037,english,1kq38SE7Ccw,4.7624373
voices/id0037/English/xHa4bgLk6wI/00001.wav,id0037,english,xHa4bgLk6wI,2.1364374
voices/id0037/English/xHa4bgLk6wI/00002.wav,id0037,english,xHa4bgLk6wI,4.6964374
voices/id0037/English/xHa4bgLk6wI/00003.wav,id0037,english,xHa4bgLk6wI,3.4274375
voices/id0037/German/HOVi43abAiU/00001.wav,id0037,german,HOVi43abAiU,20.842438
voices/id0037/German/HOVi43abAiU/00004.wav,id0037,german,HOVi43abAiU,4.0824375
voices/id0037/German/HOVi43abAiU/00005.wav,id0037,german,HOVi43abAiU,15.242437
voices/id0037/German/HOVi43abAiU/00006.wav,id0037,german,HOVi43abAiU,15.722438
voices/id0037/German/HOVi43abAiU/00007.wav,id0037,german,HOVi43abAiU,20.162437
voices/id0038/English/3bGH1U1y7rw/00000.wav,id0038,english,3bGH1U1y7rw,8.202437
voices/id0038/English/3bGH1U1y7rw/00001.wav,id0038,english,3bGH1U1y7rw,8.002438
voices/id0038/English/6DWNygnO2o0/00001.wav,id0038,english,6DWNygnO2o0,5.4024377
voices/id0038/English/6DWNygnO2o0/00006.wav,id0038,english,6DWNygnO2o0,5.8424373
voices/id0038/English/6DWNygnO2o0/00009.wav,id0038,english,6DWNygnO2o0,6.9024377
voices/id0038/English/F9fVxpZznS0/00004.wav,id0038,english,F9fVxpZznS0,6.7624373
voices/id0038/English/F9fVxpZznS0/00005.wav,id0038,english,F9fVxpZznS0,5.0424376
voices/id0038/English/F9fVxpZznS0/00007.wav,id0038,english,F9fVxpZznS0,7.4024377
voices/id0038/German/5fcu5jDMfg0/00000.wav,id0038,german,5fcu5jDMfg0,25.882437
voices/id0038/German/5fcu5jDMfg0/00001.wav,id0038,german,5fcu5jDMfg0,11.202437
voices/id0038/German/5fcu5jDMfg0/00002.wav,id0038,german,5fcu5jDMfg0,8.042438
voices/id0038/German/5fcu5jDMfg0/00003.wav,id0038,german,5fcu5jDMfg0,16.482437
voices/id0038/German/5fcu5jDMfg0/00004.wav,id0038,german,5fcu5jDMfg0,24.722437
voices/id0038/German/5fcu5jDMfg0/00005.wav,id0038,german,5fcu5jDMfg0,9.962438
voices/id0038/German/5fcu5jDMfg0/00006.wav,id0038,german,5fcu5jDMfg0,27.242437
voices/id0038/German/5fcu5jDMfg0/00007.wav,id0038,german,5fcu5jDMfg0,23.362438
voices/id0038/German/5fcu5jDMfg0/00008.wav,id0038,german,5fcu5jDMfg0,8.522437
voices/id0038/German/5rfTbbhzx3g/00000.wav,id0038,german,5rfTbbhzx3g,40.65244
voices/id0038/German/5rfTbbhzx3g/00001.wav,id0038,german,5rfTbbhzx3g,15.640437
voices/id0038/German/DKdY6ld_lJI/00001.wav,id0038,german,DKdY6ld_lJI,5.2424374
voices/id0038/German/DKdY6ld_lJI/00002.wav,id0038,german,DKdY6ld_lJI,6.0024376
voices/id0038/German/DKdY6ld_lJI/00003.wav,id0038,german,DKdY6ld_lJI,12.362437
voices/id0038/German/DKdY6ld_lJI/00006.wav,id0038,german,DKdY6ld_lJI,8.842438
voices/id0038/German/DKdY6ld_lJI/00007.wav,id0038,german,DKdY6ld_lJI,23.002438
voices/id0038/German/DKdY6ld_lJI/00008.wav,id0038,german,DKdY6ld_lJI,11.522437
voices/id0038/German/DKdY6ld_lJI/00010.wav,id0038,german,DKdY6ld_lJI,7.0024376
voices/id0038/German/DKdY6ld_lJI/00011.wav,id0038,german,DKdY6ld_lJI,8.922438
voices/id0038/German/DKdY6ld_lJI/00012.wav,id0038,german,DKdY6ld_lJI,33.56244
voices/id0038/German/frPsr-bk23o/00000.wav,id0038,german,frPsr-bk23o,33.36244
voices/id0038/German/frPsr-bk23o/00001.wav,id0038,german,frPsr-bk23o,41.962437
voices/id0038/German/frPsr-bk23o/00002.wav,id0038,german,frPsr-bk23o,12.042438
voices/id0038/German/frPsr-bk23o/00003.wav,id0038,german,frPsr-bk23o,63.082436
voices/id0038/German/frPsr-bk23o/00004.wav,id0038,german,frPsr-bk23o,30.802437
voices/id0039/English/n0wfDfLF_PA/00001.wav,id0039,english,n0wfDfLF_PA,59.95244
voices/id0039/English/n0wfDfLF_PA/00002.wav,id0039,english,n0wfDfLF_PA,3.1524374
voices/id0039/English/n0wfDfLF_PA/00003.wav,id0039,english,n0wfDfLF_PA,106.30244
voices/id0039/English/XcuzwIL5qkQ/00005.wav,id0039,english,XcuzwIL5qkQ,64.32244
voices/id0039/German/9r6mOyoX1Ec/00000.wav,id0039,german,9r6mOyoX1Ec,70.64244
voices/id0039/German/9r6mOyoX1Ec/00001.wav,id0039,german,9r6mOyoX1Ec,82.84244
voices/id0039/German/9r6mOyoX1Ec/00002.wav,id0039,german,9r6mOyoX1Ec,77.20244
voices/id0039/German/9r6mOyoX1Ec/00003.wav,id0039,german,9r6mOyoX1Ec,85.60244
voices/id0039/German/9r6mOyoX1Ec/00004.wav,id0039,german,9r6mOyoX1Ec,126.48244
voices/id0039/German/BHoBP0IhFdY/00001.wav,id0039,german,BHoBP0IhFdY,4.5624375
voices/id0039/German/BHoBP0IhFdY/00002.wav,id0039,german,BHoBP0IhFdY,6.2424374
voices/id0039/German/BHoBP0IhFdY/00003.wav,id0039,german,BHoBP0IhFdY,4.1224375
voices/id0039/German/BHoBP0IhFdY/00004.wav,id0039,german,BHoBP0IhFdY,5.9624376
voices/id0039/German/BHoBP0IhFdY/00005.wav,id0039,german,BHoBP0IhFdY,5.8024373
voices/id0039/German/BHoBP0IhFdY/00006.wav,id0039,german,BHoBP0IhFdY,5.1624374
voices/id0039/German/BHoBP0IhFdY/00007.wav,id0039,german,BHoBP0IhFdY,5.5624375
voices/id0039/German/BHoBP0IhFdY/00009.wav,id0039,german,BHoBP0IhFdY,16.962437
voices/id0039/German/BHoBP0IhFdY/00011.wav,id0039,german,BHoBP0IhFdY,15.882438
voices/id0039/German/BHoBP0IhFdY/00012.wav,id0039,german,BHoBP0IhFdY,4.8824377
voices/id0039/German/BHoBP0IhFdY/00013.wav,id0039,german,BHoBP0IhFdY,17.322437
voices/id0039/German/BHoBP0IhFdY/00015.wav,id0039,german,BHoBP0IhFdY,6.2824373
voices/id0039/German/BHoBP0IhFdY/00017.wav,id0039,german,BHoBP0IhFdY,5.7624373
voices/id0039/German/BHoBP0IhFdY/00019.wav,id0039,german,BHoBP0IhFdY,5.4424376
voices/id0039/German/BHoBP0IhFdY/00022.wav,id0039,german,BHoBP0IhFdY,23.962437
voices/id0039/German/BHoBP0IhFdY/00024.wav,id0039,german,BHoBP0IhFdY,14.282437
voices/id0039/German/BHoBP0IhFdY/00026.wav,id0039,german,BHoBP0IhFdY,19.242437
voices/id0039/German/BHoBP0IhFdY/00027.wav,id0039,german,BHoBP0IhFdY,13.442437
voices/id0039/German/BHoBP0IhFdY/00029.wav,id0039,german,BHoBP0IhFdY,10.642438
voices/id0039/German/BHoBP0IhFdY/00032.wav,id0039,german,BHoBP0IhFdY,14.0824375
voices/id0039/German/BHoBP0IhFdY/00035.wav,id0039,german,BHoBP0IhFdY,6.9224377
voices/id0039/German/FOfFXt4Jdec/00000.wav,id0039,german,FOfFXt4Jdec,6.4024377
voices/id0040/English/3V2Hcdt4Qcs/00016.wav,id0040,english,3V2Hcdt4Qcs,67.042435
voices/id0040/English/K1FlRDblbnc/00010.wav,id0040,english,K1FlRDblbnc,6.7624373
voices/id0040/English/K1FlRDblbnc/00021.wav,id0040,english,K1FlRDblbnc,11.922438
voices/id0040/English/K1FlRDblbnc/00035.wav,id0040,english,K1FlRDblbnc,7.3624377
voices/id0040/English/K1FlRDblbnc/00045.wav,id0040,english,K1FlRDblbnc,6.7624373
voices/id0040/English/K1FlRDblbnc/00057.wav,id0040,english,K1FlRDblbnc,8.482437
voices/id0040/English/K1FlRDblbnc/00068.wav,id0040,english,K1FlRDblbnc,5.6824374
voices/id0040/English/K1FlRDblbnc/00079.wav,id0040,english,K1FlRDblbnc,10.042438
voices/id0040/English/K1FlRDblbnc/00091.wav,id0040,english,K1FlRDblbnc,22.722437
voices/id0040/English/K1FlRDblbnc/00108.wav,id0040,english,K1FlRDblbnc,12.1224375
voices/id0040/English/MLXKRvzweHA/00001.wav,id0040,english,MLXKRvzweHA,4.8824377
voices/id0040/English/MLXKRvzweHA/00003.wav,id0040,english,MLXKRvzweHA,4.9224377
voices/id0040/English/MLXKRvzweHA/00005.wav,id0040,english,MLXKRvzweHA,16.242437
voices/id0040/English/pqJjiC5Wc98/00005.wav,id0040,english,pqJjiC5Wc98,17.482437
voices/id0040/English/pqJjiC5Wc98/00008.wav,id0040,english,pqJjiC5Wc98,14.1224375
voices/id0040/English/pqJjiC5Wc98/00009.wav,id0040,english,pqJjiC5Wc98,10.642438
voices/id0040/English/pqJjiC5Wc98/00016.wav,id0040,english,pqJjiC5Wc98,4.2024374
voices/id0040/English/pqJjiC5Wc98/00020.wav,id0040,english,pqJjiC5Wc98,13.282437
voices/id0040/English/pqJjiC5Wc98/00021.wav,id0040,english,pqJjiC5Wc98,20.362438
voices/id0040/English/pqJjiC5Wc98/00022.wav,id0040,english,pqJjiC5Wc98,25.562437
voices/id0040/English/soWxo5SU5o8/00001.wav,id0040,english,soWxo5SU5o8,15.402437
voices/id0040/English/soWxo5SU5o8/00004.wav,id0040,english,soWxo5SU5o8,6.0424376
voices/id0040/English/soWxo5SU5o8/00007.wav,id0040,english,soWxo5SU5o8,13.0824375
voices/id0040/English/soWxo5SU5o8/00010.wav,id0040,english,soWxo5SU5o8,4.2024374
voices/id0040/German/ga9s4LUhZyM/00001.wav,id0040,german,ga9s4LUhZyM,49.377438
voices/id0040/German/ga9s4LUhZyM/00002.wav,id0040,german,ga9s4LUhZyM,88.67744
voices/id0040/German/ga9s4LUhZyM/00003.wav,id0040,german,ga9s4LUhZyM,35.852436
voices/id0040/German/ga9s4LUhZyM/00004.wav,id0040,german,ga9s4LUhZyM,38.574436
voices/id0040/German/ga9s4LUhZyM/00005.wav,id0040,german,ga9s4LUhZyM,7.1674376
voices/id0040/German/ga9s4LUhZyM/00006.wav,id0040,german,ga9s4LUhZyM,6.3024373
voices/id0040/German/ga9s4LUhZyM/00007.wav,id0040,german,ga9s4LUhZyM,30.510437
voices/id0040/German/sHAI-A-jS2w/00000.wav,id0040,german,sHAI-A-jS2w,17.442438
voices/id0040/German/sHAI-A-jS2w/00001.wav,id0040,german,sHAI-A-jS2w,8.1224375
voices/id0040/German/sHAI-A-jS2w/00002.wav,id0040,german,sHAI-A-jS2w,32.322437
voices/id0040/German/sHAI-A-jS2w/00003.wav,id0040,german,sHAI-A-jS2w,5.5624375
voices/id0040/German/sHAI-A-jS2w/00004.wav,id0040,german,sHAI-A-jS2w,19.722437
voices/id0040/German/sHAI-A-jS2w/00005.wav,id0040,german,sHAI-A-jS2w,8.242437
voices/id0040/German/sHAI-A-jS2w/00006.wav,id0040,german,sHAI-A-jS2w,19.322437
voices/id0040/German/sHAI-A-jS2w/00007.wav,id0040,german,sHAI-A-jS2w,4.6024375
voices/id0040/German/sHAI-A-jS2w/00008.wav,id0040,german,sHAI-A-jS2w,5.2024374
voices/id0040/German/sHAI-A-jS2w/00009.wav,id0040,german,sHAI-A-jS2w,13.162437
voices/id0040/German/sHAI-A-jS2w/00010.wav,id0040,german,sHAI-A-jS2w,30.322437
voices/id0040/German/sHAI-A-jS2w/00011.wav,id0040,german,sHAI-A-jS2w,28.522438
voices/id0040/German/sHAI-A-jS2w/00012.wav,id0040,german,sHAI-A-jS2w,42.922436
voices/id0040/German/sHAI-A-jS2w/00013.wav,id0040,german,sHAI-A-jS2w,4.4024377
voices/id0040/German/sHAI-A-jS2w/00014.wav,id0040,german,sHAI-A-jS2w,9.842438
voices/id0040/German/sHAI-A-jS2w/00015.wav,id0040,german,sHAI-A-jS2w,6.1624374
voices/id0040/German/sHAI-A-jS2w/00016.wav,id0040,german,sHAI-A-jS2w,6.5224376
voices/id0040/German/sHAI-A-jS2w/00017.wav,id0040,german,sHAI-A-jS2w,12.242437
voices/id0040/German/sHAI-A-jS2w/00018.wav,id0040,german,sHAI-A-jS2w,21.082438
voices/id0040/German/sHAI-A-jS2w/00019.wav,id0040,german,sHAI-A-jS2w,4.1224375
voices/id0041/English/CPeL9KYX_yg/00000.wav,id0041,english,CPeL9KYX_yg,15.962438
voices/id0041/English/CPeL9KYX_yg/00001.wav,id0041,english,CPeL9KYX_yg,35.56244
voices/id0041/English/CPeL9KYX_yg/00002.wav,id0041,english,CPeL9KYX_yg,20.642437
voices/id0041/English/CPeL9KYX_yg/00003.wav,id0041,english,CPeL9KYX_yg,9.842438
voices/id0041/English/CPeL9KYX_yg/00004.wav,id0041,english,CPeL9KYX_yg,19.402437
voices/id0041/English/CPeL9KYX_yg/00005.wav,id0041,english,CPeL9KYX_yg,19.842438
voices/id0041/English/CPeL9KYX_yg/00006.wav,id0041,english,CPeL9KYX_yg,13.642438
voices/id0041/English/CPeL9KYX_yg/00007.wav,id0041,english,CPeL9KYX_yg,11.162437
voices/id0041/English/CPeL9KYX_yg/00008.wav,id0041,english,CPeL9KYX_yg,14.882438
voices/id0041/English/CPeL9KYX_yg/00009.wav,id0041,english,CPeL9KYX_yg,13.002438
voices/id0041/English/CPeL9KYX_yg/00010.wav,id0041,english,CPeL9KYX_yg,7.4424376
voices/id0041/English/CPeL9KYX_yg/00011.wav,id0041,english,CPeL9KYX_yg,15.962438
voices/id0041/English/CPeL9KYX_yg/00012.wav,id0041,english,CPeL9KYX_yg,13.522437
voices/id0041/English/CPeL9KYX_yg/00013.wav,id0041,english,CPeL9KYX_yg,21.722437
voices/id0041/English/CPeL9KYX_yg/00014.wav,id0041,english,CPeL9KYX_yg,11.962438
voices/id0041/English/CPeL9KYX_yg/00015.wav,id0041,english,CPeL9KYX_yg,20.682438
voices/id0041/English/CPeL9KYX_yg/00016.wav,id0041,english,CPeL9KYX_yg,15.522437
voices/id0041/English/CPeL9KYX_yg/00017.wav,id0041,english,CPeL9KYX_yg,19.322437
voices/id0041/English/CPeL9KYX_yg/00018.wav,id0041,english,CPeL9KYX_yg,15.282437
voices/id0041/English/CPeL9KYX_yg/00019.wav,id0041,english,CPeL9KYX_yg,10.162437
voices/id0041/English/CPeL9KYX_yg/00020.wav,id0041,english,CPeL9KYX_yg,6.9224377
voices/id0041/English/Kuff3O8EAqQ/00001.wav,id0041,english,Kuff3O8EAqQ,4.2824373
voices/id0041/English/Kuff3O8EAqQ/00002.wav,id0041,english,Kuff3O8EAqQ,14.162437
voices/id0041/English/Kuff3O8EAqQ/00003.wav,id0041,english,Kuff3O8EAqQ,4.8024373
voices/id0041/English/Kuff3O8EAqQ/00004.wav,id0041,english,Kuff3O8EAqQ,20.522438
voices/id0041/English/Kuff3O8EAqQ/00006.wav,id0041,english,Kuff3O8EAqQ,4.9624376
voices/id0041/English/Kuff3O8EAqQ/00007.wav,id0041,english,Kuff3O8EAqQ,21.842438
voices/id0041/English/Kuff3O8EAqQ/00008.wav,id0041,english,Kuff3O8EAqQ,4.2424374
voices/id0041/English/Kuff3O8EAqQ/00009.wav,id0041,english,Kuff3O8EAqQ,6.2424374
voices/id0041/English/Kuff3O8EAqQ/00010.wav,id0041,english,Kuff3O8EAqQ,5.2424374
voices/id0041/English/Kuff3O8EAqQ/00011.wav,id0041,english,Kuff3O8EAqQ,5.8024373
voices/id0041/English/uvkmmOTJ0bE/00001.wav,id0041,english,uvkmmOTJ0bE,12.722438
voices/id0041/English/uvkmmOTJ0bE/00002.wav,id0041,english,uvkmmOTJ0bE,43.40244
voices/id0041/English/uvkmmOTJ0bE/00003.wav,id0041,english,uvkmmOTJ0bE,51.442436
voices/id0041/English/uvkmmOTJ0bE/00004.wav,id0041,english,uvkmmOTJ0bE,5.9624376
voices/id0041/English/uvkmmOTJ0bE/00005.wav,id0041,english,uvkmmOTJ0bE,4.6824374
voices/id0041/English/uvkmmOTJ0bE/00006.wav,id0041,english,uvkmmOTJ0bE,38.602436
voices/id0041/English/uvkmmOTJ0bE/00007.wav,id0041,english,uvkmmOTJ0bE,12.762438
voices/id0041/English/uvkmmOTJ0bE/00008.wav,id0041,english,uvkmmOTJ0bE,54.34744
voices/id0041/English/uvkmmOTJ0bE/00009.wav,id0041,english,uvkmmOTJ0bE,41.977436
voices/id0041/English/uvkmmOTJ0bE/00010.wav,id0041,english,uvkmmOTJ0bE,23.302437
voices/id0041/English/uvkmmOTJ0bE/00011.wav,id0041,english,uvkmmOTJ0bE,19.127438
voices/id0041/English/uvkmmOTJ0bE/00012.wav,id0041,english,uvkmmOTJ0bE,48.177437
voices/id0041/English/uvkmmOTJ0bE/00013.wav,id0041,english,uvkmmOTJ0bE,13.152437
voices/id0041/English/xbiGWLTzHlQ/00000.wav,id0041,english,xbiGWLTzHlQ,8.202437
voices/id0041/English/xbiGWLTzHlQ/00001.wav,id0041,english,xbiGWLTzHlQ,6.2424374
voices/id0041/English/xbiGWLTzHlQ/00002.wav,id0041,english,xbiGWLTzHlQ,5.4024377
voices/id0041/English/xbiGWLTzHlQ/00003.wav,id0041,english,xbiGWLTzHlQ,4.6824374
voices/id0041/English/xbiGWLTzHlQ/00005.wav,id0041,english,xbiGWLTzHlQ,8.842438
voices/id0041/English/xbiGWLTzHlQ/00006.wav,id0041,english,xbiGWLTzHlQ,4.3624377
voices/id0041/English/xbiGWLTzHlQ/00007.wav,id0041,english,xbiGWLTzHlQ,6.8824377
voices/id0041/English/xbiGWLTzHlQ/00008.wav,id0041,english,xbiGWLTzHlQ,7.4824376
voices/id0041/English/xbiGWLTzHlQ/00009.wav,id0041,english,xbiGWLTzHlQ,4.9224377
voices/id0041/English/xbiGWLTzHlQ/00010.wav,id0041,english,xbiGWLTzHlQ,5.7624373
voices/id0041/English/xbiGWLTzHlQ/00011.wav,id0041,english,xbiGWLTzHlQ,4.4024377
voices/id0041/English/xbiGWLTzHlQ/00013.wav,id0041,english,xbiGWLTzHlQ,4.6424375
voices/id0041/English/xbiGWLTzHlQ/00014.wav,id0041,english,xbiGWLTzHlQ,5.2824373
voices/id0041/English/xbiGWLTzHlQ/00015.wav,id0041,english,xbiGWLTzHlQ,4.9224377
voices/id0041/English/xbiGWLTzHlQ/00016.wav,id0041,english,xbiGWLTzHlQ,6.7624373
voices/id0041/English/xbiGWLTzHlQ/00019.wav,id0041,english,xbiGWLTzHlQ,6.1624374
voices/id0041/English/xbiGWLTzHlQ/00020.wav,id0041,english,xbiGWLTzHlQ,4.6424375
voices/id0041/English/xbiGWLTzHlQ/00021.wav,id0041,english,xbiGWLTzHlQ,20.602438
voices/id0041/English/xbiGWLTzHlQ/00022.wav,id0041,english,xbiGWLTzHlQ,9.922438
voices/id0041/German/dzdj2DxHqwY/00000.wav,id0041,german,dzdj2DxHqwY,22.722437
voices/id0041/German/dzdj2DxHqwY/00001.wav,id0041,german,dzdj2DxHqwY,21.477438
voices/id0041/German/dzdj2DxHqwY/00002.wav,id0041,german,dzdj2DxHqwY,11.852438
voices/id0041/German/dzdj2DxHqwY/00003.wav,id0041,german,dzdj2DxHqwY,18.690437
voices/id0041/German/dzdj2DxHqwY/00004.wav,id0041,german,dzdj2DxHqwY,14.527437
voices/id0041/German/dzdj2DxHqwY/00005.wav,id0041,german,dzdj2DxHqwY,8.827437
voices/id0041/German/dzdj2DxHqwY/00006.wav,id0041,german,dzdj2DxHqwY,16.127438
voices/id0041/German/dzdj2DxHqwY/00007.wav,id0041,german,dzdj2DxHqwY,20.442438
voices/id0041/German/dzdj2DxHqwY/00008.wav,id0041,german,dzdj2DxHqwY,11.402437
voices/id0041/German/dzdj2DxHqwY/00009.wav,id0041,german,dzdj2DxHqwY,9.651438
voices/id0041/German/dzdj2DxHqwY/00010.wav,id0041,german,dzdj2DxHqwY,26.963438
voices/id0041/German/dzdj2DxHqwY/00011.wav,id0041,german,dzdj2DxHqwY,7.2824373
voices/id0041/German/dzdj2DxHqwY/00012.wav,id0041,german,dzdj2DxHqwY,2.1524374
voices/id0041/German/dzdj2DxHqwY/00013.wav,id0041,german,dzdj2DxHqwY,10.827437
voices/id0041/German/dzdj2DxHqwY/00021.wav,id0041,german,dzdj2DxHqwY,4.7224374
voices/id0041/German/dzdj2DxHqwY/00023.wav,id0041,german,dzdj2DxHqwY,38.962437
voices/id0041/German/dzdj2DxHqwY/00028.wav,id0041,german,dzdj2DxHqwY,11.322437
voices/id0041/German/dzdj2DxHqwY/00030.wav,id0041,german,dzdj2DxHqwY,21.922438
voices/id0041/German/dzdj2DxHqwY/00034.wav,id0041,german,dzdj2DxHqwY,44.04244
voices/id0041/German/dzdj2DxHqwY/00040.wav,id0041,german,dzdj2DxHqwY,12.842438
voices/id0041/German/dzdj2DxHqwY/00044.wav,id0041,german,dzdj2DxHqwY,7.4824376
voices/id0041/German/dzdj2DxHqwY/00050.wav,id0041,german,dzdj2DxHqwY,11.002438
voices/id0041/German/dzdj2DxHqwY/00052.wav,id0041,german,dzdj2DxHqwY,19.242437
voices/id0041/German/dzdj2DxHqwY/00056.wav,id0041,german,dzdj2DxHqwY,30.362438
voices/id0041/German/dzdj2DxHqwY/00057.wav,id0041,german,dzdj2DxHqwY,15.242437
voices/id0041/German/dzdj2DxHqwY/00060.wav,id0041,german,dzdj2DxHqwY,6.2424374
voices/id0041/German/iUwIQyDvpGI/00008.wav,id0041,german,iUwIQyDvpGI,21.042437
voices/id0041/German/iUwIQyDvpGI/00019.wav,id0041,german,iUwIQyDvpGI,14.0824375
voices/id0041/German/iUwIQyDvpGI/00024.wav,id0041,german,iUwIQyDvpGI,8.002438
voices/id0041/German/iUwIQyDvpGI/00030.wav,id0041,german,iUwIQyDvpGI,12.277437
voices/id0041/German/iUwIQyDvpGI/00036.wav,id0041,german,iUwIQyDvpGI,9.922438
voices/id0041/German/iUwIQyDvpGI/00042.wav,id0041,german,iUwIQyDvpGI,18.402437
voices/id0041/German/iUwIQyDvpGI/00053.wav,id0041,german,iUwIQyDvpGI,14.522437
voices/id0041/German/iUwIQyDvpGI/00058.wav,id0041,german,iUwIQyDvpGI,17.882437
voices/id0041/German/iUwIQyDvpGI/00067.wav,id0041,german,iUwIQyDvpGI,15.562437
voices/id0041/German/iUwIQyDvpGI/00077.wav,id0041,german,iUwIQyDvpGI,12.117437
voices/id0041/German/iUwIQyDvpGI/00082.wav,id0041,german,iUwIQyDvpGI,11.162437
voices/id0041/German/iUwIQyDvpGI/00088.wav,id0041,german,iUwIQyDvpGI,4.1224375
voices/id0041/German/jV-j_PozRuw/00002.wav,id0041,german,jV-j_PozRuw,4.8024373
voices/id0041/German/jV-j_PozRuw/00003.wav,id0041,german,jV-j_PozRuw,13.042438
voices/id0041/German/jV-j_PozRuw/00004.wav,id0041,german,jV-j_PozRuw,4.4024377
voices/id0041/German/jV-j_PozRuw/00005.wav,id0041,german,jV-j_PozRuw,6.6424375
voices/id0041/German/jV-j_PozRuw/00007.wav,id0041,german,jV-j_PozRuw,4.5624375
voices/id0041/German/jV-j_PozRuw/00008.wav,id0041,german,jV-j_PozRuw,10.202437
voices/id0041/German/jV-j_PozRuw/00009.wav,id0041,german,jV-j_PozRuw,6.8024373
voices/id0041/German/jV-j_PozRuw/00010.wav,id0041,german,jV-j_PozRuw,5.0024376
voices/id0041/German/jV-j_PozRuw/00011.wav,id0041,german,jV-j_PozRuw,6.7224374
voices/id0041/German/jV-j_PozRuw/00012.wav,id0041,german,jV-j_PozRuw,9.642438
voices/id0041/German/jV-j_PozRuw/00013.wav,id0041,german,jV-j_PozRuw,6.8024373
voices/id0041/German/jV-j_PozRuw/00014.wav,id0041,german,jV-j_PozRuw,5.9624376
voices/id0041/German/jV-j_PozRuw/00015.wav,id0041,german,jV-j_PozRuw,8.402437
voices/id0041/German/jV-j_PozRuw/00016.wav,id0041,german,jV-j_PozRuw,5.7224374
voices/id0041/German/jV-j_PozRuw/00017.wav,id0041,german,jV-j_PozRuw,5.8424373
voices/id0041/German/jV-j_PozRuw/00018.wav,id0041,german,jV-j_PozRuw,9.242437
voices/id0041/German/jV-j_PozRuw/00019.wav,id0041,german,jV-j_PozRuw,9.602438
voices/id0041/German/jV-j_PozRuw/00020.wav,id0041,german,jV-j_PozRuw,4.5624375
voices/id0041/German/jV-j_PozRuw/00021.wav,id0041,german,jV-j_PozRuw,24.442438
voices/id0041/German/jV-j_PozRuw/00022.wav,id0041,german,jV-j_PozRuw,16.722437
voices/id0041/German/jV-j_PozRuw/00024.wav,id0041,german,jV-j_PozRuw,5.4824376
voices/id0041/German/jV-j_PozRuw/00025.wav,id0041,german,jV-j_PozRuw,4.3624377
voices/id0041/German/jV-j_PozRuw/00026.wav,id0041,german,jV-j_PozRuw,11.162437
voices/id0041/German/jV-j_PozRuw/00028.wav,id0041,german,jV-j_PozRuw,8.282437
voices/id0041/German/jV-j_PozRuw/00029.wav,id0041,german,jV-j_PozRuw,5.8024373
voices/id0041/German/jV-j_PozRuw/00030.wav,id0041,german,jV-j_PozRuw,8.762438
voices/id0041/German/jV-j_PozRuw/00031.wav,id0041,german,jV-j_PozRuw,6.7224374
voices/id0041/German/jV-j_PozRuw/00032.wav,id0041,german,jV-j_PozRuw,6.0024376
voices/id0041/German/jV-j_PozRuw/00033.wav,id0041,german,jV-j_PozRuw,6.6824374
voices/id0041/German/jV-j_PozRuw/00035.wav,id0041,german,jV-j_PozRuw,4.5624375
voices/id0041/German/jV-j_PozRuw/00036.wav,id0041,german,jV-j_PozRuw,12.802438
voices/id0041/German/jV-j_PozRuw/00037.wav,id0041,german,jV-j_PozRuw,13.762438
voices/id0041/German/jV-j_PozRuw/00038.wav,id0041,german,jV-j_PozRuw,5.0024376
voices/id0041/German/jV-j_PozRuw/00039.wav,id0041,german,jV-j_PozRuw,23.562437
voices/id0041/German/jV-j_PozRuw/00040.wav,id0041,german,jV-j_PozRuw,5.0024376
voices/id0041/German/TR36AhhvdL8/00001.wav,id0041,german,TR36AhhvdL8,12.227438
voices/id0041/German/TR36AhhvdL8/00002.wav,id0041,german,TR36AhhvdL8,14.677438
voices/id0041/German/TR36AhhvdL8/00003.wav,id0041,german,TR36AhhvdL8,7.9824376
voices/id0041/German/TR36AhhvdL8/00004.wav,id0041,german,TR36AhhvdL8,10.652437
voices/id0041/German/TR36AhhvdL8/00005.wav,id0041,german,TR36AhhvdL8,24.706438
voices/id0041/German/TR36AhhvdL8/00006.wav,id0041,german,TR36AhhvdL8,17.627438
voices/id0041/German/zLCoM3KRn7w/00001.wav,id0041,german,zLCoM3KRn7w,3.4274375
voices/id0041/German/zLCoM3KRn7w/00002.wav,id0041,german,zLCoM3KRn7w,5.0774374
voices/id0041/German/zLCoM3KRn7w/00003.wav,id0041,german,zLCoM3KRn7w,9.077437
voices/id0041/German/zLCoM3KRn7w/00009.wav,id0041,german,zLCoM3KRn7w,20.162437
voices/id0041/German/zLCoM3KRn7w/00015.wav,id0041,german,zLCoM3KRn7w,19.762438
voices/id0041/German/zLCoM3KRn7w/00019.wav,id0041,german,zLCoM3KRn7w,15.722438
voices/id0041/German/zLCoM3KRn7w/00020.wav,id0041,german,zLCoM3KRn7w,7.0824375
voices/id0041/German/zLCoM3KRn7w/00021.wav,id0041,german,zLCoM3KRn7w,7.5624375
voices/id0041/German/zLCoM3KRn7w/00022.wav,id0041,german,zLCoM3KRn7w,13.722438
voices/id0041/German/zLCoM3KRn7w/00023.wav,id0041,german,zLCoM3KRn7w,6.6824374
voices/id0041/German/zLCoM3KRn7w/00029.wav,id0041,german,zLCoM3KRn7w,14.882438
voices/id0041/German/zLCoM3KRn7w/00035.wav,id0041,german,zLCoM3KRn7w,5.7224374
voices/id0041/German/zLCoM3KRn7w/00036.wav,id0041,german,zLCoM3KRn7w,8.162437
voices/id0041/German/zLCoM3KRn7w/00037.wav,id0041,german,zLCoM3KRn7w,6.5224376
voices/id0041/German/zLCoM3KRn7w/00044.wav,id0041,german,zLCoM3KRn7w,4.8824377
voices/id0041/German/_z4ZcI9_zIo/00001.wav,id0041,german,_z4ZcI9_zIo,16.842438
voices/id0041/German/_z4ZcI9_zIo/00002.wav,id0041,german,_z4ZcI9_zIo,23.122438
voices/id0041/German/_z4ZcI9_zIo/00003.wav,id0041,german,_z4ZcI9_zIo,24.242437
voices/id0041/German/_z4ZcI9_zIo/00004.wav,id0041,german,_z4ZcI9_zIo,13.402437
voices/id0042/English/BmjY8yOGv5M/00000.wav,id0042,english,BmjY8yOGv5M,26.282438
voices/id0042/English/EeWHGf7NB4Q/00000.wav,id0042,english,EeWHGf7NB4Q,31.722437
voices/id0042/English/EeWHGf7NB4Q/00001.wav,id0042,english,EeWHGf7NB4Q,8.362437
voices/id0042/English/EeWHGf7NB4Q/00002.wav,id0042,english,EeWHGf7NB4Q,28.322437
voices/id0042/English/EeWHGf7NB4Q/00003.wav,id0042,english,EeWHGf7NB4Q,5.0424376
voices/id0042/English/EeWHGf7NB4Q/00008.wav,id0042,english,EeWHGf7NB4Q,5.6424375
voices/id0042/English/EeWHGf7NB4Q/00009.wav,id0042,english,EeWHGf7NB4Q,16.442438
voices/id0042/English/EeWHGf7NB4Q/00010.wav,id0042,english,EeWHGf7NB4Q,5.9624376
voices/id0042/English/Gt0gHGgPceU/00001.wav,id0042,english,Gt0gHGgPceU,4.8824377
voices/id0042/English/Gt0gHGgPceU/00003.wav,id0042,english,Gt0gHGgPceU,58.122437
voices/id0042/English/Gt0gHGgPceU/00006.wav,id0042,english,Gt0gHGgPceU,8.322437
voices/id0042/English/Gt0gHGgPceU/00007.wav,id0042,english,Gt0gHGgPceU,22.962437
voices/id0042/English/Gt0gHGgPceU/00008.wav,id0042,english,Gt0gHGgPceU,17.762438
voices/id0042/English/Mk_67nbaQ1Q/00004.wav,id0042,english,Mk_67nbaQ1Q,14.922438
voices/id0042/English/Mk_67nbaQ1Q/00006.wav,id0042,english,Mk_67nbaQ1Q,32.322437
voices/id0042/English/Mk_67nbaQ1Q/00008.wav,id0042,english,Mk_67nbaQ1Q,93.28244
voices/id0042/English/Mk_67nbaQ1Q/00011.wav,id0042,english,Mk_67nbaQ1Q,22.922438
voices/id0042/English/Mk_67nbaQ1Q/00016.wav,id0042,english,Mk_67nbaQ1Q,67.56244
voices/id0042/English/Mk_67nbaQ1Q/00022.wav,id0042,english,Mk_67nbaQ1Q,122.24244
voices/id0042/English/Mk_67nbaQ1Q/00026.wav,id0042,english,Mk_67nbaQ1Q,79.042435
voices/id0042/English/S6fewo4Wqw0/00008.wav,id0042,english,S6fewo4Wqw0,4.2424374
voices/id0042/English/S6fewo4Wqw0/00015.wav,id0042,english,S6fewo4Wqw0,17.162437
voices/id0042/English/S6fewo4Wqw0/00018.wav,id0042,english,S6fewo4Wqw0,18.372438
voices/id0042/English/S6fewo4Wqw0/00020.wav,id0042,english,S6fewo4Wqw0,46.522438
voices/id0042/English/S6fewo4Wqw0/00021.wav,id0042,english,S6fewo4Wqw0,24.952438
voices/id0042/English/S6fewo4Wqw0/00022.wav,id0042,english,S6fewo4Wqw0,20.477438
voices/id0042/English/S6fewo4Wqw0/00023.wav,id0042,english,S6fewo4Wqw0,49.122437
voices/id0042/English/vcvl-A9z5II/00000.wav,id0042,english,vcvl-A9z5II,18.882437
voices/id0042/English/vcvl-A9z5II/00002.wav,id0042,english,vcvl-A9z5II,115.24244
voices/id0042/English/vcvl-A9z5II/00008.wav,id0042,english,vcvl-A9z5II,25.642437
voices/id0042/English/vcvl-A9z5II/00011.wav,id0042,english,vcvl-A9z5II,5.4024377
voices/id0042/English/vcvl-A9z5II/00012.wav,id0042,english,vcvl-A9z5II,18.042437
voices/id0042/German/2WRiRAX17gg/00003.wav,id0042,german,2WRiRAX17gg,6.0024376
voices/id0042/German/8VCOg4ELM_s/00002.wav,id0042,german,8VCOg4ELM_s,20.522438
voices/id0042/German/8VCOg4ELM_s/00005.wav,id0042,german,8VCOg4ELM_s,85.48244
voices/id0042/German/8VCOg4ELM_s/00006.wav,id0042,german,8VCOg4ELM_s,14.362437
voices/id0042/German/8VCOg4ELM_s/00007.wav,id0042,german,8VCOg4ELM_s,19.362438
voices/id0042/German/8VCOg4ELM_s/00008.wav,id0042,german,8VCOg4ELM_s,4.0424376
voices/id0042/German/8VCOg4ELM_s/00009.wav,id0042,german,8VCOg4ELM_s,40.802437
voices/id0042/German/8VCOg4ELM_s/00011.wav,id0042,german,8VCOg4ELM_s,4.4424376
voices/id0042/German/8VCOg4ELM_s/00013.wav,id0042,german,8VCOg4ELM_s,9.642438
voices/id0042/German/8VCOg4ELM_s/00014.wav,id0042,german,8VCOg4ELM_s,32.802437
voices/id0042/German/ELX317ntrl0/00002.wav,id0042,german,ELX317ntrl0,12.442437
voices/id0042/German/ELX317ntrl0/00004.wav,id0042,german,ELX317ntrl0,5.8824377
voices/id0042/German/ELX317ntrl0/00005.wav,id0042,german,ELX317ntrl0,8.362437
voices/id0042/German/ELX317ntrl0/00007.wav,id0042,german,ELX317ntrl0,5.0424376
voices/id0042/German/ELX317ntrl0/00008.wav,id0042,german,ELX317ntrl0,12.002438
voices/id0042/German/ELX317ntrl0/00010.wav,id0042,german,ELX317ntrl0,7.6424375
voices/id0042/German/ELX317ntrl0/00011.wav,id0042,german,ELX317ntrl0,9.282437
voices/id0042/German/ELX317ntrl0/00013.wav,id0042,german,ELX317ntrl0,18.722437
voices/id0042/German/ELX317ntrl0/00014.wav,id0042,german,ELX317ntrl0,12.0824375
voices/id0042/German/ELX317ntrl0/00016.wav,id0042,german,ELX317ntrl0,7.9224377
voices/id0042/German/ELX317ntrl0/00017.wav,id0042,german,ELX317ntrl0,6.5624375
voices/id0042/German/ELX317ntrl0/00019.wav,id0042,german,ELX317ntrl0,7.0824375
voices/id0042/German/ELX317ntrl0/00021.wav,id0042,german,ELX317ntrl0,4.2424374
voices/id0042/German/ELX317ntrl0/00022.wav,id0042,german,ELX317ntrl0,11.002438
voices/id0042/German/ELX317ntrl0/00024.wav,id0042,german,ELX317ntrl0,6.9624376
voices/id0042/German/ELX317ntrl0/00029.wav,id0042,german,ELX317ntrl0,17.402437
voices/id0042/German/ELX317ntrl0/00031.wav,id0042,german,ELX317ntrl0,4.5624375
voices/id0042/German/ELX317ntrl0/00032.wav,id0042,german,ELX317ntrl0,4.4824376
voices/id0042/German/ELX317ntrl0/00033.wav,id0042,german,ELX317ntrl0,10.442437
voices/id0042/German/ELX317ntrl0/00034.wav,id0042,german,ELX317ntrl0,6.5224376
voices/id0042/German/ELX317ntrl0/00036.wav,id0042,german,ELX317ntrl0,11.202437
voices/id0042/German/ELX317ntrl0/00038.wav,id0042,german,ELX317ntrl0,18.642437
voices/id0042/German/ELX317ntrl0/00041.wav,id0042,german,ELX317ntrl0,7.8824377
voices/id0042/German/ELX317ntrl0/00042.wav,id0042,german,ELX317ntrl0,11.0824375
voices/id0042/German/ELX317ntrl0/00043.wav,id0042,german,ELX317ntrl0,8.722438
voices/id0042/German/ELX317ntrl0/00045.wav,id0042,german,ELX317ntrl0,10.282437
voices/id0042/German/ELX317ntrl0/00047.wav,id0042,german,ELX317ntrl0,8.882438
voices/id0042/German/ELX317ntrl0/00048.wav,id0042,german,ELX317ntrl0,10.882438
voices/id0042/German/ELX317ntrl0/00050.wav,id0042,german,ELX317ntrl0,6.3224373
voices/id0042/German/ELX317ntrl0/00051.wav,id0042,german,ELX317ntrl0,8.042438
voices/id0042/German/ELX317ntrl0/00053.wav,id0042,german,ELX317ntrl0,7.2824373
voices/id0042/German/ELX317ntrl0/00055.wav,id0042,german,ELX317ntrl0,10.442437
voices/id0042/German/ELX317ntrl0/00056.wav,id0042,german,ELX317ntrl0,7.2824373
voices/id0042/German/ELX317ntrl0/00058.wav,id0042,german,ELX317ntrl0,8.522437
voices/id0042/German/ELX317ntrl0/00064.wav,id0042,german,ELX317ntrl0,5.3624377
voices/id0042/German/ELX317ntrl0/00065.wav,id0042,german,ELX317ntrl0,11.322437
voices/id0042/German/ELX317ntrl0/00066.wav,id0042,german,ELX317ntrl0,6.5224376
voices/id0042/German/ELX317ntrl0/00068.wav,id0042,german,ELX317ntrl0,11.842438
voices/id0042/German/ELX317ntrl0/00070.wav,id0042,german,ELX317ntrl0,7.2024374
voices/id0042/German/ELX317ntrl0/00071.wav,id0042,german,ELX317ntrl0,10.282437
voices/id0042/German/ELX317ntrl0/00074.wav,id0042,german,ELX317ntrl0,9.322437
voices/id0042/German/ELX317ntrl0/00076.wav,id0042,german,ELX317ntrl0,6.4424376
voices/id0042/German/ELX317ntrl0/00077.wav,id0042,german,ELX317ntrl0,11.0824375
voices/id0042/German/ELX317ntrl0/00079.wav,id0042,german,ELX317ntrl0,7.8024373
voices/id0042/German/ELX317ntrl0/00081.wav,id0042,german,ELX317ntrl0,9.242437
voices/id0042/German/ELX317ntrl0/00082.wav,id0042,german,ELX317ntrl0,13.522437
voices/id0042/German/tELvV4BvWEY/00003.wav,id0042,german,tELvV4BvWEY,9.792438
voices/id0042/German/tELvV4BvWEY/00004.wav,id0042,german,tELvV4BvWEY,13.842438
voices/id0042/German/tELvV4BvWEY/00005.wav,id0042,german,tELvV4BvWEY,8.1224375
voices/id0042/German/tELvV4BvWEY/00006.wav,id0042,german,tELvV4BvWEY,4.9624376
voices/id0042/German/tELvV4BvWEY/00007.wav,id0042,german,tELvV4BvWEY,14.802438
voices/id0042/German/tELvV4BvWEY/00009.wav,id0042,german,tELvV4BvWEY,6.4024377
voices/id0042/German/tELvV4BvWEY/00010.wav,id0042,german,tELvV4BvWEY,5.8024373
voices/id0042/German/tELvV4BvWEY/00013.wav,id0042,german,tELvV4BvWEY,18.682438
voices/id0042/German/tELvV4BvWEY/00014.wav,id0042,german,tELvV4BvWEY,11.842438
voices/id0043/English/1RN5GR7aCfs/00001.wav,id0043,english,1RN5GR7aCfs,22.452438
voices/id0043/English/1RN5GR7aCfs/00002.wav,id0043,english,1RN5GR7aCfs,27.927437
voices/id0043/English/1RN5GR7aCfs/00003.wav,id0043,english,1RN5GR7aCfs,45.40244
voices/id0043/English/1RN5GR7aCfs/00004.wav,id0043,english,1RN5GR7aCfs,19.202438
voices/id0043/English/1RN5GR7aCfs/00005.wav,id0043,english,1RN5GR7aCfs,18.510437
voices/id0043/English/8E4QdBhilgs/00003.wav,id0043,english,8E4QdBhilgs,10.682438
voices/id0043/English/94xyOpETYYs/00000.wav,id0043,english,94xyOpETYYs,4.4524374
voices/id0043/English/94xyOpETYYs/00018.wav,id0043,english,94xyOpETYYs,8.642438
voices/id0043/English/Ab5NbdTqPeA/00001.wav,id0043,english,Ab5NbdTqPeA,5.9624376
voices/id0043/English/Ab5NbdTqPeA/00002.wav,id0043,english,Ab5NbdTqPeA,14.802438
voices/id0043/English/Ab5NbdTqPeA/00003.wav,id0043,english,Ab5NbdTqPeA,6.6024375
voices/id0043/English/Ab5NbdTqPeA/00004.wav,id0043,english,Ab5NbdTqPeA,4.6024375
voices/id0043/English/Ab5NbdTqPeA/00005.wav,id0043,english,Ab5NbdTqPeA,6.6824374
voices/id0043/English/Ab5NbdTqPeA/00006.wav,id0043,english,Ab5NbdTqPeA,12.162437
voices/id0043/English/Ab5NbdTqPeA/00007.wav,id0043,english,Ab5NbdTqPeA,9.642438
voices/id0043/English/Ab5NbdTqPeA/00008.wav,id0043,english,Ab5NbdTqPeA,16.122438
voices/id0043/English/Ab5NbdTqPeA/00009.wav,id0043,english,Ab5NbdTqPeA,12.762438
voices/id0043/English/Ab5NbdTqPeA/00010.wav,id0043,english,Ab5NbdTqPeA,5.8824377
voices/id0043/English/Ab5NbdTqPeA/00011.wav,id0043,english,Ab5NbdTqPeA,6.4424376
voices/id0043/English/Ab5NbdTqPeA/00012.wav,id0043,english,Ab5NbdTqPeA,6.8024373
voices/id0043/English/Ab5NbdTqPeA/00013.wav,id0043,english,Ab5NbdTqPeA,5.8824377
voices/id0043/English/Ab5NbdTqPeA/00014.wav,id0043,english,Ab5NbdTqPeA,4.5224376
voices/id0043/English/Ab5NbdTqPeA/00015.wav,id0043,english,Ab5NbdTqPeA,6.1224375
voices/id0043/English/Ab5NbdTqPeA/00016.wav,id0043,english,Ab5NbdTqPeA,5.4824376
voices/id0043/English/Ab5NbdTqPeA/00020.wav,id0043,english,Ab5NbdTqPeA,16.602438
voices/id0043/English/Ab5NbdTqPeA/00021.wav,id0043,english,Ab5NbdTqPeA,16.562437
voices/id0043/English/Ab5NbdTqPeA/00022.wav,id0043,english,Ab5NbdTqPeA,14.402437
voices/id0043/English/Ab5NbdTqPeA/00023.wav,id0043,english,Ab5NbdTqPeA,8.642438
voices/id0043/English/Ab5NbdTqPeA/00024.wav,id0043,english,Ab5NbdTqPeA,12.162437
voices/id0043/English/Ab5NbdTqPeA/00025.wav,id0043,english,Ab5NbdTqPeA,8.482437
voices/id0043/English/Ab5NbdTqPeA/00026.wav,id0043,english,Ab5NbdTqPeA,14.722438
voices/id0043/English/Ab5NbdTqPeA/00027.wav,id0043,english,Ab5NbdTqPeA,14.362437
voices/id0043/English/Ab5NbdTqPeA/00028.wav,id0043,english,Ab5NbdTqPeA,11.282437
voices/id0043/English/Ab5NbdTqPeA/00036.wav,id0043,english,Ab5NbdTqPeA,5.0024376
voices/id0043/English/Ab5NbdTqPeA/00037.wav,id0043,english,Ab5NbdTqPeA,5.0824375
voices/id0043/English/Ab5NbdTqPeA/00038.wav,id0043,english,Ab5NbdTqPeA,5.6024375
voices/id0043/English/Ab5NbdTqPeA/00040.wav,id0043,english,Ab5NbdTqPeA,7.2824373
voices/id0043/English/LGxawB9iPts/00001.wav,id0043,english,LGxawB9iPts,33.72244
voices/id0043/English/LIRfn6d2VsY/00000.wav,id0043,english,LIRfn6d2VsY,17.602438
voices/id0043/English/LIRfn6d2VsY/00001.wav,id0043,english,LIRfn6d2VsY,7.0824375
voices/id0043/English/LIRfn6d2VsY/00002.wav,id0043,english,LIRfn6d2VsY,5.1224375
voices/id0043/English/MQgCMCRqBag/00001.wav,id0043,english,MQgCMCRqBag,15.722438
voices/id0043/English/MQgCMCRqBag/00005.wav,id0043,english,MQgCMCRqBag,7.5624375
voices/id0043/English/ODfsKabCScE/00000.wav,id0043,english,ODfsKabCScE,53.20244
voices/id0043/English/ODfsKabCScE/00003.wav,id0043,english,ODfsKabCScE,17.602438
voices/id0043/English/ODfsKabCScE/00004.wav,id0043,english,ODfsKabCScE,23.722437
voices/id0043/English/ODfsKabCScE/00005.wav,id0043,english,ODfsKabCScE,18.082438
voices/id0043/English/ODfsKabCScE/00010.wav,id0043,english,ODfsKabCScE,4.5624375
voices/id0043/English/ODfsKabCScE/00013.wav,id0043,english,ODfsKabCScE,19.202438
voices/id0043/English/ODfsKabCScE/00014.wav,id0043,english,ODfsKabCScE,9.242437
voices/id0043/English/ODfsKabCScE/00015.wav,id0043,english,ODfsKabCScE,18.922438
voices/id0043/German/8E4QdBhilgs/00000.wav,id0043,german,8E4QdBhilgs,14.962438
voices/id0043/German/8E4QdBhilgs/00001.wav,id0043,german,8E4QdBhilgs,8.802438
voices/id0043/German/8E4QdBhilgs/00004.wav,id0043,german,8E4QdBhilgs,15.0824375
voices/id0043/German/8E4QdBhilgs/00011.wav,id0043,german,8E4QdBhilgs,5.2024374
voices/id0043/German/AljbaZimb9I/00001.wav,id0043,german,AljbaZimb9I,23.602438
voices/id0043/German/AljbaZimb9I/00002.wav,id0043,german,AljbaZimb9I,14.922438
voices/id0043/German/AljbaZimb9I/00003.wav,id0043,german,AljbaZimb9I,41.04244
voices/id0043/German/AljbaZimb9I/00004.wav,id0043,german,AljbaZimb9I,7.4524374
voices/id0043/German/AljbaZimb9I/00005.wav,id0043,german,AljbaZimb9I,28.332438
voices/id0043/German/dd-5tAskKrA/00001.wav,id0043,german,dd-5tAskKrA,5.7974377
voices/id0043/German/dd-5tAskKrA/00005.wav,id0043,german,dd-5tAskKrA,20.562437
voices/id0043/German/dd-5tAskKrA/00006.wav,id0043,german,dd-5tAskKrA,5.8824377
voices/id0043/German/dd-5tAskKrA/00008.wav,id0043,german,dd-5tAskKrA,9.762438
voices/id0043/German/dd-5tAskKrA/00010.wav,id0043,german,dd-5tAskKrA,7.6024375
voices/id0043/German/dd-5tAskKrA/00011.wav,id0043,german,dd-5tAskKrA,19.282438
voices/id0043/German/dd-5tAskKrA/00013.wav,id0043,german,dd-5tAskKrA,9.322437
voices/id0043/German/dd-5tAskKrA/00021.wav,id0043,german,dd-5tAskKrA,12.842438
voices/id0043/German/dd-5tAskKrA/00023.wav,id0043,german,dd-5tAskKrA,6.0824375
voices/id0043/German/dd-5tAskKrA/00024.wav,id0043,german,dd-5tAskKrA,4.3224373
voices/id0043/German/dd-5tAskKrA/00026.wav,id0043,german,dd-5tAskKrA,11.1224375
voices/id0043/German/dd-5tAskKrA/00029.wav,id0043,german,dd-5tAskKrA,6.1624374
voices/id0043/German/dd-5tAskKrA/00030.wav,id0043,german,dd-5tAskKrA,8.402437
voices/id0043/German/dd-5tAskKrA/00034.wav,id0043,german,dd-5tAskKrA,9.0824375
voices/id0043/German/dd-5tAskKrA/00035.wav,id0043,german,dd-5tAskKrA,6.1624374
voices/id0043/German/dd-5tAskKrA/00036.wav,id0043,german,dd-5tAskKrA,9.0824375
voices/id0043/German/dd-5tAskKrA/00037.wav,id0043,german,dd-5tAskKrA,6.9224377
voices/id0043/German/iSaJWjSEtNk/00003.wav,id0043,german,iSaJWjSEtNk,4.4024377
voices/id0044/English/a08Tue6lb0Q/00000.wav,id0044,english,a08Tue6lb0Q,4.8024373
voices/id0044/English/a08Tue6lb0Q/00001.wav,id0044,english,a08Tue6lb0Q,25.402437
voices/id0044/English/a08Tue6lb0Q/00004.wav,id0044,english,a08Tue6lb0Q,8.002438
voices/id0044/English/a08Tue6lb0Q/00005.wav,id0044,english,a08Tue6lb0Q,9.442437
voices/id0044/English/a08Tue6lb0Q/00006.wav,id0044,english,a08Tue6lb0Q,14.402437
voices/id0044/English/a08Tue6lb0Q/00007.wav,id0044,english,a08Tue6lb0Q,16.242437
voices/id0044/English/a08Tue6lb0Q/00008.wav,id0044,english,a08Tue6lb0Q,10.002438
voices/id0044/English/a08Tue6lb0Q/00009.wav,id0044,english,a08Tue6lb0Q,8.282437
voices/id0044/English/a08Tue6lb0Q/00010.wav,id0044,english,a08Tue6lb0Q,5.6424375
voices/id0044/English/a08Tue6lb0Q/00012.wav,id0044,english,a08Tue6lb0Q,32.642437
voices/id0044/English/a08Tue6lb0Q/00013.wav,id0044,english,a08Tue6lb0Q,4.6424375
voices/id0044/English/festftsGYFI/00002.wav,id0044,english,festftsGYFI,19.322437
voices/id0044/English/festftsGYFI/00003.wav,id0044,english,festftsGYFI,19.882437
voices/id0044/English/festftsGYFI/00005.wav,id0044,english,festftsGYFI,11.802438
voices/id0044/English/festftsGYFI/00007.wav,id0044,english,festftsGYFI,31.962437
voices/id0044/English/festftsGYFI/00009.wav,id0044,english,festftsGYFI,7.5224376
voices/id0044/English/festftsGYFI/00010.wav,id0044,english,festftsGYFI,12.562437
voices/id0044/English/fnhOoPPJZ7s/00000.wav,id0044,english,fnhOoPPJZ7s,4.7624373
voices/id0044/English/fnhOoPPJZ7s/00002.wav,id0044,english,fnhOoPPJZ7s,4.2824373
voices/id0044/English/fnhOoPPJZ7s/00003.wav,id0044,english,fnhOoPPJZ7s,5.0824375
voices/id0044/English/fnhOoPPJZ7s/00004.wav,id0044,english,fnhOoPPJZ7s,5.5624375
voices/id0044/English/fnhOoPPJZ7s/00005.wav,id0044,english,fnhOoPPJZ7s,5.1224375
voices/id0044/English/fnhOoPPJZ7s/00006.wav,id0044,english,fnhOoPPJZ7s,6.4424376
voices/id0044/English/fnhOoPPJZ7s/00007.wav,id0044,english,fnhOoPPJZ7s,4.2424374
voices/id0044/English/fnhOoPPJZ7s/00008.wav,id0044,english,fnhOoPPJZ7s,6.8424373
voices/id0044/English/fnhOoPPJZ7s/00009.wav,id0044,english,fnhOoPPJZ7s,4.8824377
voices/id0044/English/fnhOoPPJZ7s/00010.wav,id0044,english,fnhOoPPJZ7s,7.4824376
voices/id0044/English/fnhOoPPJZ7s/00011.wav,id0044,english,fnhOoPPJZ7s,6.0024376
voices/id0044/English/fnhOoPPJZ7s/00012.wav,id0044,english,fnhOoPPJZ7s,4.4424376
voices/id0044/English/fnhOoPPJZ7s/00013.wav,id0044,english,fnhOoPPJZ7s,4.2424374
voices/id0044/English/fnhOoPPJZ7s/00014.wav,id0044,english,fnhOoPPJZ7s,4.8024373
voices/id0044/English/fnhOoPPJZ7s/00015.wav,id0044,english,fnhOoPPJZ7s,6.0024376
voices/id0044/English/fnhOoPPJZ7s/00016.wav,id0044,english,fnhOoPPJZ7s,5.2424374
voices/id0044/English/fnhOoPPJZ7s/00017.wav,id0044,english,fnhOoPPJZ7s,4.1224375
voices/id0044/English/fnhOoPPJZ7s/00018.wav,id0044,english,fnhOoPPJZ7s,5.6824374
voices/id0044/English/fnhOoPPJZ7s/00019.wav,id0044,english,fnhOoPPJZ7s,4.2824373
voices/id0044/English/GKxr7PGjuqc/00001.wav,id0044,english,GKxr7PGjuqc,13.522437
voices/id0044/English/GKxr7PGjuqc/00005.wav,id0044,english,GKxr7PGjuqc,14.162437
voices/id0044/English/GKxr7PGjuqc/00009.wav,id0044,english,GKxr7PGjuqc,11.322437
voices/id0044/English/GKxr7PGjuqc/00012.wav,id0044,english,GKxr7PGjuqc,5.7224374
voices/id0044/English/GKxr7PGjuqc/00013.wav,id0044,english,GKxr7PGjuqc,34.442436
voices/id0044/English/GKxr7PGjuqc/00017.wav,id0044,english,GKxr7PGjuqc,8.322437
voices/id0044/English/GKxr7PGjuqc/00021.wav,id0044,english,GKxr7PGjuqc,6.6024375
voices/id0044/English/GKxr7PGjuqc/00027.wav,id0044,english,GKxr7PGjuqc,19.562437
voices/id0044/English/GKxr7PGjuqc/00030.wav,id0044,english,GKxr7PGjuqc,24.482437
voices/id0044/English/Gx9wJk7KjQc/00002.wav,id0044,english,Gx9wJk7KjQc,4.4024377
voices/id0044/English/Gx9wJk7KjQc/00005.wav,id0044,english,Gx9wJk7KjQc,16.162437
voices/id0044/English/Gx9wJk7KjQc/00010.wav,id0044,english,Gx9wJk7KjQc,12.0824375
voices/id0044/English/Gx9wJk7KjQc/00011.wav,id0044,english,Gx9wJk7KjQc,6.5624375
voices/id0044/English/Gx9wJk7KjQc/00016.wav,id0044,english,Gx9wJk7KjQc,6.8824377
voices/id0044/English/Gx9wJk7KjQc/00020.wav,id0044,english,Gx9wJk7KjQc,17.842438
voices/id0044/English/WietmlmC9z0/00000.wav,id0044,english,WietmlmC9z0,4.9274373
voices/id0044/English/WietmlmC9z0/00003.wav,id0044,english,WietmlmC9z0,8.202437
voices/id0044/English/WietmlmC9z0/00006.wav,id0044,english,WietmlmC9z0,17.762438
voices/id0044/English/WietmlmC9z0/00012.wav,id0044,english,WietmlmC9z0,26.802437
voices/id0044/English/WietmlmC9z0/00013.wav,id0044,english,WietmlmC9z0,5.6424375
voices/id0044/English/WietmlmC9z0/00017.wav,id0044,english,WietmlmC9z0,24.962437
voices/id0044/English/WietmlmC9z0/00023.wav,id0044,english,WietmlmC9z0,35.002438
voices/id0044/English/WietmlmC9z0/00024.wav,id0044,english,WietmlmC9z0,12.362437
voices/id0044/English/WietmlmC9z0/00026.wav,id0044,english,WietmlmC9z0,34.482437
voices/id0044/English/WietmlmC9z0/00027.wav,id0044,english,WietmlmC9z0,7.0424376
voices/id0044/English/WietmlmC9z0/00032.wav,id0044,english,WietmlmC9z0,33.72244
voices/id0044/English/WietmlmC9z0/00038.wav,id0044,english,WietmlmC9z0,6.7624373
voices/id0044/English/WietmlmC9z0/00039.wav,id0044,english,WietmlmC9z0,8.562437
voices/id0044/English/WietmlmC9z0/00044.wav,id0044,english,WietmlmC9z0,36.922436
voices/id0044/English/WietmlmC9z0/00045.wav,id0044,english,WietmlmC9z0,7.2824373
voices/id0044/English/Yc67JnxrJ4s/00004.wav,id0044,english,Yc67JnxrJ4s,5.8024373
voices/id0044/English/yXozBPDnxqI/00003.wav,id0044,english,yXozBPDnxqI,23.602438
voices/id0044/English/yXozBPDnxqI/00004.wav,id0044,english,yXozBPDnxqI,7.3224373
voices/id0044/English/yXozBPDnxqI/00005.wav,id0044,english,yXozBPDnxqI,10.322437
voices/id0044/English/yXozBPDnxqI/00006.wav,id0044,english,yXozBPDnxqI,6.5224376
voices/id0044/English/yXozBPDnxqI/00008.wav,id0044,english,yXozBPDnxqI,7.4424376
voices/id0044/English/yXozBPDnxqI/00009.wav,id0044,english,yXozBPDnxqI,31.522438
voices/id0044/English/yXozBPDnxqI/00011.wav,id0044,english,yXozBPDnxqI,7.6424375
voices/id0044/German/AZjmTC2foBw/00001.wav,id0044,german,AZjmTC2foBw,19.882437
voices/id0044/German/AZjmTC2foBw/00002.wav,id0044,german,AZjmTC2foBw,13.250438
voices/id0044/German/AZjmTC2foBw/00003.wav,id0044,german,AZjmTC2foBw,3.8744376
voices/id0044/German/C-3jFBE5IR8/00000.wav,id0044,german,C-3jFBE5IR8,65.64244
voices/id0044/German/C-3jFBE5IR8/00002.wav,id0044,german,C-3jFBE5IR8,54.962437
voices/id0044/German/C-3jFBE5IR8/00004.wav,id0044,german,C-3jFBE5IR8,62.72244
voices/id0044/German/C-3jFBE5IR8/00006.wav,id0044,german,C-3jFBE5IR8,15.922438
voices/id0044/German/C-3jFBE5IR8/00008.wav,id0044,german,C-3jFBE5IR8,28.482437
voices/id0044/German/C-3jFBE5IR8/00009.wav,id0044,german,C-3jFBE5IR8,22.162437
voices/id0044/German/C-3jFBE5IR8/00011.wav,id0044,german,C-3jFBE5IR8,51.002438
voices/id0044/German/C-3jFBE5IR8/00012.wav,id0044,german,C-3jFBE5IR8,28.322437
voices/id0044/German/C-3jFBE5IR8/00014.wav,id0044,german,C-3jFBE5IR8,9.282437
voices/id0044/German/ECqGd_RzfDA/00016.wav,id0044,german,ECqGd_RzfDA,6.8824377
voices/id0044/German/ECqGd_RzfDA/00022.wav,id0044,german,ECqGd_RzfDA,23.562437
voices/id0044/German/ECqGd_RzfDA/00028.wav,id0044,german,ECqGd_RzfDA,29.282438
voices/id0044/German/M4U9DcJd3Rc/00001.wav,id0044,german,M4U9DcJd3Rc,14.202437
voices/id0044/German/M4U9DcJd3Rc/00002.wav,id0044,german,M4U9DcJd3Rc,13.502438
voices/id0044/German/M4U9DcJd3Rc/00003.wav,id0044,german,M4U9DcJd3Rc,14.762438
voices/id0044/German/NVTatECLNTM/00000.wav,id0044,german,NVTatECLNTM,30.442438
voices/id0044/German/NVTatECLNTM/00001.wav,id0044,german,NVTatECLNTM,52.40244
voices/id0044/German/NVTatECLNTM/00002.wav,id0044,german,NVTatECLNTM,14.482437
voices/id0044/German/NVTatECLNTM/00003.wav,id0044,german,NVTatECLNTM,57.322437
voices/id0044/German/NVTatECLNTM/00004.wav,id0044,german,NVTatECLNTM,10.722438
voices/id0044/German/XmZU2xgo9VY/00006.wav,id0044,german,XmZU2xgo9VY,6.0424376
voices/id0044/German/XmZU2xgo9VY/00007.wav,id0044,german,XmZU2xgo9VY,19.562437
voices/id0044/German/XmZU2xgo9VY/00008.wav,id0044,german,XmZU2xgo9VY,12.322437
voices/id0044/German/XmZU2xgo9VY/00010.wav,id0044,german,XmZU2xgo9VY,14.842438
voices/id0044/German/XmZU2xgo9VY/00013.wav,id0044,german,XmZU2xgo9VY,20.522438
voices/id0044/German/XmZU2xgo9VY/00014.wav,id0044,german,XmZU2xgo9VY,10.882438
voices/id0044/German/XmZU2xgo9VY/00017.wav,id0044,german,XmZU2xgo9VY,15.202437
voices/id0044/German/XmZU2xgo9VY/00019.wav,id0044,german,XmZU2xgo9VY,11.562437
voices/id0044/German/XmZU2xgo9VY/00020.wav,id0044,german,XmZU2xgo9VY,5.4424376
voices/id0044/German/XmZU2xgo9VY/00021.wav,id0044,german,XmZU2xgo9VY,12.722438
voices/id0044/German/XmZU2xgo9VY/00023.wav,id0044,german,XmZU2xgo9VY,20.482437
voices/id0044/German/XmZU2xgo9VY/00025.wav,id0044,german,XmZU2xgo9VY,10.722438
voices/id0044/German/XmZU2xgo9VY/00026.wav,id0044,german,XmZU2xgo9VY,16.562437
voices/id0044/German/XmZU2xgo9VY/00027.wav,id0044,german,XmZU2xgo9VY,16.962437
voices/id0044/German/XmZU2xgo9VY/00030.wav,id0044,german,XmZU2xgo9VY,14.762438
voices/id0044/German/XmZU2xgo9VY/00031.wav,id0044,german,XmZU2xgo9VY,11.362437
voices/id0044/German/XmZU2xgo9VY/00032.wav,id0044,german,XmZU2xgo9VY,6.0824375
voices/id0044/German/XmZU2xgo9VY/00034.wav,id0044,german,XmZU2xgo9VY,21.442438
voices/id0044/German/XmZU2xgo9VY/00035.wav,id0044,german,XmZU2xgo9VY,5.9224377
voices/id0044/German/XmZU2xgo9VY/00037.wav,id0044,german,XmZU2xgo9VY,11.922438
voices/id0044/German/XmZU2xgo9VY/00038.wav,id0044,german,XmZU2xgo9VY,12.482437
voices/id0044/German/XmZU2xgo9VY/00040.wav,id0044,german,XmZU2xgo9VY,17.402437
voices/id0044/German/XmZU2xgo9VY/00042.wav,id0044,german,XmZU2xgo9VY,19.882437
voices/id0045/English/klgGDSLa4QI/00000.wav,id0045,english,klgGDSLa4QI,10.002438
voices/id0045/English/klgGDSLa4QI/00001.wav,id0045,english,klgGDSLa4QI,4.2824373
voices/id0045/English/q9WK-RUDJcg/00001.wav,id0045,english,q9WK-RUDJcg,12.162437
voices/id0045/English/q9WK-RUDJcg/00002.wav,id0045,english,q9WK-RUDJcg,30.027437
voices/id0045/English/q9WK-RUDJcg/00003.wav,id0045,english,q9WK-RUDJcg,5.7274375
voices/id0045/English/q9WK-RUDJcg/00004.wav,id0045,english,q9WK-RUDJcg,32.442436
voices/id0045/English/q9WK-RUDJcg/00005.wav,id0045,english,q9WK-RUDJcg,15.277437
voices/id0045/English/q9WK-RUDJcg/00006.wav,id0045,english,q9WK-RUDJcg,23.427437
voices/id0045/English/_lL-LPMOLVk/00001.wav,id0045,english,_lL-LPMOLVk,18.127438
voices/id0045/English/_lL-LPMOLVk/00002.wav,id0045,english,_lL-LPMOLVk,2.9774375
voices/id0045/English/_lL-LPMOLVk/00003.wav,id0045,english,_lL-LPMOLVk,41.227436
voices/id0045/English/_lL-LPMOLVk/00004.wav,id0045,english,_lL-LPMOLVk,23.645437
voices/id0045/English/_lL-LPMOLVk/00005.wav,id0045,english,_lL-LPMOLVk,13.3324375
voices/id0045/English/_lL-LPMOLVk/00006.wav,id0045,english,_lL-LPMOLVk,12.952437
voices/id0045/German/etTcuwRj3kg/00000.wav,id0045,german,etTcuwRj3kg,4.1624374
voices/id0045/German/etTcuwRj3kg/00001.wav,id0045,german,etTcuwRj3kg,7.0824375
voices/id0045/German/etTcuwRj3kg/00002.wav,id0045,german,etTcuwRj3kg,5.7624373
voices/id0045/German/etTcuwRj3kg/00003.wav,id0045,german,etTcuwRj3kg,4.7224374
voices/id0045/German/etTcuwRj3kg/00004.wav,id0045,german,etTcuwRj3kg,4.2024374
voices/id0045/German/etTcuwRj3kg/00005.wav,id0045,german,etTcuwRj3kg,4.2024374
voices/id0045/German/etTcuwRj3kg/00006.wav,id0045,german,etTcuwRj3kg,4.3224373
voices/id0045/German/etTcuwRj3kg/00007.wav,id0045,german,etTcuwRj3kg,5.3624377
voices/id0045/German/etTcuwRj3kg/00008.wav,id0045,german,etTcuwRj3kg,4.2024374
voices/id0045/German/etTcuwRj3kg/00009.wav,id0045,german,etTcuwRj3kg,4.8424373
voices/id0045/German/etTcuwRj3kg/00010.wav,id0045,german,etTcuwRj3kg,4.2424374
voices/id0045/German/etTcuwRj3kg/00011.wav,id0045,german,etTcuwRj3kg,5.4424376
voices/id0045/German/etTcuwRj3kg/00012.wav,id0045,german,etTcuwRj3kg,4.8024373
voices/id0045/German/etTcuwRj3kg/00013.wav,id0045,german,etTcuwRj3kg,4.1224375
voices/id0045/German/etTcuwRj3kg/00014.wav,id0045,german,etTcuwRj3kg,6.6824374
voices/id0045/German/etTcuwRj3kg/00015.wav,id0045,german,etTcuwRj3kg,7.0824375
voices/id0045/German/etTcuwRj3kg/00016.wav,id0045,german,etTcuwRj3kg,4.0424376
voices/id0045/German/etTcuwRj3kg/00017.wav,id0045,german,etTcuwRj3kg,4.1224375
voices/id0045/German/etTcuwRj3kg/00018.wav,id0045,german,etTcuwRj3kg,4.9224377
voices/id0045/German/etTcuwRj3kg/00019.wav,id0045,german,etTcuwRj3kg,4.6424375
voices/id0045/German/etTcuwRj3kg/00020.wav,id0045,german,etTcuwRj3kg,4.3624377
voices/id0045/German/etTcuwRj3kg/00021.wav,id0045,german,etTcuwRj3kg,6.0424376
voices/id0045/German/etTcuwRj3kg/00022.wav,id0045,german,etTcuwRj3kg,6.0824375
voices/id0045/German/etTcuwRj3kg/00023.wav,id0045,german,etTcuwRj3kg,5.1624374
voices/id0045/German/etTcuwRj3kg/00024.wav,id0045,german,etTcuwRj3kg,5.6024375
voices/id0045/German/etTcuwRj3kg/00025.wav,id0045,german,etTcuwRj3kg,5.7224374
voices/id0045/German/etTcuwRj3kg/00026.wav,id0045,german,etTcuwRj3kg,4.3224373
voices/id0045/German/etTcuwRj3kg/00027.wav,id0045,german,etTcuwRj3kg,4.4424376
voices/id0045/German/etTcuwRj3kg/00028.wav,id0045,german,etTcuwRj3kg,5.3624377
voices/id0045/German/etTcuwRj3kg/00029.wav,id0045,german,etTcuwRj3kg,5.3624377
voices/id0045/German/etTcuwRj3kg/00030.wav,id0045,german,etTcuwRj3kg,4.2424374
voices/id0045/German/etTcuwRj3kg/00031.wav,id0045,german,etTcuwRj3kg,5.6824374
voices/id0045/German/etTcuwRj3kg/00032.wav,id0045,german,etTcuwRj3kg,5.0024376
voices/id0045/German/etTcuwRj3kg/00033.wav,id0045,german,etTcuwRj3kg,4.4424376
voices/id0045/German/orxGzeyHuE0/00000.wav,id0045,german,orxGzeyHuE0,6.6024375
voices/id0045/German/orxGzeyHuE0/00002.wav,id0045,german,orxGzeyHuE0,6.7224374
voices/id0045/German/orxGzeyHuE0/00004.wav,id0045,german,orxGzeyHuE0,8.322437
voices/id0045/German/orxGzeyHuE0/00005.wav,id0045,german,orxGzeyHuE0,5.1224375
voices/id0045/German/orxGzeyHuE0/00008.wav,id0045,german,orxGzeyHuE0,5.7224374
voices/id0045/German/orxGzeyHuE0/00011.wav,id0045,german,orxGzeyHuE0,5.1624374
voices/id0045/German/orxGzeyHuE0/00014.wav,id0045,german,orxGzeyHuE0,4.1624374
voices/id0045/German/orxGzeyHuE0/00019.wav,id0045,german,orxGzeyHuE0,4.3624377
voices/id0045/German/orxGzeyHuE0/00020.wav,id0045,german,orxGzeyHuE0,4.1224375
voices/id0045/German/orxGzeyHuE0/00023.wav,id0045,german,orxGzeyHuE0,7.5224376
voices/id0045/German/orxGzeyHuE0/00030.wav,id0045,german,orxGzeyHuE0,4.1624374
voices/id0045/German/orxGzeyHuE0/00031.wav,id0045,german,orxGzeyHuE0,5.3224373
voices/id0045/German/orxGzeyHuE0/00033.wav,id0045,german,orxGzeyHuE0,16.082438
voices/id0045/German/tJsLo2jjcs8/00002.wav,id0045,german,tJsLo2jjcs8,11.842438
voices/id0045/German/tJsLo2jjcs8/00004.wav,id0045,german,tJsLo2jjcs8,14.922438
voices/id0045/German/tJsLo2jjcs8/00009.wav,id0045,german,tJsLo2jjcs8,17.562437
voices/id0046/English/FtzmSlTgP_k/00000.wav,id0046,english,FtzmSlTgP_k,36.40244
voices/id0046/English/FtzmSlTgP_k/00001.wav,id0046,english,FtzmSlTgP_k,126.027435
voices/id0046/English/GWPNP_3sMrU/00000.wav,id0046,english,GWPNP_3sMrU,18.282438
voices/id0046/English/Pytt851sNQ0/00000.wav,id0046,english,Pytt851sNQ0,10.922438
voices/id0046/English/Pytt851sNQ0/00001.wav,id0046,english,Pytt851sNQ0,11.042438
voices/id0046/English/Pytt851sNQ0/00002.wav,id0046,english,Pytt851sNQ0,6.1624374
voices/id0046/English/Pytt851sNQ0/00003.wav,id0046,english,Pytt851sNQ0,10.802438
voices/id0046/English/Pytt851sNQ0/00004.wav,id0046,english,Pytt851sNQ0,8.442437
voices/id0046/English/Pytt851sNQ0/00005.wav,id0046,english,Pytt851sNQ0,4.1224375
voices/id0046/English/Pytt851sNQ0/00006.wav,id0046,english,Pytt851sNQ0,6.3224373
voices/id0046/English/Pytt851sNQ0/00007.wav,id0046,english,Pytt851sNQ0,4.1624374
voices/id0046/English/Pytt851sNQ0/00009.wav,id0046,english,Pytt851sNQ0,5.8824377
voices/id0046/English/Pytt851sNQ0/00010.wav,id0046,english,Pytt851sNQ0,4.8024373
voices/id0046/German/DkbEyCAV-wk/00013.wav,id0046,german,DkbEyCAV-wk,38.842438
voices/id0046/German/DkbEyCAV-wk/00020.wav,id0046,german,DkbEyCAV-wk,27.002438
voices/id0046/German/DkbEyCAV-wk/00021.wav,id0046,german,DkbEyCAV-wk,15.642438
voices/id0046/German/DkbEyCAV-wk/00023.wav,id0046,german,DkbEyCAV-wk,17.922438
voices/id0046/German/DkbEyCAV-wk/00024.wav,id0046,german,DkbEyCAV-wk,25.882437
voices/id0046/German/DkbEyCAV-wk/00041.wav,id0046,german,DkbEyCAV-wk,23.442438
voices/id0046/German/DkbEyCAV-wk/00043.wav,id0046,german,DkbEyCAV-wk,16.682438
voices/id0046/German/DkbEyCAV-wk/00044.wav,id0046,german,DkbEyCAV-wk,6.2024374
voices/id0046/German/DkbEyCAV-wk/00045.wav,id0046,german,DkbEyCAV-wk,8.362437
voices/id0046/German/DkbEyCAV-wk/00047.wav,id0046,german,DkbEyCAV-wk,8.642438
voices/id0046/German/DkbEyCAV-wk/00048.wav,id0046,german,DkbEyCAV-wk,10.202437
voices/id0046/German/DkbEyCAV-wk/00049.wav,id0046,german,DkbEyCAV-wk,18.362438
voices/id0046/German/f6_m6Hc1rjw/00001.wav,id0046,german,f6_m6Hc1rjw,11.722438
voices/id0046/German/nIXwf0ob9Cg/00001.wav,id0046,german,nIXwf0ob9Cg,11.282437
voices/id0046/German/nIXwf0ob9Cg/00002.wav,id0046,german,nIXwf0ob9Cg,21.592438
voices/id0046/German/nIXwf0ob9Cg/00004.wav,id0046,german,nIXwf0ob9Cg,80.12244
voices/id0046/German/nIXwf0ob9Cg/00005.wav,id0046,german,nIXwf0ob9Cg,5.5624375
voices/id0046/German/nIXwf0ob9Cg/00007.wav,id0046,german,nIXwf0ob9Cg,15.042438
voices/id0046/German/nIXwf0ob9Cg/00009.wav,id0046,german,nIXwf0ob9Cg,7.2424374
voices/id0046/German/nIXwf0ob9Cg/00011.wav,id0046,german,nIXwf0ob9Cg,5.5624375
voices/id0046/German/nIXwf0ob9Cg/00012.wav,id0046,german,nIXwf0ob9Cg,18.722437
voices/id0046/German/nIXwf0ob9Cg/00101.wav,id0046,german,nIXwf0ob9Cg,7.9024377
voices/id0046/German/nIXwf0ob9Cg/00102.wav,id0046,german,nIXwf0ob9Cg,8.427438
voices/id0046/German/nIXwf0ob9Cg/00103.wav,id0046,german,nIXwf0ob9Cg,16.152437
voices/id0046/German/nIXwf0ob9Cg/00104.wav,id0046,german,nIXwf0ob9Cg,14.827437
voices/id0047/English/KZ_Ex8BRfJI/00000.wav,id0047,english,KZ_Ex8BRfJI,9.402437
voices/id0047/English/KZ_Ex8BRfJI/00001.wav,id0047,english,KZ_Ex8BRfJI,4.3624377
voices/id0047/English/KZ_Ex8BRfJI/00002.wav,id0047,english,KZ_Ex8BRfJI,25.522438
voices/id0047/English/M6qgNLFEyCM/00001.wav,id0047,english,M6qgNLFEyCM,10.1224375
voices/id0047/English/M6qgNLFEyCM/00002.wav,id0047,english,M6qgNLFEyCM,4.3224373
voices/id0047/English/M6qgNLFEyCM/00003.wav,id0047,english,M6qgNLFEyCM,5.1224375
voices/id0047/English/M6qgNLFEyCM/00004.wav,id0047,english,M6qgNLFEyCM,5.6824374
voices/id0047/English/M6qgNLFEyCM/00005.wav,id0047,english,M6qgNLFEyCM,4.7224374
voices/id0047/English/M6qgNLFEyCM/00006.wav,id0047,english,M6qgNLFEyCM,7.4024377
voices/id0047/English/mTCafY8J2Bk/00000.wav,id0047,english,mTCafY8J2Bk,13.162437
voices/id0047/English/mTCafY8J2Bk/00001.wav,id0047,english,mTCafY8J2Bk,13.482437
voices/id0047/English/u-cLZ4X3tSw/00000.wav,id0047,english,u-cLZ4X3tSw,11.0824375
voices/id0047/English/u-cLZ4X3tSw/00001.wav,id0047,english,u-cLZ4X3tSw,6.5624375
voices/id0047/English/u-cLZ4X3tSw/00002.wav,id0047,english,u-cLZ4X3tSw,5.0024376
voices/id0047/English/u-cLZ4X3tSw/00003.wav,id0047,english,u-cLZ4X3tSw,4.6424375
voices/id0047/English/u-cLZ4X3tSw/00004.wav,id0047,english,u-cLZ4X3tSw,4.8424373
voices/id0047/English/u-cLZ4X3tSw/00005.wav,id0047,english,u-cLZ4X3tSw,14.442437
voices/id0047/English/u-cLZ4X3tSw/00006.wav,id0047,english,u-cLZ4X3tSw,6.4824376
voices/id0047/English/X7tLHPe1qjY/00000.wav,id0047,english,X7tLHPe1qjY,8.0824375
voices/id0047/English/X7tLHPe1qjY/00001.wav,id0047,english,X7tLHPe1qjY,5.6024375
voices/id0047/English/X7tLHPe1qjY/00003.wav,id0047,english,X7tLHPe1qjY,7.7624373
voices/id0047/English/X7tLHPe1qjY/00004.wav,id0047,english,X7tLHPe1qjY,6.9224377
voices/id0047/English/X7tLHPe1qjY/00007.wav,id0047,english,X7tLHPe1qjY,7.6024375
voices/id0047/English/X7tLHPe1qjY/00008.wav,id0047,english,X7tLHPe1qjY,7.9624376
voices/id0047/English/X7tLHPe1qjY/00010.wav,id0047,english,X7tLHPe1qjY,6.1224375
voices/id0047/English/X7tLHPe1qjY/00014.wav,id0047,english,X7tLHPe1qjY,7.7224374
voices/id0047/English/X7tLHPe1qjY/00016.wav,id0047,english,X7tLHPe1qjY,5.9224377
voices/id0047/German/BxjfhmHrfV4/00000.wav,id0047,german,BxjfhmHrfV4,4.9624376
voices/id0047/German/BxjfhmHrfV4/00001.wav,id0047,german,BxjfhmHrfV4,6.5224376
voices/id0047/German/BxjfhmHrfV4/00002.wav,id0047,german,BxjfhmHrfV4,4.1624374
voices/id0047/German/BxjfhmHrfV4/00003.wav,id0047,german,BxjfhmHrfV4,5.7224374
voices/id0047/German/BxjfhmHrfV4/00004.wav,id0047,german,BxjfhmHrfV4,4.5224376
voices/id0047/German/BxjfhmHrfV4/00005.wav,id0047,german,BxjfhmHrfV4,7.8024373
voices/id0047/German/BxjfhmHrfV4/00006.wav,id0047,german,BxjfhmHrfV4,4.3224373
voices/id0047/German/BxjfhmHrfV4/00007.wav,id0047,german,BxjfhmHrfV4,9.322437
voices/id0047/German/BxjfhmHrfV4/00008.wav,id0047,german,BxjfhmHrfV4,9.882438
voices/id0047/German/BxjfhmHrfV4/00009.wav,id0047,german,BxjfhmHrfV4,13.882438
voices/id0047/German/BxjfhmHrfV4/00010.wav,id0047,german,BxjfhmHrfV4,4.4024377
voices/id0047/German/BxjfhmHrfV4/00011.wav,id0047,german,BxjfhmHrfV4,11.0824375
voices/id0047/German/BxjfhmHrfV4/00012.wav,id0047,german,BxjfhmHrfV4,9.842438
voices/id0047/German/BxjfhmHrfV4/00013.wav,id0047,german,BxjfhmHrfV4,4.0424376
voices/id0047/German/BxjfhmHrfV4/00014.wav,id0047,german,BxjfhmHrfV4,12.602438
voices/id0047/German/BxjfhmHrfV4/00015.wav,id0047,german,BxjfhmHrfV4,8.642438
voices/id0047/German/BxjfhmHrfV4/00016.wav,id0047,german,BxjfhmHrfV4,4.9224377
voices/id0047/German/BxjfhmHrfV4/00017.wav,id0047,german,BxjfhmHrfV4,6.0424376
voices/id0047/German/BxjfhmHrfV4/00018.wav,id0047,german,BxjfhmHrfV4,4.6424375
voices/id0047/German/BxjfhmHrfV4/00019.wav,id0047,german,BxjfhmHrfV4,11.722438
voices/id0047/German/BxjfhmHrfV4/00020.wav,id0047,german,BxjfhmHrfV4,6.4824376
voices/id0047/German/BxjfhmHrfV4/00021.wav,id0047,german,BxjfhmHrfV4,8.1224375
voices/id0047/German/BxjfhmHrfV4/00022.wav,id0047,german,BxjfhmHrfV4,6.7624373
voices/id0047/German/BxjfhmHrfV4/00023.wav,id0047,german,BxjfhmHrfV4,6.4824376
voices/id0047/German/BxjfhmHrfV4/00024.wav,id0047,german,BxjfhmHrfV4,8.762438
voices/id0047/German/BxjfhmHrfV4/00025.wav,id0047,german,BxjfhmHrfV4,9.162437
voices/id0047/German/BxjfhmHrfV4/00026.wav,id0047,german,BxjfhmHrfV4,4.4424376
voices/id0047/German/BxjfhmHrfV4/00027.wav,id0047,german,BxjfhmHrfV4,7.0424376
voices/id0047/German/BxjfhmHrfV4/00028.wav,id0047,german,BxjfhmHrfV4,5.4424376
voices/id0047/German/BxjfhmHrfV4/00029.wav,id0047,german,BxjfhmHrfV4,6.3224373
voices/id0047/German/BxjfhmHrfV4/00030.wav,id0047,german,BxjfhmHrfV4,5.7624373
voices/id0047/German/BxjfhmHrfV4/00031.wav,id0047,german,BxjfhmHrfV4,6.3624377
voices/id0047/German/vj1RBrk3RXo/00000.wav,id0047,german,vj1RBrk3RXo,12.0824375
voices/id0047/German/vj1RBrk3RXo/00001.wav,id0047,german,vj1RBrk3RXo,12.602438
voices/id0047/German/vj1RBrk3RXo/00002.wav,id0047,german,vj1RBrk3RXo,25.362438
voices/id0047/German/vj1RBrk3RXo/00003.wav,id0047,german,vj1RBrk3RXo,14.722438
voices/id0047/German/vj1RBrk3RXo/00004.wav,id0047,german,vj1RBrk3RXo,13.682438
voices/id0047/German/Vo0ENekKtKY/00000.wav,id0047,german,Vo0ENekKtKY,5.2424374
voices/id0047/German/Vo0ENekKtKY/00001.wav,id0047,german,Vo0ENekKtKY,4.0824375
voices/id0047/German/Vo0ENekKtKY/00002.wav,id0047,german,Vo0ENekKtKY,7.0824375
voices/id0047/German/Vo0ENekKtKY/00003.wav,id0047,german,Vo0ENekKtKY,8.682438
voices/id0047/German/Vo0ENekKtKY/00004.wav,id0047,german,Vo0ENekKtKY,7.6424375
voices/id0047/German/Vo0ENekKtKY/00005.wav,id0047,german,Vo0ENekKtKY,9.802438
voices/id0047/German/Vo0ENekKtKY/00006.wav,id0047,german,Vo0ENekKtKY,7.2424374
voices/id0047/German/Vo0ENekKtKY/00007.wav,id0047,german,Vo0ENekKtKY,4.0824375
voices/id0047/German/Vo0ENekKtKY/00008.wav,id0047,german,Vo0ENekKtKY,4.6024375
voices/id0047/German/Vo0ENekKtKY/00009.wav,id0047,german,Vo0ENekKtKY,4.1624374
voices/id0047/German/Vo0ENekKtKY/00010.wav,id0047,german,Vo0ENekKtKY,6.4424376
voices/id0047/German/Vo0ENekKtKY/00011.wav,id0047,german,Vo0ENekKtKY,8.242437
voices/id0047/German/Vo0ENekKtKY/00012.wav,id0047,german,Vo0ENekKtKY,10.602438
voices/id0047/German/Vo0ENekKtKY/00013.wav,id0047,german,Vo0ENekKtKY,6.2024374
voices/id0047/German/Vo0ENekKtKY/00014.wav,id0047,german,Vo0ENekKtKY,4.4024377
voices/id0047/German/yDeRW0liUCU/00000.wav,id0047,german,yDeRW0liUCU,8.062437
voices/id0047/German/yDeRW0liUCU/00001.wav,id0047,german,yDeRW0liUCU,19.882437
voices/id0047/German/yDeRW0liUCU/00002.wav,id0047,german,yDeRW0liUCU,12.802438
voices/id0047/German/yIxQbCEXK9s/00001.wav,id0047,german,yIxQbCEXK9s,10.0824375
voices/id0047/German/yIxQbCEXK9s/00002.wav,id0047,german,yIxQbCEXK9s,5.2424374
voices/id0047/German/yIxQbCEXK9s/00003.wav,id0047,german,yIxQbCEXK9s,6.4024377
voices/id0047/German/yIxQbCEXK9s/00004.wav,id0047,german,yIxQbCEXK9s,4.1224375
voices/id0047/German/yIxQbCEXK9s/00005.wav,id0047,german,yIxQbCEXK9s,15.202437
voices/id0048/English/1EflTHDLE24/00000.wav,id0048,english,1EflTHDLE24,4.1624374
voices/id0048/English/1EflTHDLE24/00001.wav,id0048,english,1EflTHDLE24,9.962438
voices/id0048/English/1EflTHDLE24/00002.wav,id0048,english,1EflTHDLE24,9.442437
voices/id0048/English/1EflTHDLE24/00003.wav,id0048,english,1EflTHDLE24,16.082438
voices/id0048/English/1EflTHDLE24/00004.wav,id0048,english,1EflTHDLE24,10.242437
voices/id0048/English/1EflTHDLE24/00005.wav,id0048,english,1EflTHDLE24,15.962438
voices/id0048/English/1EflTHDLE24/00006.wav,id0048,english,1EflTHDLE24,7.9624376
voices/id0048/English/1EflTHDLE24/00007.wav,id0048,english,1EflTHDLE24,5.5224376
voices/id0048/English/D0ZDRfUMOv0/00001.wav,id0048,english,D0ZDRfUMOv0,115.00243
voices/id0048/English/D0ZDRfUMOv0/00002.wav,id0048,english,D0ZDRfUMOv0,25.602438
voices/id0048/English/FUaGL27xxYc/00001.wav,id0048,english,FUaGL27xxYc,9.882438
voices/id0048/English/FUaGL27xxYc/00002.wav,id0048,english,FUaGL27xxYc,14.002438
voices/id0048/English/FUaGL27xxYc/00003.wav,id0048,english,FUaGL27xxYc,6.2424374
voices/id0048/English/FUaGL27xxYc/00004.wav,id0048,english,FUaGL27xxYc,6.9224377
voices/id0048/English/FUaGL27xxYc/00005.wav,id0048,english,FUaGL27xxYc,14.962438
voices/id0048/English/FUaGL27xxYc/00006.wav,id0048,english,FUaGL27xxYc,4.3224373
voices/id0048/English/FUaGL27xxYc/00007.wav,id0048,english,FUaGL27xxYc,14.522437
voices/id0048/English/FUaGL27xxYc/00008.wav,id0048,english,FUaGL27xxYc,11.802438
voices/id0048/English/FUaGL27xxYc/00009.wav,id0048,english,FUaGL27xxYc,9.682438
voices/id0048/English/FUaGL27xxYc/00010.wav,id0048,english,FUaGL27xxYc,5.6824374
voices/id0048/English/FUaGL27xxYc/00011.wav,id0048,english,FUaGL27xxYc,9.402437
voices/id0048/English/MjhR8_9AWXQ/00001.wav,id0048,english,MjhR8_9AWXQ,19.122438
voices/id0048/English/MjhR8_9AWXQ/00003.wav,id0048,english,MjhR8_9AWXQ,20.482437
voices/id0048/English/MjhR8_9AWXQ/00004.wav,id0048,english,MjhR8_9AWXQ,14.962438
voices/id0048/English/MjhR8_9AWXQ/00005.wav,id0048,english,MjhR8_9AWXQ,13.682438
voices/id0048/English/oQ4Y6GEHhyo/00002.wav,id0048,english,oQ4Y6GEHhyo,6.2824373
voices/id0048/English/oQ4Y6GEHhyo/00010.wav,id0048,english,oQ4Y6GEHhyo,6.0024376
voices/id0048/English/oQ4Y6GEHhyo/00011.wav,id0048,english,oQ4Y6GEHhyo,8.002438
voices/id0048/English/oQ4Y6GEHhyo/00012.wav,id0048,english,oQ4Y6GEHhyo,8.962438
voices/id0048/English/oQ4Y6GEHhyo/00024.wav,id0048,english,oQ4Y6GEHhyo,18.842438
voices/id0048/English/oQ4Y6GEHhyo/00029.wav,id0048,english,oQ4Y6GEHhyo,4.6824374
voices/id0048/English/XfPW63IlNpA/00001.wav,id0048,english,XfPW63IlNpA,6.2824373
voices/id0048/English/XfPW63IlNpA/00002.wav,id0048,english,XfPW63IlNpA,6.7624373
voices/id0048/English/XfPW63IlNpA/00004.wav,id0048,english,XfPW63IlNpA,9.562437
voices/id0048/English/XfPW63IlNpA/00005.wav,id0048,english,XfPW63IlNpA,6.9224377
voices/id0048/English/XfPW63IlNpA/00006.wav,id0048,english,XfPW63IlNpA,7.6024375
voices/id0048/German/1pzw0Ygg9AE/00004.wav,id0048,german,1pzw0Ygg9AE,10.282437
voices/id0048/German/1pzw0Ygg9AE/00005.wav,id0048,german,1pzw0Ygg9AE,8.242437
voices/id0048/German/1pzw0Ygg9AE/00006.wav,id0048,german,1pzw0Ygg9AE,6.0024376
voices/id0048/German/1pzw0Ygg9AE/00007.wav,id0048,german,1pzw0Ygg9AE,5.7624373
voices/id0048/German/1pzw0Ygg9AE/00008.wav,id0048,german,1pzw0Ygg9AE,11.722438
voices/id0048/German/BoX5g1bBEj4/00000.wav,id0048,german,BoX5g1bBEj4,9.602438
voices/id0048/German/gs3vvnr6dLo/00003.wav,id0048,german,gs3vvnr6dLo,6.3224373
voices/id0048/German/gs3vvnr6dLo/00011.wav,id0048,german,gs3vvnr6dLo,10.242437
voices/id0048/German/gs3vvnr6dLo/00013.wav,id0048,german,gs3vvnr6dLo,9.682438
voices/id0048/German/gs3vvnr6dLo/00014.wav,id0048,german,gs3vvnr6dLo,7.5624375
voices/id0048/German/gs3vvnr6dLo/00017.wav,id0048,german,gs3vvnr6dLo,12.562437
voices/id0048/German/gs3vvnr6dLo/00021.wav,id0048,german,gs3vvnr6dLo,63.802437
voices/id0048/German/gs3vvnr6dLo/00030.wav,id0048,german,gs3vvnr6dLo,44.442436
voices/id0048/German/gs3vvnr6dLo/00033.wav,id0048,german,gs3vvnr6dLo,56.922436
voices/id0048/German/gs3vvnr6dLo/00045.wav,id0048,german,gs3vvnr6dLo,30.522438
voices/id0048/German/gs3vvnr6dLo/00046.wav,id0048,german,gs3vvnr6dLo,4.2024374
voices/id0048/German/gs3vvnr6dLo/00054.wav,id0048,german,gs3vvnr6dLo,16.802437
voices/id0048/German/gs3vvnr6dLo/00055.wav,id0048,german,gs3vvnr6dLo,15.0824375
voices/id0048/German/gs3vvnr6dLo/00059.wav,id0048,german,gs3vvnr6dLo,7.0824375
voices/id0048/German/gs3vvnr6dLo/00060.wav,id0048,german,gs3vvnr6dLo,9.042438
voices/id0048/German/gs3vvnr6dLo/00071.wav,id0048,german,gs3vvnr6dLo,4.4024377
voices/id0048/German/gs3vvnr6dLo/00072.wav,id0048,german,gs3vvnr6dLo,6.9224377
voices/id0049/English/MdtK34uhHlQ/00006.wav,id0049,english,MdtK34uhHlQ,21.242437
voices/id0049/English/MdtK34uhHlQ/00007.wav,id0049,english,MdtK34uhHlQ,31.562437
voices/id0049/English/MdtK34uhHlQ/00008.wav,id0049,english,MdtK34uhHlQ,34.162437
voices/id0049/English/MdtK34uhHlQ/00009.wav,id0049,english,MdtK34uhHlQ,5.4824376
voices/id0049/English/MdtK34uhHlQ/00010.wav,id0049,english,MdtK34uhHlQ,7.6424375
voices/id0049/English/MdtK34uhHlQ/00011.wav,id0049,english,MdtK34uhHlQ,22.162437
voices/id0049/English/MdtK34uhHlQ/00014.wav,id0049,english,MdtK34uhHlQ,10.322437
voices/id0049/English/MdtK34uhHlQ/00015.wav,id0049,english,MdtK34uhHlQ,40.322437
voices/id0049/English/MdtK34uhHlQ/00016.wav,id0049,english,MdtK34uhHlQ,11.202437
voices/id0049/English/MdtK34uhHlQ/00017.wav,id0049,english,MdtK34uhHlQ,6.0024376
voices/id0049/English/paEOGZbR5EI/00005.wav,id0049,english,paEOGZbR5EI,26.042437
voices/id0049/English/paEOGZbR5EI/00006.wav,id0049,english,paEOGZbR5EI,6.6424375
voices/id0049/English/paEOGZbR5EI/00010.wav,id0049,english,paEOGZbR5EI,36.802437
voices/id0049/English/paEOGZbR5EI/00012.wav,id0049,english,paEOGZbR5EI,17.282438
voices/id0049/English/paEOGZbR5EI/00014.wav,id0049,english,paEOGZbR5EI,36.522438
voices/id0049/English/paEOGZbR5EI/00015.wav,id0049,english,paEOGZbR5EI,50.842438
voices/id0049/English/paEOGZbR5EI/00016.wav,id0049,english,paEOGZbR5EI,9.002438
voices/id0049/English/paEOGZbR5EI/00018.wav,id0049,english,paEOGZbR5EI,5.0424376
voices/id0049/English/paEOGZbR5EI/00019.wav,id0049,english,paEOGZbR5EI,5.8424373
voices/id0049/English/paEOGZbR5EI/00020.wav,id0049,english,paEOGZbR5EI,21.162437
voices/id0049/English/paEOGZbR5EI/00022.wav,id0049,english,paEOGZbR5EI,22.082438
voices/id0049/English/paEOGZbR5EI/00024.wav,id0049,english,paEOGZbR5EI,6.6024375
voices/id0049/English/paEOGZbR5EI/00025.wav,id0049,english,paEOGZbR5EI,8.202437
voices/id0049/English/paEOGZbR5EI/00027.wav,id0049,english,paEOGZbR5EI,49.002438
voices/id0049/English/paEOGZbR5EI/00029.wav,id0049,english,paEOGZbR5EI,4.2024374
voices/id0049/English/paEOGZbR5EI/00030.wav,id0049,english,paEOGZbR5EI,6.0424376
voices/id0049/English/uCaTAGNkYQc/00000.wav,id0049,english,uCaTAGNkYQc,8.602438
voices/id0049/English/uCaTAGNkYQc/00001.wav,id0049,english,uCaTAGNkYQc,7.6824374
voices/id0049/English/uCaTAGNkYQc/00002.wav,id0049,english,uCaTAGNkYQc,4.1624374
voices/id0049/English/uCaTAGNkYQc/00003.wav,id0049,english,uCaTAGNkYQc,9.722438
voices/id0049/English/uCaTAGNkYQc/00004.wav,id0049,english,uCaTAGNkYQc,4.8824377
voices/id0049/English/uCaTAGNkYQc/00005.wav,id0049,english,uCaTAGNkYQc,5.1224375
voices/id0049/English/uCaTAGNkYQc/00006.wav,id0049,english,uCaTAGNkYQc,20.802437
voices/id0049/English/uCaTAGNkYQc/00007.wav,id0049,english,uCaTAGNkYQc,12.242437
voices/id0049/English/uCaTAGNkYQc/00008.wav,id0049,english,uCaTAGNkYQc,7.6024375
voices/id0049/English/uCaTAGNkYQc/00009.wav,id0049,english,uCaTAGNkYQc,21.042437
voices/id0049/German/IEAZt1ZHcYA/00003.wav,id0049,german,IEAZt1ZHcYA,12.282437
voices/id0049/German/IEAZt1ZHcYA/00004.wav,id0049,german,IEAZt1ZHcYA,23.882437
voices/id0049/German/IEAZt1ZHcYA/00006.wav,id0049,german,IEAZt1ZHcYA,71.64244
voices/id0049/German/IEAZt1ZHcYA/00007.wav,id0049,german,IEAZt1ZHcYA,24.002438
voices/id0049/German/IEAZt1ZHcYA/00009.wav,id0049,german,IEAZt1ZHcYA,27.442438
voices/id0049/German/IEAZt1ZHcYA/00010.wav,id0049,german,IEAZt1ZHcYA,16.442438
voices/id0049/German/IEAZt1ZHcYA/00012.wav,id0049,german,IEAZt1ZHcYA,47.20244
voices/id0049/German/IEAZt1ZHcYA/00014.wav,id0049,german,IEAZt1ZHcYA,11.0824375
voices/id0049/German/IEAZt1ZHcYA/00015.wav,id0049,german,IEAZt1ZHcYA,8.242437
voices/id0049/German/IEAZt1ZHcYA/00016.wav,id0049,german,IEAZt1ZHcYA,46.082436
voices/id0049/German/IEAZt1ZHcYA/00017.wav,id0049,german,IEAZt1ZHcYA,9.1224375
voices/id0050/English/1EBVqK5FJG0/00000.wav,id0050,english,1EBVqK5FJG0,4.5624375
voices/id0050/English/1EBVqK5FJG0/00001.wav,id0050,english,1EBVqK5FJG0,5.2824373
voices/id0050/English/1EBVqK5FJG0/00002.wav,id0050,english,1EBVqK5FJG0,9.322437
voices/id0050/English/1EBVqK5FJG0/00004.wav,id0050,english,1EBVqK5FJG0,5.0424376
voices/id0050/English/1EBVqK5FJG0/00006.wav,id0050,english,1EBVqK5FJG0,11.642438
voices/id0050/English/1EBVqK5FJG0/00009.wav,id0050,english,1EBVqK5FJG0,13.682438
voices/id0050/English/1EBVqK5FJG0/00012.wav,id0050,english,1EBVqK5FJG0,11.882438
voices/id0050/English/1EBVqK5FJG0/00013.wav,id0050,english,1EBVqK5FJG0,11.522437
voices/id0050/English/1EBVqK5FJG0/00025.wav,id0050,english,1EBVqK5FJG0,5.0824375
voices/id0050/English/1EBVqK5FJG0/00027.wav,id0050,english,1EBVqK5FJG0,9.322437
voices/id0050/English/1EBVqK5FJG0/00029.wav,id0050,english,1EBVqK5FJG0,4.6424375
voices/id0050/English/1EBVqK5FJG0/00030.wav,id0050,english,1EBVqK5FJG0,4.4024377
voices/id0050/English/7qOSb9g5kF0/00000.wav,id0050,english,7qOSb9g5kF0,6.6824374
voices/id0050/English/7qOSb9g5kF0/00001.wav,id0050,english,7qOSb9g5kF0,8.282437
voices/id0050/English/7qOSb9g5kF0/00003.wav,id0050,english,7qOSb9g5kF0,20.882437
voices/id0050/English/7qOSb9g5kF0/00007.wav,id0050,english,7qOSb9g5kF0,50.082436
voices/id0050/English/7qOSb9g5kF0/00008.wav,id0050,english,7qOSb9g5kF0,13.402437
voices/id0050/English/aYWbfVNM7ok/00001.wav,id0050,english,aYWbfVNM7ok,23.002438
voices/id0050/English/aYWbfVNM7ok/00003.wav,id0050,english,aYWbfVNM7ok,18.76
voices/id0050/English/clI05zYu8dc/00003.wav,id0050,english,clI05zYu8dc,20.362438
voices/id0050/English/clI05zYu8dc/00004.wav,id0050,english,clI05zYu8dc,5.8824377
voices/id0050/English/clI05zYu8dc/00005.wav,id0050,english,clI05zYu8dc,9.642438
voices/id0050/English/clI05zYu8dc/00006.wav,id0050,english,clI05zYu8dc,21.362438
voices/id0050/English/clI05zYu8dc/00008.wav,id0050,english,clI05zYu8dc,26.042437
voices/id0050/English/clI05zYu8dc/00012.wav,id0050,english,clI05zYu8dc,28.842438
voices/id0050/English/clI05zYu8dc/00013.wav,id0050,english,clI05zYu8dc,5.1224375
voices/id0050/English/clI05zYu8dc/00022.wav,id0050,english,clI05zYu8dc,8.602438
voices/id0050/English/clI05zYu8dc/00023.wav,id0050,english,clI05zYu8dc,18.602438
voices/id0050/English/clI05zYu8dc/00027.wav,id0050,english,clI05zYu8dc,8.442437
voices/id0050/English/M6y6K3PPrZk/00000.wav,id0050,english,M6y6K3PPrZk,6.5624375
voices/id0050/English/M6y6K3PPrZk/00002.wav,id0050,english,M6y6K3PPrZk,15.002438
voices/id0050/English/z_yGAoDkMPg/00000.wav,id0050,english,z_yGAoDkMPg,4.0424376
voices/id0050/English/z_yGAoDkMPg/00001.wav,id0050,english,z_yGAoDkMPg,4.2424374
voices/id0050/English/z_yGAoDkMPg/00002.wav,id0050,english,z_yGAoDkMPg,8.362437
voices/id0050/English/z_yGAoDkMPg/00003.wav,id0050,english,z_yGAoDkMPg,4.2824373
voices/id0050/English/z_yGAoDkMPg/00004.wav,id0050,english,z_yGAoDkMPg,7.4424376
voices/id0050/English/z_yGAoDkMPg/00005.wav,id0050,english,z_yGAoDkMPg,12.522437
voices/id0050/English/z_yGAoDkMPg/00006.wav,id0050,english,z_yGAoDkMPg,11.882438
voices/id0050/English/z_yGAoDkMPg/00007.wav,id0050,english,z_yGAoDkMPg,5.7224374
voices/id0050/English/z_yGAoDkMPg/00008.wav,id0050,english,z_yGAoDkMPg,6.8824377
voices/id0050/English/z_yGAoDkMPg/00009.wav,id0050,english,z_yGAoDkMPg,7.2024374
voices/id0050/English/z_yGAoDkMPg/00010.wav,id0050,english,z_yGAoDkMPg,10.002438
voices/id0050/English/z_yGAoDkMPg/00011.wav,id0050,english,z_yGAoDkMPg,5.7224374
voices/id0050/English/z_yGAoDkMPg/00012.wav,id0050,english,z_yGAoDkMPg,6.8024373
voices/id0050/English/z_yGAoDkMPg/00013.wav,id0050,english,z_yGAoDkMPg,8.682438
voices/id0050/English/z_yGAoDkMPg/00014.wav,id0050,english,z_yGAoDkMPg,4.2424374
voices/id0050/English/z_yGAoDkMPg/00015.wav,id0050,english,z_yGAoDkMPg,5.5224376
voices/id0050/English/z_yGAoDkMPg/00016.wav,id0050,english,z_yGAoDkMPg,5.2424374
voices/id0050/English/z_yGAoDkMPg/00017.wav,id0050,english,z_yGAoDkMPg,8.322437
voices/id0050/English/z_yGAoDkMPg/00018.wav,id0050,english,z_yGAoDkMPg,8.362437
voices/id0050/English/z_yGAoDkMPg/00019.wav,id0050,english,z_yGAoDkMPg,7.6424375
voices/id0050/English/z_yGAoDkMPg/00020.wav,id0050,english,z_yGAoDkMPg,4.5624375
voices/id0050/English/z_yGAoDkMPg/00021.wav,id0050,english,z_yGAoDkMPg,10.402437
voices/id0050/English/z_yGAoDkMPg/00022.wav,id0050,english,z_yGAoDkMPg,9.202437
voices/id0050/English/z_yGAoDkMPg/00023.wav,id0050,english,z_yGAoDkMPg,21.562437
voices/id0050/English/z_yGAoDkMPg/00024.wav,id0050,english,z_yGAoDkMPg,5.5624375
voices/id0050/English/z_yGAoDkMPg/00025.wav,id0050,english,z_yGAoDkMPg,4.4024377
voices/id0050/English/z_yGAoDkMPg/00026.wav,id0050,english,z_yGAoDkMPg,9.482437
voices/id0050/English/z_yGAoDkMPg/00027.wav,id0050,english,z_yGAoDkMPg,11.042438
voices/id0050/English/z_yGAoDkMPg/00028.wav,id0050,english,z_yGAoDkMPg,7.1224375
voices/id0050/English/z_yGAoDkMPg/00029.wav,id0050,english,z_yGAoDkMPg,6.7224374
voices/id0050/English/z_yGAoDkMPg/00030.wav,id0050,english,z_yGAoDkMPg,4.1624374
voices/id0050/English/z_yGAoDkMPg/00031.wav,id0050,english,z_yGAoDkMPg,7.6424375
voices/id0050/English/z_yGAoDkMPg/00032.wav,id0050,english,z_yGAoDkMPg,14.722438
voices/id0050/English/z_yGAoDkMPg/00033.wav,id0050,english,z_yGAoDkMPg,4.0424376
voices/id0050/English/z_yGAoDkMPg/00034.wav,id0050,english,z_yGAoDkMPg,4.5224376
voices/id0050/English/z_yGAoDkMPg/00035.wav,id0050,english,z_yGAoDkMPg,4.2824373
voices/id0050/English/z_yGAoDkMPg/00036.wav,id0050,english,z_yGAoDkMPg,9.802438
voices/id0050/English/z_yGAoDkMPg/00037.wav,id0050,english,z_yGAoDkMPg,5.0024376
voices/id0050/English/z_yGAoDkMPg/00038.wav,id0050,english,z_yGAoDkMPg,5.2024374
voices/id0050/English/z_yGAoDkMPg/00039.wav,id0050,english,z_yGAoDkMPg,4.6424375
voices/id0050/English/z_yGAoDkMPg/00040.wav,id0050,english,z_yGAoDkMPg,13.242437
voices/id0050/English/z_yGAoDkMPg/00041.wav,id0050,english,z_yGAoDkMPg,9.802438
voices/id0050/English/z_yGAoDkMPg/00042.wav,id0050,english,z_yGAoDkMPg,5.1224375
voices/id0050/English/z_yGAoDkMPg/00043.wav,id0050,english,z_yGAoDkMPg,5.4824376
voices/id0050/English/z_yGAoDkMPg/00044.wav,id0050,english,z_yGAoDkMPg,11.922438
voices/id0050/English/z_yGAoDkMPg/00045.wav,id0050,english,z_yGAoDkMPg,10.482437
voices/id0050/English/z_yGAoDkMPg/00046.wav,id0050,english,z_yGAoDkMPg,4.5624375
voices/id0050/English/z_yGAoDkMPg/00047.wav,id0050,english,z_yGAoDkMPg,6.6824374
voices/id0050/English/z_yGAoDkMPg/00048.wav,id0050,english,z_yGAoDkMPg,10.722438
voices/id0050/English/z_yGAoDkMPg/00049.wav,id0050,english,z_yGAoDkMPg,9.762438
voices/id0050/English/z_yGAoDkMPg/00050.wav,id0050,english,z_yGAoDkMPg,6.6024375
voices/id0050/English/z_yGAoDkMPg/00051.wav,id0050,english,z_yGAoDkMPg,7.8824377
voices/id0050/English/z_yGAoDkMPg/00052.wav,id0050,english,z_yGAoDkMPg,6.6024375
voices/id0050/English/z_yGAoDkMPg/00053.wav,id0050,english,z_yGAoDkMPg,9.442437
voices/id0050/English/z_yGAoDkMPg/00054.wav,id0050,english,z_yGAoDkMPg,7.8024373
voices/id0050/English/z_yGAoDkMPg/00055.wav,id0050,english,z_yGAoDkMPg,9.402437
voices/id0050/English/z_yGAoDkMPg/00056.wav,id0050,english,z_yGAoDkMPg,5.2424374
voices/id0050/English/z_yGAoDkMPg/00057.wav,id0050,english,z_yGAoDkMPg,4.5624375
voices/id0050/English/z_yGAoDkMPg/00058.wav,id0050,english,z_yGAoDkMPg,7.0024376
voices/id0050/English/z_yGAoDkMPg/00059.wav,id0050,english,z_yGAoDkMPg,4.5224376
voices/id0050/English/z_yGAoDkMPg/00060.wav,id0050,english,z_yGAoDkMPg,16.522438
voices/id0050/English/z_yGAoDkMPg/00061.wav,id0050,english,z_yGAoDkMPg,8.442437
voices/id0050/English/z_yGAoDkMPg/00062.wav,id0050,english,z_yGAoDkMPg,6.4824376
voices/id0050/English/z_yGAoDkMPg/00063.wav,id0050,english,z_yGAoDkMPg,6.8024373
voices/id0050/English/z_yGAoDkMPg/00064.wav,id0050,english,z_yGAoDkMPg,4.2424374
voices/id0050/English/z_yGAoDkMPg/00065.wav,id0050,english,z_yGAoDkMPg,7.0424376
voices/id0050/English/z_yGAoDkMPg/00066.wav,id0050,english,z_yGAoDkMPg,7.6424375
voices/id0050/German/roAxvxICLT0/00001.wav,id0050,german,roAxvxICLT0,24.497438
voices/id0050/German/roAxvxICLT0/00002.wav,id0050,german,roAxvxICLT0,24.866438
voices/id0050/German/YhadMsGvqQg/00003.wav,id0050,german,YhadMsGvqQg,60.482437
voices/id0050/German/YhadMsGvqQg/00005.wav,id0050,german,YhadMsGvqQg,83.00243
voices/id0050/German/YhadMsGvqQg/00008.wav,id0050,german,YhadMsGvqQg,85.28244
