path,spk,lang,video
faces/id0001/English/XtKYDOsvsG0/000000001.jpg,id0001,english,XtKYDOsvsG0
faces/id0001/English/XtKYDOsvsG0/000000039.jpg,id0001,english,XtKYDOsvsG0
faces/id0001/English/XtKYDOsvsG0/000000078.jpg,id0001,english,XtKYDOsvsG0
faces/id0001/English/XtKYDOsvsG0/000000116.jpg,id0001,english,XtKYDOsvsG0
faces/id0001/English/XtKYDOsvsG0/000010021.jpg,id0001,english,XtKYDOsvsG0
faces/id0001/English/XtKYDOsvsG0/000010059.jpg,id0001,english,XtKYDOsvsG0
faces/id0001/English/XtKYDOsvsG0/000010098.jpg,id0001,english,XtKYDOsvsG0
faces/id0001/English/XtKYDOsvsG0/000010136.jpg,id0001,english,XtKYDOsvsG0
faces/id0001/English/h_vamljclHE/000000025.jpg,id0001,english,h_vamljclHE
faces/id0001/English/h_vamljclHE/000000350.jpg,id0001,english,h_vamljclHE
faces/id0001/English/h_vamljclHE/000000675.jpg,id0001,english,h_vamljclHE
faces/id0001/English/h_vamljclHE/000001000.jpg,id0001,english,h_vamljclHE
faces/id0001/English/h_vamljclHE/000001300.jpg,id0001,english,h_vamljclHE
faces/id0001/English/h_vamljclHE/000001625.jpg,id0001,english,h_vamljclHE
faces/id0001/English/h_vamljclHE/000001950.jpg,id0001,english,h_vamljclHE
faces/id0001/English/h_vamljclHE/000002275.jpg,id0001,english,h_vamljclHE
faces/id0001/English/j9laBEe_a9k/000000025.jpg,id0001,english,j9laBEe_a9k
faces/id0001/English/j9laBEe_a9k/000000350.jpg,id0001,english,j9laBEe_a9k
faces/id0001/English/j9laBEe_a9k/000000675.jpg,id0001,english,j9laBEe_a9k
faces/id0001/English/j9laBEe_a9k/000001000.jpg,id0001,english,j9laBEe_a9k
faces/id0001/English/j9laBEe_a9k/000001300.jpg,id0001,english,j9laBEe_a9k
faces/id0001/English/j9laBEe_a9k/000001625.jpg,id0001,english,j9laBEe_a9k
faces/id0001/English/j9laBEe_a9k/000001950.jpg,id0001,english,j9laBEe_a9k
faces/id0001/English/j9laBEe_a9k/000002275.jpg,id0001,english,j9laBEe_a9k
faces/id0001/English/msPfcIocWrc/000000025.jpg,id0001,english,msPfcIocWrc
faces/id0001/English/msPfcIocWrc/000000300.jpg,id0001,english,msPfcIocWrc
faces/id0001/English/msPfcIocWrc/000000575.jpg,id0001,english,msPfcIocWrc
faces/id0001/English/msPfcIocWrc/000010175.jpg,id0001,english,msPfcIocWrc
faces/id0001/English/msPfcIocWrc/000010475.jpg,id0001,english,msPfcIocWrc
faces/id0001/English/msPfcIocWrc/000020250.jpg,id0001,english,msPfcIocWrc
faces/id0001/English/msPfcIocWrc/000020525.jpg,id0001,english,msPfcIocWrc
faces/id0001/English/msPfcIocWrc/000020800.jpg,id0001,english,msPfcIocWrc
faces/id0001/English/omPIqSJukyQ/000000025.jpg,id0001,english,omPIqSJukyQ
faces/id0001/English/omPIqSJukyQ/000000100.jpg,id0001,english,omPIqSJukyQ
faces/id0001/English/omPIqSJukyQ/000000150.jpg,id0001,english,omPIqSJukyQ
faces/id0001/English/omPIqSJukyQ/000000225.jpg,id0001,english,omPIqSJukyQ
faces/id0001/English/omPIqSJukyQ/000000300.jpg,id0001,english,omPIqSJukyQ
faces/id0001/English/omPIqSJukyQ/000000375.jpg,id0001,english,omPIqSJukyQ
faces/id0001/English/omPIqSJukyQ/000000425.jpg,id0001,english,omPIqSJukyQ
faces/id0001/English/omPIqSJukyQ/000000500.jpg,id0001,english,omPIqSJukyQ
faces/id0001/English/uXyNswH9Tus/000000025.jpg,id0001,english,uXyNswH9Tus
faces/id0001/English/uXyNswH9Tus/000000175.jpg,id0001,english,uXyNswH9Tus
faces/id0001/English/uXyNswH9Tus/000000325.jpg,id0001,english,uXyNswH9Tus
faces/id0001/English/uXyNswH9Tus/000000475.jpg,id0001,english,uXyNswH9Tus
faces/id0001/English/uXyNswH9Tus/000000600.jpg,id0001,english,uXyNswH9Tus
faces/id0001/English/uXyNswH9Tus/000000750.jpg,id0001,english,uXyNswH9Tus
faces/id0001/English/uXyNswH9Tus/000000900.jpg,id0001,english,uXyNswH9Tus
faces/id0001/English/uXyNswH9Tus/000001050.jpg,id0001,english,uXyNswH9Tus
faces/id0001/German/8tyyC9BXuQA/000000025.jpg,id0001,german,8tyyC9BXuQA
faces/id0001/German/8tyyC9BXuQA/000000225.jpg,id0001,german,8tyyC9BXuQA
faces/id0001/German/8tyyC9BXuQA/000000425.jpg,id0001,german,8tyyC9BXuQA
faces/id0001/German/8tyyC9BXuQA/000000625.jpg,id0001,german,8tyyC9BXuQA
faces/id0001/German/8tyyC9BXuQA/000000825.jpg,id0001,german,8tyyC9BXuQA
faces/id0001/German/8tyyC9BXuQA/000001025.jpg,id0001,german,8tyyC9BXuQA
faces/id0001/German/8tyyC9BXuQA/000001225.jpg,id0001,german,8tyyC9BXuQA
faces/id0001/German/8tyyC9BXuQA/000001425.jpg,id0001,german,8tyyC9BXuQA
faces/id0001/German/O14Izflu0ac/000000025.jpg,id0001,german,O14Izflu0ac
faces/id0001/German/O14Izflu0ac/000000200.jpg,id0001,german,O14Izflu0ac
faces/id0001/German/O14Izflu0ac/000020025.jpg,id0001,german,O14Izflu0ac
faces/id0001/German/O14Izflu0ac/000020200.jpg,id0001,german,O14Izflu0ac
faces/id0001/German/O14Izflu0ac/000040050.jpg,id0001,german,O14Izflu0ac
faces/id0001/German/O14Izflu0ac/000040225.jpg,id0001,german,O14Izflu0ac
faces/id0001/German/O14Izflu0ac/000050100.jpg,id0001,german,O14Izflu0ac
faces/id0001/German/O14Izflu0ac/000050275.jpg,id0001,german,O14Izflu0ac
faces/id0001/German/O51EXXy8QOQ/000050025.jpg,id0001,german,O51EXXy8QOQ
faces/id0001/German/O51EXXy8QOQ/000050050.jpg,id0001,german,O51EXXy8QOQ
faces/id0001/German/O51EXXy8QOQ/000050075.jpg,id0001,german,O51EXXy8QOQ
faces/id0001/German/O51EXXy8QOQ/000050100.jpg,id0001,german,O51EXXy8QOQ
faces/id0001/German/OmqPjkYoqRo/000010025.jpg,id0001,german,OmqPjkYoqRo
faces/id0001/German/OmqPjkYoqRo/000050100.jpg,id0001,german,OmqPjkYoqRo
faces/id0001/German/OmqPjkYoqRo/000100350.jpg,id0001,german,OmqPjkYoqRo
faces/id0001/German/OmqPjkYoqRo/000140025.jpg,id0001,german,OmqPjkYoqRo
faces/id0001/German/OmqPjkYoqRo/000160200.jpg,id0001,german,OmqPjkYoqRo
faces/id0001/German/OmqPjkYoqRo/000230250.jpg,id0001,german,OmqPjkYoqRo
faces/id0001/German/OmqPjkYoqRo/000290300.jpg,id0001,german,OmqPjkYoqRo
faces/id0001/German/OmqPjkYoqRo/000340175.jpg,id0001,german,OmqPjkYoqRo
faces/id0001/German/QLynKZ222Ic/000000025.jpg,id0001,german,QLynKZ222Ic
faces/id0001/German/QLynKZ222Ic/000000400.jpg,id0001,german,QLynKZ222Ic
faces/id0001/German/QLynKZ222Ic/000000775.jpg,id0001,german,QLynKZ222Ic
faces/id0001/German/QLynKZ222Ic/000001150.jpg,id0001,german,QLynKZ222Ic
faces/id0001/German/QLynKZ222Ic/000001525.jpg,id0001,german,QLynKZ222Ic
faces/id0001/German/QLynKZ222Ic/000001900.jpg,id0001,german,QLynKZ222Ic
faces/id0001/German/QLynKZ222Ic/000002275.jpg,id0001,german,QLynKZ222Ic
faces/id0001/German/QLynKZ222Ic/000002650.jpg,id0001,german,QLynKZ222Ic
faces/id0001/German/ptweuBPJaz0/000000025.jpg,id0001,german,ptweuBPJaz0
faces/id0001/German/ptweuBPJaz0/000000600.jpg,id0001,german,ptweuBPJaz0
faces/id0001/German/ptweuBPJaz0/000001175.jpg,id0001,german,ptweuBPJaz0
faces/id0001/German/ptweuBPJaz0/000001750.jpg,id0001,german,ptweuBPJaz0
faces/id0001/German/ptweuBPJaz0/000002300.jpg,id0001,german,ptweuBPJaz0
faces/id0001/German/ptweuBPJaz0/000002875.jpg,id0001,german,ptweuBPJaz0
faces/id0001/German/ptweuBPJaz0/000003450.jpg,id0001,german,ptweuBPJaz0
faces/id0001/German/ptweuBPJaz0/000004025.jpg,id0001,german,ptweuBPJaz0
faces/id0001/German/qnEJMy05qhU/000000025.jpg,id0001,german,qnEJMy05qhU
faces/id0001/German/qnEJMy05qhU/000001275.jpg,id0001,german,qnEJMy05qhU
faces/id0001/German/qnEJMy05qhU/000002550.jpg,id0001,german,qnEJMy05qhU
faces/id0001/German/qnEJMy05qhU/000003800.jpg,id0001,german,qnEJMy05qhU
faces/id0001/German/qnEJMy05qhU/000005050.jpg,id0001,german,qnEJMy05qhU
faces/id0001/German/qnEJMy05qhU/000006300.jpg,id0001,german,qnEJMy05qhU
faces/id0001/German/qnEJMy05qhU/000007575.jpg,id0001,german,qnEJMy05qhU
faces/id0001/German/qnEJMy05qhU/000008825.jpg,id0001,german,qnEJMy05qhU
faces/id0002/English/2NpfYjyMsPM/000000025.jpg,id0002,english,2NpfYjyMsPM
faces/id0002/English/2NpfYjyMsPM/000000650.jpg,id0002,english,2NpfYjyMsPM
faces/id0002/English/2NpfYjyMsPM/000001250.jpg,id0002,english,2NpfYjyMsPM
faces/id0002/English/2NpfYjyMsPM/000010225.jpg,id0002,english,2NpfYjyMsPM
faces/id0002/English/2NpfYjyMsPM/000020150.jpg,id0002,english,2NpfYjyMsPM
faces/id0002/English/2NpfYjyMsPM/000020775.jpg,id0002,english,2NpfYjyMsPM
faces/id0002/English/2NpfYjyMsPM/000030600.jpg,id0002,english,2NpfYjyMsPM
faces/id0002/English/2NpfYjyMsPM/000031225.jpg,id0002,english,2NpfYjyMsPM
faces/id0002/English/awN05jdeg90/000020025.jpg,id0002,english,awN05jdeg90
faces/id0002/English/awN05jdeg90/000020900.jpg,id0002,english,awN05jdeg90
faces/id0002/English/awN05jdeg90/000100350.jpg,id0002,english,awN05jdeg90
faces/id0002/English/awN05jdeg90/000150325.jpg,id0002,english,awN05jdeg90
faces/id0002/English/awN05jdeg90/000200525.jpg,id0002,english,awN05jdeg90
faces/id0002/English/awN05jdeg90/000240875.jpg,id0002,english,awN05jdeg90
faces/id0002/English/awN05jdeg90/000320175.jpg,id0002,english,awN05jdeg90
faces/id0002/English/awN05jdeg90/000321050.jpg,id0002,english,awN05jdeg90
faces/id0002/English/gvPM4ePeZ0s/000000025.jpg,id0002,english,gvPM4ePeZ0s
faces/id0002/English/gvPM4ePeZ0s/000000625.jpg,id0002,english,gvPM4ePeZ0s
faces/id0002/English/gvPM4ePeZ0s/000010325.jpg,id0002,english,gvPM4ePeZ0s
faces/id0002/English/gvPM4ePeZ0s/000020150.jpg,id0002,english,gvPM4ePeZ0s
faces/id0002/English/gvPM4ePeZ0s/000040200.jpg,id0002,english,gvPM4ePeZ0s
faces/id0002/English/gvPM4ePeZ0s/000040800.jpg,id0002,english,gvPM4ePeZ0s
faces/id0002/English/gvPM4ePeZ0s/000050500.jpg,id0002,english,gvPM4ePeZ0s
faces/id0002/English/gvPM4ePeZ0s/000060600.jpg,id0002,english,gvPM4ePeZ0s
faces/id0002/English/oOT5usXNbPY/000000025.jpg,id0002,english,oOT5usXNbPY
faces/id0002/English/oOT5usXNbPY/000000775.jpg,id0002,english,oOT5usXNbPY
faces/id0002/English/oOT5usXNbPY/000001500.jpg,id0002,english,oOT5usXNbPY
faces/id0002/English/oOT5usXNbPY/000010650.jpg,id0002,english,oOT5usXNbPY
faces/id0002/English/oOT5usXNbPY/000011400.jpg,id0002,english,oOT5usXNbPY
faces/id0002/English/oOT5usXNbPY/000012150.jpg,id0002,english,oOT5usXNbPY
faces/id0002/English/oOT5usXNbPY/000012875.jpg,id0002,english,oOT5usXNbPY
faces/id0002/English/oOT5usXNbPY/000020175.jpg,id0002,english,oOT5usXNbPY
faces/id0002/German/2QIcaUO0U4I/000000025.jpg,id0002,german,2QIcaUO0U4I
faces/id0002/German/2QIcaUO0U4I/000090550.jpg,id0002,german,2QIcaUO0U4I
faces/id0002/German/2QIcaUO0U4I/000160350.jpg,id0002,german,2QIcaUO0U4I
faces/id0002/German/2QIcaUO0U4I/000200400.jpg,id0002,german,2QIcaUO0U4I
faces/id0002/German/2QIcaUO0U4I/000201425.jpg,id0002,german,2QIcaUO0U4I
faces/id0002/German/2QIcaUO0U4I/000210775.jpg,id0002,german,2QIcaUO0U4I
faces/id0002/German/2QIcaUO0U4I/000510450.jpg,id0002,german,2QIcaUO0U4I
faces/id0002/German/2QIcaUO0U4I/000570325.jpg,id0002,german,2QIcaUO0U4I
faces/id0002/German/B62xVmSfm-0/000030025.jpg,id0002,german,B62xVmSfm-0
faces/id0002/German/B62xVmSfm-0/000030175.jpg,id0002,german,B62xVmSfm-0
faces/id0002/German/B62xVmSfm-0/000090150.jpg,id0002,german,B62xVmSfm-0
faces/id0002/German/B62xVmSfm-0/000090300.jpg,id0002,german,B62xVmSfm-0
faces/id0002/German/B62xVmSfm-0/000090450.jpg,id0002,german,B62xVmSfm-0
faces/id0002/German/B62xVmSfm-0/000130125.jpg,id0002,german,B62xVmSfm-0
faces/id0002/German/B62xVmSfm-0/000150150.jpg,id0002,german,B62xVmSfm-0
faces/id0002/German/B62xVmSfm-0/000150300.jpg,id0002,german,B62xVmSfm-0
faces/id0002/German/sb3PAVdNxhI/000000025.jpg,id0002,german,sb3PAVdNxhI
faces/id0002/German/sb3PAVdNxhI/000010025.jpg,id0002,german,sb3PAVdNxhI
faces/id0002/German/sb3PAVdNxhI/000050075.jpg,id0002,german,sb3PAVdNxhI
faces/id0002/German/sb3PAVdNxhI/000070125.jpg,id0002,german,sb3PAVdNxhI
faces/id0002/German/sb3PAVdNxhI/000070250.jpg,id0002,german,sb3PAVdNxhI
faces/id0002/German/sb3PAVdNxhI/000090125.jpg,id0002,german,sb3PAVdNxhI
faces/id0002/German/sb3PAVdNxhI/000090275.jpg,id0002,german,sb3PAVdNxhI
faces/id0002/German/sb3PAVdNxhI/000090425.jpg,id0002,german,sb3PAVdNxhI
faces/id0003/English/FiF4TMtiYqE/000000025.jpg,id0003,english,FiF4TMtiYqE
faces/id0003/English/FiF4TMtiYqE/000000075.jpg,id0003,english,FiF4TMtiYqE
faces/id0003/English/FiF4TMtiYqE/000000125.jpg,id0003,english,FiF4TMtiYqE
faces/id0003/English/FiF4TMtiYqE/000010025.jpg,id0003,english,FiF4TMtiYqE
faces/id0003/English/FiF4TMtiYqE/000010050.jpg,id0003,english,FiF4TMtiYqE
faces/id0003/English/FiF4TMtiYqE/000010100.jpg,id0003,english,FiF4TMtiYqE
faces/id0003/English/FiF4TMtiYqE/000020050.jpg,id0003,english,FiF4TMtiYqE
faces/id0003/English/FiF4TMtiYqE/000020100.jpg,id0003,english,FiF4TMtiYqE
faces/id0003/English/JhsRA_QEhOc/000010025.jpg,id0003,english,JhsRA_QEhOc
faces/id0003/English/JhsRA_QEhOc/000020375.jpg,id0003,english,JhsRA_QEhOc
faces/id0003/English/JhsRA_QEhOc/000060100.jpg,id0003,english,JhsRA_QEhOc
faces/id0003/English/JhsRA_QEhOc/000110025.jpg,id0003,english,JhsRA_QEhOc
faces/id0003/English/JhsRA_QEhOc/000130275.jpg,id0003,english,JhsRA_QEhOc
faces/id0003/English/JhsRA_QEhOc/000140250.jpg,id0003,english,JhsRA_QEhOc
faces/id0003/English/JhsRA_QEhOc/000170450.jpg,id0003,english,JhsRA_QEhOc
faces/id0003/English/JhsRA_QEhOc/000180575.jpg,id0003,english,JhsRA_QEhOc
faces/id0003/English/li1bA2OtuAI/000000025.jpg,id0003,english,li1bA2OtuAI
faces/id0003/English/li1bA2OtuAI/000000200.jpg,id0003,english,li1bA2OtuAI
faces/id0003/English/li1bA2OtuAI/000010200.jpg,id0003,english,li1bA2OtuAI
faces/id0003/English/li1bA2OtuAI/000010375.jpg,id0003,english,li1bA2OtuAI
faces/id0003/English/li1bA2OtuAI/000030025.jpg,id0003,english,li1bA2OtuAI
faces/id0003/English/li1bA2OtuAI/000030200.jpg,id0003,english,li1bA2OtuAI
faces/id0003/English/li1bA2OtuAI/000040025.jpg,id0003,english,li1bA2OtuAI
faces/id0003/English/li1bA2OtuAI/000040200.jpg,id0003,english,li1bA2OtuAI
faces/id0003/English/o6AI8Ex156A/000010025.jpg,id0003,english,o6AI8Ex156A
faces/id0003/English/o6AI8Ex156A/000020500.jpg,id0003,english,o6AI8Ex156A
faces/id0003/English/o6AI8Ex156A/000100200.jpg,id0003,english,o6AI8Ex156A
faces/id0003/English/o6AI8Ex156A/000110700.jpg,id0003,english,o6AI8Ex156A
faces/id0003/English/o6AI8Ex156A/000160150.jpg,id0003,english,o6AI8Ex156A
faces/id0003/English/o6AI8Ex156A/000230550.jpg,id0003,english,o6AI8Ex156A
faces/id0003/English/o6AI8Ex156A/000280300.jpg,id0003,english,o6AI8Ex156A
faces/id0003/English/o6AI8Ex156A/000290700.jpg,id0003,english,o6AI8Ex156A
faces/id0003/German/RQbKZZnYvFM/000000025.jpg,id0003,german,RQbKZZnYvFM
faces/id0003/German/RQbKZZnYvFM/000000050.jpg,id0003,german,RQbKZZnYvFM
faces/id0003/German/RQbKZZnYvFM/000000075.jpg,id0003,german,RQbKZZnYvFM
faces/id0003/German/RQbKZZnYvFM/000000100.jpg,id0003,german,RQbKZZnYvFM
faces/id0003/German/RQbKZZnYvFM/000000125.jpg,id0003,german,RQbKZZnYvFM
faces/id0003/German/j71wpMmzyy0/000000025.jpg,id0003,german,j71wpMmzyy0
faces/id0003/German/j71wpMmzyy0/000020625.jpg,id0003,german,j71wpMmzyy0
faces/id0003/German/j71wpMmzyy0/000060100.jpg,id0003,german,j71wpMmzyy0
faces/id0003/German/j71wpMmzyy0/000090250.jpg,id0003,german,j71wpMmzyy0
faces/id0003/German/j71wpMmzyy0/000150075.jpg,id0003,german,j71wpMmzyy0
faces/id0003/German/j71wpMmzyy0/000190125.jpg,id0003,german,j71wpMmzyy0
faces/id0003/German/j71wpMmzyy0/000230075.jpg,id0003,german,j71wpMmzyy0
faces/id0003/German/j71wpMmzyy0/000260500.jpg,id0003,german,j71wpMmzyy0
faces/id0004/English/57NY_m2BpHw/000020025.jpg,id0004,english,57NY_m2BpHw
faces/id0004/English/57NY_m2BpHw/000030100.jpg,id0004,english,57NY_m2BpHw
faces/id0004/English/57NY_m2BpHw/000080025.jpg,id0004,english,57NY_m2BpHw
faces/id0004/English/57NY_m2BpHw/000110050.jpg,id0004,english,57NY_m2BpHw
faces/id0004/English/57NY_m2BpHw/000140025.jpg,id0004,english,57NY_m2BpHw
faces/id0004/English/57NY_m2BpHw/000170075.jpg,id0004,english,57NY_m2BpHw
faces/id0004/English/57NY_m2BpHw/000210075.jpg,id0004,english,57NY_m2BpHw
faces/id0004/English/57NY_m2BpHw/000220175.jpg,id0004,english,57NY_m2BpHw
faces/id0004/English/FmBdo9JkTuo/000000025.jpg,id0004,english,FmBdo9JkTuo
faces/id0004/English/FmBdo9JkTuo/000010100.jpg,id0004,english,FmBdo9JkTuo
faces/id0004/English/FmBdo9JkTuo/000050025.jpg,id0004,english,FmBdo9JkTuo
faces/id0004/English/FmBdo9JkTuo/000070175.jpg,id0004,english,FmBdo9JkTuo
faces/id0004/English/FmBdo9JkTuo/000110025.jpg,id0004,english,FmBdo9JkTuo
faces/id0004/English/FmBdo9JkTuo/000120300.jpg,id0004,english,FmBdo9JkTuo
faces/id0004/English/FmBdo9JkTuo/000160025.jpg,id0004,english,FmBdo9JkTuo
faces/id0004/English/FmBdo9JkTuo/000180150.jpg,id0004,english,FmBdo9JkTuo
faces/id0004/English/d1dKPTJWsYs/000000025.jpg,id0004,english,d1dKPTJWsYs
faces/id0004/English/d1dKPTJWsYs/000000550.jpg,id0004,english,d1dKPTJWsYs
faces/id0004/English/d1dKPTJWsYs/000001100.jpg,id0004,english,d1dKPTJWsYs
faces/id0004/English/d1dKPTJWsYs/000001625.jpg,id0004,english,d1dKPTJWsYs
faces/id0004/English/d1dKPTJWsYs/000010200.jpg,id0004,english,d1dKPTJWsYs
faces/id0004/English/d1dKPTJWsYs/000010725.jpg,id0004,english,d1dKPTJWsYs
faces/id0004/English/d1dKPTJWsYs/000011275.jpg,id0004,english,d1dKPTJWsYs
faces/id0004/English/d1dKPTJWsYs/000011800.jpg,id0004,english,d1dKPTJWsYs
faces/id0004/English/e66dp7tBBls/000010025.jpg,id0004,english,e66dp7tBBls
faces/id0004/English/e66dp7tBBls/000010100.jpg,id0004,english,e66dp7tBBls
faces/id0004/English/e66dp7tBBls/000100075.jpg,id0004,english,e66dp7tBBls
faces/id0004/English/e66dp7tBBls/000160025.jpg,id0004,english,e66dp7tBBls
faces/id0004/English/e66dp7tBBls/000160100.jpg,id0004,english,e66dp7tBBls
faces/id0004/English/e66dp7tBBls/000170050.jpg,id0004,english,e66dp7tBBls
faces/id0004/English/e66dp7tBBls/000170150.jpg,id0004,english,e66dp7tBBls
faces/id0004/English/e66dp7tBBls/000170225.jpg,id0004,english,e66dp7tBBls
faces/id0004/English/zj-c7DJ5NW4/000000025.jpg,id0004,english,zj-c7DJ5NW4
faces/id0004/English/zj-c7DJ5NW4/000020225.jpg,id0004,english,zj-c7DJ5NW4
faces/id0004/English/zj-c7DJ5NW4/000030175.jpg,id0004,english,zj-c7DJ5NW4
faces/id0004/English/zj-c7DJ5NW4/000070100.jpg,id0004,english,zj-c7DJ5NW4
faces/id0004/English/zj-c7DJ5NW4/000100125.jpg,id0004,english,zj-c7DJ5NW4
faces/id0004/English/zj-c7DJ5NW4/000150050.jpg,id0004,english,zj-c7DJ5NW4
faces/id0004/English/zj-c7DJ5NW4/000190025.jpg,id0004,english,zj-c7DJ5NW4
faces/id0004/English/zj-c7DJ5NW4/000230100.jpg,id0004,english,zj-c7DJ5NW4
faces/id0004/German/8M_q7cLFm0c/000040025.jpg,id0004,german,8M_q7cLFm0c
faces/id0004/German/8M_q7cLFm0c/000130225.jpg,id0004,german,8M_q7cLFm0c
faces/id0004/German/8M_q7cLFm0c/000220150.jpg,id0004,german,8M_q7cLFm0c
faces/id0004/German/8M_q7cLFm0c/000270550.jpg,id0004,german,8M_q7cLFm0c
faces/id0004/German/8M_q7cLFm0c/000290775.jpg,id0004,german,8M_q7cLFm0c
faces/id0004/German/8M_q7cLFm0c/000320725.jpg,id0004,german,8M_q7cLFm0c
faces/id0004/German/8M_q7cLFm0c/000390325.jpg,id0004,german,8M_q7cLFm0c
faces/id0004/German/8M_q7cLFm0c/000450325.jpg,id0004,german,8M_q7cLFm0c
faces/id0004/German/C85yN_1_fb4/000010025.jpg,id0004,german,C85yN_1_fb4
faces/id0004/German/C85yN_1_fb4/000180050.jpg,id0004,german,C85yN_1_fb4
faces/id0004/German/C85yN_1_fb4/000250150.jpg,id0004,german,C85yN_1_fb4
faces/id0004/German/C85yN_1_fb4/000350125.jpg,id0004,german,C85yN_1_fb4
faces/id0004/German/C85yN_1_fb4/000430125.jpg,id0004,german,C85yN_1_fb4
faces/id0004/German/C85yN_1_fb4/000590100.jpg,id0004,german,C85yN_1_fb4
faces/id0004/German/C85yN_1_fb4/000790025.jpg,id0004,german,C85yN_1_fb4
faces/id0004/German/C85yN_1_fb4/000950150.jpg,id0004,german,C85yN_1_fb4
faces/id0004/German/HR-NUPX26H0/000000025.jpg,id0004,german,HR-NUPX26H0
faces/id0004/German/HR-NUPX26H0/000000225.jpg,id0004,german,HR-NUPX26H0
faces/id0004/German/HR-NUPX26H0/000010100.jpg,id0004,german,HR-NUPX26H0
faces/id0004/German/HR-NUPX26H0/000010300.jpg,id0004,german,HR-NUPX26H0
faces/id0004/German/HR-NUPX26H0/000020025.jpg,id0004,german,HR-NUPX26H0
faces/id0004/German/HR-NUPX26H0/000040050.jpg,id0004,german,HR-NUPX26H0
faces/id0004/German/HR-NUPX26H0/000050050.jpg,id0004,german,HR-NUPX26H0
faces/id0004/German/HR-NUPX26H0/000050250.jpg,id0004,german,HR-NUPX26H0
faces/id0005/English/1bumPyvzCyo/000000025.jpg,id0005,english,1bumPyvzCyo
faces/id0005/English/1bumPyvzCyo/000000075.jpg,id0005,english,1bumPyvzCyo
faces/id0005/English/1bumPyvzCyo/000000100.jpg,id0005,english,1bumPyvzCyo
faces/id0005/English/1bumPyvzCyo/000010050.jpg,id0005,english,1bumPyvzCyo
faces/id0005/English/1bumPyvzCyo/000010100.jpg,id0005,english,1bumPyvzCyo
faces/id0005/English/1bumPyvzCyo/000160050.jpg,id0005,english,1bumPyvzCyo
faces/id0005/English/1bumPyvzCyo/000160075.jpg,id0005,english,1bumPyvzCyo
faces/id0005/English/1bumPyvzCyo/000160125.jpg,id0005,english,1bumPyvzCyo
faces/id0005/English/2rV7ZczsDGY/000020025.jpg,id0005,english,2rV7ZczsDGY
faces/id0005/English/2rV7ZczsDGY/000020150.jpg,id0005,english,2rV7ZczsDGY
faces/id0005/English/2rV7ZczsDGY/000100050.jpg,id0005,english,2rV7ZczsDGY
faces/id0005/English/2rV7ZczsDGY/000110075.jpg,id0005,english,2rV7ZczsDGY
faces/id0005/English/2rV7ZczsDGY/000110200.jpg,id0005,english,2rV7ZczsDGY
faces/id0005/English/2rV7ZczsDGY/000230050.jpg,id0005,english,2rV7ZczsDGY
faces/id0005/English/2rV7ZczsDGY/000250100.jpg,id0005,english,2rV7ZczsDGY
faces/id0005/English/2rV7ZczsDGY/000250225.jpg,id0005,english,2rV7ZczsDGY
faces/id0005/English/DpO7Rsamars/000000025.jpg,id0005,english,DpO7Rsamars
faces/id0005/English/DpO7Rsamars/000010150.jpg,id0005,english,DpO7Rsamars
faces/id0005/English/DpO7Rsamars/000030200.jpg,id0005,english,DpO7Rsamars
faces/id0005/English/DpO7Rsamars/000080075.jpg,id0005,english,DpO7Rsamars
faces/id0005/English/DpO7Rsamars/000120150.jpg,id0005,english,DpO7Rsamars
faces/id0005/English/DpO7Rsamars/000140175.jpg,id0005,english,DpO7Rsamars
faces/id0005/English/DpO7Rsamars/000140475.jpg,id0005,english,DpO7Rsamars
faces/id0005/English/DpO7Rsamars/000150250.jpg,id0005,english,DpO7Rsamars
faces/id0005/English/pAHp3LbBa3U/000010025.jpg,id0005,english,pAHp3LbBa3U
faces/id0005/English/pAHp3LbBa3U/000040050.jpg,id0005,english,pAHp3LbBa3U
faces/id0005/English/pAHp3LbBa3U/000050150.jpg,id0005,english,pAHp3LbBa3U
faces/id0005/English/pAHp3LbBa3U/000070050.jpg,id0005,english,pAHp3LbBa3U
faces/id0005/English/pAHp3LbBa3U/000090100.jpg,id0005,english,pAHp3LbBa3U
faces/id0005/English/pAHp3LbBa3U/000120050.jpg,id0005,english,pAHp3LbBa3U
faces/id0005/English/pAHp3LbBa3U/000130150.jpg,id0005,english,pAHp3LbBa3U
faces/id0005/English/pAHp3LbBa3U/000200100.jpg,id0005,english,pAHp3LbBa3U
faces/id0005/English/z9r4IWdxW1w/000010025.jpg,id0005,english,z9r4IWdxW1w
faces/id0005/English/z9r4IWdxW1w/000010250.jpg,id0005,english,z9r4IWdxW1w
faces/id0005/English/z9r4IWdxW1w/000080075.jpg,id0005,english,z9r4IWdxW1w
faces/id0005/English/z9r4IWdxW1w/000080300.jpg,id0005,english,z9r4IWdxW1w
faces/id0005/English/z9r4IWdxW1w/000090150.jpg,id0005,english,z9r4IWdxW1w
faces/id0005/English/z9r4IWdxW1w/000090375.jpg,id0005,english,z9r4IWdxW1w
faces/id0005/English/z9r4IWdxW1w/000130025.jpg,id0005,english,z9r4IWdxW1w
faces/id0005/English/z9r4IWdxW1w/000150100.jpg,id0005,english,z9r4IWdxW1w
faces/id0005/German/06hGUWazcSQ/000000025.jpg,id0005,german,06hGUWazcSQ
faces/id0005/German/06hGUWazcSQ/000000100.jpg,id0005,german,06hGUWazcSQ
faces/id0005/German/06hGUWazcSQ/000000200.jpg,id0005,german,06hGUWazcSQ
faces/id0005/German/06hGUWazcSQ/000000275.jpg,id0005,german,06hGUWazcSQ
faces/id0005/German/06hGUWazcSQ/000000350.jpg,id0005,german,06hGUWazcSQ
faces/id0005/German/06hGUWazcSQ/000000425.jpg,id0005,german,06hGUWazcSQ
faces/id0005/German/06hGUWazcSQ/000000525.jpg,id0005,german,06hGUWazcSQ
faces/id0005/German/06hGUWazcSQ/000000600.jpg,id0005,german,06hGUWazcSQ
faces/id0005/German/2rV7ZczsDGY/000070025.jpg,id0005,german,2rV7ZczsDGY
faces/id0005/German/2rV7ZczsDGY/000070050.jpg,id0005,german,2rV7ZczsDGY
faces/id0005/German/2rV7ZczsDGY/000070075.jpg,id0005,german,2rV7ZczsDGY
faces/id0005/German/2rV7ZczsDGY/000070100.jpg,id0005,german,2rV7ZczsDGY
faces/id0005/German/2rV7ZczsDGY/000140050.jpg,id0005,german,2rV7ZczsDGY
faces/id0005/German/2rV7ZczsDGY/000140075.jpg,id0005,german,2rV7ZczsDGY
faces/id0005/German/2rV7ZczsDGY/000140100.jpg,id0005,german,2rV7ZczsDGY
faces/id0005/German/2rV7ZczsDGY/000140125.jpg,id0005,german,2rV7ZczsDGY
faces/id0005/German/cHAEAKF2jzo/000010025.jpg,id0005,german,cHAEAKF2jzo
faces/id0005/German/cHAEAKF2jzo/000010325.jpg,id0005,german,cHAEAKF2jzo
faces/id0005/German/cHAEAKF2jzo/000050300.jpg,id0005,german,cHAEAKF2jzo
faces/id0005/German/cHAEAKF2jzo/000070200.jpg,id0005,german,cHAEAKF2jzo
faces/id0005/German/cHAEAKF2jzo/000130125.jpg,id0005,german,cHAEAKF2jzo
faces/id0005/German/cHAEAKF2jzo/000130425.jpg,id0005,german,cHAEAKF2jzo
faces/id0005/German/cHAEAKF2jzo/000240025.jpg,id0005,german,cHAEAKF2jzo
faces/id0005/German/cHAEAKF2jzo/000240325.jpg,id0005,german,cHAEAKF2jzo
faces/id0005/German/o528NwchgcY/000020025.jpg,id0005,german,o528NwchgcY
faces/id0005/German/o528NwchgcY/000020075.jpg,id0005,german,o528NwchgcY
faces/id0005/German/o528NwchgcY/000030025.jpg,id0005,german,o528NwchgcY
faces/id0005/German/o528NwchgcY/000030075.jpg,id0005,german,o528NwchgcY
faces/id0005/German/o528NwchgcY/000030150.jpg,id0005,german,o528NwchgcY
faces/id0005/German/o528NwchgcY/000030200.jpg,id0005,german,o528NwchgcY
faces/id0005/German/o528NwchgcY/000030250.jpg,id0005,german,o528NwchgcY
faces/id0005/German/o528NwchgcY/000030300.jpg,id0005,german,o528NwchgcY
faces/id0005/German/q6ly_7yDvLs/000000025.jpg,id0005,german,q6ly_7yDvLs
faces/id0005/German/q6ly_7yDvLs/000000100.jpg,id0005,german,q6ly_7yDvLs
faces/id0005/German/q6ly_7yDvLs/000000150.jpg,id0005,german,q6ly_7yDvLs
faces/id0005/German/q6ly_7yDvLs/000000225.jpg,id0005,german,q6ly_7yDvLs
faces/id0005/German/q6ly_7yDvLs/000000275.jpg,id0005,german,q6ly_7yDvLs
faces/id0005/German/q6ly_7yDvLs/000000350.jpg,id0005,german,q6ly_7yDvLs
faces/id0005/German/q6ly_7yDvLs/000000400.jpg,id0005,german,q6ly_7yDvLs
faces/id0005/German/q6ly_7yDvLs/000000475.jpg,id0005,german,q6ly_7yDvLs
faces/id0006/English/PxKOYhreB3Q/000000025.jpg,id0006,english,PxKOYhreB3Q
faces/id0006/English/PxKOYhreB3Q/000000200.jpg,id0006,english,PxKOYhreB3Q
faces/id0006/English/PxKOYhreB3Q/000080100.jpg,id0006,english,PxKOYhreB3Q
faces/id0006/English/PxKOYhreB3Q/000080275.jpg,id0006,english,PxKOYhreB3Q
faces/id0006/English/PxKOYhreB3Q/000100100.jpg,id0006,english,PxKOYhreB3Q
faces/id0006/English/PxKOYhreB3Q/000100275.jpg,id0006,english,PxKOYhreB3Q
faces/id0006/English/PxKOYhreB3Q/000100425.jpg,id0006,english,PxKOYhreB3Q
faces/id0006/English/PxKOYhreB3Q/000100600.jpg,id0006,english,PxKOYhreB3Q
faces/id0006/English/a5A-pt0JGeE/000010025.jpg,id0006,english,a5A-pt0JGeE
faces/id0006/English/a5A-pt0JGeE/000010050.jpg,id0006,english,a5A-pt0JGeE
faces/id0006/English/a5A-pt0JGeE/000010075.jpg,id0006,english,a5A-pt0JGeE
faces/id0006/English/a5A-pt0JGeE/000010100.jpg,id0006,english,a5A-pt0JGeE
faces/id0006/English/a5A-pt0JGeE/000010125.jpg,id0006,english,a5A-pt0JGeE
faces/id0006/English/a5A-pt0JGeE/000210025.jpg,id0006,english,a5A-pt0JGeE
faces/id0006/English/a5A-pt0JGeE/000210050.jpg,id0006,english,a5A-pt0JGeE
faces/id0006/English/a5A-pt0JGeE/000210075.jpg,id0006,english,a5A-pt0JGeE
faces/id0006/English/pPUsk0VtSNA/000040025.jpg,id0006,english,pPUsk0VtSNA
faces/id0006/English/pPUsk0VtSNA/000040175.jpg,id0006,english,pPUsk0VtSNA
faces/id0006/English/pPUsk0VtSNA/000040325.jpg,id0006,english,pPUsk0VtSNA
faces/id0006/English/pPUsk0VtSNA/000040475.jpg,id0006,english,pPUsk0VtSNA
faces/id0006/English/pPUsk0VtSNA/000040625.jpg,id0006,english,pPUsk0VtSNA
faces/id0006/English/pPUsk0VtSNA/000040775.jpg,id0006,english,pPUsk0VtSNA
faces/id0006/English/pPUsk0VtSNA/000040925.jpg,id0006,english,pPUsk0VtSNA
faces/id0006/English/pPUsk0VtSNA/000041075.jpg,id0006,english,pPUsk0VtSNA
faces/id0006/German/2jk6qr8sqsg/000000025.jpg,id0006,german,2jk6qr8sqsg
faces/id0006/German/2jk6qr8sqsg/000001475.jpg,id0006,german,2jk6qr8sqsg
faces/id0006/German/2jk6qr8sqsg/000010375.jpg,id0006,german,2jk6qr8sqsg
faces/id0006/German/2jk6qr8sqsg/000011825.jpg,id0006,german,2jk6qr8sqsg
faces/id0006/German/2jk6qr8sqsg/000013300.jpg,id0006,german,2jk6qr8sqsg
faces/id0006/German/2jk6qr8sqsg/000021400.jpg,id0006,german,2jk6qr8sqsg
faces/id0006/German/2jk6qr8sqsg/000030925.jpg,id0006,german,2jk6qr8sqsg
faces/id0006/German/2jk6qr8sqsg/000032375.jpg,id0006,german,2jk6qr8sqsg
faces/id0006/German/3wAZ3UQiSXQ/000000025.jpg,id0006,german,3wAZ3UQiSXQ
faces/id0006/German/3wAZ3UQiSXQ/000000100.jpg,id0006,german,3wAZ3UQiSXQ
faces/id0006/German/3wAZ3UQiSXQ/000000175.jpg,id0006,german,3wAZ3UQiSXQ
faces/id0006/German/3wAZ3UQiSXQ/000000250.jpg,id0006,german,3wAZ3UQiSXQ
faces/id0006/German/3wAZ3UQiSXQ/000000325.jpg,id0006,german,3wAZ3UQiSXQ
faces/id0006/German/3wAZ3UQiSXQ/000000400.jpg,id0006,german,3wAZ3UQiSXQ
faces/id0006/German/3wAZ3UQiSXQ/000000475.jpg,id0006,german,3wAZ3UQiSXQ
faces/id0006/German/3wAZ3UQiSXQ/000000550.jpg,id0006,german,3wAZ3UQiSXQ
faces/id0006/German/CG88veC-vDs/000100025.jpg,id0006,german,CG88veC-vDs
faces/id0006/German/CG88veC-vDs/000100325.jpg,id0006,german,CG88veC-vDs
faces/id0006/German/CG88veC-vDs/000100625.jpg,id0006,german,CG88veC-vDs
faces/id0006/German/CG88veC-vDs/000100925.jpg,id0006,german,CG88veC-vDs
faces/id0006/German/CG88veC-vDs/000101250.jpg,id0006,german,CG88veC-vDs
faces/id0006/German/CG88veC-vDs/000101550.jpg,id0006,german,CG88veC-vDs
faces/id0006/German/CG88veC-vDs/000110275.jpg,id0006,german,CG88veC-vDs
faces/id0006/German/CG88veC-vDs/000110575.jpg,id0006,german,CG88veC-vDs
faces/id0006/German/Q-VBiizGNq8/000070025.jpg,id0006,german,Q-VBiizGNq8
faces/id0006/German/Q-VBiizGNq8/000230375.jpg,id0006,german,Q-VBiizGNq8
faces/id0006/German/Q-VBiizGNq8/000340625.jpg,id0006,german,Q-VBiizGNq8
faces/id0006/German/Q-VBiizGNq8/000430225.jpg,id0006,german,Q-VBiizGNq8
faces/id0006/German/Q-VBiizGNq8/000490275.jpg,id0006,german,Q-VBiizGNq8
faces/id0006/German/Q-VBiizGNq8/000650275.jpg,id0006,german,Q-VBiizGNq8
faces/id0006/German/Q-VBiizGNq8/000740075.jpg,id0006,german,Q-VBiizGNq8
faces/id0006/German/Q-VBiizGNq8/000900150.jpg,id0006,german,Q-VBiizGNq8
faces/id0006/German/Vi5sxXN8xW4/000000025.jpg,id0006,german,Vi5sxXN8xW4
faces/id0006/German/Vi5sxXN8xW4/000000300.jpg,id0006,german,Vi5sxXN8xW4
faces/id0006/German/Vi5sxXN8xW4/000020050.jpg,id0006,german,Vi5sxXN8xW4
faces/id0006/German/Vi5sxXN8xW4/000040225.jpg,id0006,german,Vi5sxXN8xW4
faces/id0006/German/Vi5sxXN8xW4/000060200.jpg,id0006,german,Vi5sxXN8xW4
faces/id0006/German/Vi5sxXN8xW4/000070025.jpg,id0006,german,Vi5sxXN8xW4
faces/id0006/German/Vi5sxXN8xW4/000070300.jpg,id0006,german,Vi5sxXN8xW4
faces/id0006/German/Vi5sxXN8xW4/000070575.jpg,id0006,german,Vi5sxXN8xW4
faces/id0007/English/q3vroKXxLQo/000080025.jpg,id0007,english,q3vroKXxLQo
faces/id0007/English/q3vroKXxLQo/000170225.jpg,id0007,english,q3vroKXxLQo
faces/id0007/English/q3vroKXxLQo/000170600.jpg,id0007,english,q3vroKXxLQo
faces/id0007/English/q3vroKXxLQo/000230175.jpg,id0007,english,q3vroKXxLQo
faces/id0007/English/q3vroKXxLQo/000400025.jpg,id0007,english,q3vroKXxLQo
faces/id0007/English/q3vroKXxLQo/000420225.jpg,id0007,english,q3vroKXxLQo
faces/id0007/English/q3vroKXxLQo/000520050.jpg,id0007,english,q3vroKXxLQo
faces/id0007/English/q3vroKXxLQo/000710175.jpg,id0007,english,q3vroKXxLQo
faces/id0007/German/iHvK9JROGNc/000140025.jpg,id0007,german,iHvK9JROGNc
faces/id0007/German/iHvK9JROGNc/000160225.jpg,id0007,german,iHvK9JROGNc
faces/id0007/German/iHvK9JROGNc/000170275.jpg,id0007,german,iHvK9JROGNc
faces/id0007/German/iHvK9JROGNc/000170625.jpg,id0007,german,iHvK9JROGNc
faces/id0007/German/iHvK9JROGNc/000171000.jpg,id0007,german,iHvK9JROGNc
faces/id0007/German/iHvK9JROGNc/000410300.jpg,id0007,german,iHvK9JROGNc
faces/id0007/German/iHvK9JROGNc/000510125.jpg,id0007,german,iHvK9JROGNc
faces/id0007/German/iHvK9JROGNc/000520250.jpg,id0007,german,iHvK9JROGNc
faces/id0008/English/2jxxeqU9ucI/000000025.jpg,id0008,english,2jxxeqU9ucI
faces/id0008/English/2jxxeqU9ucI/000000050.jpg,id0008,english,2jxxeqU9ucI
faces/id0008/English/2jxxeqU9ucI/000000075.jpg,id0008,english,2jxxeqU9ucI
faces/id0008/English/2jxxeqU9ucI/000000100.jpg,id0008,english,2jxxeqU9ucI
faces/id0008/English/2jxxeqU9ucI/000000125.jpg,id0008,english,2jxxeqU9ucI
faces/id0008/English/Es8HLDSPO0s/000000025.jpg,id0008,english,Es8HLDSPO0s
faces/id0008/English/Es8HLDSPO0s/000000050.jpg,id0008,english,Es8HLDSPO0s
faces/id0008/English/Es8HLDSPO0s/000000075.jpg,id0008,english,Es8HLDSPO0s
faces/id0008/English/Es8HLDSPO0s/000000100.jpg,id0008,english,Es8HLDSPO0s
faces/id0008/English/nX31jXayGnE/000000025.jpg,id0008,english,nX31jXayGnE
faces/id0008/English/nX31jXayGnE/000000100.jpg,id0008,english,nX31jXayGnE
faces/id0008/English/nX31jXayGnE/000010075.jpg,id0008,english,nX31jXayGnE
faces/id0008/English/nX31jXayGnE/000040050.jpg,id0008,english,nX31jXayGnE
faces/id0008/English/nX31jXayGnE/000040100.jpg,id0008,english,nX31jXayGnE
faces/id0008/English/nX31jXayGnE/000060075.jpg,id0008,english,nX31jXayGnE
faces/id0008/English/nX31jXayGnE/000070050.jpg,id0008,english,nX31jXayGnE
faces/id0008/English/nX31jXayGnE/000070125.jpg,id0008,english,nX31jXayGnE
faces/id0008/German/Px3gCbgvRww/000000025.jpg,id0008,german,Px3gCbgvRww
faces/id0008/German/Px3gCbgvRww/000060025.jpg,id0008,german,Px3gCbgvRww
faces/id0008/German/Px3gCbgvRww/000120125.jpg,id0008,german,Px3gCbgvRww
faces/id0008/German/Px3gCbgvRww/000160050.jpg,id0008,german,Px3gCbgvRww
faces/id0008/German/Px3gCbgvRww/000180275.jpg,id0008,german,Px3gCbgvRww
faces/id0008/German/Px3gCbgvRww/000240125.jpg,id0008,german,Px3gCbgvRww
faces/id0008/German/Px3gCbgvRww/000280275.jpg,id0008,german,Px3gCbgvRww
faces/id0008/German/Px3gCbgvRww/000320250.jpg,id0008,german,Px3gCbgvRww
faces/id0008/German/_2hLPVCWCiM/000110025.jpg,id0008,german,_2hLPVCWCiM
faces/id0008/German/_2hLPVCWCiM/000120100.jpg,id0008,german,_2hLPVCWCiM
faces/id0008/German/_2hLPVCWCiM/000190075.jpg,id0008,german,_2hLPVCWCiM
faces/id0008/German/_2hLPVCWCiM/000220275.jpg,id0008,german,_2hLPVCWCiM
faces/id0008/German/_2hLPVCWCiM/000310125.jpg,id0008,german,_2hLPVCWCiM
faces/id0008/German/_2hLPVCWCiM/000330300.jpg,id0008,german,_2hLPVCWCiM
faces/id0008/German/_2hLPVCWCiM/000420025.jpg,id0008,german,_2hLPVCWCiM
faces/id0008/German/_2hLPVCWCiM/000430200.jpg,id0008,german,_2hLPVCWCiM
faces/id0008/German/iFBUYgv1WeA/000000025.jpg,id0008,german,iFBUYgv1WeA
faces/id0008/German/iFBUYgv1WeA/000000525.jpg,id0008,german,iFBUYgv1WeA
faces/id0008/German/iFBUYgv1WeA/000001050.jpg,id0008,german,iFBUYgv1WeA
faces/id0008/German/iFBUYgv1WeA/000001550.jpg,id0008,german,iFBUYgv1WeA
faces/id0008/German/iFBUYgv1WeA/000002075.jpg,id0008,german,iFBUYgv1WeA
faces/id0008/German/iFBUYgv1WeA/000060300.jpg,id0008,german,iFBUYgv1WeA
faces/id0008/German/iFBUYgv1WeA/000060825.jpg,id0008,german,iFBUYgv1WeA
faces/id0008/German/iFBUYgv1WeA/000061325.jpg,id0008,german,iFBUYgv1WeA
faces/id0009/English/5sr1xWlWwQE/000010025.jpg,id0009,english,5sr1xWlWwQE
faces/id0009/English/5sr1xWlWwQE/000020650.jpg,id0009,english,5sr1xWlWwQE
faces/id0009/English/5sr1xWlWwQE/000021450.jpg,id0009,english,5sr1xWlWwQE
faces/id0009/English/5sr1xWlWwQE/000022250.jpg,id0009,english,5sr1xWlWwQE
faces/id0009/English/5sr1xWlWwQE/000060650.jpg,id0009,english,5sr1xWlWwQE
faces/id0009/English/5sr1xWlWwQE/000061450.jpg,id0009,english,5sr1xWlWwQE
faces/id0009/English/5sr1xWlWwQE/000090050.jpg,id0009,english,5sr1xWlWwQE
faces/id0009/English/5sr1xWlWwQE/000130250.jpg,id0009,english,5sr1xWlWwQE
faces/id0009/English/O3Ui-yWKzhc/000040025.jpg,id0009,english,O3Ui-yWKzhc
faces/id0009/English/O3Ui-yWKzhc/000060375.jpg,id0009,english,O3Ui-yWKzhc
faces/id0009/English/O3Ui-yWKzhc/000090150.jpg,id0009,english,O3Ui-yWKzhc
faces/id0009/English/O3Ui-yWKzhc/000110275.jpg,id0009,english,O3Ui-yWKzhc
faces/id0009/English/O3Ui-yWKzhc/000160125.jpg,id0009,english,O3Ui-yWKzhc
faces/id0009/English/O3Ui-yWKzhc/000180100.jpg,id0009,english,O3Ui-yWKzhc
faces/id0009/English/O3Ui-yWKzhc/000200250.jpg,id0009,english,O3Ui-yWKzhc
faces/id0009/English/O3Ui-yWKzhc/000260125.jpg,id0009,english,O3Ui-yWKzhc
faces/id0009/English/dHmee7D2hXg/000040025.jpg,id0009,english,dHmee7D2hXg
faces/id0009/English/dHmee7D2hXg/000080075.jpg,id0009,english,dHmee7D2hXg
faces/id0009/English/dHmee7D2hXg/000090075.jpg,id0009,english,dHmee7D2hXg
faces/id0009/English/dHmee7D2hXg/000100100.jpg,id0009,english,dHmee7D2hXg
faces/id0009/English/dHmee7D2hXg/000120050.jpg,id0009,english,dHmee7D2hXg
faces/id0009/English/dHmee7D2hXg/000130050.jpg,id0009,english,dHmee7D2hXg
faces/id0009/English/dHmee7D2hXg/000150025.jpg,id0009,english,dHmee7D2hXg
faces/id0009/English/dHmee7D2hXg/000150175.jpg,id0009,english,dHmee7D2hXg
faces/id0009/German/M9GioZWdc2g/000010025.jpg,id0009,german,M9GioZWdc2g
faces/id0009/German/M9GioZWdc2g/000010275.jpg,id0009,german,M9GioZWdc2g
faces/id0009/German/M9GioZWdc2g/000020175.jpg,id0009,german,M9GioZWdc2g
faces/id0009/German/M9GioZWdc2g/000040050.jpg,id0009,german,M9GioZWdc2g
faces/id0009/German/M9GioZWdc2g/000070100.jpg,id0009,german,M9GioZWdc2g
faces/id0009/German/M9GioZWdc2g/000070350.jpg,id0009,german,M9GioZWdc2g
faces/id0009/German/M9GioZWdc2g/000080175.jpg,id0009,german,M9GioZWdc2g
faces/id0009/German/M9GioZWdc2g/000100100.jpg,id0009,german,M9GioZWdc2g
faces/id0009/German/crTtTaEzJMI/000000025.jpg,id0009,german,crTtTaEzJMI
faces/id0009/German/crTtTaEzJMI/000010050.jpg,id0009,german,crTtTaEzJMI
faces/id0009/German/crTtTaEzJMI/000060100.jpg,id0009,german,crTtTaEzJMI
faces/id0009/German/crTtTaEzJMI/000100225.jpg,id0009,german,crTtTaEzJMI
faces/id0009/German/crTtTaEzJMI/000110700.jpg,id0009,german,crTtTaEzJMI
faces/id0009/German/crTtTaEzJMI/000140100.jpg,id0009,german,crTtTaEzJMI
faces/id0009/German/crTtTaEzJMI/000200075.jpg,id0009,german,crTtTaEzJMI
faces/id0009/German/crTtTaEzJMI/000210600.jpg,id0009,german,crTtTaEzJMI
faces/id0009/German/k4a9aqDW_dI/000010025.jpg,id0009,german,k4a9aqDW_dI
faces/id0009/German/k4a9aqDW_dI/000050025.jpg,id0009,german,k4a9aqDW_dI
faces/id0009/German/k4a9aqDW_dI/000060100.jpg,id0009,german,k4a9aqDW_dI
faces/id0009/German/k4a9aqDW_dI/000150050.jpg,id0009,german,k4a9aqDW_dI
faces/id0009/German/k4a9aqDW_dI/000190100.jpg,id0009,german,k4a9aqDW_dI
faces/id0009/German/k4a9aqDW_dI/000230100.jpg,id0009,german,k4a9aqDW_dI
faces/id0009/German/k4a9aqDW_dI/000240200.jpg,id0009,german,k4a9aqDW_dI
faces/id0009/German/k4a9aqDW_dI/000270100.jpg,id0009,german,k4a9aqDW_dI
faces/id0009/German/nCZBf6fHk_M/000130025.jpg,id0009,german,nCZBf6fHk_M
faces/id0009/German/nCZBf6fHk_M/000130050.jpg,id0009,german,nCZBf6fHk_M
faces/id0009/German/nCZBf6fHk_M/000130075.jpg,id0009,german,nCZBf6fHk_M
faces/id0009/German/nCZBf6fHk_M/000130100.jpg,id0009,german,nCZBf6fHk_M
faces/id0009/German/nCZBf6fHk_M/000130125.jpg,id0009,german,nCZBf6fHk_M
faces/id0009/German/nCZBf6fHk_M/000130150.jpg,id0009,german,nCZBf6fHk_M
faces/id0009/German/nCZBf6fHk_M/000130175.jpg,id0009,german,nCZBf6fHk_M
faces/id0009/German/nCZBf6fHk_M/000130200.jpg,id0009,german,nCZBf6fHk_M
faces/id0010/English/XgI1Lr4dI-c/000100025.jpg,id0010,english,XgI1Lr4dI-c
faces/id0010/English/XgI1Lr4dI-c/000100075.jpg,id0010,english,XgI1Lr4dI-c
faces/id0010/English/XgI1Lr4dI-c/000130025.jpg,id0010,english,XgI1Lr4dI-c
faces/id0010/English/XgI1Lr4dI-c/000130075.jpg,id0010,english,XgI1Lr4dI-c
faces/id0010/English/XgI1Lr4dI-c/000160025.jpg,id0010,english,XgI1Lr4dI-c
faces/id0010/English/XgI1Lr4dI-c/000160075.jpg,id0010,english,XgI1Lr4dI-c
faces/id0010/English/XgI1Lr4dI-c/000160150.jpg,id0010,english,XgI1Lr4dI-c
faces/id0010/English/XgI1Lr4dI-c/000160200.jpg,id0010,english,XgI1Lr4dI-c
faces/id0010/English/lHGL3kgDb2s/000000025.jpg,id0010,english,lHGL3kgDb2s
faces/id0010/English/lHGL3kgDb2s/000010725.jpg,id0010,english,lHGL3kgDb2s
faces/id0010/English/lHGL3kgDb2s/000050225.jpg,id0010,english,lHGL3kgDb2s
faces/id0010/English/lHGL3kgDb2s/000080050.jpg,id0010,english,lHGL3kgDb2s
faces/id0010/English/lHGL3kgDb2s/000100425.jpg,id0010,english,lHGL3kgDb2s
faces/id0010/English/lHGL3kgDb2s/000120225.jpg,id0010,english,lHGL3kgDb2s
faces/id0010/English/lHGL3kgDb2s/000140125.jpg,id0010,english,lHGL3kgDb2s
faces/id0010/English/lHGL3kgDb2s/000160575.jpg,id0010,english,lHGL3kgDb2s
faces/id0010/English/nMRZ5KSslkQ/000010025.jpg,id0010,english,nMRZ5KSslkQ
faces/id0010/English/nMRZ5KSslkQ/000030225.jpg,id0010,english,nMRZ5KSslkQ
faces/id0010/English/nMRZ5KSslkQ/000030675.jpg,id0010,english,nMRZ5KSslkQ
faces/id0010/English/nMRZ5KSslkQ/000050175.jpg,id0010,english,nMRZ5KSslkQ
faces/id0010/English/nMRZ5KSslkQ/000210325.jpg,id0010,english,nMRZ5KSslkQ
faces/id0010/English/nMRZ5KSslkQ/000270100.jpg,id0010,english,nMRZ5KSslkQ
faces/id0010/English/nMRZ5KSslkQ/000280450.jpg,id0010,english,nMRZ5KSslkQ
faces/id0010/English/nMRZ5KSslkQ/000390325.jpg,id0010,english,nMRZ5KSslkQ
faces/id0010/German/G64xjefmExA/000000025.jpg,id0010,german,G64xjefmExA
faces/id0010/German/G64xjefmExA/000000050.jpg,id0010,german,G64xjefmExA
faces/id0010/German/G64xjefmExA/000000100.jpg,id0010,german,G64xjefmExA
faces/id0010/German/G64xjefmExA/000000125.jpg,id0010,german,G64xjefmExA
faces/id0010/German/G64xjefmExA/000010025.jpg,id0010,german,G64xjefmExA
faces/id0010/German/G64xjefmExA/000010050.jpg,id0010,german,G64xjefmExA
faces/id0010/German/G64xjefmExA/000010100.jpg,id0010,german,G64xjefmExA
faces/id0010/German/G64xjefmExA/000010125.jpg,id0010,german,G64xjefmExA
faces/id0010/German/MxiOjLkQ-98/000060025.jpg,id0010,german,MxiOjLkQ-98
faces/id0010/German/MxiOjLkQ-98/000190075.jpg,id0010,german,MxiOjLkQ-98
faces/id0010/German/MxiOjLkQ-98/000310150.jpg,id0010,german,MxiOjLkQ-98
faces/id0010/German/MxiOjLkQ-98/000340400.jpg,id0010,german,MxiOjLkQ-98
faces/id0010/German/MxiOjLkQ-98/000430150.jpg,id0010,german,MxiOjLkQ-98
faces/id0010/German/MxiOjLkQ-98/000530100.jpg,id0010,german,MxiOjLkQ-98
faces/id0010/German/MxiOjLkQ-98/000590075.jpg,id0010,german,MxiOjLkQ-98
faces/id0010/German/MxiOjLkQ-98/000750250.jpg,id0010,german,MxiOjLkQ-98
faces/id0010/German/c9wnvgaWr0A/000000025.jpg,id0010,german,c9wnvgaWr0A
faces/id0010/German/c9wnvgaWr0A/000000225.jpg,id0010,german,c9wnvgaWr0A
faces/id0010/German/c9wnvgaWr0A/000100125.jpg,id0010,german,c9wnvgaWr0A
faces/id0010/German/c9wnvgaWr0A/000130075.jpg,id0010,german,c9wnvgaWr0A
faces/id0010/German/c9wnvgaWr0A/000130275.jpg,id0010,german,c9wnvgaWr0A
faces/id0010/German/c9wnvgaWr0A/000140025.jpg,id0010,german,c9wnvgaWr0A
faces/id0010/German/c9wnvgaWr0A/000170025.jpg,id0010,german,c9wnvgaWr0A
faces/id0010/German/c9wnvgaWr0A/000180100.jpg,id0010,german,c9wnvgaWr0A
faces/id0011/English/B1oYMWHoFg8/000010025.jpg,id0011,english,B1oYMWHoFg8
faces/id0011/English/B1oYMWHoFg8/000010575.jpg,id0011,english,B1oYMWHoFg8
faces/id0011/English/B1oYMWHoFg8/000020400.jpg,id0011,english,B1oYMWHoFg8
faces/id0011/English/B1oYMWHoFg8/000040200.jpg,id0011,english,B1oYMWHoFg8
faces/id0011/English/B1oYMWHoFg8/000040725.jpg,id0011,english,B1oYMWHoFg8
faces/id0011/English/B1oYMWHoFg8/000060125.jpg,id0011,english,B1oYMWHoFg8
faces/id0011/English/B1oYMWHoFg8/000060650.jpg,id0011,english,B1oYMWHoFg8
faces/id0011/English/B1oYMWHoFg8/000061200.jpg,id0011,english,B1oYMWHoFg8
faces/id0011/English/vwiOFgYuJ-M/000000025.jpg,id0011,english,vwiOFgYuJ-M
faces/id0011/English/vwiOFgYuJ-M/000030025.jpg,id0011,english,vwiOFgYuJ-M
faces/id0011/English/vwiOFgYuJ-M/000030275.jpg,id0011,english,vwiOFgYuJ-M
faces/id0011/English/vwiOFgYuJ-M/000050100.jpg,id0011,english,vwiOFgYuJ-M
faces/id0011/English/vwiOFgYuJ-M/000050325.jpg,id0011,english,vwiOFgYuJ-M
faces/id0011/English/vwiOFgYuJ-M/000080250.jpg,id0011,english,vwiOFgYuJ-M
faces/id0011/English/vwiOFgYuJ-M/000090200.jpg,id0011,english,vwiOFgYuJ-M
faces/id0011/English/vwiOFgYuJ-M/000090450.jpg,id0011,english,vwiOFgYuJ-M
faces/id0011/English/y4KnvrKgeLM/00000-0025.jpg,id0011,english,y4KnvrKgeLM
faces/id0011/English/y4KnvrKgeLM/00000-0350.jpg,id0011,english,y4KnvrKgeLM
faces/id0011/English/y4KnvrKgeLM/000010250.jpg,id0011,english,y4KnvrKgeLM
faces/id0011/English/y4KnvrKgeLM/000010575.jpg,id0011,english,y4KnvrKgeLM
faces/id0011/English/y4KnvrKgeLM/000010875.jpg,id0011,english,y4KnvrKgeLM
faces/id0011/English/y4KnvrKgeLM/000011200.jpg,id0011,english,y4KnvrKgeLM
faces/id0011/English/y4KnvrKgeLM/000011500.jpg,id0011,english,y4KnvrKgeLM
faces/id0011/English/y4KnvrKgeLM/000011825.jpg,id0011,english,y4KnvrKgeLM
faces/id0011/German/LBvJPivToac/000000025.jpg,id0011,german,LBvJPivToac
faces/id0011/German/LBvJPivToac/000000075.jpg,id0011,german,LBvJPivToac
faces/id0011/German/LBvJPivToac/000000150.jpg,id0011,german,LBvJPivToac
faces/id0011/German/LBvJPivToac/000010050.jpg,id0011,german,LBvJPivToac
faces/id0011/German/LBvJPivToac/000010100.jpg,id0011,german,LBvJPivToac
faces/id0011/German/LBvJPivToac/000010150.jpg,id0011,german,LBvJPivToac
faces/id0011/German/LBvJPivToac/000010225.jpg,id0011,german,LBvJPivToac
faces/id0011/German/LBvJPivToac/000010275.jpg,id0011,german,LBvJPivToac
faces/id0011/German/TrRfc6cRbDU/000000025.jpg,id0011,german,TrRfc6cRbDU
faces/id0011/German/TrRfc6cRbDU/000000150.jpg,id0011,german,TrRfc6cRbDU
faces/id0011/German/TrRfc6cRbDU/000030025.jpg,id0011,german,TrRfc6cRbDU
faces/id0011/German/TrRfc6cRbDU/000080050.jpg,id0011,german,TrRfc6cRbDU
faces/id0011/German/TrRfc6cRbDU/000090050.jpg,id0011,german,TrRfc6cRbDU
faces/id0011/German/TrRfc6cRbDU/000090175.jpg,id0011,german,TrRfc6cRbDU
faces/id0011/German/TrRfc6cRbDU/000110100.jpg,id0011,german,TrRfc6cRbDU
faces/id0011/German/TrRfc6cRbDU/000120100.jpg,id0011,german,TrRfc6cRbDU
faces/id0011/German/YRMwHpZZQ1A/000000025.jpg,id0011,german,YRMwHpZZQ1A
faces/id0011/German/YRMwHpZZQ1A/000000075.jpg,id0011,german,YRMwHpZZQ1A
faces/id0011/German/YRMwHpZZQ1A/000010025.jpg,id0011,german,YRMwHpZZQ1A
faces/id0011/German/YRMwHpZZQ1A/000010075.jpg,id0011,german,YRMwHpZZQ1A
faces/id0011/German/YRMwHpZZQ1A/000010100.jpg,id0011,german,YRMwHpZZQ1A
faces/id0011/German/YRMwHpZZQ1A/000030025.jpg,id0011,german,YRMwHpZZQ1A
faces/id0011/German/YRMwHpZZQ1A/000030075.jpg,id0011,german,YRMwHpZZQ1A
faces/id0011/German/YRMwHpZZQ1A/000030125.jpg,id0011,german,YRMwHpZZQ1A
faces/id0012/English/4bOVkoTbmuk/000000025.jpg,id0012,english,4bOVkoTbmuk
faces/id0012/English/4bOVkoTbmuk/000000050.jpg,id0012,english,4bOVkoTbmuk
faces/id0012/English/4bOVkoTbmuk/000000075.jpg,id0012,english,4bOVkoTbmuk
faces/id0012/English/4bOVkoTbmuk/000000100.jpg,id0012,english,4bOVkoTbmuk
faces/id0012/English/4bOVkoTbmuk/000000125.jpg,id0012,english,4bOVkoTbmuk
faces/id0012/English/4bOVkoTbmuk/000000150.jpg,id0012,english,4bOVkoTbmuk
faces/id0012/English/4bOVkoTbmuk/000000175.jpg,id0012,english,4bOVkoTbmuk
faces/id0012/English/7aqjACP4bKk/000000025.jpg,id0012,english,7aqjACP4bKk
faces/id0012/English/7aqjACP4bKk/000000050.jpg,id0012,english,7aqjACP4bKk
faces/id0012/English/7aqjACP4bKk/000000100.jpg,id0012,english,7aqjACP4bKk
faces/id0012/English/7aqjACP4bKk/000000125.jpg,id0012,english,7aqjACP4bKk
faces/id0012/English/7aqjACP4bKk/000000175.jpg,id0012,english,7aqjACP4bKk
faces/id0012/English/7aqjACP4bKk/000030025.jpg,id0012,english,7aqjACP4bKk
faces/id0012/English/7aqjACP4bKk/000030075.jpg,id0012,english,7aqjACP4bKk
faces/id0012/English/7aqjACP4bKk/000030100.jpg,id0012,english,7aqjACP4bKk
faces/id0012/English/CJ5wyxczHLs/000010025.jpg,id0012,english,CJ5wyxczHLs
faces/id0012/English/CJ5wyxczHLs/000010050.jpg,id0012,english,CJ5wyxczHLs
faces/id0012/English/CJ5wyxczHLs/000010075.jpg,id0012,english,CJ5wyxczHLs
faces/id0012/English/CJ5wyxczHLs/000010100.jpg,id0012,english,CJ5wyxczHLs
faces/id0012/English/CJ5wyxczHLs/000010125.jpg,id0012,english,CJ5wyxczHLs
faces/id0012/English/CJ5wyxczHLs/000010150.jpg,id0012,english,CJ5wyxczHLs
faces/id0012/English/CJ5wyxczHLs/000010175.jpg,id0012,english,CJ5wyxczHLs
faces/id0012/English/DP8azK4tL-o/000010025.jpg,id0012,english,DP8azK4tL-o
faces/id0012/English/DP8azK4tL-o/000030050.jpg,id0012,english,DP8azK4tL-o
faces/id0012/English/DP8azK4tL-o/000050025.jpg,id0012,english,DP8azK4tL-o
faces/id0012/English/DP8azK4tL-o/000070100.jpg,id0012,english,DP8azK4tL-o
faces/id0012/English/DP8azK4tL-o/000100125.jpg,id0012,english,DP8azK4tL-o
faces/id0012/English/DP8azK4tL-o/000120125.jpg,id0012,english,DP8azK4tL-o
faces/id0012/English/DP8azK4tL-o/000150125.jpg,id0012,english,DP8azK4tL-o
faces/id0012/English/DP8azK4tL-o/000180100.jpg,id0012,english,DP8azK4tL-o
faces/id0012/English/zKC-SDHPE-I/000010025.jpg,id0012,english,zKC-SDHPE-I
faces/id0012/English/zKC-SDHPE-I/000020025.jpg,id0012,english,zKC-SDHPE-I
faces/id0012/English/zKC-SDHPE-I/000020125.jpg,id0012,english,zKC-SDHPE-I
faces/id0012/English/zKC-SDHPE-I/000020225.jpg,id0012,english,zKC-SDHPE-I
faces/id0012/English/zKC-SDHPE-I/000030075.jpg,id0012,english,zKC-SDHPE-I
faces/id0012/English/zKC-SDHPE-I/000040050.jpg,id0012,english,zKC-SDHPE-I
faces/id0012/English/zKC-SDHPE-I/000040150.jpg,id0012,english,zKC-SDHPE-I
faces/id0012/English/zKC-SDHPE-I/000050100.jpg,id0012,english,zKC-SDHPE-I
faces/id0012/German/3mD2MzHMVP0/000000025.jpg,id0012,german,3mD2MzHMVP0
faces/id0012/German/3mD2MzHMVP0/000000050.jpg,id0012,german,3mD2MzHMVP0
faces/id0012/German/3mD2MzHMVP0/000000100.jpg,id0012,german,3mD2MzHMVP0
faces/id0012/German/3mD2MzHMVP0/000000125.jpg,id0012,german,3mD2MzHMVP0
faces/id0012/German/3mD2MzHMVP0/000060050.jpg,id0012,german,3mD2MzHMVP0
faces/id0012/German/3mD2MzHMVP0/000060075.jpg,id0012,german,3mD2MzHMVP0
faces/id0012/German/3mD2MzHMVP0/000060125.jpg,id0012,german,3mD2MzHMVP0
faces/id0012/German/3mD2MzHMVP0/000060150.jpg,id0012,german,3mD2MzHMVP0
faces/id0012/German/9EZef0-a0cQ/000250025.jpg,id0012,german,9EZef0-a0cQ
faces/id0012/German/9EZef0-a0cQ/000250100.jpg,id0012,german,9EZef0-a0cQ
faces/id0012/German/9EZef0-a0cQ/000250150.jpg,id0012,german,9EZef0-a0cQ
faces/id0012/German/9EZef0-a0cQ/000270050.jpg,id0012,german,9EZef0-a0cQ
faces/id0012/German/9EZef0-a0cQ/000270100.jpg,id0012,german,9EZef0-a0cQ
faces/id0012/German/9EZef0-a0cQ/000270175.jpg,id0012,german,9EZef0-a0cQ
faces/id0012/German/9EZef0-a0cQ/000270225.jpg,id0012,german,9EZef0-a0cQ
faces/id0012/German/9EZef0-a0cQ/000270300.jpg,id0012,german,9EZef0-a0cQ
faces/id0012/German/_jyAzohq6Qg/000010025.jpg,id0012,german,_jyAzohq6Qg
faces/id0012/German/_jyAzohq6Qg/000050300.jpg,id0012,german,_jyAzohq6Qg
faces/id0012/German/_jyAzohq6Qg/000130125.jpg,id0012,german,_jyAzohq6Qg
faces/id0012/German/_jyAzohq6Qg/000150275.jpg,id0012,german,_jyAzohq6Qg
faces/id0012/German/_jyAzohq6Qg/000240075.jpg,id0012,german,_jyAzohq6Qg
faces/id0012/German/_jyAzohq6Qg/000270100.jpg,id0012,german,_jyAzohq6Qg
faces/id0012/German/_jyAzohq6Qg/000350025.jpg,id0012,german,_jyAzohq6Qg
faces/id0012/German/_jyAzohq6Qg/000400500.jpg,id0012,german,_jyAzohq6Qg
faces/id0012/German/hHziM7QOly4/000010025.jpg,id0012,german,hHziM7QOly4
faces/id0012/German/hHziM7QOly4/000010075.jpg,id0012,german,hHziM7QOly4
faces/id0012/German/hHziM7QOly4/000010125.jpg,id0012,german,hHziM7QOly4
faces/id0012/German/hHziM7QOly4/000040050.jpg,id0012,german,hHziM7QOly4
faces/id0012/German/hHziM7QOly4/000040125.jpg,id0012,german,hHziM7QOly4
faces/id0012/German/hHziM7QOly4/000040175.jpg,id0012,german,hHziM7QOly4
faces/id0012/German/hHziM7QOly4/000040225.jpg,id0012,german,hHziM7QOly4
faces/id0012/German/hHziM7QOly4/000040275.jpg,id0012,german,hHziM7QOly4
faces/id0012/German/vJhiZZkhR_g/000030025.jpg,id0012,german,vJhiZZkhR_g
faces/id0012/German/vJhiZZkhR_g/000030350.jpg,id0012,german,vJhiZZkhR_g
faces/id0012/German/vJhiZZkhR_g/000070075.jpg,id0012,german,vJhiZZkhR_g
faces/id0012/German/vJhiZZkhR_g/000080250.jpg,id0012,german,vJhiZZkhR_g
faces/id0012/German/vJhiZZkhR_g/000140075.jpg,id0012,german,vJhiZZkhR_g
faces/id0012/German/vJhiZZkhR_g/000180050.jpg,id0012,german,vJhiZZkhR_g
faces/id0012/German/vJhiZZkhR_g/000670050.jpg,id0012,german,vJhiZZkhR_g
faces/id0012/German/vJhiZZkhR_g/000730100.jpg,id0012,german,vJhiZZkhR_g
faces/id0013/English/-jXipE2hraA/000000025.jpg,id0013,english,-jXipE2hraA
faces/id0013/English/-jXipE2hraA/000000050.jpg,id0013,english,-jXipE2hraA
faces/id0013/English/-jXipE2hraA/000000075.jpg,id0013,english,-jXipE2hraA
faces/id0013/English/-jXipE2hraA/000000100.jpg,id0013,english,-jXipE2hraA
faces/id0013/English/-jXipE2hraA/000000125.jpg,id0013,english,-jXipE2hraA
faces/id0013/English/-jXipE2hraA/000000150.jpg,id0013,english,-jXipE2hraA
faces/id0013/English/-jXipE2hraA/000000175.jpg,id0013,english,-jXipE2hraA
faces/id0013/English/dS8fAP-NSJk/000000025.jpg,id0013,english,dS8fAP-NSJk
faces/id0013/English/dS8fAP-NSJk/000000325.jpg,id0013,english,dS8fAP-NSJk
faces/id0013/English/dS8fAP-NSJk/000000600.jpg,id0013,english,dS8fAP-NSJk
faces/id0013/English/dS8fAP-NSJk/000000900.jpg,id0013,english,dS8fAP-NSJk
faces/id0013/English/dS8fAP-NSJk/000020050.jpg,id0013,english,dS8fAP-NSJk
faces/id0013/English/dS8fAP-NSJk/000040100.jpg,id0013,english,dS8fAP-NSJk
faces/id0013/English/dS8fAP-NSJk/000040375.jpg,id0013,english,dS8fAP-NSJk
faces/id0013/English/dS8fAP-NSJk/000040675.jpg,id0013,english,dS8fAP-NSJk
faces/id0013/English/q0DwZH4Bqdc/000040025.jpg,id0013,english,q0DwZH4Bqdc
faces/id0013/English/q0DwZH4Bqdc/000070225.jpg,id0013,english,q0DwZH4Bqdc
faces/id0013/English/q0DwZH4Bqdc/000130275.jpg,id0013,english,q0DwZH4Bqdc
faces/id0013/English/q0DwZH4Bqdc/000180200.jpg,id0013,english,q0DwZH4Bqdc
faces/id0013/English/q0DwZH4Bqdc/000200050.jpg,id0013,english,q0DwZH4Bqdc
faces/id0013/English/q0DwZH4Bqdc/000240050.jpg,id0013,english,q0DwZH4Bqdc
faces/id0013/English/q0DwZH4Bqdc/000300175.jpg,id0013,english,q0DwZH4Bqdc
faces/id0013/English/q0DwZH4Bqdc/000320125.jpg,id0013,english,q0DwZH4Bqdc
faces/id0013/German/SQulJxMHQPA/000000025.jpg,id0013,german,SQulJxMHQPA
faces/id0013/German/SQulJxMHQPA/000070675.jpg,id0013,german,SQulJxMHQPA
faces/id0013/German/SQulJxMHQPA/000100375.jpg,id0013,german,SQulJxMHQPA
faces/id0013/German/SQulJxMHQPA/000120250.jpg,id0013,german,SQulJxMHQPA
faces/id0013/German/SQulJxMHQPA/000121025.jpg,id0013,german,SQulJxMHQPA
faces/id0013/German/SQulJxMHQPA/000140200.jpg,id0013,german,SQulJxMHQPA
faces/id0013/German/SQulJxMHQPA/000141000.jpg,id0013,german,SQulJxMHQPA
faces/id0013/German/SQulJxMHQPA/000150775.jpg,id0013,german,SQulJxMHQPA
faces/id0013/German/X1QvJBgwA44/000000025.jpg,id0013,german,X1QvJBgwA44
faces/id0013/German/X1QvJBgwA44/000000050.jpg,id0013,german,X1QvJBgwA44
faces/id0013/German/X1QvJBgwA44/000000075.jpg,id0013,german,X1QvJBgwA44
faces/id0013/German/X1QvJBgwA44/000000100.jpg,id0013,german,X1QvJBgwA44
faces/id0013/German/X1QvJBgwA44/000010025.jpg,id0013,german,X1QvJBgwA44
faces/id0013/German/X1QvJBgwA44/000010050.jpg,id0013,german,X1QvJBgwA44
faces/id0013/German/X1QvJBgwA44/000010075.jpg,id0013,german,X1QvJBgwA44
faces/id0013/German/X1QvJBgwA44/000010100.jpg,id0013,german,X1QvJBgwA44
faces/id0013/German/ZampFS4gy48/000020025.jpg,id0013,german,ZampFS4gy48
faces/id0013/German/ZampFS4gy48/000020400.jpg,id0013,german,ZampFS4gy48
faces/id0013/German/ZampFS4gy48/000020750.jpg,id0013,german,ZampFS4gy48
faces/id0013/German/ZampFS4gy48/000021125.jpg,id0013,german,ZampFS4gy48
faces/id0013/German/ZampFS4gy48/000050150.jpg,id0013,german,ZampFS4gy48
faces/id0013/German/ZampFS4gy48/000050525.jpg,id0013,german,ZampFS4gy48
faces/id0013/German/ZampFS4gy48/000060050.jpg,id0013,german,ZampFS4gy48
faces/id0013/German/ZampFS4gy48/000060425.jpg,id0013,german,ZampFS4gy48
faces/id0013/German/d6ydSBIUGaY/000030025.jpg,id0013,german,d6ydSBIUGaY
faces/id0013/German/d6ydSBIUGaY/000050125.jpg,id0013,german,d6ydSBIUGaY
faces/id0013/German/d6ydSBIUGaY/000120100.jpg,id0013,german,d6ydSBIUGaY
faces/id0013/German/d6ydSBIUGaY/000180025.jpg,id0013,german,d6ydSBIUGaY
faces/id0013/German/d6ydSBIUGaY/000230125.jpg,id0013,german,d6ydSBIUGaY
faces/id0013/German/d6ydSBIUGaY/000280025.jpg,id0013,german,d6ydSBIUGaY
faces/id0013/German/d6ydSBIUGaY/000380100.jpg,id0013,german,d6ydSBIUGaY
faces/id0013/German/d6ydSBIUGaY/000430200.jpg,id0013,german,d6ydSBIUGaY
faces/id0013/German/ex8WF8z3vq8/000000025.jpg,id0013,german,ex8WF8z3vq8
faces/id0013/German/ex8WF8z3vq8/000041175.jpg,id0013,german,ex8WF8z3vq8
faces/id0013/German/ex8WF8z3vq8/000042450.jpg,id0013,german,ex8WF8z3vq8
faces/id0013/German/ex8WF8z3vq8/000070400.jpg,id0013,german,ex8WF8z3vq8
faces/id0013/German/ex8WF8z3vq8/000100325.jpg,id0013,german,ex8WF8z3vq8
faces/id0013/German/ex8WF8z3vq8/000101600.jpg,id0013,german,ex8WF8z3vq8
faces/id0013/German/ex8WF8z3vq8/000150900.jpg,id0013,german,ex8WF8z3vq8
faces/id0013/German/ex8WF8z3vq8/000152175.jpg,id0013,german,ex8WF8z3vq8
faces/id0013/German/q9aCn9w1oJA/000050025.jpg,id0013,german,q9aCn9w1oJA
faces/id0013/German/q9aCn9w1oJA/000070500.jpg,id0013,german,q9aCn9w1oJA
faces/id0013/German/q9aCn9w1oJA/000071325.jpg,id0013,german,q9aCn9w1oJA
faces/id0013/German/q9aCn9w1oJA/000072150.jpg,id0013,german,q9aCn9w1oJA
faces/id0013/German/q9aCn9w1oJA/000072950.jpg,id0013,german,q9aCn9w1oJA
faces/id0013/German/q9aCn9w1oJA/000073775.jpg,id0013,german,q9aCn9w1oJA
faces/id0013/German/q9aCn9w1oJA/000110125.jpg,id0013,german,q9aCn9w1oJA
faces/id0013/German/q9aCn9w1oJA/000110950.jpg,id0013,german,q9aCn9w1oJA
faces/id0013/German/thbHIYWQWpM/000000025.jpg,id0013,german,thbHIYWQWpM
faces/id0013/German/thbHIYWQWpM/000010975.jpg,id0013,german,thbHIYWQWpM
faces/id0013/German/thbHIYWQWpM/000020975.jpg,id0013,german,thbHIYWQWpM
faces/id0013/German/thbHIYWQWpM/000031325.jpg,id0013,german,thbHIYWQWpM
faces/id0013/German/thbHIYWQWpM/000050425.jpg,id0013,german,thbHIYWQWpM
faces/id0013/German/thbHIYWQWpM/000060175.jpg,id0013,german,thbHIYWQWpM
faces/id0013/German/thbHIYWQWpM/000070350.jpg,id0013,german,thbHIYWQWpM
faces/id0013/German/thbHIYWQWpM/000100475.jpg,id0013,german,thbHIYWQWpM
faces/id0013/German/zpmcvt4j--U/000020025.jpg,id0013,german,zpmcvt4j--U
faces/id0013/German/zpmcvt4j--U/000020125.jpg,id0013,german,zpmcvt4j--U
faces/id0013/German/zpmcvt4j--U/000030075.jpg,id0013,german,zpmcvt4j--U
faces/id0013/German/zpmcvt4j--U/000040025.jpg,id0013,german,zpmcvt4j--U
faces/id0013/German/zpmcvt4j--U/000050025.jpg,id0013,german,zpmcvt4j--U
faces/id0013/German/zpmcvt4j--U/000060025.jpg,id0013,german,zpmcvt4j--U
faces/id0013/German/zpmcvt4j--U/000070050.jpg,id0013,german,zpmcvt4j--U
faces/id0013/German/zpmcvt4j--U/000070150.jpg,id0013,german,zpmcvt4j--U
faces/id0014/English/TDKnvLeU1HM/000010025.jpg,id0014,english,TDKnvLeU1HM
faces/id0014/English/TDKnvLeU1HM/000010050.jpg,id0014,english,TDKnvLeU1HM
faces/id0014/English/TDKnvLeU1HM/000010075.jpg,id0014,english,TDKnvLeU1HM
faces/id0014/English/TDKnvLeU1HM/000020025.jpg,id0014,english,TDKnvLeU1HM
faces/id0014/English/TDKnvLeU1HM/000020050.jpg,id0014,english,TDKnvLeU1HM
faces/id0014/English/yi4Gn9Toygc/000010025.jpg,id0014,english,yi4Gn9Toygc
faces/id0014/English/yi4Gn9Toygc/000020050.jpg,id0014,english,yi4Gn9Toygc
faces/id0014/English/yi4Gn9Toygc/000020375.jpg,id0014,english,yi4Gn9Toygc
faces/id0014/English/yi4Gn9Toygc/000020700.jpg,id0014,english,yi4Gn9Toygc
faces/id0014/English/yi4Gn9Toygc/000030300.jpg,id0014,english,yi4Gn9Toygc
faces/id0014/English/yi4Gn9Toygc/000030625.jpg,id0014,english,yi4Gn9Toygc
faces/id0014/English/yi4Gn9Toygc/000050025.jpg,id0014,english,yi4Gn9Toygc
faces/id0014/English/yi4Gn9Toygc/000050350.jpg,id0014,english,yi4Gn9Toygc
faces/id0014/German/8N_pHu3z83w/000040025.jpg,id0014,german,8N_pHu3z83w
faces/id0014/German/8N_pHu3z83w/000040150.jpg,id0014,german,8N_pHu3z83w
faces/id0014/German/8N_pHu3z83w/000040250.jpg,id0014,german,8N_pHu3z83w
faces/id0014/German/8N_pHu3z83w/000040375.jpg,id0014,german,8N_pHu3z83w
faces/id0014/German/8N_pHu3z83w/000040475.jpg,id0014,german,8N_pHu3z83w
faces/id0014/German/8N_pHu3z83w/000040600.jpg,id0014,german,8N_pHu3z83w
faces/id0014/German/8N_pHu3z83w/000040700.jpg,id0014,german,8N_pHu3z83w
faces/id0014/German/8N_pHu3z83w/000040825.jpg,id0014,german,8N_pHu3z83w
faces/id0014/German/K7tisq7KOnw/000120025.jpg,id0014,german,K7tisq7KOnw
faces/id0014/German/K7tisq7KOnw/000120050.jpg,id0014,german,K7tisq7KOnw
faces/id0014/German/V0K1zKT_aZQ/000000025.jpg,id0014,german,V0K1zKT_aZQ
faces/id0014/German/V0K1zKT_aZQ/000060100.jpg,id0014,german,V0K1zKT_aZQ
faces/id0014/German/V0K1zKT_aZQ/000130075.jpg,id0014,german,V0K1zKT_aZQ
faces/id0014/German/V0K1zKT_aZQ/000180125.jpg,id0014,german,V0K1zKT_aZQ
faces/id0014/German/V0K1zKT_aZQ/000230200.jpg,id0014,german,V0K1zKT_aZQ
faces/id0014/German/V0K1zKT_aZQ/000300050.jpg,id0014,german,V0K1zKT_aZQ
faces/id0014/German/V0K1zKT_aZQ/000370075.jpg,id0014,german,V0K1zKT_aZQ
faces/id0014/German/V0K1zKT_aZQ/000430125.jpg,id0014,german,V0K1zKT_aZQ
faces/id0014/German/jpmW9Bd3J-I/000000025.jpg,id0014,german,jpmW9Bd3J-I
faces/id0014/German/jpmW9Bd3J-I/000000125.jpg,id0014,german,jpmW9Bd3J-I
faces/id0014/German/jpmW9Bd3J-I/000000200.jpg,id0014,german,jpmW9Bd3J-I
faces/id0014/German/jpmW9Bd3J-I/000000300.jpg,id0014,german,jpmW9Bd3J-I
faces/id0014/German/jpmW9Bd3J-I/000070100.jpg,id0014,german,jpmW9Bd3J-I
faces/id0014/German/jpmW9Bd3J-I/000080100.jpg,id0014,german,jpmW9Bd3J-I
faces/id0014/German/jpmW9Bd3J-I/000080175.jpg,id0014,german,jpmW9Bd3J-I
faces/id0014/German/jpmW9Bd3J-I/000080275.jpg,id0014,german,jpmW9Bd3J-I
faces/id0014/German/oh1wNH7e-WE/000030025.jpg,id0014,german,oh1wNH7e-WE
faces/id0014/German/oh1wNH7e-WE/000030050.jpg,id0014,german,oh1wNH7e-WE
faces/id0014/German/oh1wNH7e-WE/000030075.jpg,id0014,german,oh1wNH7e-WE
faces/id0014/German/oh1wNH7e-WE/000030100.jpg,id0014,german,oh1wNH7e-WE
faces/id0014/German/oh1wNH7e-WE/000030125.jpg,id0014,german,oh1wNH7e-WE
faces/id0015/English/_8ZxKV276KQ/000100025.jpg,id0015,english,_8ZxKV276KQ
faces/id0015/English/_8ZxKV276KQ/000120025.jpg,id0015,english,_8ZxKV276KQ
faces/id0015/English/_8ZxKV276KQ/000160275.jpg,id0015,english,_8ZxKV276KQ
faces/id0015/English/_8ZxKV276KQ/000180100.jpg,id0015,english,_8ZxKV276KQ
faces/id0015/English/_8ZxKV276KQ/000280125.jpg,id0015,english,_8ZxKV276KQ
faces/id0015/English/_8ZxKV276KQ/000370025.jpg,id0015,english,_8ZxKV276KQ
faces/id0015/English/_8ZxKV276KQ/000390150.jpg,id0015,english,_8ZxKV276KQ
faces/id0015/English/_8ZxKV276KQ/000460250.jpg,id0015,english,_8ZxKV276KQ
faces/id0015/German/tZPG-hQ2vOI/000060025.jpg,id0015,german,tZPG-hQ2vOI
faces/id0015/German/tZPG-hQ2vOI/000110125.jpg,id0015,german,tZPG-hQ2vOI
faces/id0015/German/tZPG-hQ2vOI/000130025.jpg,id0015,german,tZPG-hQ2vOI
faces/id0015/German/tZPG-hQ2vOI/000150125.jpg,id0015,german,tZPG-hQ2vOI
faces/id0015/German/tZPG-hQ2vOI/000210050.jpg,id0015,german,tZPG-hQ2vOI
faces/id0015/German/tZPG-hQ2vOI/000320200.jpg,id0015,german,tZPG-hQ2vOI
faces/id0015/German/tZPG-hQ2vOI/000350100.jpg,id0015,german,tZPG-hQ2vOI
faces/id0015/German/tZPG-hQ2vOI/000530150.jpg,id0015,german,tZPG-hQ2vOI
faces/id0015/German/uwjHOas_CXg/000010025.jpg,id0015,german,uwjHOas_CXg
faces/id0015/German/uwjHOas_CXg/000040175.jpg,id0015,german,uwjHOas_CXg
faces/id0015/German/uwjHOas_CXg/000110225.jpg,id0015,german,uwjHOas_CXg
faces/id0015/German/uwjHOas_CXg/000200375.jpg,id0015,german,uwjHOas_CXg
faces/id0015/German/uwjHOas_CXg/000240500.jpg,id0015,german,uwjHOas_CXg
faces/id0015/German/uwjHOas_CXg/000360100.jpg,id0015,german,uwjHOas_CXg
faces/id0015/German/uwjHOas_CXg/000410325.jpg,id0015,german,uwjHOas_CXg
faces/id0015/German/uwjHOas_CXg/000411300.jpg,id0015,german,uwjHOas_CXg
faces/id0016/English/2KXXR6kLOxg/000040025.jpg,id0016,english,2KXXR6kLOxg
faces/id0016/English/2KXXR6kLOxg/000110025.jpg,id0016,english,2KXXR6kLOxg
faces/id0016/English/2KXXR6kLOxg/000110125.jpg,id0016,english,2KXXR6kLOxg
faces/id0016/English/2KXXR6kLOxg/000120025.jpg,id0016,english,2KXXR6kLOxg
faces/id0016/English/2KXXR6kLOxg/000170050.jpg,id0016,english,2KXXR6kLOxg
faces/id0016/English/2KXXR6kLOxg/000170175.jpg,id0016,english,2KXXR6kLOxg
faces/id0016/English/2KXXR6kLOxg/000280100.jpg,id0016,english,2KXXR6kLOxg
faces/id0016/English/2KXXR6kLOxg/000280225.jpg,id0016,english,2KXXR6kLOxg
faces/id0016/English/FQDhy0gM7A8/000040025.jpg,id0016,english,FQDhy0gM7A8
faces/id0016/English/FQDhy0gM7A8/000070050.jpg,id0016,english,FQDhy0gM7A8
faces/id0016/English/FQDhy0gM7A8/000070400.jpg,id0016,english,FQDhy0gM7A8
faces/id0016/English/FQDhy0gM7A8/000140275.jpg,id0016,english,FQDhy0gM7A8
faces/id0016/English/FQDhy0gM7A8/000170275.jpg,id0016,english,FQDhy0gM7A8
faces/id0016/English/FQDhy0gM7A8/000240125.jpg,id0016,english,FQDhy0gM7A8
faces/id0016/English/FQDhy0gM7A8/000290125.jpg,id0016,english,FQDhy0gM7A8
faces/id0016/English/FQDhy0gM7A8/000290450.jpg,id0016,english,FQDhy0gM7A8
faces/id0016/English/iMQNAdDAXpU/000050025.jpg,id0016,english,iMQNAdDAXpU
faces/id0016/English/iMQNAdDAXpU/000060125.jpg,id0016,english,iMQNAdDAXpU
faces/id0016/English/iMQNAdDAXpU/000110225.jpg,id0016,english,iMQNAdDAXpU
faces/id0016/English/iMQNAdDAXpU/000350050.jpg,id0016,english,iMQNAdDAXpU
faces/id0016/English/iMQNAdDAXpU/000530050.jpg,id0016,english,iMQNAdDAXpU
faces/id0016/English/iMQNAdDAXpU/000620150.jpg,id0016,english,iMQNAdDAXpU
faces/id0016/English/iMQNAdDAXpU/000700050.jpg,id0016,english,iMQNAdDAXpU
faces/id0016/English/iMQNAdDAXpU/000740175.jpg,id0016,english,iMQNAdDAXpU
faces/id0016/English/nlFmG8_mYv8/000000025.jpg,id0016,english,nlFmG8_mYv8
faces/id0016/English/nlFmG8_mYv8/000000100.jpg,id0016,english,nlFmG8_mYv8
faces/id0016/English/nlFmG8_mYv8/000000175.jpg,id0016,english,nlFmG8_mYv8
faces/id0016/English/nlFmG8_mYv8/000000250.jpg,id0016,english,nlFmG8_mYv8
faces/id0016/English/nlFmG8_mYv8/000000325.jpg,id0016,english,nlFmG8_mYv8
faces/id0016/English/nlFmG8_mYv8/000010050.jpg,id0016,english,nlFmG8_mYv8
faces/id0016/English/nlFmG8_mYv8/000020025.jpg,id0016,english,nlFmG8_mYv8
faces/id0016/English/nlFmG8_mYv8/000020100.jpg,id0016,english,nlFmG8_mYv8
faces/id0016/English/syjbBgp6zs0/000000025.jpg,id0016,english,syjbBgp6zs0
faces/id0016/English/syjbBgp6zs0/000000100.jpg,id0016,english,syjbBgp6zs0
faces/id0016/English/syjbBgp6zs0/000000200.jpg,id0016,english,syjbBgp6zs0
faces/id0016/English/syjbBgp6zs0/000000275.jpg,id0016,english,syjbBgp6zs0
faces/id0016/English/syjbBgp6zs0/000010100.jpg,id0016,english,syjbBgp6zs0
faces/id0016/English/syjbBgp6zs0/000010175.jpg,id0016,english,syjbBgp6zs0
faces/id0016/English/syjbBgp6zs0/000120050.jpg,id0016,english,syjbBgp6zs0
faces/id0016/English/syjbBgp6zs0/000120125.jpg,id0016,english,syjbBgp6zs0
faces/id0016/German/4BEYh1O14Oc/000010025.jpg,id0016,german,4BEYh1O14Oc
faces/id0016/German/4BEYh1O14Oc/000070050.jpg,id0016,german,4BEYh1O14Oc
faces/id0016/German/4BEYh1O14Oc/000140175.jpg,id0016,german,4BEYh1O14Oc
faces/id0016/German/4BEYh1O14Oc/000180425.jpg,id0016,german,4BEYh1O14Oc
faces/id0016/German/4BEYh1O14Oc/000220175.jpg,id0016,german,4BEYh1O14Oc
faces/id0016/German/4BEYh1O14Oc/000220800.jpg,id0016,german,4BEYh1O14Oc
faces/id0016/German/4BEYh1O14Oc/000240475.jpg,id0016,german,4BEYh1O14Oc
faces/id0016/German/4BEYh1O14Oc/000250200.jpg,id0016,german,4BEYh1O14Oc
faces/id0016/German/7BrV3ztO9mw/000000025.jpg,id0016,german,7BrV3ztO9mw
faces/id0016/German/7BrV3ztO9mw/000020100.jpg,id0016,german,7BrV3ztO9mw
faces/id0016/German/7BrV3ztO9mw/000040200.jpg,id0016,german,7BrV3ztO9mw
faces/id0016/German/7BrV3ztO9mw/000060250.jpg,id0016,german,7BrV3ztO9mw
faces/id0016/German/7BrV3ztO9mw/000080050.jpg,id0016,german,7BrV3ztO9mw
faces/id0016/German/7BrV3ztO9mw/000110050.jpg,id0016,german,7BrV3ztO9mw
faces/id0016/German/7BrV3ztO9mw/000140025.jpg,id0016,german,7BrV3ztO9mw
faces/id0016/German/7BrV3ztO9mw/000160200.jpg,id0016,german,7BrV3ztO9mw
faces/id0016/German/K8S0k0wdyx0/000000025.jpg,id0016,german,K8S0k0wdyx0
faces/id0016/German/K8S0k0wdyx0/000001100.jpg,id0016,german,K8S0k0wdyx0
faces/id0016/German/K8S0k0wdyx0/000002200.jpg,id0016,german,K8S0k0wdyx0
faces/id0016/German/K8S0k0wdyx0/000003275.jpg,id0016,german,K8S0k0wdyx0
faces/id0016/German/K8S0k0wdyx0/000004375.jpg,id0016,german,K8S0k0wdyx0
faces/id0016/German/K8S0k0wdyx0/000005450.jpg,id0016,german,K8S0k0wdyx0
faces/id0016/German/K8S0k0wdyx0/000006550.jpg,id0016,german,K8S0k0wdyx0
faces/id0016/German/K8S0k0wdyx0/000007625.jpg,id0016,german,K8S0k0wdyx0
faces/id0016/German/dvpMWTzxPAc/000020025.jpg,id0016,german,dvpMWTzxPAc
faces/id0016/German/dvpMWTzxPAc/000050475.jpg,id0016,german,dvpMWTzxPAc
faces/id0016/German/dvpMWTzxPAc/000090800.jpg,id0016,german,dvpMWTzxPAc
faces/id0016/German/dvpMWTzxPAc/000110600.jpg,id0016,german,dvpMWTzxPAc
faces/id0016/German/dvpMWTzxPAc/000160750.jpg,id0016,german,dvpMWTzxPAc
faces/id0016/German/dvpMWTzxPAc/000190725.jpg,id0016,german,dvpMWTzxPAc
faces/id0016/German/dvpMWTzxPAc/000230350.jpg,id0016,german,dvpMWTzxPAc
faces/id0016/German/dvpMWTzxPAc/000231150.jpg,id0016,german,dvpMWTzxPAc
faces/id0016/German/gnI90DlZjss/000050025.jpg,id0016,german,gnI90DlZjss
faces/id0016/German/gnI90DlZjss/000080050.jpg,id0016,german,gnI90DlZjss
faces/id0016/German/gnI90DlZjss/000130075.jpg,id0016,german,gnI90DlZjss
faces/id0016/German/gnI90DlZjss/000270075.jpg,id0016,german,gnI90DlZjss
faces/id0016/German/gnI90DlZjss/000310075.jpg,id0016,german,gnI90DlZjss
faces/id0016/German/gnI90DlZjss/000470050.jpg,id0016,german,gnI90DlZjss
faces/id0016/German/gnI90DlZjss/000480025.jpg,id0016,german,gnI90DlZjss
faces/id0016/German/gnI90DlZjss/000480175.jpg,id0016,german,gnI90DlZjss
faces/id0016/German/vCOeDq-FkyM/000000025.jpg,id0016,german,vCOeDq-FkyM
faces/id0016/German/vCOeDq-FkyM/000020025.jpg,id0016,german,vCOeDq-FkyM
faces/id0016/German/vCOeDq-FkyM/000030125.jpg,id0016,german,vCOeDq-FkyM
faces/id0016/German/vCOeDq-FkyM/000030325.jpg,id0016,german,vCOeDq-FkyM
faces/id0016/German/vCOeDq-FkyM/000070025.jpg,id0016,german,vCOeDq-FkyM
faces/id0016/German/vCOeDq-FkyM/000070225.jpg,id0016,german,vCOeDq-FkyM
faces/id0016/German/vCOeDq-FkyM/000070425.jpg,id0016,german,vCOeDq-FkyM
faces/id0016/German/vCOeDq-FkyM/000070625.jpg,id0016,german,vCOeDq-FkyM
faces/id0017/English/9AVJFGaAaMU/000030025.jpg,id0017,english,9AVJFGaAaMU
faces/id0017/English/9AVJFGaAaMU/000100425.jpg,id0017,english,9AVJFGaAaMU
faces/id0017/English/9AVJFGaAaMU/000130050.jpg,id0017,english,9AVJFGaAaMU
faces/id0017/English/9AVJFGaAaMU/000210250.jpg,id0017,english,9AVJFGaAaMU
faces/id0017/English/9AVJFGaAaMU/000220475.jpg,id0017,english,9AVJFGaAaMU
faces/id0017/English/9AVJFGaAaMU/000290175.jpg,id0017,english,9AVJFGaAaMU
faces/id0017/English/9AVJFGaAaMU/000340275.jpg,id0017,english,9AVJFGaAaMU
faces/id0017/English/9AVJFGaAaMU/000400200.jpg,id0017,english,9AVJFGaAaMU
faces/id0017/English/XgI1Lr4dI-c/000030025.jpg,id0017,english,XgI1Lr4dI-c
faces/id0017/English/XgI1Lr4dI-c/000030150.jpg,id0017,english,XgI1Lr4dI-c
faces/id0017/English/XgI1Lr4dI-c/000030300.jpg,id0017,english,XgI1Lr4dI-c
faces/id0017/English/XgI1Lr4dI-c/000030425.jpg,id0017,english,XgI1Lr4dI-c
faces/id0017/English/XgI1Lr4dI-c/000050025.jpg,id0017,english,XgI1Lr4dI-c
faces/id0017/English/XgI1Lr4dI-c/000050150.jpg,id0017,english,XgI1Lr4dI-c
faces/id0017/English/XgI1Lr4dI-c/000050300.jpg,id0017,english,XgI1Lr4dI-c
faces/id0017/English/XgI1Lr4dI-c/000050425.jpg,id0017,english,XgI1Lr4dI-c
faces/id0017/English/nMRZ5KSslkQ/000110025.jpg,id0017,english,nMRZ5KSslkQ
faces/id0017/English/nMRZ5KSslkQ/000110200.jpg,id0017,english,nMRZ5KSslkQ
faces/id0017/English/nMRZ5KSslkQ/000120075.jpg,id0017,english,nMRZ5KSslkQ
faces/id0017/English/nMRZ5KSslkQ/000140025.jpg,id0017,english,nMRZ5KSslkQ
faces/id0017/English/nMRZ5KSslkQ/000150075.jpg,id0017,english,nMRZ5KSslkQ
faces/id0017/English/nMRZ5KSslkQ/000160050.jpg,id0017,english,nMRZ5KSslkQ
faces/id0017/English/nMRZ5KSslkQ/000460075.jpg,id0017,english,nMRZ5KSslkQ
faces/id0017/English/nMRZ5KSslkQ/000460250.jpg,id0017,english,nMRZ5KSslkQ
faces/id0017/English/qxIrXmCfDqQ/000150025.jpg,id0017,english,qxIrXmCfDqQ
faces/id0017/English/qxIrXmCfDqQ/000150250.jpg,id0017,english,qxIrXmCfDqQ
faces/id0017/English/qxIrXmCfDqQ/000260025.jpg,id0017,english,qxIrXmCfDqQ
faces/id0017/English/qxIrXmCfDqQ/000260250.jpg,id0017,english,qxIrXmCfDqQ
faces/id0017/English/qxIrXmCfDqQ/000270200.jpg,id0017,english,qxIrXmCfDqQ
faces/id0017/English/qxIrXmCfDqQ/000370200.jpg,id0017,english,qxIrXmCfDqQ
faces/id0017/English/qxIrXmCfDqQ/000370400.jpg,id0017,english,qxIrXmCfDqQ
faces/id0017/English/qxIrXmCfDqQ/000510175.jpg,id0017,english,qxIrXmCfDqQ
faces/id0017/German/1kDCS4bA6q0/000010025.jpg,id0017,german,1kDCS4bA6q0
faces/id0017/German/1kDCS4bA6q0/000080125.jpg,id0017,german,1kDCS4bA6q0
faces/id0017/German/1kDCS4bA6q0/000140175.jpg,id0017,german,1kDCS4bA6q0
faces/id0017/German/1kDCS4bA6q0/000220150.jpg,id0017,german,1kDCS4bA6q0
faces/id0017/German/1kDCS4bA6q0/000250250.jpg,id0017,german,1kDCS4bA6q0
faces/id0017/German/1kDCS4bA6q0/000310100.jpg,id0017,german,1kDCS4bA6q0
faces/id0017/German/1kDCS4bA6q0/000350200.jpg,id0017,german,1kDCS4bA6q0
faces/id0017/German/1kDCS4bA6q0/000440100.jpg,id0017,german,1kDCS4bA6q0
faces/id0017/German/c9wnvgaWr0A/000010025.jpg,id0017,german,c9wnvgaWr0A
faces/id0017/German/c9wnvgaWr0A/000020050.jpg,id0017,german,c9wnvgaWr0A
faces/id0017/German/c9wnvgaWr0A/000040025.jpg,id0017,german,c9wnvgaWr0A
faces/id0017/German/c9wnvgaWr0A/000060050.jpg,id0017,german,c9wnvgaWr0A
faces/id0017/German/c9wnvgaWr0A/000080050.jpg,id0017,german,c9wnvgaWr0A
faces/id0017/German/c9wnvgaWr0A/000110075.jpg,id0017,german,c9wnvgaWr0A
faces/id0017/German/c9wnvgaWr0A/000110200.jpg,id0017,german,c9wnvgaWr0A
faces/id0017/German/c9wnvgaWr0A/000110325.jpg,id0017,german,c9wnvgaWr0A
faces/id0018/English/0Qbti7Ftx7E/000010025.jpg,id0018,english,0Qbti7Ftx7E
faces/id0018/English/0Qbti7Ftx7E/000040075.jpg,id0018,english,0Qbti7Ftx7E
faces/id0018/English/0Qbti7Ftx7E/000100175.jpg,id0018,english,0Qbti7Ftx7E
faces/id0018/English/0Qbti7Ftx7E/000150150.jpg,id0018,english,0Qbti7Ftx7E
faces/id0018/English/0Qbti7Ftx7E/000180200.jpg,id0018,english,0Qbti7Ftx7E
faces/id0018/English/0Qbti7Ftx7E/000230375.jpg,id0018,english,0Qbti7Ftx7E
faces/id0018/English/0Qbti7Ftx7E/000270325.jpg,id0018,english,0Qbti7Ftx7E
faces/id0018/English/0Qbti7Ftx7E/000310175.jpg,id0018,english,0Qbti7Ftx7E
faces/id0018/English/Z0S0b_Ya0Sw/000000025.jpg,id0018,english,Z0S0b_Ya0Sw
faces/id0018/English/Z0S0b_Ya0Sw/000000100.jpg,id0018,english,Z0S0b_Ya0Sw
faces/id0018/English/Z0S0b_Ya0Sw/000000200.jpg,id0018,english,Z0S0b_Ya0Sw
faces/id0018/English/Z0S0b_Ya0Sw/000030050.jpg,id0018,english,Z0S0b_Ya0Sw
faces/id0018/English/Z0S0b_Ya0Sw/000030150.jpg,id0018,english,Z0S0b_Ya0Sw
faces/id0018/English/Z0S0b_Ya0Sw/000040025.jpg,id0018,english,Z0S0b_Ya0Sw
faces/id0018/English/Z0S0b_Ya0Sw/000040125.jpg,id0018,english,Z0S0b_Ya0Sw
faces/id0018/English/Z0S0b_Ya0Sw/000040200.jpg,id0018,english,Z0S0b_Ya0Sw
faces/id0018/English/iPZWwcPqSuY/000000025.jpg,id0018,english,iPZWwcPqSuY
faces/id0018/English/iPZWwcPqSuY/000001050.jpg,id0018,english,iPZWwcPqSuY
faces/id0018/English/iPZWwcPqSuY/000002075.jpg,id0018,english,iPZWwcPqSuY
faces/id0018/English/iPZWwcPqSuY/000003100.jpg,id0018,english,iPZWwcPqSuY
faces/id0018/English/iPZWwcPqSuY/000010350.jpg,id0018,english,iPZWwcPqSuY
faces/id0018/English/iPZWwcPqSuY/000011375.jpg,id0018,english,iPZWwcPqSuY
faces/id0018/English/iPZWwcPqSuY/000012400.jpg,id0018,english,iPZWwcPqSuY
faces/id0018/English/iPZWwcPqSuY/000013425.jpg,id0018,english,iPZWwcPqSuY
faces/id0018/English/znJEH8Cgq70/000030025.jpg,id0018,english,znJEH8Cgq70
faces/id0018/English/znJEH8Cgq70/000040025.jpg,id0018,english,znJEH8Cgq70
faces/id0018/English/znJEH8Cgq70/000040150.jpg,id0018,english,znJEH8Cgq70
faces/id0018/English/znJEH8Cgq70/000050150.jpg,id0018,english,znJEH8Cgq70
faces/id0018/English/znJEH8Cgq70/000050300.jpg,id0018,english,znJEH8Cgq70
faces/id0018/English/znJEH8Cgq70/000050450.jpg,id0018,english,znJEH8Cgq70
faces/id0018/English/znJEH8Cgq70/000050575.jpg,id0018,english,znJEH8Cgq70
faces/id0018/English/znJEH8Cgq70/000070100.jpg,id0018,english,znJEH8Cgq70
faces/id0018/German/ALX1fMj2kN4/000000025.jpg,id0018,german,ALX1fMj2kN4
faces/id0018/German/ALX1fMj2kN4/000001100.jpg,id0018,german,ALX1fMj2kN4
faces/id0018/German/ALX1fMj2kN4/000002200.jpg,id0018,german,ALX1fMj2kN4
faces/id0018/German/ALX1fMj2kN4/000003275.jpg,id0018,german,ALX1fMj2kN4
faces/id0018/German/ALX1fMj2kN4/000004375.jpg,id0018,german,ALX1fMj2kN4
faces/id0018/German/ALX1fMj2kN4/000005450.jpg,id0018,german,ALX1fMj2kN4
faces/id0018/German/ALX1fMj2kN4/000006550.jpg,id0018,german,ALX1fMj2kN4
faces/id0018/German/ALX1fMj2kN4/000007625.jpg,id0018,german,ALX1fMj2kN4
faces/id0018/German/Cp56Q0Yijr4/000230025.jpg,id0018,german,Cp56Q0Yijr4
faces/id0018/German/Cp56Q0Yijr4/000230175.jpg,id0018,german,Cp56Q0Yijr4
faces/id0018/German/Cp56Q0Yijr4/000230300.jpg,id0018,german,Cp56Q0Yijr4
faces/id0018/German/Cp56Q0Yijr4/000230450.jpg,id0018,german,Cp56Q0Yijr4
faces/id0018/German/Cp56Q0Yijr4/000560075.jpg,id0018,german,Cp56Q0Yijr4
faces/id0018/German/Cp56Q0Yijr4/000590125.jpg,id0018,german,Cp56Q0Yijr4
faces/id0018/German/Cp56Q0Yijr4/000590250.jpg,id0018,german,Cp56Q0Yijr4
faces/id0018/German/Cp56Q0Yijr4/000590400.jpg,id0018,german,Cp56Q0Yijr4
faces/id0018/German/IACquCI-U50/000000025.jpg,id0018,german,IACquCI-U50
faces/id0018/German/IACquCI-U50/000001125.jpg,id0018,german,IACquCI-U50
faces/id0018/German/IACquCI-U50/000010925.jpg,id0018,german,IACquCI-U50
faces/id0018/German/IACquCI-U50/000012025.jpg,id0018,german,IACquCI-U50
faces/id0018/German/IACquCI-U50/000020875.jpg,id0018,german,IACquCI-U50
faces/id0018/German/IACquCI-U50/000030475.jpg,id0018,german,IACquCI-U50
faces/id0018/German/IACquCI-U50/000031600.jpg,id0018,german,IACquCI-U50
faces/id0018/German/IACquCI-U50/000032700.jpg,id0018,german,IACquCI-U50
faces/id0018/German/sZjqF8Itz5I/000020025.jpg,id0018,german,sZjqF8Itz5I
faces/id0018/German/sZjqF8Itz5I/000060025.jpg,id0018,german,sZjqF8Itz5I
faces/id0018/German/sZjqF8Itz5I/000090175.jpg,id0018,german,sZjqF8Itz5I
faces/id0018/German/sZjqF8Itz5I/000140050.jpg,id0018,german,sZjqF8Itz5I
faces/id0018/German/sZjqF8Itz5I/000170100.jpg,id0018,german,sZjqF8Itz5I
faces/id0018/German/sZjqF8Itz5I/000500700.jpg,id0018,german,sZjqF8Itz5I
faces/id0018/German/sZjqF8Itz5I/000520175.jpg,id0018,german,sZjqF8Itz5I
faces/id0018/German/sZjqF8Itz5I/000540250.jpg,id0018,german,sZjqF8Itz5I
faces/id0019/English/-EEkNs1l1qI/000000025.jpg,id0019,english,-EEkNs1l1qI
faces/id0019/English/-EEkNs1l1qI/000000100.jpg,id0019,english,-EEkNs1l1qI
faces/id0019/English/-EEkNs1l1qI/000010100.jpg,id0019,english,-EEkNs1l1qI
faces/id0019/English/-EEkNs1l1qI/000010175.jpg,id0019,english,-EEkNs1l1qI
faces/id0019/English/-EEkNs1l1qI/000020075.jpg,id0019,english,-EEkNs1l1qI
faces/id0019/English/-EEkNs1l1qI/000020150.jpg,id0019,english,-EEkNs1l1qI
faces/id0019/English/-EEkNs1l1qI/000020250.jpg,id0019,english,-EEkNs1l1qI
faces/id0019/English/-EEkNs1l1qI/000020325.jpg,id0019,english,-EEkNs1l1qI
faces/id0019/English/9iizym9cwKE/000000025.jpg,id0019,english,9iizym9cwKE
faces/id0019/English/9iizym9cwKE/000000175.jpg,id0019,english,9iizym9cwKE
faces/id0019/English/9iizym9cwKE/000000325.jpg,id0019,english,9iizym9cwKE
faces/id0019/English/9iizym9cwKE/000000475.jpg,id0019,english,9iizym9cwKE
faces/id0019/English/9iizym9cwKE/000030150.jpg,id0019,english,9iizym9cwKE
faces/id0019/English/9iizym9cwKE/000030300.jpg,id0019,english,9iizym9cwKE
faces/id0019/English/9iizym9cwKE/000040050.jpg,id0019,english,9iizym9cwKE
faces/id0019/English/9iizym9cwKE/000040200.jpg,id0019,english,9iizym9cwKE
faces/id0019/German/lmlVLLQYutI/000020025.jpg,id0019,german,lmlVLLQYutI
faces/id0019/German/lmlVLLQYutI/000020500.jpg,id0019,german,lmlVLLQYutI
faces/id0019/German/lmlVLLQYutI/000050250.jpg,id0019,german,lmlVLLQYutI
faces/id0019/German/lmlVLLQYutI/000140100.jpg,id0019,german,lmlVLLQYutI
faces/id0019/German/lmlVLLQYutI/000180200.jpg,id0019,german,lmlVLLQYutI
faces/id0019/German/lmlVLLQYutI/000220175.jpg,id0019,german,lmlVLLQYutI
faces/id0019/German/lmlVLLQYutI/000250125.jpg,id0019,german,lmlVLLQYutI
faces/id0019/German/lmlVLLQYutI/000280300.jpg,id0019,german,lmlVLLQYutI
faces/id0020/English/4FjeV9RmdWs/000220025.jpg,id0020,english,4FjeV9RmdWs
faces/id0020/English/4FjeV9RmdWs/000470125.jpg,id0020,english,4FjeV9RmdWs
faces/id0020/English/4FjeV9RmdWs/000630200.jpg,id0020,english,4FjeV9RmdWs
faces/id0020/English/4FjeV9RmdWs/000790325.jpg,id0020,english,4FjeV9RmdWs
faces/id0020/English/4FjeV9RmdWs/001000200.jpg,id0020,english,4FjeV9RmdWs
faces/id0020/English/4FjeV9RmdWs/001150100.jpg,id0020,english,4FjeV9RmdWs
faces/id0020/English/4FjeV9RmdWs/001380050.jpg,id0020,english,4FjeV9RmdWs
faces/id0020/English/4FjeV9RmdWs/001450150.jpg,id0020,english,4FjeV9RmdWs
faces/id0020/English/csMqmZ5N668/000080025.jpg,id0020,english,csMqmZ5N668
faces/id0020/English/csMqmZ5N668/000080400.jpg,id0020,english,csMqmZ5N668
faces/id0020/English/csMqmZ5N668/000080800.jpg,id0020,english,csMqmZ5N668
faces/id0020/English/csMqmZ5N668/000110325.jpg,id0020,english,csMqmZ5N668
faces/id0020/English/csMqmZ5N668/000270400.jpg,id0020,english,csMqmZ5N668
faces/id0020/English/csMqmZ5N668/000270775.jpg,id0020,english,csMqmZ5N668
faces/id0020/English/csMqmZ5N668/000300325.jpg,id0020,english,csMqmZ5N668
faces/id0020/English/csMqmZ5N668/000300700.jpg,id0020,english,csMqmZ5N668
faces/id0020/English/qCcxyTa7gUQ/000000025.jpg,id0020,english,qCcxyTa7gUQ
faces/id0020/English/qCcxyTa7gUQ/000190025.jpg,id0020,english,qCcxyTa7gUQ
faces/id0020/English/qCcxyTa7gUQ/000350250.jpg,id0020,english,qCcxyTa7gUQ
faces/id0020/English/qCcxyTa7gUQ/000440075.jpg,id0020,english,qCcxyTa7gUQ
faces/id0020/English/qCcxyTa7gUQ/000480325.jpg,id0020,english,qCcxyTa7gUQ
faces/id0020/English/qCcxyTa7gUQ/000650025.jpg,id0020,english,qCcxyTa7gUQ
faces/id0020/English/qCcxyTa7gUQ/000670500.jpg,id0020,english,qCcxyTa7gUQ
faces/id0020/English/qCcxyTa7gUQ/000770150.jpg,id0020,english,qCcxyTa7gUQ
faces/id0020/English/rXLtmk4MJSU/000000025.jpg,id0020,english,rXLtmk4MJSU
faces/id0020/English/rXLtmk4MJSU/000280025.jpg,id0020,english,rXLtmk4MJSU
faces/id0020/English/rXLtmk4MJSU/000350575.jpg,id0020,english,rXLtmk4MJSU
faces/id0020/English/rXLtmk4MJSU/000360550.jpg,id0020,english,rXLtmk4MJSU
faces/id0020/English/rXLtmk4MJSU/000380175.jpg,id0020,english,rXLtmk4MJSU
faces/id0020/English/rXLtmk4MJSU/000390400.jpg,id0020,english,rXLtmk4MJSU
faces/id0020/English/rXLtmk4MJSU/000440200.jpg,id0020,english,rXLtmk4MJSU
faces/id0020/English/rXLtmk4MJSU/000440925.jpg,id0020,english,rXLtmk4MJSU
faces/id0020/German/-bhDAECe3FI/000080025.jpg,id0020,german,-bhDAECe3FI
faces/id0020/German/-bhDAECe3FI/000140025.jpg,id0020,german,-bhDAECe3FI
faces/id0020/German/-bhDAECe3FI/000270275.jpg,id0020,german,-bhDAECe3FI
faces/id0020/German/-bhDAECe3FI/000320125.jpg,id0020,german,-bhDAECe3FI
faces/id0020/German/-bhDAECe3FI/000320725.jpg,id0020,german,-bhDAECe3FI
faces/id0020/German/-bhDAECe3FI/000410150.jpg,id0020,german,-bhDAECe3FI
faces/id0020/German/-bhDAECe3FI/000440550.jpg,id0020,german,-bhDAECe3FI
faces/id0020/German/-bhDAECe3FI/000510225.jpg,id0020,german,-bhDAECe3FI
faces/id0020/German/FgSeyBs81Ek/000090025.jpg,id0020,german,FgSeyBs81Ek
faces/id0020/German/FgSeyBs81Ek/000100150.jpg,id0020,german,FgSeyBs81Ek
faces/id0020/German/FgSeyBs81Ek/000100425.jpg,id0020,german,FgSeyBs81Ek
faces/id0020/German/FgSeyBs81Ek/000110150.jpg,id0020,german,FgSeyBs81Ek
faces/id0020/German/FgSeyBs81Ek/000120025.jpg,id0020,german,FgSeyBs81Ek
faces/id0020/German/FgSeyBs81Ek/000140025.jpg,id0020,german,FgSeyBs81Ek
faces/id0020/German/FgSeyBs81Ek/000160200.jpg,id0020,german,FgSeyBs81Ek
faces/id0020/German/FgSeyBs81Ek/000190150.jpg,id0020,german,FgSeyBs81Ek
faces/id0020/German/jWF9AWXqr5k/000070025.jpg,id0020,german,jWF9AWXqr5k
faces/id0020/German/jWF9AWXqr5k/000160100.jpg,id0020,german,jWF9AWXqr5k
faces/id0020/German/jWF9AWXqr5k/000160475.jpg,id0020,german,jWF9AWXqr5k
faces/id0020/German/jWF9AWXqr5k/000210100.jpg,id0020,german,jWF9AWXqr5k
faces/id0020/German/jWF9AWXqr5k/000210450.jpg,id0020,german,jWF9AWXqr5k
faces/id0020/German/jWF9AWXqr5k/000210800.jpg,id0020,german,jWF9AWXqr5k
faces/id0020/German/jWF9AWXqr5k/000300350.jpg,id0020,german,jWF9AWXqr5k
faces/id0020/German/jWF9AWXqr5k/000300700.jpg,id0020,german,jWF9AWXqr5k
faces/id0021/English/68B-dHsuLtM/000010025.jpg,id0021,english,68B-dHsuLtM
faces/id0021/English/68B-dHsuLtM/000010200.jpg,id0021,english,68B-dHsuLtM
faces/id0021/English/68B-dHsuLtM/000020100.jpg,id0021,english,68B-dHsuLtM
faces/id0021/English/68B-dHsuLtM/000030100.jpg,id0021,english,68B-dHsuLtM
faces/id0021/English/68B-dHsuLtM/000030250.jpg,id0021,english,68B-dHsuLtM
faces/id0021/English/68B-dHsuLtM/000030425.jpg,id0021,english,68B-dHsuLtM
faces/id0021/English/68B-dHsuLtM/000030575.jpg,id0021,english,68B-dHsuLtM
faces/id0021/English/68B-dHsuLtM/000030750.jpg,id0021,english,68B-dHsuLtM
faces/id0021/English/c8YKKs0Pcx8/000000025.jpg,id0021,english,c8YKKs0Pcx8
faces/id0021/English/c8YKKs0Pcx8/000000325.jpg,id0021,english,c8YKKs0Pcx8
faces/id0021/English/c8YKKs0Pcx8/000030100.jpg,id0021,english,c8YKKs0Pcx8
faces/id0021/English/c8YKKs0Pcx8/000030400.jpg,id0021,english,c8YKKs0Pcx8
faces/id0021/English/c8YKKs0Pcx8/000030725.jpg,id0021,english,c8YKKs0Pcx8
faces/id0021/English/c8YKKs0Pcx8/000031025.jpg,id0021,english,c8YKKs0Pcx8
faces/id0021/English/c8YKKs0Pcx8/000031325.jpg,id0021,english,c8YKKs0Pcx8
faces/id0021/English/c8YKKs0Pcx8/000031625.jpg,id0021,english,c8YKKs0Pcx8
faces/id0021/German/YuVLOzW3J-k/000000025.jpg,id0021,german,YuVLOzW3J-k
faces/id0021/German/YuVLOzW3J-k/000020025.jpg,id0021,german,YuVLOzW3J-k
faces/id0021/German/YuVLOzW3J-k/000050125.jpg,id0021,german,YuVLOzW3J-k
faces/id0021/German/YuVLOzW3J-k/000060275.jpg,id0021,german,YuVLOzW3J-k
faces/id0021/German/YuVLOzW3J-k/000090175.jpg,id0021,german,YuVLOzW3J-k
faces/id0021/German/YuVLOzW3J-k/000120125.jpg,id0021,german,YuVLOzW3J-k
faces/id0021/German/YuVLOzW3J-k/000150150.jpg,id0021,german,YuVLOzW3J-k
faces/id0021/German/YuVLOzW3J-k/000170150.jpg,id0021,german,YuVLOzW3J-k
faces/id0022/English/EClHlMnrIQc/000250025.jpg,id0022,english,EClHlMnrIQc
faces/id0022/English/EClHlMnrIQc/000250050.jpg,id0022,english,EClHlMnrIQc
faces/id0022/English/EClHlMnrIQc/000250075.jpg,id0022,english,EClHlMnrIQc
faces/id0022/English/EClHlMnrIQc/000250100.jpg,id0022,english,EClHlMnrIQc
faces/id0022/English/EClHlMnrIQc/000250125.jpg,id0022,english,EClHlMnrIQc
faces/id0022/English/MkWta2k0k_g/000010025.jpg,id0022,english,MkWta2k0k_g
faces/id0022/English/MkWta2k0k_g/000010175.jpg,id0022,english,MkWta2k0k_g
faces/id0022/English/MkWta2k0k_g/000020125.jpg,id0022,english,MkWta2k0k_g
faces/id0022/English/MkWta2k0k_g/000040100.jpg,id0022,english,MkWta2k0k_g
faces/id0022/English/MkWta2k0k_g/000090025.jpg,id0022,english,MkWta2k0k_g
faces/id0022/English/MkWta2k0k_g/000100025.jpg,id0022,english,MkWta2k0k_g
faces/id0022/English/MkWta2k0k_g/000100150.jpg,id0022,english,MkWta2k0k_g
faces/id0022/English/MkWta2k0k_g/000150125.jpg,id0022,english,MkWta2k0k_g
faces/id0022/English/fgfyR14fm_8/000010025.jpg,id0022,english,fgfyR14fm_8
faces/id0022/English/fgfyR14fm_8/000010250.jpg,id0022,english,fgfyR14fm_8
faces/id0022/English/fgfyR14fm_8/000070125.jpg,id0022,english,fgfyR14fm_8
faces/id0022/English/fgfyR14fm_8/000120025.jpg,id0022,english,fgfyR14fm_8
faces/id0022/English/fgfyR14fm_8/000120225.jpg,id0022,english,fgfyR14fm_8
faces/id0022/English/fgfyR14fm_8/000120450.jpg,id0022,english,fgfyR14fm_8
faces/id0022/English/fgfyR14fm_8/000120675.jpg,id0022,english,fgfyR14fm_8
faces/id0022/English/fgfyR14fm_8/000130150.jpg,id0022,english,fgfyR14fm_8
faces/id0022/English/hEXCdNnUErY/000010025.jpg,id0022,english,hEXCdNnUErY
faces/id0022/English/hEXCdNnUErY/000010050.jpg,id0022,english,hEXCdNnUErY
faces/id0022/English/hEXCdNnUErY/000010075.jpg,id0022,english,hEXCdNnUErY
faces/id0022/English/hEXCdNnUErY/000010100.jpg,id0022,english,hEXCdNnUErY
faces/id0022/English/hEXCdNnUErY/000010125.jpg,id0022,english,hEXCdNnUErY
faces/id0022/English/pz9DMTtrjwQ/000010025.jpg,id0022,english,pz9DMTtrjwQ
faces/id0022/English/pz9DMTtrjwQ/000020075.jpg,id0022,english,pz9DMTtrjwQ
faces/id0022/English/pz9DMTtrjwQ/000060075.jpg,id0022,english,pz9DMTtrjwQ
faces/id0022/English/pz9DMTtrjwQ/000090075.jpg,id0022,english,pz9DMTtrjwQ
faces/id0022/English/pz9DMTtrjwQ/000140100.jpg,id0022,english,pz9DMTtrjwQ
faces/id0022/English/pz9DMTtrjwQ/000160175.jpg,id0022,english,pz9DMTtrjwQ
faces/id0022/English/pz9DMTtrjwQ/000170200.jpg,id0022,english,pz9DMTtrjwQ
faces/id0022/English/pz9DMTtrjwQ/000270125.jpg,id0022,english,pz9DMTtrjwQ
faces/id0022/English/u-P3YI69Hro/000110025.jpg,id0022,english,u-P3YI69Hro
faces/id0022/English/u-P3YI69Hro/000110050.jpg,id0022,english,u-P3YI69Hro
faces/id0022/English/u-P3YI69Hro/000110075.jpg,id0022,english,u-P3YI69Hro
faces/id0022/English/u-P3YI69Hro/000110100.jpg,id0022,english,u-P3YI69Hro
faces/id0022/English/uaImIRUyZqw/000040025.jpg,id0022,english,uaImIRUyZqw
faces/id0022/English/uaImIRUyZqw/000120175.jpg,id0022,english,uaImIRUyZqw
faces/id0022/English/uaImIRUyZqw/000140250.jpg,id0022,english,uaImIRUyZqw
faces/id0022/English/uaImIRUyZqw/000190125.jpg,id0022,english,uaImIRUyZqw
faces/id0022/English/uaImIRUyZqw/000200125.jpg,id0022,english,uaImIRUyZqw
faces/id0022/English/uaImIRUyZqw/000210100.jpg,id0022,english,uaImIRUyZqw
faces/id0022/English/uaImIRUyZqw/000210600.jpg,id0022,english,uaImIRUyZqw
faces/id0022/English/uaImIRUyZqw/000211100.jpg,id0022,english,uaImIRUyZqw
faces/id0022/German/9Qi5kevt5L4/000100025.jpg,id0022,german,9Qi5kevt5L4
faces/id0022/German/9Qi5kevt5L4/000100100.jpg,id0022,german,9Qi5kevt5L4
faces/id0022/German/9Qi5kevt5L4/000120025.jpg,id0022,german,9Qi5kevt5L4
faces/id0022/German/9Qi5kevt5L4/000120100.jpg,id0022,german,9Qi5kevt5L4
faces/id0022/German/9Qi5kevt5L4/000170025.jpg,id0022,german,9Qi5kevt5L4
faces/id0022/German/9Qi5kevt5L4/000170100.jpg,id0022,german,9Qi5kevt5L4
faces/id0022/German/9Qi5kevt5L4/000200025.jpg,id0022,german,9Qi5kevt5L4
faces/id0022/German/9Qi5kevt5L4/000200100.jpg,id0022,german,9Qi5kevt5L4
faces/id0022/German/EClHlMnrIQc/000000025.jpg,id0022,german,EClHlMnrIQc
faces/id0022/German/EClHlMnrIQc/000080050.jpg,id0022,german,EClHlMnrIQc
faces/id0022/German/EClHlMnrIQc/000130100.jpg,id0022,german,EClHlMnrIQc
faces/id0022/German/EClHlMnrIQc/000140500.jpg,id0022,german,EClHlMnrIQc
faces/id0022/German/EClHlMnrIQc/000190200.jpg,id0022,german,EClHlMnrIQc
faces/id0022/German/EClHlMnrIQc/000220100.jpg,id0022,german,EClHlMnrIQc
faces/id0022/German/EClHlMnrIQc/000240625.jpg,id0022,german,EClHlMnrIQc
faces/id0022/German/EClHlMnrIQc/000290250.jpg,id0022,german,EClHlMnrIQc
faces/id0022/German/ENdechAstZg/000020025.jpg,id0022,german,ENdechAstZg
faces/id0022/German/ENdechAstZg/000020050.jpg,id0022,german,ENdechAstZg
faces/id0022/German/ENdechAstZg/000020075.jpg,id0022,german,ENdechAstZg
faces/id0022/German/ENdechAstZg/000020100.jpg,id0022,german,ENdechAstZg
faces/id0022/German/ENdechAstZg/000060025.jpg,id0022,german,ENdechAstZg
faces/id0022/German/ENdechAstZg/000060050.jpg,id0022,german,ENdechAstZg
faces/id0022/German/ENdechAstZg/000060075.jpg,id0022,german,ENdechAstZg
faces/id0022/German/ENdechAstZg/000060100.jpg,id0022,german,ENdechAstZg
faces/id0022/German/gYTGAY_LHmU/000000025.jpg,id0022,german,gYTGAY_LHmU
faces/id0022/German/gYTGAY_LHmU/000000075.jpg,id0022,german,gYTGAY_LHmU
faces/id0022/German/gYTGAY_LHmU/000040025.jpg,id0022,german,gYTGAY_LHmU
faces/id0022/German/gYTGAY_LHmU/000040075.jpg,id0022,german,gYTGAY_LHmU
faces/id0022/German/gYTGAY_LHmU/000040100.jpg,id0022,german,gYTGAY_LHmU
faces/id0022/German/gYTGAY_LHmU/000040150.jpg,id0022,german,gYTGAY_LHmU
faces/id0022/German/gYTGAY_LHmU/000070050.jpg,id0022,german,gYTGAY_LHmU
faces/id0022/German/gYTGAY_LHmU/000070100.jpg,id0022,german,gYTGAY_LHmU
faces/id0022/German/leLXJ5heYXg/000020025.jpg,id0022,german,leLXJ5heYXg
faces/id0022/German/leLXJ5heYXg/000050250.jpg,id0022,german,leLXJ5heYXg
faces/id0022/German/leLXJ5heYXg/000060600.jpg,id0022,german,leLXJ5heYXg
faces/id0022/German/leLXJ5heYXg/000061250.jpg,id0022,german,leLXJ5heYXg
faces/id0022/German/leLXJ5heYXg/000061875.jpg,id0022,german,leLXJ5heYXg
faces/id0022/German/leLXJ5heYXg/000062525.jpg,id0022,german,leLXJ5heYXg
faces/id0022/German/leLXJ5heYXg/000070625.jpg,id0022,german,leLXJ5heYXg
faces/id0022/German/leLXJ5heYXg/000160125.jpg,id0022,german,leLXJ5heYXg
faces/id0022/German/tQ0SfW24TSA/000010025.jpg,id0022,german,tQ0SfW24TSA
faces/id0022/German/tQ0SfW24TSA/000010050.jpg,id0022,german,tQ0SfW24TSA
faces/id0022/German/tQ0SfW24TSA/000010075.jpg,id0022,german,tQ0SfW24TSA
faces/id0022/German/tQ0SfW24TSA/000010100.jpg,id0022,german,tQ0SfW24TSA
faces/id0022/German/tQ0SfW24TSA/000010150.jpg,id0022,german,tQ0SfW24TSA
faces/id0022/German/tQ0SfW24TSA/000010175.jpg,id0022,german,tQ0SfW24TSA
faces/id0022/German/tQ0SfW24TSA/000010200.jpg,id0022,german,tQ0SfW24TSA
faces/id0022/German/tQ0SfW24TSA/000010225.jpg,id0022,german,tQ0SfW24TSA
faces/id0023/English/7f7ona8KmMc/000000025.jpg,id0023,english,7f7ona8KmMc
faces/id0023/English/7f7ona8KmMc/000000200.jpg,id0023,english,7f7ona8KmMc
faces/id0023/English/7f7ona8KmMc/000000375.jpg,id0023,english,7f7ona8KmMc
faces/id0023/English/7f7ona8KmMc/000030150.jpg,id0023,english,7f7ona8KmMc
faces/id0023/English/7f7ona8KmMc/000030300.jpg,id0023,english,7f7ona8KmMc
faces/id0023/English/7f7ona8KmMc/000030475.jpg,id0023,english,7f7ona8KmMc
faces/id0023/English/7f7ona8KmMc/000030650.jpg,id0023,english,7f7ona8KmMc
faces/id0023/English/7f7ona8KmMc/000030825.jpg,id0023,english,7f7ona8KmMc
faces/id0023/English/UAwoJbLhHVk/000020025.jpg,id0023,english,UAwoJbLhHVk
faces/id0023/English/UAwoJbLhHVk/000020400.jpg,id0023,english,UAwoJbLhHVk
faces/id0023/English/UAwoJbLhHVk/000050100.jpg,id0023,english,UAwoJbLhHVk
faces/id0023/English/UAwoJbLhHVk/000050475.jpg,id0023,english,UAwoJbLhHVk
faces/id0023/English/UAwoJbLhHVk/000050875.jpg,id0023,english,UAwoJbLhHVk
faces/id0023/English/UAwoJbLhHVk/000060375.jpg,id0023,english,UAwoJbLhHVk
faces/id0023/English/UAwoJbLhHVk/000080050.jpg,id0023,english,UAwoJbLhHVk
faces/id0023/English/UAwoJbLhHVk/000110275.jpg,id0023,english,UAwoJbLhHVk
faces/id0023/English/d0lBiWDh7Eo/000000025.jpg,id0023,english,d0lBiWDh7Eo
faces/id0023/English/d0lBiWDh7Eo/000100025.jpg,id0023,english,d0lBiWDh7Eo
faces/id0023/English/d0lBiWDh7Eo/000100050.jpg,id0023,english,d0lBiWDh7Eo
faces/id0023/English/d0lBiWDh7Eo/000100075.jpg,id0023,english,d0lBiWDh7Eo
faces/id0023/English/d0lBiWDh7Eo/000100100.jpg,id0023,english,d0lBiWDh7Eo
faces/id0023/English/d0lBiWDh7Eo/000100125.jpg,id0023,english,d0lBiWDh7Eo
faces/id0023/German/jYbpEskg0wE/000000025.jpg,id0023,german,jYbpEskg0wE
faces/id0023/German/jYbpEskg0wE/000000575.jpg,id0023,german,jYbpEskg0wE
faces/id0023/German/jYbpEskg0wE/000020350.jpg,id0023,german,jYbpEskg0wE
faces/id0023/German/jYbpEskg0wE/000040325.jpg,id0023,german,jYbpEskg0wE
faces/id0023/German/jYbpEskg0wE/000130475.jpg,id0023,german,jYbpEskg0wE
faces/id0023/German/jYbpEskg0wE/000131025.jpg,id0023,german,jYbpEskg0wE
faces/id0023/German/jYbpEskg0wE/000131575.jpg,id0023,german,jYbpEskg0wE
faces/id0023/German/jYbpEskg0wE/000150550.jpg,id0023,german,jYbpEskg0wE
faces/id0023/German/jYvixcl9Mas/000000025.jpg,id0023,german,jYvixcl9Mas
faces/id0023/German/jYvixcl9Mas/000000175.jpg,id0023,german,jYvixcl9Mas
faces/id0023/German/jYvixcl9Mas/000000325.jpg,id0023,german,jYvixcl9Mas
faces/id0023/German/jYvixcl9Mas/000000475.jpg,id0023,german,jYvixcl9Mas
faces/id0023/German/jYvixcl9Mas/000000600.jpg,id0023,german,jYvixcl9Mas
faces/id0023/German/jYvixcl9Mas/000000750.jpg,id0023,german,jYvixcl9Mas
faces/id0023/German/jYvixcl9Mas/000000900.jpg,id0023,german,jYvixcl9Mas
faces/id0023/German/jYvixcl9Mas/000001050.jpg,id0023,german,jYvixcl9Mas
faces/id0023/German/n4wEqsfraB8/000000025.jpg,id0023,german,n4wEqsfraB8
faces/id0023/German/n4wEqsfraB8/000000075.jpg,id0023,german,n4wEqsfraB8
faces/id0023/German/n4wEqsfraB8/000000100.jpg,id0023,german,n4wEqsfraB8
faces/id0023/German/n4wEqsfraB8/000000150.jpg,id0023,german,n4wEqsfraB8
faces/id0023/German/n4wEqsfraB8/000000175.jpg,id0023,german,n4wEqsfraB8
faces/id0023/German/n4wEqsfraB8/000000225.jpg,id0023,german,n4wEqsfraB8
faces/id0023/German/n4wEqsfraB8/000000250.jpg,id0023,german,n4wEqsfraB8
faces/id0023/German/n4wEqsfraB8/000000300.jpg,id0023,german,n4wEqsfraB8
faces/id0023/German/yW1PTXpW0JA/000510025.jpg,id0023,german,yW1PTXpW0JA
faces/id0023/German/yW1PTXpW0JA/000510125.jpg,id0023,german,yW1PTXpW0JA
faces/id0023/German/yW1PTXpW0JA/000510200.jpg,id0023,german,yW1PTXpW0JA
faces/id0023/German/yW1PTXpW0JA/000520075.jpg,id0023,german,yW1PTXpW0JA
faces/id0023/German/yW1PTXpW0JA/000560025.jpg,id0023,german,yW1PTXpW0JA
faces/id0023/German/yW1PTXpW0JA/000560125.jpg,id0023,german,yW1PTXpW0JA
faces/id0023/German/yW1PTXpW0JA/000560200.jpg,id0023,german,yW1PTXpW0JA
faces/id0023/German/yW1PTXpW0JA/000560300.jpg,id0023,german,yW1PTXpW0JA
faces/id0024/English/Aof3F3Esv1E/000180025.jpg,id0024,english,Aof3F3Esv1E
faces/id0024/English/Aof3F3Esv1E/000190075.jpg,id0024,english,Aof3F3Esv1E
faces/id0024/English/Aof3F3Esv1E/000220125.jpg,id0024,english,Aof3F3Esv1E
faces/id0024/English/Aof3F3Esv1E/000240150.jpg,id0024,english,Aof3F3Esv1E
faces/id0024/English/Aof3F3Esv1E/000280050.jpg,id0024,english,Aof3F3Esv1E
faces/id0024/English/Aof3F3Esv1E/000280200.jpg,id0024,english,Aof3F3Esv1E
faces/id0024/English/Aof3F3Esv1E/000310025.jpg,id0024,english,Aof3F3Esv1E
faces/id0024/English/Aof3F3Esv1E/000310175.jpg,id0024,english,Aof3F3Esv1E
faces/id0024/German/EhYwlTyR3VI/000000025.jpg,id0024,german,EhYwlTyR3VI
faces/id0024/German/EhYwlTyR3VI/000000850.jpg,id0024,german,EhYwlTyR3VI
faces/id0024/German/EhYwlTyR3VI/000010550.jpg,id0024,german,EhYwlTyR3VI
faces/id0024/German/EhYwlTyR3VI/000030175.jpg,id0024,german,EhYwlTyR3VI
faces/id0024/German/EhYwlTyR3VI/000040600.jpg,id0024,german,EhYwlTyR3VI
faces/id0024/German/EhYwlTyR3VI/000050750.jpg,id0024,german,EhYwlTyR3VI
faces/id0024/German/EhYwlTyR3VI/000051575.jpg,id0024,german,EhYwlTyR3VI
faces/id0024/German/EhYwlTyR3VI/000070175.jpg,id0024,german,EhYwlTyR3VI
faces/id0024/German/GWP5tFS62ag/000020025.jpg,id0024,german,GWP5tFS62ag
faces/id0024/German/GWP5tFS62ag/000020050.jpg,id0024,german,GWP5tFS62ag
faces/id0024/German/GWP5tFS62ag/000020075.jpg,id0024,german,GWP5tFS62ag
faces/id0024/German/GWP5tFS62ag/000020100.jpg,id0024,german,GWP5tFS62ag
faces/id0024/German/GWP5tFS62ag/000040025.jpg,id0024,german,GWP5tFS62ag
faces/id0024/German/GWP5tFS62ag/000040050.jpg,id0024,german,GWP5tFS62ag
faces/id0024/German/GWP5tFS62ag/000040075.jpg,id0024,german,GWP5tFS62ag
faces/id0024/German/GWP5tFS62ag/000040100.jpg,id0024,german,GWP5tFS62ag
faces/id0024/German/aW4tjKzDEDU/000010025.jpg,id0024,german,aW4tjKzDEDU
faces/id0024/German/aW4tjKzDEDU/000060075.jpg,id0024,german,aW4tjKzDEDU
faces/id0024/German/aW4tjKzDEDU/000080250.jpg,id0024,german,aW4tjKzDEDU
faces/id0024/German/aW4tjKzDEDU/000080825.jpg,id0024,german,aW4tjKzDEDU
faces/id0024/German/aW4tjKzDEDU/000110475.jpg,id0024,german,aW4tjKzDEDU
faces/id0024/German/aW4tjKzDEDU/000160375.jpg,id0024,german,aW4tjKzDEDU
faces/id0024/German/aW4tjKzDEDU/000210275.jpg,id0024,german,aW4tjKzDEDU
faces/id0024/German/aW4tjKzDEDU/000260100.jpg,id0024,german,aW4tjKzDEDU
faces/id0025/English/3lb22y16g4g/000000025.jpg,id0025,english,3lb22y16g4g
faces/id0025/English/3lb22y16g4g/000010150.jpg,id0025,english,3lb22y16g4g
faces/id0025/English/3lb22y16g4g/000020275.jpg,id0025,english,3lb22y16g4g
faces/id0025/English/3lb22y16g4g/000030250.jpg,id0025,english,3lb22y16g4g
faces/id0025/English/3lb22y16g4g/000040075.jpg,id0025,english,3lb22y16g4g
faces/id0025/English/3lb22y16g4g/000060125.jpg,id0025,english,3lb22y16g4g
faces/id0025/English/3lb22y16g4g/000090075.jpg,id0025,english,3lb22y16g4g
faces/id0025/English/3lb22y16g4g/000100300.jpg,id0025,english,3lb22y16g4g
faces/id0025/English/7flPSMiR9Ww/000000025.jpg,id0025,english,7flPSMiR9Ww
faces/id0025/English/7flPSMiR9Ww/000000100.jpg,id0025,english,7flPSMiR9Ww
faces/id0025/English/7flPSMiR9Ww/000000175.jpg,id0025,english,7flPSMiR9Ww
faces/id0025/English/7flPSMiR9Ww/000000250.jpg,id0025,english,7flPSMiR9Ww
faces/id0025/English/7flPSMiR9Ww/000050100.jpg,id0025,english,7flPSMiR9Ww
faces/id0025/English/7flPSMiR9Ww/000060025.jpg,id0025,english,7flPSMiR9Ww
faces/id0025/English/7flPSMiR9Ww/000060100.jpg,id0025,english,7flPSMiR9Ww
faces/id0025/English/7flPSMiR9Ww/000060175.jpg,id0025,english,7flPSMiR9Ww
faces/id0025/English/UEqX-YAol1Q/000000025.jpg,id0025,english,UEqX-YAol1Q
faces/id0025/English/UEqX-YAol1Q/000000050.jpg,id0025,english,UEqX-YAol1Q
faces/id0025/English/UEqX-YAol1Q/000000100.jpg,id0025,english,UEqX-YAol1Q
faces/id0025/English/UEqX-YAol1Q/000000125.jpg,id0025,english,UEqX-YAol1Q
faces/id0025/English/UEqX-YAol1Q/000000150.jpg,id0025,english,UEqX-YAol1Q
faces/id0025/English/UEqX-YAol1Q/000000175.jpg,id0025,english,UEqX-YAol1Q
faces/id0025/English/UEqX-YAol1Q/000000225.jpg,id0025,english,UEqX-YAol1Q
faces/id0025/English/UEqX-YAol1Q/000000250.jpg,id0025,english,UEqX-YAol1Q
faces/id0025/English/WrRVzofqI5g/000010025.jpg,id0025,english,WrRVzofqI5g
faces/id0025/English/WrRVzofqI5g/000090050.jpg,id0025,english,WrRVzofqI5g
faces/id0025/English/WrRVzofqI5g/000130025.jpg,id0025,english,WrRVzofqI5g
faces/id0025/English/WrRVzofqI5g/000130350.jpg,id0025,english,WrRVzofqI5g
faces/id0025/English/WrRVzofqI5g/000150050.jpg,id0025,english,WrRVzofqI5g
faces/id0025/English/WrRVzofqI5g/000160100.jpg,id0025,english,WrRVzofqI5g
faces/id0025/English/WrRVzofqI5g/000180125.jpg,id0025,english,WrRVzofqI5g
faces/id0025/English/WrRVzofqI5g/000180450.jpg,id0025,english,WrRVzofqI5g
faces/id0025/English/yMJlXBbie_I/000000025.jpg,id0025,english,yMJlXBbie_I
faces/id0025/English/yMJlXBbie_I/000000075.jpg,id0025,english,yMJlXBbie_I
faces/id0025/English/yMJlXBbie_I/000000100.jpg,id0025,english,yMJlXBbie_I
faces/id0025/English/yMJlXBbie_I/000010050.jpg,id0025,english,yMJlXBbie_I
faces/id0025/English/yMJlXBbie_I/000010075.jpg,id0025,english,yMJlXBbie_I
faces/id0025/English/yMJlXBbie_I/000010125.jpg,id0025,english,yMJlXBbie_I
faces/id0025/English/yMJlXBbie_I/000010150.jpg,id0025,english,yMJlXBbie_I
faces/id0025/English/yMJlXBbie_I/000010200.jpg,id0025,english,yMJlXBbie_I
faces/id0025/German/hAr6jHIqSGA/000040025.jpg,id0025,german,hAr6jHIqSGA
faces/id0025/German/hAr6jHIqSGA/000040150.jpg,id0025,german,hAr6jHIqSGA
faces/id0025/German/hAr6jHIqSGA/000090125.jpg,id0025,german,hAr6jHIqSGA
faces/id0025/German/hAr6jHIqSGA/000090250.jpg,id0025,german,hAr6jHIqSGA
faces/id0025/German/hAr6jHIqSGA/000120100.jpg,id0025,german,hAr6jHIqSGA
faces/id0025/German/hAr6jHIqSGA/000120225.jpg,id0025,german,hAr6jHIqSGA
faces/id0025/German/hAr6jHIqSGA/000120350.jpg,id0025,german,hAr6jHIqSGA
faces/id0025/German/hAr6jHIqSGA/000120475.jpg,id0025,german,hAr6jHIqSGA
faces/id0025/German/lLm9Yfvgg7w/000020025.jpg,id0025,german,lLm9Yfvgg7w
faces/id0025/German/lLm9Yfvgg7w/000020125.jpg,id0025,german,lLm9Yfvgg7w
faces/id0025/German/lLm9Yfvgg7w/000030075.jpg,id0025,german,lLm9Yfvgg7w
faces/id0025/German/lLm9Yfvgg7w/000060050.jpg,id0025,german,lLm9Yfvgg7w
faces/id0025/German/lLm9Yfvgg7w/000090025.jpg,id0025,german,lLm9Yfvgg7w
faces/id0025/German/lLm9Yfvgg7w/000090125.jpg,id0025,german,lLm9Yfvgg7w
faces/id0025/German/lLm9Yfvgg7w/000180050.jpg,id0025,german,lLm9Yfvgg7w
faces/id0025/German/lLm9Yfvgg7w/000180150.jpg,id0025,german,lLm9Yfvgg7w
faces/id0025/German/y1qQkvaI4Bc/000050025.jpg,id0025,german,y1qQkvaI4Bc
faces/id0025/German/y1qQkvaI4Bc/000050125.jpg,id0025,german,y1qQkvaI4Bc
faces/id0025/German/y1qQkvaI4Bc/000060050.jpg,id0025,german,y1qQkvaI4Bc
faces/id0025/German/y1qQkvaI4Bc/000060150.jpg,id0025,german,y1qQkvaI4Bc
faces/id0025/German/y1qQkvaI4Bc/000060225.jpg,id0025,german,y1qQkvaI4Bc
faces/id0025/German/y1qQkvaI4Bc/000060325.jpg,id0025,german,y1qQkvaI4Bc
faces/id0025/German/y1qQkvaI4Bc/000060400.jpg,id0025,german,y1qQkvaI4Bc
faces/id0025/German/y1qQkvaI4Bc/000080100.jpg,id0025,german,y1qQkvaI4Bc
faces/id0026/English/ZOnMSLSNmWY/000020025.jpg,id0026,english,ZOnMSLSNmWY
faces/id0026/English/ZOnMSLSNmWY/000120050.jpg,id0026,english,ZOnMSLSNmWY
faces/id0026/English/ZOnMSLSNmWY/000220100.jpg,id0026,english,ZOnMSLSNmWY
faces/id0026/English/ZOnMSLSNmWY/000280050.jpg,id0026,english,ZOnMSLSNmWY
faces/id0026/English/ZOnMSLSNmWY/000340150.jpg,id0026,english,ZOnMSLSNmWY
faces/id0026/English/ZOnMSLSNmWY/000410375.jpg,id0026,english,ZOnMSLSNmWY
faces/id0026/English/ZOnMSLSNmWY/000430650.jpg,id0026,english,ZOnMSLSNmWY
faces/id0026/English/ZOnMSLSNmWY/000500150.jpg,id0026,english,ZOnMSLSNmWY
faces/id0026/English/_qS5WY3JEkg/000010025.jpg,id0026,english,_qS5WY3JEkg
faces/id0026/English/_qS5WY3JEkg/000040125.jpg,id0026,english,_qS5WY3JEkg
faces/id0026/English/_qS5WY3JEkg/000070250.jpg,id0026,english,_qS5WY3JEkg
faces/id0026/English/_qS5WY3JEkg/000080400.jpg,id0026,english,_qS5WY3JEkg
faces/id0026/English/_qS5WY3JEkg/000110050.jpg,id0026,english,_qS5WY3JEkg
faces/id0026/English/_qS5WY3JEkg/000120275.jpg,id0026,english,_qS5WY3JEkg
faces/id0026/English/_qS5WY3JEkg/000130100.jpg,id0026,english,_qS5WY3JEkg
faces/id0026/English/_qS5WY3JEkg/000180175.jpg,id0026,english,_qS5WY3JEkg
faces/id0026/English/hle-nBXHb5Q/000010025.jpg,id0026,english,hle-nBXHb5Q
faces/id0026/English/hle-nBXHb5Q/000020175.jpg,id0026,english,hle-nBXHb5Q
faces/id0026/English/hle-nBXHb5Q/000030200.jpg,id0026,english,hle-nBXHb5Q
faces/id0026/English/hle-nBXHb5Q/000060125.jpg,id0026,english,hle-nBXHb5Q
faces/id0026/English/hle-nBXHb5Q/000060475.jpg,id0026,english,hle-nBXHb5Q
faces/id0026/English/hle-nBXHb5Q/000080025.jpg,id0026,english,hle-nBXHb5Q
faces/id0026/English/hle-nBXHb5Q/000080400.jpg,id0026,english,hle-nBXHb5Q
faces/id0026/English/hle-nBXHb5Q/000150325.jpg,id0026,english,hle-nBXHb5Q
faces/id0026/English/m4wk8JOyi0E/000000025.jpg,id0026,english,m4wk8JOyi0E
faces/id0026/English/m4wk8JOyi0E/000000175.jpg,id0026,english,m4wk8JOyi0E
faces/id0026/English/m4wk8JOyi0E/000020050.jpg,id0026,english,m4wk8JOyi0E
faces/id0026/English/m4wk8JOyi0E/000040025.jpg,id0026,english,m4wk8JOyi0E
faces/id0026/English/m4wk8JOyi0E/000060050.jpg,id0026,english,m4wk8JOyi0E
faces/id0026/English/m4wk8JOyi0E/000060200.jpg,id0026,english,m4wk8JOyi0E
faces/id0026/English/m4wk8JOyi0E/000060325.jpg,id0026,english,m4wk8JOyi0E
faces/id0026/English/m4wk8JOyi0E/000080125.jpg,id0026,english,m4wk8JOyi0E
faces/id0026/German/NV5LY9LTWN8/000000025.jpg,id0026,german,NV5LY9LTWN8
faces/id0026/German/NV5LY9LTWN8/000000550.jpg,id0026,german,NV5LY9LTWN8
faces/id0026/German/NV5LY9LTWN8/000020100.jpg,id0026,german,NV5LY9LTWN8
faces/id0026/German/NV5LY9LTWN8/000030350.jpg,id0026,german,NV5LY9LTWN8
faces/id0026/German/NV5LY9LTWN8/000030900.jpg,id0026,german,NV5LY9LTWN8
faces/id0026/German/NV5LY9LTWN8/000040375.jpg,id0026,german,NV5LY9LTWN8
faces/id0026/German/NV5LY9LTWN8/000050100.jpg,id0026,german,NV5LY9LTWN8
faces/id0026/German/NV5LY9LTWN8/000050625.jpg,id0026,german,NV5LY9LTWN8
faces/id0027/English/2aUCFUf9izU/000040025.jpg,id0027,english,2aUCFUf9izU
faces/id0027/English/2aUCFUf9izU/000050575.jpg,id0027,english,2aUCFUf9izU
faces/id0027/English/2aUCFUf9izU/000140450.jpg,id0027,english,2aUCFUf9izU
faces/id0027/English/2aUCFUf9izU/000141400.jpg,id0027,english,2aUCFUf9izU
faces/id0027/English/2aUCFUf9izU/000150550.jpg,id0027,english,2aUCFUf9izU
faces/id0027/English/2aUCFUf9izU/000170175.jpg,id0027,english,2aUCFUf9izU
faces/id0027/English/2aUCFUf9izU/000200550.jpg,id0027,english,2aUCFUf9izU
faces/id0027/English/2aUCFUf9izU/000201500.jpg,id0027,english,2aUCFUf9izU
faces/id0027/English/56Rcw9QmcPw/000000025.jpg,id0027,english,56Rcw9QmcPw
faces/id0027/English/56Rcw9QmcPw/000080025.jpg,id0027,english,56Rcw9QmcPw
faces/id0027/English/56Rcw9QmcPw/000140400.jpg,id0027,english,56Rcw9QmcPw
faces/id0027/English/56Rcw9QmcPw/000180025.jpg,id0027,english,56Rcw9QmcPw
faces/id0027/English/56Rcw9QmcPw/000220175.jpg,id0027,english,56Rcw9QmcPw
faces/id0027/English/56Rcw9QmcPw/000250050.jpg,id0027,english,56Rcw9QmcPw
faces/id0027/English/56Rcw9QmcPw/000310125.jpg,id0027,english,56Rcw9QmcPw
faces/id0027/English/56Rcw9QmcPw/000330850.jpg,id0027,english,56Rcw9QmcPw
faces/id0027/English/BlE0jhbL7Vo/000000025.jpg,id0027,english,BlE0jhbL7Vo
faces/id0027/English/BlE0jhbL7Vo/000000050.jpg,id0027,english,BlE0jhbL7Vo
faces/id0027/English/BlE0jhbL7Vo/000000075.jpg,id0027,english,BlE0jhbL7Vo
faces/id0027/English/BlE0jhbL7Vo/000000100.jpg,id0027,english,BlE0jhbL7Vo
faces/id0027/English/BlE0jhbL7Vo/000010025.jpg,id0027,english,BlE0jhbL7Vo
faces/id0027/English/BlE0jhbL7Vo/000010050.jpg,id0027,english,BlE0jhbL7Vo
faces/id0027/English/BlE0jhbL7Vo/000010075.jpg,id0027,english,BlE0jhbL7Vo
faces/id0027/English/BlE0jhbL7Vo/000010100.jpg,id0027,english,BlE0jhbL7Vo
faces/id0027/English/KrEkpowh490/000060025.jpg,id0027,english,KrEkpowh490
faces/id0027/English/KrEkpowh490/000061450.jpg,id0027,english,KrEkpowh490
faces/id0027/English/KrEkpowh490/000062900.jpg,id0027,english,KrEkpowh490
faces/id0027/English/KrEkpowh490/000064325.jpg,id0027,english,KrEkpowh490
faces/id0027/English/KrEkpowh490/000065775.jpg,id0027,english,KrEkpowh490
faces/id0027/English/KrEkpowh490/000100725.jpg,id0027,english,KrEkpowh490
faces/id0027/English/KrEkpowh490/000102175.jpg,id0027,english,KrEkpowh490
faces/id0027/English/KrEkpowh490/000121075.jpg,id0027,english,KrEkpowh490
faces/id0027/English/nVLVU-Jr1nU/000000025.jpg,id0027,english,nVLVU-Jr1nU
faces/id0027/English/nVLVU-Jr1nU/000030225.jpg,id0027,english,nVLVU-Jr1nU
faces/id0027/English/nVLVU-Jr1nU/000031300.jpg,id0027,english,nVLVU-Jr1nU
faces/id0027/English/nVLVU-Jr1nU/000050550.jpg,id0027,english,nVLVU-Jr1nU
faces/id0027/English/nVLVU-Jr1nU/000061000.jpg,id0027,english,nVLVU-Jr1nU
faces/id0027/English/nVLVU-Jr1nU/000070575.jpg,id0027,english,nVLVU-Jr1nU
faces/id0027/English/nVLVU-Jr1nU/000081050.jpg,id0027,english,nVLVU-Jr1nU
faces/id0027/English/nVLVU-Jr1nU/000120225.jpg,id0027,english,nVLVU-Jr1nU
faces/id0027/German/IMTOrqs7Inw/000000025.jpg,id0027,german,IMTOrqs7Inw
faces/id0027/German/IMTOrqs7Inw/000000100.jpg,id0027,german,IMTOrqs7Inw
faces/id0027/German/IMTOrqs7Inw/000000200.jpg,id0027,german,IMTOrqs7Inw
faces/id0027/German/IMTOrqs7Inw/000000275.jpg,id0027,german,IMTOrqs7Inw
faces/id0027/German/IMTOrqs7Inw/000020075.jpg,id0027,german,IMTOrqs7Inw
faces/id0027/German/IMTOrqs7Inw/000020150.jpg,id0027,german,IMTOrqs7Inw
faces/id0027/German/IMTOrqs7Inw/000020250.jpg,id0027,german,IMTOrqs7Inw
faces/id0027/German/IMTOrqs7Inw/000020325.jpg,id0027,german,IMTOrqs7Inw
faces/id0027/German/cYcD-cChR3o/000060025.jpg,id0027,german,cYcD-cChR3o
faces/id0027/German/cYcD-cChR3o/000060050.jpg,id0027,german,cYcD-cChR3o
faces/id0027/German/cYcD-cChR3o/000060075.jpg,id0027,german,cYcD-cChR3o
faces/id0027/German/cYcD-cChR3o/000060100.jpg,id0027,german,cYcD-cChR3o
faces/id0027/German/iKc8j-xmbVo/000000025.jpg,id0027,german,iKc8j-xmbVo
faces/id0027/German/iKc8j-xmbVo/000000425.jpg,id0027,german,iKc8j-xmbVo
faces/id0027/German/iKc8j-xmbVo/000010375.jpg,id0027,german,iKc8j-xmbVo
faces/id0027/German/iKc8j-xmbVo/000020050.jpg,id0027,german,iKc8j-xmbVo
faces/id0027/German/iKc8j-xmbVo/000030225.jpg,id0027,german,iKc8j-xmbVo
faces/id0027/German/iKc8j-xmbVo/000050100.jpg,id0027,german,iKc8j-xmbVo
faces/id0027/German/iKc8j-xmbVo/000060300.jpg,id0027,german,iKc8j-xmbVo
faces/id0027/German/iKc8j-xmbVo/000060700.jpg,id0027,german,iKc8j-xmbVo
faces/id0028/English/AfBd0-43Pcs/000000025.jpg,id0028,english,AfBd0-43Pcs
faces/id0028/English/AfBd0-43Pcs/000000050.jpg,id0028,english,AfBd0-43Pcs
faces/id0028/English/AfBd0-43Pcs/000000075.jpg,id0028,english,AfBd0-43Pcs
faces/id0028/English/AfBd0-43Pcs/000000100.jpg,id0028,english,AfBd0-43Pcs
faces/id0028/English/AfBd0-43Pcs/000000125.jpg,id0028,english,AfBd0-43Pcs
faces/id0028/English/AfBd0-43Pcs/000000150.jpg,id0028,english,AfBd0-43Pcs
faces/id0028/English/Vn6riKmgHg4/000000025.jpg,id0028,english,Vn6riKmgHg4
faces/id0028/English/Vn6riKmgHg4/000000050.jpg,id0028,english,Vn6riKmgHg4
faces/id0028/English/Vn6riKmgHg4/000000075.jpg,id0028,english,Vn6riKmgHg4
faces/id0028/English/Vn6riKmgHg4/000000100.jpg,id0028,english,Vn6riKmgHg4
faces/id0028/English/Vn6riKmgHg4/000000125.jpg,id0028,english,Vn6riKmgHg4
faces/id0028/English/Vn6riKmgHg4/000000150.jpg,id0028,english,Vn6riKmgHg4
faces/id0028/English/Y7WYuoKU-Vo/000010025.jpg,id0028,english,Y7WYuoKU-Vo
faces/id0028/English/Y7WYuoKU-Vo/000010375.jpg,id0028,english,Y7WYuoKU-Vo
faces/id0028/English/Y7WYuoKU-Vo/000010750.jpg,id0028,english,Y7WYuoKU-Vo
faces/id0028/English/Y7WYuoKU-Vo/000011100.jpg,id0028,english,Y7WYuoKU-Vo
faces/id0028/English/Y7WYuoKU-Vo/000011450.jpg,id0028,english,Y7WYuoKU-Vo
faces/id0028/English/Y7WYuoKU-Vo/000011800.jpg,id0028,english,Y7WYuoKU-Vo
faces/id0028/English/Y7WYuoKU-Vo/000050050.jpg,id0028,english,Y7WYuoKU-Vo
faces/id0028/English/Y7WYuoKU-Vo/000050400.jpg,id0028,english,Y7WYuoKU-Vo
faces/id0028/German/DRnos20OlzY/000000025.jpg,id0028,german,DRnos20OlzY
faces/id0028/German/DRnos20OlzY/000000325.jpg,id0028,german,DRnos20OlzY
faces/id0028/German/DRnos20OlzY/000020100.jpg,id0028,german,DRnos20OlzY
faces/id0028/German/DRnos20OlzY/000030125.jpg,id0028,german,DRnos20OlzY
faces/id0028/German/DRnos20OlzY/000040025.jpg,id0028,german,DRnos20OlzY
faces/id0028/German/DRnos20OlzY/000060125.jpg,id0028,german,DRnos20OlzY
faces/id0028/German/DRnos20OlzY/000070225.jpg,id0028,german,DRnos20OlzY
faces/id0028/German/DRnos20OlzY/000070525.jpg,id0028,german,DRnos20OlzY
faces/id0028/German/ErwXeZyLWBY/000000025.jpg,id0028,german,ErwXeZyLWBY
faces/id0028/German/ErwXeZyLWBY/000000050.jpg,id0028,german,ErwXeZyLWBY
faces/id0028/German/ErwXeZyLWBY/000000075.jpg,id0028,german,ErwXeZyLWBY
faces/id0028/German/ErwXeZyLWBY/000000100.jpg,id0028,german,ErwXeZyLWBY
faces/id0028/German/ErwXeZyLWBY/000000125.jpg,id0028,german,ErwXeZyLWBY
faces/id0028/German/QmFtSnwN9tQ/000000025.jpg,id0028,german,QmFtSnwN9tQ
faces/id0028/German/QmFtSnwN9tQ/000130025.jpg,id0028,german,QmFtSnwN9tQ
faces/id0028/German/QmFtSnwN9tQ/000290225.jpg,id0028,german,QmFtSnwN9tQ
faces/id0028/German/QmFtSnwN9tQ/000400125.jpg,id0028,german,QmFtSnwN9tQ
faces/id0028/German/QmFtSnwN9tQ/000520150.jpg,id0028,german,QmFtSnwN9tQ
faces/id0028/German/QmFtSnwN9tQ/000660075.jpg,id0028,german,QmFtSnwN9tQ
faces/id0028/German/QmFtSnwN9tQ/000810050.jpg,id0028,german,QmFtSnwN9tQ
faces/id0028/German/QmFtSnwN9tQ/000920100.jpg,id0028,german,QmFtSnwN9tQ
faces/id0028/German/eogFUuT25f4/000000025.jpg,id0028,german,eogFUuT25f4
faces/id0028/German/eogFUuT25f4/000100250.jpg,id0028,german,eogFUuT25f4
faces/id0028/German/eogFUuT25f4/000160025.jpg,id0028,german,eogFUuT25f4
faces/id0028/German/eogFUuT25f4/000170550.jpg,id0028,german,eogFUuT25f4
faces/id0028/German/eogFUuT25f4/000230450.jpg,id0028,german,eogFUuT25f4
faces/id0028/German/eogFUuT25f4/000340175.jpg,id0028,german,eogFUuT25f4
faces/id0028/German/eogFUuT25f4/000380200.jpg,id0028,german,eogFUuT25f4
faces/id0028/German/eogFUuT25f4/000410350.jpg,id0028,german,eogFUuT25f4
faces/id0029/English/RxElAqVmJ2M/000040025.jpg,id0029,english,RxElAqVmJ2M
faces/id0029/English/RxElAqVmJ2M/000040150.jpg,id0029,english,RxElAqVmJ2M
faces/id0029/English/RxElAqVmJ2M/000040300.jpg,id0029,english,RxElAqVmJ2M
faces/id0029/English/RxElAqVmJ2M/000040425.jpg,id0029,english,RxElAqVmJ2M
faces/id0029/English/RxElAqVmJ2M/000040550.jpg,id0029,english,RxElAqVmJ2M
faces/id0029/English/RxElAqVmJ2M/000040675.jpg,id0029,english,RxElAqVmJ2M
faces/id0029/English/RxElAqVmJ2M/000040825.jpg,id0029,english,RxElAqVmJ2M
faces/id0029/English/RxElAqVmJ2M/000080125.jpg,id0029,english,RxElAqVmJ2M
faces/id0029/English/fWJ0XL_t7Zk/000000025.jpg,id0029,english,fWJ0XL_t7Zk
faces/id0029/English/fWJ0XL_t7Zk/000030175.jpg,id0029,english,fWJ0XL_t7Zk
faces/id0029/English/fWJ0XL_t7Zk/000050200.jpg,id0029,english,fWJ0XL_t7Zk
faces/id0029/English/fWJ0XL_t7Zk/000060625.jpg,id0029,english,fWJ0XL_t7Zk
faces/id0029/English/fWJ0XL_t7Zk/000080225.jpg,id0029,english,fWJ0XL_t7Zk
faces/id0029/English/fWJ0XL_t7Zk/000100925.jpg,id0029,english,fWJ0XL_t7Zk
faces/id0029/English/fWJ0XL_t7Zk/000120350.jpg,id0029,english,fWJ0XL_t7Zk
faces/id0029/English/fWJ0XL_t7Zk/000130275.jpg,id0029,english,fWJ0XL_t7Zk
faces/id0029/German/bErEsmdAbSY/000010025.jpg,id0029,german,bErEsmdAbSY
faces/id0029/German/bErEsmdAbSY/000040100.jpg,id0029,german,bErEsmdAbSY
faces/id0029/German/bErEsmdAbSY/000070125.jpg,id0029,german,bErEsmdAbSY
faces/id0029/German/bErEsmdAbSY/000080025.jpg,id0029,german,bErEsmdAbSY
faces/id0029/German/bErEsmdAbSY/000190175.jpg,id0029,german,bErEsmdAbSY
faces/id0029/German/bErEsmdAbSY/000270125.jpg,id0029,german,bErEsmdAbSY
faces/id0029/German/bErEsmdAbSY/000480450.jpg,id0029,german,bErEsmdAbSY
faces/id0029/German/bErEsmdAbSY/000510225.jpg,id0029,german,bErEsmdAbSY
faces/id0030/English/GeJT_RXN8ps/000010025.jpg,id0030,english,GeJT_RXN8ps
faces/id0030/English/GeJT_RXN8ps/000020100.jpg,id0030,english,GeJT_RXN8ps
faces/id0030/English/GeJT_RXN8ps/000020375.jpg,id0030,english,GeJT_RXN8ps
faces/id0030/English/GeJT_RXN8ps/000050050.jpg,id0030,english,GeJT_RXN8ps
faces/id0030/English/GeJT_RXN8ps/000050325.jpg,id0030,english,GeJT_RXN8ps
faces/id0030/English/GeJT_RXN8ps/000060100.jpg,id0030,english,GeJT_RXN8ps
faces/id0030/English/GeJT_RXN8ps/000070100.jpg,id0030,english,GeJT_RXN8ps
faces/id0030/English/GeJT_RXN8ps/000070400.jpg,id0030,english,GeJT_RXN8ps
faces/id0030/English/PuovDwnQePU/000030025.jpg,id0030,english,PuovDwnQePU
faces/id0030/English/PuovDwnQePU/000030125.jpg,id0030,english,PuovDwnQePU
faces/id0030/English/PuovDwnQePU/000040025.jpg,id0030,english,PuovDwnQePU
faces/id0030/English/PuovDwnQePU/000050025.jpg,id0030,english,PuovDwnQePU
faces/id0030/English/PuovDwnQePU/000050100.jpg,id0030,english,PuovDwnQePU
faces/id0030/English/PuovDwnQePU/000060025.jpg,id0030,english,PuovDwnQePU
faces/id0030/English/PuovDwnQePU/000060125.jpg,id0030,english,PuovDwnQePU
faces/id0030/English/PuovDwnQePU/000080100.jpg,id0030,english,PuovDwnQePU
faces/id0030/English/W3RK-Oglna8/000000025.jpg,id0030,english,W3RK-Oglna8
faces/id0030/English/W3RK-Oglna8/000010275.jpg,id0030,english,W3RK-Oglna8
faces/id0030/English/W3RK-Oglna8/000010775.jpg,id0030,english,W3RK-Oglna8
faces/id0030/English/W3RK-Oglna8/000020325.jpg,id0030,english,W3RK-Oglna8
faces/id0030/English/W3RK-Oglna8/000020850.jpg,id0030,english,W3RK-Oglna8
faces/id0030/English/W3RK-Oglna8/000040350.jpg,id0030,english,W3RK-Oglna8
faces/id0030/English/W3RK-Oglna8/000050450.jpg,id0030,english,W3RK-Oglna8
faces/id0030/English/W3RK-Oglna8/000050950.jpg,id0030,english,W3RK-Oglna8
faces/id0030/English/j8ZG04_q-hQ/000030025.jpg,id0030,english,j8ZG04_q-hQ
faces/id0030/English/j8ZG04_q-hQ/000050075.jpg,id0030,english,j8ZG04_q-hQ
faces/id0030/English/j8ZG04_q-hQ/000120075.jpg,id0030,english,j8ZG04_q-hQ
faces/id0030/English/j8ZG04_q-hQ/000160025.jpg,id0030,english,j8ZG04_q-hQ
faces/id0030/English/j8ZG04_q-hQ/000200050.jpg,id0030,english,j8ZG04_q-hQ
faces/id0030/English/j8ZG04_q-hQ/000210300.jpg,id0030,english,j8ZG04_q-hQ
faces/id0030/English/j8ZG04_q-hQ/000300025.jpg,id0030,english,j8ZG04_q-hQ
faces/id0030/English/j8ZG04_q-hQ/000340325.jpg,id0030,english,j8ZG04_q-hQ
faces/id0030/German/T4B_VgtkujE/000010025.jpg,id0030,german,T4B_VgtkujE
faces/id0030/German/T4B_VgtkujE/000070850.jpg,id0030,german,T4B_VgtkujE
faces/id0030/German/T4B_VgtkujE/000120425.jpg,id0030,german,T4B_VgtkujE
faces/id0030/German/T4B_VgtkujE/000170375.jpg,id0030,german,T4B_VgtkujE
faces/id0030/German/T4B_VgtkujE/000280150.jpg,id0030,german,T4B_VgtkujE
faces/id0030/German/T4B_VgtkujE/000290650.jpg,id0030,german,T4B_VgtkujE
faces/id0030/German/T4B_VgtkujE/000410350.jpg,id0030,german,T4B_VgtkujE
faces/id0030/German/T4B_VgtkujE/000440400.jpg,id0030,german,T4B_VgtkujE
faces/id0030/German/VIHNCmmNH1s/000000025.jpg,id0030,german,VIHNCmmNH1s
faces/id0030/German/VIHNCmmNH1s/000150050.jpg,id0030,german,VIHNCmmNH1s
faces/id0030/German/VIHNCmmNH1s/000260325.jpg,id0030,german,VIHNCmmNH1s
faces/id0030/German/VIHNCmmNH1s/000400225.jpg,id0030,german,VIHNCmmNH1s
faces/id0030/German/VIHNCmmNH1s/000570325.jpg,id0030,german,VIHNCmmNH1s
faces/id0030/German/VIHNCmmNH1s/000780050.jpg,id0030,german,VIHNCmmNH1s
faces/id0030/German/VIHNCmmNH1s/000860125.jpg,id0030,german,VIHNCmmNH1s
faces/id0030/German/VIHNCmmNH1s/000980250.jpg,id0030,german,VIHNCmmNH1s
faces/id0030/German/bdMvXcadBqE/000020025.jpg,id0030,german,bdMvXcadBqE
faces/id0030/German/bdMvXcadBqE/000020275.jpg,id0030,german,bdMvXcadBqE
faces/id0030/German/bdMvXcadBqE/000040175.jpg,id0030,german,bdMvXcadBqE
faces/id0030/German/bdMvXcadBqE/000050225.jpg,id0030,german,bdMvXcadBqE
faces/id0030/German/bdMvXcadBqE/000060100.jpg,id0030,german,bdMvXcadBqE
faces/id0030/German/bdMvXcadBqE/000060350.jpg,id0030,german,bdMvXcadBqE
faces/id0030/German/bdMvXcadBqE/000080150.jpg,id0030,german,bdMvXcadBqE
faces/id0030/German/bdMvXcadBqE/000080400.jpg,id0030,german,bdMvXcadBqE
faces/id0031/English/DDzPU7W6u1E/000020025.jpg,id0031,english,DDzPU7W6u1E
faces/id0031/English/DDzPU7W6u1E/000180050.jpg,id0031,english,DDzPU7W6u1E
faces/id0031/English/DDzPU7W6u1E/000180475.jpg,id0031,english,DDzPU7W6u1E
faces/id0031/English/DDzPU7W6u1E/000180875.jpg,id0031,english,DDzPU7W6u1E
faces/id0031/English/DDzPU7W6u1E/000230175.jpg,id0031,english,DDzPU7W6u1E
faces/id0031/English/DDzPU7W6u1E/000260150.jpg,id0031,english,DDzPU7W6u1E
faces/id0031/English/DDzPU7W6u1E/000260575.jpg,id0031,english,DDzPU7W6u1E
faces/id0031/English/DDzPU7W6u1E/000260975.jpg,id0031,english,DDzPU7W6u1E
faces/id0031/English/L8V-ChwGVTI/000030025.jpg,id0031,english,L8V-ChwGVTI
faces/id0031/English/L8V-ChwGVTI/000030125.jpg,id0031,english,L8V-ChwGVTI
faces/id0031/English/L8V-ChwGVTI/000030225.jpg,id0031,english,L8V-ChwGVTI
faces/id0031/English/L8V-ChwGVTI/000050100.jpg,id0031,english,L8V-ChwGVTI
faces/id0031/English/L8V-ChwGVTI/000050200.jpg,id0031,english,L8V-ChwGVTI
faces/id0031/English/L8V-ChwGVTI/000050300.jpg,id0031,english,L8V-ChwGVTI
faces/id0031/English/L8V-ChwGVTI/000080075.jpg,id0031,english,L8V-ChwGVTI
faces/id0031/English/L8V-ChwGVTI/000080175.jpg,id0031,english,L8V-ChwGVTI
faces/id0031/German/7XvF1rd0Znw/000040025.jpg,id0031,german,7XvF1rd0Znw
faces/id0031/German/7XvF1rd0Znw/000090125.jpg,id0031,german,7XvF1rd0Znw
faces/id0031/German/7XvF1rd0Znw/000140250.jpg,id0031,german,7XvF1rd0Znw
faces/id0031/German/7XvF1rd0Znw/000170125.jpg,id0031,german,7XvF1rd0Znw
faces/id0031/German/7XvF1rd0Znw/000200075.jpg,id0031,german,7XvF1rd0Znw
faces/id0031/German/7XvF1rd0Znw/000250250.jpg,id0031,german,7XvF1rd0Znw
faces/id0031/German/7XvF1rd0Znw/000260075.jpg,id0031,german,7XvF1rd0Znw
faces/id0031/German/7XvF1rd0Znw/000280475.jpg,id0031,german,7XvF1rd0Znw
faces/id0031/German/C0N9rOkIoro/000010025.jpg,id0031,german,C0N9rOkIoro
faces/id0031/German/C0N9rOkIoro/000010500.jpg,id0031,german,C0N9rOkIoro
faces/id0031/German/C0N9rOkIoro/000020200.jpg,id0031,german,C0N9rOkIoro
faces/id0031/German/C0N9rOkIoro/000110100.jpg,id0031,german,C0N9rOkIoro
faces/id0031/German/C0N9rOkIoro/000120300.jpg,id0031,german,C0N9rOkIoro
faces/id0031/German/C0N9rOkIoro/000130375.jpg,id0031,german,C0N9rOkIoro
faces/id0031/German/C0N9rOkIoro/000180025.jpg,id0031,german,C0N9rOkIoro
faces/id0031/German/C0N9rOkIoro/000290125.jpg,id0031,german,C0N9rOkIoro
faces/id0031/German/IRIiTms76PI/000000025.jpg,id0031,german,IRIiTms76PI
faces/id0031/German/IRIiTms76PI/000000050.jpg,id0031,german,IRIiTms76PI
faces/id0031/German/IRIiTms76PI/000000075.jpg,id0031,german,IRIiTms76PI
faces/id0031/German/IRIiTms76PI/000000100.jpg,id0031,german,IRIiTms76PI
faces/id0031/German/IRIiTms76PI/000010025.jpg,id0031,german,IRIiTms76PI
faces/id0031/German/IRIiTms76PI/000010050.jpg,id0031,german,IRIiTms76PI
faces/id0031/German/IRIiTms76PI/000010075.jpg,id0031,german,IRIiTms76PI
faces/id0031/German/IRIiTms76PI/000010100.jpg,id0031,german,IRIiTms76PI
faces/id0031/German/lmg2uPpOCxg/000120025.jpg,id0031,german,lmg2uPpOCxg
faces/id0031/German/lmg2uPpOCxg/000120075.jpg,id0031,german,lmg2uPpOCxg
faces/id0031/German/lmg2uPpOCxg/000120100.jpg,id0031,german,lmg2uPpOCxg
faces/id0031/German/lmg2uPpOCxg/000120150.jpg,id0031,german,lmg2uPpOCxg
faces/id0031/German/lmg2uPpOCxg/000120175.jpg,id0031,german,lmg2uPpOCxg
faces/id0031/German/lmg2uPpOCxg/000120225.jpg,id0031,german,lmg2uPpOCxg
faces/id0031/German/lmg2uPpOCxg/000120250.jpg,id0031,german,lmg2uPpOCxg
faces/id0031/German/lmg2uPpOCxg/000120300.jpg,id0031,german,lmg2uPpOCxg
faces/id0032/English/KZGmd1mu1Dw/000000025.jpg,id0032,english,KZGmd1mu1Dw
faces/id0032/English/KZGmd1mu1Dw/000020125.jpg,id0032,english,KZGmd1mu1Dw
faces/id0032/English/KZGmd1mu1Dw/000030175.jpg,id0032,english,KZGmd1mu1Dw
faces/id0032/English/KZGmd1mu1Dw/000060025.jpg,id0032,english,KZGmd1mu1Dw
faces/id0032/English/KZGmd1mu1Dw/000060250.jpg,id0032,english,KZGmd1mu1Dw
faces/id0032/English/KZGmd1mu1Dw/000060475.jpg,id0032,english,KZGmd1mu1Dw
faces/id0032/English/KZGmd1mu1Dw/000060675.jpg,id0032,english,KZGmd1mu1Dw
faces/id0032/English/KZGmd1mu1Dw/000060900.jpg,id0032,english,KZGmd1mu1Dw
faces/id0032/English/YpGUdWPRK8E/000000025.jpg,id0032,english,YpGUdWPRK8E
faces/id0032/English/YpGUdWPRK8E/000060075.jpg,id0032,english,YpGUdWPRK8E
faces/id0032/English/YpGUdWPRK8E/000070025.jpg,id0032,english,YpGUdWPRK8E
faces/id0032/English/YpGUdWPRK8E/000070300.jpg,id0032,english,YpGUdWPRK8E
faces/id0032/English/YpGUdWPRK8E/000090050.jpg,id0032,english,YpGUdWPRK8E
faces/id0032/English/YpGUdWPRK8E/000130150.jpg,id0032,english,YpGUdWPRK8E
faces/id0032/English/YpGUdWPRK8E/000130400.jpg,id0032,english,YpGUdWPRK8E
faces/id0032/English/YpGUdWPRK8E/000130675.jpg,id0032,english,YpGUdWPRK8E
faces/id0032/English/rwe2GrvB1eQ/000000025.jpg,id0032,english,rwe2GrvB1eQ
faces/id0032/English/rwe2GrvB1eQ/000010025.jpg,id0032,english,rwe2GrvB1eQ
faces/id0032/English/rwe2GrvB1eQ/000010175.jpg,id0032,english,rwe2GrvB1eQ
faces/id0032/English/rwe2GrvB1eQ/000020100.jpg,id0032,english,rwe2GrvB1eQ
faces/id0032/English/rwe2GrvB1eQ/000030100.jpg,id0032,english,rwe2GrvB1eQ
faces/id0032/English/rwe2GrvB1eQ/000050025.jpg,id0032,english,rwe2GrvB1eQ
faces/id0032/English/rwe2GrvB1eQ/000050175.jpg,id0032,english,rwe2GrvB1eQ
faces/id0032/English/rwe2GrvB1eQ/000060150.jpg,id0032,english,rwe2GrvB1eQ
faces/id0032/German/0z7Co9EGTTk/000000025.jpg,id0032,german,0z7Co9EGTTk
faces/id0032/German/0z7Co9EGTTk/000000875.jpg,id0032,german,0z7Co9EGTTk
faces/id0032/German/0z7Co9EGTTk/000001725.jpg,id0032,german,0z7Co9EGTTk
faces/id0032/German/0z7Co9EGTTk/000002575.jpg,id0032,german,0z7Co9EGTTk
faces/id0032/German/0z7Co9EGTTk/000003450.jpg,id0032,german,0z7Co9EGTTk
faces/id0032/German/0z7Co9EGTTk/000004300.jpg,id0032,german,0z7Co9EGTTk
faces/id0032/German/0z7Co9EGTTk/000005150.jpg,id0032,german,0z7Co9EGTTk
faces/id0032/German/0z7Co9EGTTk/000006000.jpg,id0032,german,0z7Co9EGTTk
faces/id0032/German/9QDlxAiZacQ/000010025.jpg,id0032,german,9QDlxAiZacQ
faces/id0032/German/9QDlxAiZacQ/000020050.jpg,id0032,german,9QDlxAiZacQ
faces/id0032/German/9QDlxAiZacQ/000030075.jpg,id0032,german,9QDlxAiZacQ
faces/id0032/German/9QDlxAiZacQ/000050075.jpg,id0032,german,9QDlxAiZacQ
faces/id0032/German/9QDlxAiZacQ/000050300.jpg,id0032,german,9QDlxAiZacQ
faces/id0032/German/9QDlxAiZacQ/000050500.jpg,id0032,german,9QDlxAiZacQ
faces/id0032/German/9QDlxAiZacQ/000050700.jpg,id0032,german,9QDlxAiZacQ
faces/id0032/German/9QDlxAiZacQ/000050900.jpg,id0032,german,9QDlxAiZacQ
faces/id0032/German/B71SSf0Eko0/000010025.jpg,id0032,german,B71SSf0Eko0
faces/id0032/German/B71SSf0Eko0/000010125.jpg,id0032,german,B71SSf0Eko0
faces/id0032/German/B71SSf0Eko0/000010225.jpg,id0032,german,B71SSf0Eko0
faces/id0032/German/B71SSf0Eko0/000010325.jpg,id0032,german,B71SSf0Eko0
faces/id0032/German/B71SSf0Eko0/000010450.jpg,id0032,german,B71SSf0Eko0
faces/id0032/German/B71SSf0Eko0/000010550.jpg,id0032,german,B71SSf0Eko0
faces/id0032/German/B71SSf0Eko0/000010650.jpg,id0032,german,B71SSf0Eko0
faces/id0032/German/B71SSf0Eko0/000010750.jpg,id0032,german,B71SSf0Eko0
faces/id0032/German/CwhU5o8eoKE/000010025.jpg,id0032,german,CwhU5o8eoKE
faces/id0032/German/CwhU5o8eoKE/000010225.jpg,id0032,german,CwhU5o8eoKE
faces/id0032/German/CwhU5o8eoKE/000010400.jpg,id0032,german,CwhU5o8eoKE
faces/id0032/German/CwhU5o8eoKE/000020175.jpg,id0032,german,CwhU5o8eoKE
faces/id0032/German/CwhU5o8eoKE/000030200.jpg,id0032,german,CwhU5o8eoKE
faces/id0032/German/CwhU5o8eoKE/000030400.jpg,id0032,german,CwhU5o8eoKE
faces/id0032/German/CwhU5o8eoKE/000050025.jpg,id0032,german,CwhU5o8eoKE
faces/id0032/German/CwhU5o8eoKE/000050225.jpg,id0032,german,CwhU5o8eoKE
faces/id0033/English/0z2_nwEzO5M/000000025.jpg,id0033,english,0z2_nwEzO5M
faces/id0033/English/0z2_nwEzO5M/000030050.jpg,id0033,english,0z2_nwEzO5M
faces/id0033/English/0z2_nwEzO5M/000030250.jpg,id0033,english,0z2_nwEzO5M
faces/id0033/English/0z2_nwEzO5M/000050175.jpg,id0033,english,0z2_nwEzO5M
faces/id0033/English/0z2_nwEzO5M/000080175.jpg,id0033,english,0z2_nwEzO5M
faces/id0033/English/0z2_nwEzO5M/000100150.jpg,id0033,english,0z2_nwEzO5M
faces/id0033/English/0z2_nwEzO5M/000110200.jpg,id0033,english,0z2_nwEzO5M
faces/id0033/English/0z2_nwEzO5M/000120100.jpg,id0033,english,0z2_nwEzO5M
faces/id0033/English/jt6zCvf10_I/000010025.jpg,id0033,english,jt6zCvf10_I
faces/id0033/English/jt6zCvf10_I/000010275.jpg,id0033,english,jt6zCvf10_I
faces/id0033/English/jt6zCvf10_I/000010525.jpg,id0033,english,jt6zCvf10_I
faces/id0033/English/jt6zCvf10_I/000080025.jpg,id0033,english,jt6zCvf10_I
faces/id0033/English/jt6zCvf10_I/000100100.jpg,id0033,english,jt6zCvf10_I
faces/id0033/English/jt6zCvf10_I/000220150.jpg,id0033,english,jt6zCvf10_I
faces/id0033/English/jt6zCvf10_I/000220400.jpg,id0033,english,jt6zCvf10_I
faces/id0033/English/jt6zCvf10_I/000260200.jpg,id0033,english,jt6zCvf10_I
faces/id0033/German/-Ju4pRc8uiE/000040025.jpg,id0033,german,-Ju4pRc8uiE
faces/id0033/German/-Ju4pRc8uiE/000160075.jpg,id0033,german,-Ju4pRc8uiE
faces/id0033/German/-Ju4pRc8uiE/000160275.jpg,id0033,german,-Ju4pRc8uiE
faces/id0033/German/-Ju4pRc8uiE/000560025.jpg,id0033,german,-Ju4pRc8uiE
faces/id0033/German/-Ju4pRc8uiE/001000100.jpg,id0033,german,-Ju4pRc8uiE
faces/id0033/German/-Ju4pRc8uiE/001070125.jpg,id0033,german,-Ju4pRc8uiE
faces/id0033/German/-Ju4pRc8uiE/001070325.jpg,id0033,german,-Ju4pRc8uiE
faces/id0033/German/-Ju4pRc8uiE/001130200.jpg,id0033,german,-Ju4pRc8uiE
faces/id0033/German/3a2lFLZV37s/000000025.jpg,id0033,german,3a2lFLZV37s
faces/id0033/German/3a2lFLZV37s/000000275.jpg,id0033,german,3a2lFLZV37s
faces/id0033/German/3a2lFLZV37s/000030075.jpg,id0033,german,3a2lFLZV37s
faces/id0033/German/3a2lFLZV37s/000040225.jpg,id0033,german,3a2lFLZV37s
faces/id0033/German/3a2lFLZV37s/000060150.jpg,id0033,german,3a2lFLZV37s
faces/id0033/German/3a2lFLZV37s/000070200.jpg,id0033,german,3a2lFLZV37s
faces/id0033/German/3a2lFLZV37s/000090100.jpg,id0033,german,3a2lFLZV37s
faces/id0033/German/3a2lFLZV37s/000100125.jpg,id0033,german,3a2lFLZV37s
faces/id0033/German/5nBFRiLO50M/000040025.jpg,id0033,german,5nBFRiLO50M
faces/id0033/German/5nBFRiLO50M/000050025.jpg,id0033,german,5nBFRiLO50M
faces/id0033/German/5nBFRiLO50M/000050125.jpg,id0033,german,5nBFRiLO50M
faces/id0033/German/5nBFRiLO50M/000060075.jpg,id0033,german,5nBFRiLO50M
faces/id0033/German/5nBFRiLO50M/000130075.jpg,id0033,german,5nBFRiLO50M
faces/id0033/German/5nBFRiLO50M/000130175.jpg,id0033,german,5nBFRiLO50M
faces/id0033/German/5nBFRiLO50M/000140075.jpg,id0033,german,5nBFRiLO50M
faces/id0033/German/5nBFRiLO50M/000140175.jpg,id0033,german,5nBFRiLO50M
faces/id0033/German/BkSw7U6r9BI/000100025.jpg,id0033,german,BkSw7U6r9BI
faces/id0033/German/BkSw7U6r9BI/000170075.jpg,id0033,german,BkSw7U6r9BI
faces/id0033/German/BkSw7U6r9BI/000220025.jpg,id0033,german,BkSw7U6r9BI
faces/id0033/German/BkSw7U6r9BI/000430025.jpg,id0033,german,BkSw7U6r9BI
faces/id0033/German/BkSw7U6r9BI/000460075.jpg,id0033,german,BkSw7U6r9BI
faces/id0033/German/BkSw7U6r9BI/000490225.jpg,id0033,german,BkSw7U6r9BI
faces/id0033/German/BkSw7U6r9BI/000530175.jpg,id0033,german,BkSw7U6r9BI
faces/id0033/German/BkSw7U6r9BI/000560150.jpg,id0033,german,BkSw7U6r9BI
faces/id0033/German/F7pJ82aQZak/000060025.jpg,id0033,german,F7pJ82aQZak
faces/id0033/German/F7pJ82aQZak/000190050.jpg,id0033,german,F7pJ82aQZak
faces/id0033/German/F7pJ82aQZak/000190200.jpg,id0033,german,F7pJ82aQZak
faces/id0033/German/F7pJ82aQZak/000330150.jpg,id0033,german,F7pJ82aQZak
faces/id0033/German/F7pJ82aQZak/000330300.jpg,id0033,german,F7pJ82aQZak
faces/id0033/German/F7pJ82aQZak/000370125.jpg,id0033,german,F7pJ82aQZak
faces/id0033/German/F7pJ82aQZak/000440050.jpg,id0033,german,F7pJ82aQZak
faces/id0033/German/F7pJ82aQZak/000460100.jpg,id0033,german,F7pJ82aQZak
faces/id0034/English/0bxJwBpQQqQ/000010025.jpg,id0034,english,0bxJwBpQQqQ
faces/id0034/English/0bxJwBpQQqQ/000010325.jpg,id0034,english,0bxJwBpQQqQ
faces/id0034/English/0bxJwBpQQqQ/000020225.jpg,id0034,english,0bxJwBpQQqQ
faces/id0034/English/0bxJwBpQQqQ/000040225.jpg,id0034,english,0bxJwBpQQqQ
faces/id0034/English/0bxJwBpQQqQ/000040525.jpg,id0034,english,0bxJwBpQQqQ
faces/id0034/English/0bxJwBpQQqQ/000070125.jpg,id0034,english,0bxJwBpQQqQ
faces/id0034/English/0bxJwBpQQqQ/000070450.jpg,id0034,english,0bxJwBpQQqQ
faces/id0034/English/0bxJwBpQQqQ/000070750.jpg,id0034,english,0bxJwBpQQqQ
faces/id0034/English/mvZGJpY02gU/000000025.jpg,id0034,english,mvZGJpY02gU
faces/id0034/English/mvZGJpY02gU/000000200.jpg,id0034,english,mvZGJpY02gU
faces/id0034/English/mvZGJpY02gU/000010125.jpg,id0034,english,mvZGJpY02gU
faces/id0034/English/mvZGJpY02gU/000020075.jpg,id0034,english,mvZGJpY02gU
faces/id0034/English/mvZGJpY02gU/000030075.jpg,id0034,english,mvZGJpY02gU
faces/id0034/English/mvZGJpY02gU/000040050.jpg,id0034,english,mvZGJpY02gU
faces/id0034/English/mvZGJpY02gU/000040225.jpg,id0034,english,mvZGJpY02gU
faces/id0034/English/mvZGJpY02gU/000050175.jpg,id0034,english,mvZGJpY02gU
faces/id0034/German/UKVhAwKBMNs/000010025.jpg,id0034,german,UKVhAwKBMNs
faces/id0034/German/UKVhAwKBMNs/000010100.jpg,id0034,german,UKVhAwKBMNs
faces/id0034/German/UKVhAwKBMNs/000010150.jpg,id0034,german,UKVhAwKBMNs
faces/id0034/German/UKVhAwKBMNs/000010225.jpg,id0034,german,UKVhAwKBMNs
faces/id0034/German/UKVhAwKBMNs/000010275.jpg,id0034,german,UKVhAwKBMNs
faces/id0034/German/UKVhAwKBMNs/000010350.jpg,id0034,german,UKVhAwKBMNs
faces/id0034/German/UKVhAwKBMNs/000010400.jpg,id0034,german,UKVhAwKBMNs
faces/id0034/German/UKVhAwKBMNs/000010475.jpg,id0034,german,UKVhAwKBMNs
faces/id0034/German/cN5HG-1UV8w/000010025.jpg,id0034,german,cN5HG-1UV8w
faces/id0034/German/cN5HG-1UV8w/000020050.jpg,id0034,german,cN5HG-1UV8w
faces/id0034/German/cN5HG-1UV8w/000020250.jpg,id0034,german,cN5HG-1UV8w
faces/id0034/German/cN5HG-1UV8w/000030150.jpg,id0034,german,cN5HG-1UV8w
faces/id0034/German/cN5HG-1UV8w/000040050.jpg,id0034,german,cN5HG-1UV8w
faces/id0034/German/cN5HG-1UV8w/000050025.jpg,id0034,german,cN5HG-1UV8w
faces/id0034/German/cN5HG-1UV8w/000070050.jpg,id0034,german,cN5HG-1UV8w
faces/id0034/German/cN5HG-1UV8w/000070275.jpg,id0034,german,cN5HG-1UV8w
faces/id0035/English/8SJ7Z22EvBw/000000025.jpg,id0035,english,8SJ7Z22EvBw
faces/id0035/English/8SJ7Z22EvBw/000050125.jpg,id0035,english,8SJ7Z22EvBw
faces/id0035/English/8SJ7Z22EvBw/000110025.jpg,id0035,english,8SJ7Z22EvBw
faces/id0035/English/8SJ7Z22EvBw/000170300.jpg,id0035,english,8SJ7Z22EvBw
faces/id0035/English/8SJ7Z22EvBw/000220375.jpg,id0035,english,8SJ7Z22EvBw
faces/id0035/English/8SJ7Z22EvBw/000280125.jpg,id0035,english,8SJ7Z22EvBw
faces/id0035/English/8SJ7Z22EvBw/000330425.jpg,id0035,english,8SJ7Z22EvBw
faces/id0035/English/8SJ7Z22EvBw/000410200.jpg,id0035,english,8SJ7Z22EvBw
faces/id0035/English/ZNX_gYyVxng/000000025.jpg,id0035,english,ZNX_gYyVxng
faces/id0035/English/ZNX_gYyVxng/000020125.jpg,id0035,english,ZNX_gYyVxng
faces/id0035/English/ZNX_gYyVxng/000050075.jpg,id0035,english,ZNX_gYyVxng
faces/id0035/English/ZNX_gYyVxng/000080025.jpg,id0035,english,ZNX_gYyVxng
faces/id0035/English/ZNX_gYyVxng/000090050.jpg,id0035,english,ZNX_gYyVxng
faces/id0035/English/ZNX_gYyVxng/000100275.jpg,id0035,english,ZNX_gYyVxng
faces/id0035/English/ZNX_gYyVxng/000120075.jpg,id0035,english,ZNX_gYyVxng
faces/id0035/English/ZNX_gYyVxng/000130100.jpg,id0035,english,ZNX_gYyVxng
faces/id0035/English/fi3vw-T4YgU/000000025.jpg,id0035,english,fi3vw-T4YgU
faces/id0035/English/fi3vw-T4YgU/000020100.jpg,id0035,english,fi3vw-T4YgU
faces/id0035/English/fi3vw-T4YgU/000050075.jpg,id0035,english,fi3vw-T4YgU
faces/id0035/English/fi3vw-T4YgU/000070175.jpg,id0035,english,fi3vw-T4YgU
faces/id0035/English/fi3vw-T4YgU/000090150.jpg,id0035,english,fi3vw-T4YgU
faces/id0035/English/fi3vw-T4YgU/000120075.jpg,id0035,english,fi3vw-T4YgU
faces/id0035/English/fi3vw-T4YgU/000150025.jpg,id0035,english,fi3vw-T4YgU
faces/id0035/English/fi3vw-T4YgU/000160225.jpg,id0035,english,fi3vw-T4YgU
faces/id0035/English/s1728uyV5hA/000080025.jpg,id0035,english,s1728uyV5hA
faces/id0035/English/s1728uyV5hA/000080050.jpg,id0035,english,s1728uyV5hA
faces/id0035/English/s1728uyV5hA/000080075.jpg,id0035,english,s1728uyV5hA
faces/id0035/English/s1728uyV5hA/000080100.jpg,id0035,english,s1728uyV5hA
faces/id0035/English/s1728uyV5hA/000080150.jpg,id0035,english,s1728uyV5hA
faces/id0035/English/s1728uyV5hA/000080175.jpg,id0035,english,s1728uyV5hA
faces/id0035/English/s1728uyV5hA/000080200.jpg,id0035,english,s1728uyV5hA
faces/id0035/English/s1728uyV5hA/000080225.jpg,id0035,english,s1728uyV5hA
faces/id0035/German/16C7YrhPDSM/000020025.jpg,id0035,german,16C7YrhPDSM
faces/id0035/German/16C7YrhPDSM/000030050.jpg,id0035,german,16C7YrhPDSM
faces/id0035/German/16C7YrhPDSM/000030150.jpg,id0035,german,16C7YrhPDSM
faces/id0035/German/16C7YrhPDSM/000050100.jpg,id0035,german,16C7YrhPDSM
faces/id0035/German/16C7YrhPDSM/000050200.jpg,id0035,german,16C7YrhPDSM
faces/id0035/German/16C7YrhPDSM/000050325.jpg,id0035,german,16C7YrhPDSM
faces/id0035/German/16C7YrhPDSM/000050425.jpg,id0035,german,16C7YrhPDSM
faces/id0035/German/16C7YrhPDSM/000060125.jpg,id0035,german,16C7YrhPDSM
faces/id0036/English/BvJgohpjAjA/000000025.jpg,id0036,english,BvJgohpjAjA
faces/id0036/English/BvJgohpjAjA/000040125.jpg,id0036,english,BvJgohpjAjA
faces/id0036/English/BvJgohpjAjA/000060300.jpg,id0036,english,BvJgohpjAjA
faces/id0036/English/BvJgohpjAjA/000090200.jpg,id0036,english,BvJgohpjAjA
faces/id0036/English/BvJgohpjAjA/000120050.jpg,id0036,english,BvJgohpjAjA
faces/id0036/English/BvJgohpjAjA/000130200.jpg,id0036,english,BvJgohpjAjA
faces/id0036/English/BvJgohpjAjA/000140075.jpg,id0036,english,BvJgohpjAjA
faces/id0036/English/BvJgohpjAjA/000160375.jpg,id0036,english,BvJgohpjAjA
faces/id0036/English/XIucDSQU5WA/000010025.jpg,id0036,english,XIucDSQU5WA
faces/id0036/English/XIucDSQU5WA/000050175.jpg,id0036,english,XIucDSQU5WA
faces/id0036/English/XIucDSQU5WA/000110100.jpg,id0036,english,XIucDSQU5WA
faces/id0036/English/XIucDSQU5WA/000130025.jpg,id0036,english,XIucDSQU5WA
faces/id0036/English/XIucDSQU5WA/000200275.jpg,id0036,english,XIucDSQU5WA
faces/id0036/English/XIucDSQU5WA/000300075.jpg,id0036,english,XIucDSQU5WA
faces/id0036/English/XIucDSQU5WA/000360125.jpg,id0036,english,XIucDSQU5WA
faces/id0036/English/XIucDSQU5WA/000430325.jpg,id0036,english,XIucDSQU5WA
faces/id0036/English/oRuw7tlZfO8/000000025.jpg,id0036,english,oRuw7tlZfO8
faces/id0036/English/oRuw7tlZfO8/000000050.jpg,id0036,english,oRuw7tlZfO8
faces/id0036/English/oRuw7tlZfO8/000000075.jpg,id0036,english,oRuw7tlZfO8
faces/id0036/English/oRuw7tlZfO8/000000100.jpg,id0036,english,oRuw7tlZfO8
faces/id0036/English/oRuw7tlZfO8/000000125.jpg,id0036,english,oRuw7tlZfO8
faces/id0036/English/oRuw7tlZfO8/000000150.jpg,id0036,english,oRuw7tlZfO8
faces/id0036/German/37j06NKAB3c/000070025.jpg,id0036,german,37j06NKAB3c
faces/id0036/German/37j06NKAB3c/000070075.jpg,id0036,german,37j06NKAB3c
faces/id0036/German/37j06NKAB3c/000070100.jpg,id0036,german,37j06NKAB3c
faces/id0036/German/37j06NKAB3c/000230025.jpg,id0036,german,37j06NKAB3c
faces/id0036/German/37j06NKAB3c/000230075.jpg,id0036,german,37j06NKAB3c
faces/id0036/German/37j06NKAB3c/000230125.jpg,id0036,german,37j06NKAB3c
faces/id0036/German/37j06NKAB3c/000230150.jpg,id0036,german,37j06NKAB3c
faces/id0036/German/37j06NKAB3c/000230200.jpg,id0036,german,37j06NKAB3c
faces/id0036/German/4-k6dgGb-9M/000120025.jpg,id0036,german,4-k6dgGb-9M
faces/id0036/German/4-k6dgGb-9M/000190250.jpg,id0036,german,4-k6dgGb-9M
faces/id0036/German/4-k6dgGb-9M/000320125.jpg,id0036,german,4-k6dgGb-9M
faces/id0036/German/4-k6dgGb-9M/000420200.jpg,id0036,german,4-k6dgGb-9M
faces/id0036/German/4-k6dgGb-9M/000560100.jpg,id0036,german,4-k6dgGb-9M
faces/id0036/German/4-k6dgGb-9M/000620350.jpg,id0036,german,4-k6dgGb-9M
faces/id0036/German/4-k6dgGb-9M/000730125.jpg,id0036,german,4-k6dgGb-9M
faces/id0036/German/4-k6dgGb-9M/000760225.jpg,id0036,german,4-k6dgGb-9M
faces/id0036/German/d1fGcJb6hvM/000010025.jpg,id0036,german,d1fGcJb6hvM
faces/id0036/German/d1fGcJb6hvM/000040025.jpg,id0036,german,d1fGcJb6hvM
faces/id0036/German/d1fGcJb6hvM/000060025.jpg,id0036,german,d1fGcJb6hvM
faces/id0036/German/d1fGcJb6hvM/000060150.jpg,id0036,german,d1fGcJb6hvM
faces/id0036/German/d1fGcJb6hvM/000170025.jpg,id0036,german,d1fGcJb6hvM
faces/id0036/German/d1fGcJb6hvM/000170150.jpg,id0036,german,d1fGcJb6hvM
faces/id0036/German/d1fGcJb6hvM/000190150.jpg,id0036,german,d1fGcJb6hvM
faces/id0036/German/d1fGcJb6hvM/000190275.jpg,id0036,german,d1fGcJb6hvM
faces/id0037/English/1KFcBXqLvDg/000020025.jpg,id0037,english,1KFcBXqLvDg
faces/id0037/English/1KFcBXqLvDg/000030025.jpg,id0037,english,1KFcBXqLvDg
faces/id0037/English/1KFcBXqLvDg/000030100.jpg,id0037,english,1KFcBXqLvDg
faces/id0037/English/1KFcBXqLvDg/000040075.jpg,id0037,english,1KFcBXqLvDg
faces/id0037/English/1KFcBXqLvDg/000050050.jpg,id0037,english,1KFcBXqLvDg
faces/id0037/English/1KFcBXqLvDg/000060050.jpg,id0037,english,1KFcBXqLvDg
faces/id0037/English/1KFcBXqLvDg/000060125.jpg,id0037,english,1KFcBXqLvDg
faces/id0037/English/1KFcBXqLvDg/000070100.jpg,id0037,english,1KFcBXqLvDg
faces/id0037/English/1kq38SE7Ccw/000000025.jpg,id0037,english,1kq38SE7Ccw
faces/id0037/English/1kq38SE7Ccw/000010050.jpg,id0037,english,1kq38SE7Ccw
faces/id0037/English/1kq38SE7Ccw/000020125.jpg,id0037,english,1kq38SE7Ccw
faces/id0037/English/1kq38SE7Ccw/000050200.jpg,id0037,english,1kq38SE7Ccw
faces/id0037/English/1kq38SE7Ccw/000050550.jpg,id0037,english,1kq38SE7Ccw
faces/id0037/English/1kq38SE7Ccw/000060150.jpg,id0037,english,1kq38SE7Ccw
faces/id0037/English/1kq38SE7Ccw/000060475.jpg,id0037,english,1kq38SE7Ccw
faces/id0037/English/1kq38SE7Ccw/000070100.jpg,id0037,english,1kq38SE7Ccw
faces/id0037/English/xHa4bgLk6wI/000010025.jpg,id0037,english,xHa4bgLk6wI
faces/id0037/English/xHa4bgLk6wI/000010050.jpg,id0037,english,xHa4bgLk6wI
faces/id0037/English/xHa4bgLk6wI/000020025.jpg,id0037,english,xHa4bgLk6wI
faces/id0037/English/xHa4bgLk6wI/000020050.jpg,id0037,english,xHa4bgLk6wI
faces/id0037/English/xHa4bgLk6wI/000020100.jpg,id0037,english,xHa4bgLk6wI
faces/id0037/English/xHa4bgLk6wI/000030025.jpg,id0037,english,xHa4bgLk6wI
faces/id0037/English/xHa4bgLk6wI/000030050.jpg,id0037,english,xHa4bgLk6wI
faces/id0037/English/xHa4bgLk6wI/000030075.jpg,id0037,english,xHa4bgLk6wI
faces/id0037/German/HOVi43abAiU/000010025.jpg,id0037,german,HOVi43abAiU
faces/id0037/German/HOVi43abAiU/000010275.jpg,id0037,german,HOVi43abAiU
faces/id0037/German/HOVi43abAiU/000040050.jpg,id0037,german,HOVi43abAiU
faces/id0037/German/HOVi43abAiU/000050200.jpg,id0037,german,HOVi43abAiU
faces/id0037/German/HOVi43abAiU/000060100.jpg,id0037,german,HOVi43abAiU
faces/id0037/German/HOVi43abAiU/000060350.jpg,id0037,german,HOVi43abAiU
faces/id0037/German/HOVi43abAiU/000070250.jpg,id0037,german,HOVi43abAiU
faces/id0037/German/HOVi43abAiU/000070500.jpg,id0037,german,HOVi43abAiU
faces/id0038/English/3bGH1U1y7rw/000000025.jpg,id0038,english,3bGH1U1y7rw
faces/id0038/English/3bGH1U1y7rw/000000075.jpg,id0038,english,3bGH1U1y7rw
faces/id0038/English/3bGH1U1y7rw/000000125.jpg,id0038,english,3bGH1U1y7rw
faces/id0038/English/3bGH1U1y7rw/000000175.jpg,id0038,english,3bGH1U1y7rw
faces/id0038/English/3bGH1U1y7rw/000010050.jpg,id0038,english,3bGH1U1y7rw
faces/id0038/English/3bGH1U1y7rw/000010100.jpg,id0038,english,3bGH1U1y7rw
faces/id0038/English/3bGH1U1y7rw/000010150.jpg,id0038,english,3bGH1U1y7rw
faces/id0038/English/3bGH1U1y7rw/000010200.jpg,id0038,english,3bGH1U1y7rw
faces/id0038/English/6DWNygnO2o0/000010025.jpg,id0038,english,6DWNygnO2o0
faces/id0038/English/6DWNygnO2o0/000010075.jpg,id0038,english,6DWNygnO2o0
faces/id0038/English/6DWNygnO2o0/000010125.jpg,id0038,english,6DWNygnO2o0
faces/id0038/English/6DWNygnO2o0/000060050.jpg,id0038,english,6DWNygnO2o0
faces/id0038/English/6DWNygnO2o0/000060125.jpg,id0038,english,6DWNygnO2o0
faces/id0038/English/6DWNygnO2o0/000090050.jpg,id0038,english,6DWNygnO2o0
faces/id0038/English/6DWNygnO2o0/000090100.jpg,id0038,english,6DWNygnO2o0
faces/id0038/English/6DWNygnO2o0/000090150.jpg,id0038,english,6DWNygnO2o0
faces/id0038/English/F9fVxpZznS0/000040025.jpg,id0038,english,F9fVxpZznS0
faces/id0038/English/F9fVxpZznS0/000040075.jpg,id0038,english,F9fVxpZznS0
faces/id0038/English/F9fVxpZznS0/000040150.jpg,id0038,english,F9fVxpZznS0
faces/id0038/English/F9fVxpZznS0/000050050.jpg,id0038,english,F9fVxpZznS0
faces/id0038/English/F9fVxpZznS0/000050125.jpg,id0038,english,F9fVxpZznS0
faces/id0038/English/F9fVxpZznS0/000070050.jpg,id0038,english,F9fVxpZznS0
faces/id0038/English/F9fVxpZznS0/000070125.jpg,id0038,english,F9fVxpZznS0
faces/id0038/English/F9fVxpZznS0/000070175.jpg,id0038,english,F9fVxpZznS0
faces/id0038/German/5fcu5jDMfg0/000000025.jpg,id0038,german,5fcu5jDMfg0
faces/id0038/German/5fcu5jDMfg0/000000550.jpg,id0038,german,5fcu5jDMfg0
faces/id0038/German/5fcu5jDMfg0/000020200.jpg,id0038,german,5fcu5jDMfg0
faces/id0038/German/5fcu5jDMfg0/000040125.jpg,id0038,german,5fcu5jDMfg0
faces/id0038/German/5fcu5jDMfg0/000050075.jpg,id0038,german,5fcu5jDMfg0
faces/id0038/German/5fcu5jDMfg0/000060375.jpg,id0038,german,5fcu5jDMfg0
faces/id0038/German/5fcu5jDMfg0/000070250.jpg,id0038,german,5fcu5jDMfg0
faces/id0038/German/5fcu5jDMfg0/000080200.jpg,id0038,german,5fcu5jDMfg0
faces/id0038/German/5rfTbbhzx3g/000000025.jpg,id0038,german,5rfTbbhzx3g
faces/id0038/German/5rfTbbhzx3g/000000225.jpg,id0038,german,5rfTbbhzx3g
faces/id0038/German/5rfTbbhzx3g/000000400.jpg,id0038,german,5rfTbbhzx3g
faces/id0038/German/5rfTbbhzx3g/000000600.jpg,id0038,german,5rfTbbhzx3g
faces/id0038/German/5rfTbbhzx3g/000000800.jpg,id0038,german,5rfTbbhzx3g
faces/id0038/German/5rfTbbhzx3g/000001000.jpg,id0038,german,5rfTbbhzx3g
faces/id0038/German/5rfTbbhzx3g/000010175.jpg,id0038,german,5rfTbbhzx3g
faces/id0038/German/5rfTbbhzx3g/000010375.jpg,id0038,german,5rfTbbhzx3g
faces/id0038/German/DKdY6ld_lJI/000010025.jpg,id0038,german,DKdY6ld_lJI
faces/id0038/German/DKdY6ld_lJI/000030150.jpg,id0038,german,DKdY6ld_lJI
faces/id0038/German/DKdY6ld_lJI/000070050.jpg,id0038,german,DKdY6ld_lJI
faces/id0038/German/DKdY6ld_lJI/000070450.jpg,id0038,german,DKdY6ld_lJI
faces/id0038/German/DKdY6ld_lJI/000080275.jpg,id0038,german,DKdY6ld_lJI
faces/id0038/German/DKdY6ld_lJI/000120025.jpg,id0038,german,DKdY6ld_lJI
faces/id0038/German/DKdY6ld_lJI/000120425.jpg,id0038,german,DKdY6ld_lJI
faces/id0038/German/DKdY6ld_lJI/000120825.jpg,id0038,german,DKdY6ld_lJI
faces/id0038/German/frPsr-bk23o/000000025.jpg,id0038,german,frPsr-bk23o
faces/id0038/German/frPsr-bk23o/000000650.jpg,id0038,german,frPsr-bk23o
faces/id0038/German/frPsr-bk23o/000010475.jpg,id0038,german,frPsr-bk23o
faces/id0038/German/frPsr-bk23o/000020075.jpg,id0038,german,frPsr-bk23o
faces/id0038/German/frPsr-bk23o/000030425.jpg,id0038,german,frPsr-bk23o
faces/id0038/German/frPsr-bk23o/000031050.jpg,id0038,german,frPsr-bk23o
faces/id0038/German/frPsr-bk23o/000040125.jpg,id0038,german,frPsr-bk23o
faces/id0038/German/frPsr-bk23o/000040750.jpg,id0038,german,frPsr-bk23o
faces/id0039/English/XcuzwIL5qkQ/000050025.jpg,id0039,english,XcuzwIL5qkQ
faces/id0039/English/XcuzwIL5qkQ/000050250.jpg,id0039,english,XcuzwIL5qkQ
faces/id0039/English/XcuzwIL5qkQ/000050475.jpg,id0039,english,XcuzwIL5qkQ
faces/id0039/English/XcuzwIL5qkQ/000050700.jpg,id0039,english,XcuzwIL5qkQ
faces/id0039/English/XcuzwIL5qkQ/000050925.jpg,id0039,english,XcuzwIL5qkQ
faces/id0039/English/XcuzwIL5qkQ/000051150.jpg,id0039,english,XcuzwIL5qkQ
faces/id0039/English/XcuzwIL5qkQ/000051375.jpg,id0039,english,XcuzwIL5qkQ
faces/id0039/English/XcuzwIL5qkQ/000051600.jpg,id0039,english,XcuzwIL5qkQ
faces/id0039/English/n0wfDfLF_PA/000010025.jpg,id0039,english,n0wfDfLF_PA
faces/id0039/English/n0wfDfLF_PA/000010625.jpg,id0039,english,n0wfDfLF_PA
faces/id0039/English/n0wfDfLF_PA/000011225.jpg,id0039,english,n0wfDfLF_PA
faces/id0039/English/n0wfDfLF_PA/000030275.jpg,id0039,english,n0wfDfLF_PA
faces/id0039/English/n0wfDfLF_PA/000030850.jpg,id0039,english,n0wfDfLF_PA
faces/id0039/English/n0wfDfLF_PA/000031450.jpg,id0039,english,n0wfDfLF_PA
faces/id0039/English/n0wfDfLF_PA/000032050.jpg,id0039,english,n0wfDfLF_PA
faces/id0039/English/n0wfDfLF_PA/000032650.jpg,id0039,english,n0wfDfLF_PA
faces/id0039/German/9r6mOyoX1Ec/000000025.jpg,id0039,german,9r6mOyoX1Ec
faces/id0039/German/9r6mOyoX1Ec/000001600.jpg,id0039,german,9r6mOyoX1Ec
faces/id0039/German/9r6mOyoX1Ec/000011400.jpg,id0039,german,9r6mOyoX1Ec
faces/id0039/German/9r6mOyoX1Ec/000020925.jpg,id0039,german,9r6mOyoX1Ec
faces/id0039/German/9r6mOyoX1Ec/000030575.jpg,id0039,german,9r6mOyoX1Ec
faces/id0039/German/9r6mOyoX1Ec/000040025.jpg,id0039,german,9r6mOyoX1Ec
faces/id0039/German/9r6mOyoX1Ec/000041575.jpg,id0039,german,9r6mOyoX1Ec
faces/id0039/German/9r6mOyoX1Ec/000043150.jpg,id0039,german,9r6mOyoX1Ec
faces/id0039/German/BHoBP0IhFdY/000010025.jpg,id0039,german,BHoBP0IhFdY
faces/id0039/German/BHoBP0IhFdY/000070025.jpg,id0039,german,BHoBP0IhFdY
faces/id0039/German/BHoBP0IhFdY/000110200.jpg,id0039,german,BHoBP0IhFdY
faces/id0039/German/BHoBP0IhFdY/000150025.jpg,id0039,german,BHoBP0IhFdY
faces/id0039/German/BHoBP0IhFdY/000220325.jpg,id0039,german,BHoBP0IhFdY
faces/id0039/German/BHoBP0IhFdY/000260125.jpg,id0039,german,BHoBP0IhFdY
faces/id0039/German/BHoBP0IhFdY/000290025.jpg,id0039,german,BHoBP0IhFdY
faces/id0039/German/BHoBP0IhFdY/000350150.jpg,id0039,german,BHoBP0IhFdY
faces/id0039/German/FOfFXt4Jdec/000000025.jpg,id0039,german,FOfFXt4Jdec
faces/id0039/German/FOfFXt4Jdec/000000050.jpg,id0039,german,FOfFXt4Jdec
faces/id0039/German/FOfFXt4Jdec/000000075.jpg,id0039,german,FOfFXt4Jdec
faces/id0039/German/FOfFXt4Jdec/000000100.jpg,id0039,german,FOfFXt4Jdec
faces/id0039/German/FOfFXt4Jdec/000000125.jpg,id0039,german,FOfFXt4Jdec
faces/id0039/German/FOfFXt4Jdec/000000150.jpg,id0039,german,FOfFXt4Jdec
faces/id0040/English/3V2Hcdt4Qcs/000160025.jpg,id0040,english,3V2Hcdt4Qcs
faces/id0040/English/3V2Hcdt4Qcs/000160250.jpg,id0040,english,3V2Hcdt4Qcs
faces/id0040/English/3V2Hcdt4Qcs/000160500.jpg,id0040,english,3V2Hcdt4Qcs
faces/id0040/English/3V2Hcdt4Qcs/000160725.jpg,id0040,english,3V2Hcdt4Qcs
faces/id0040/English/3V2Hcdt4Qcs/000160975.jpg,id0040,english,3V2Hcdt4Qcs
faces/id0040/English/3V2Hcdt4Qcs/000161200.jpg,id0040,english,3V2Hcdt4Qcs
faces/id0040/English/3V2Hcdt4Qcs/000161450.jpg,id0040,english,3V2Hcdt4Qcs
faces/id0040/English/3V2Hcdt4Qcs/000161675.jpg,id0040,english,3V2Hcdt4Qcs
faces/id0040/English/K1FlRDblbnc/000100025.jpg,id0040,english,K1FlRDblbnc
faces/id0040/English/K1FlRDblbnc/000210175.jpg,id0040,english,K1FlRDblbnc
faces/id0040/English/K1FlRDblbnc/000450050.jpg,id0040,english,K1FlRDblbnc
faces/id0040/English/K1FlRDblbnc/000570200.jpg,id0040,english,K1FlRDblbnc
faces/id0040/English/K1FlRDblbnc/000790175.jpg,id0040,english,K1FlRDblbnc
faces/id0040/English/K1FlRDblbnc/000910225.jpg,id0040,english,K1FlRDblbnc
faces/id0040/English/K1FlRDblbnc/000910550.jpg,id0040,english,K1FlRDblbnc
faces/id0040/English/K1FlRDblbnc/001080300.jpg,id0040,english,K1FlRDblbnc
faces/id0040/English/MLXKRvzweHA/000010025.jpg,id0040,english,MLXKRvzweHA
faces/id0040/English/MLXKRvzweHA/000010100.jpg,id0040,english,MLXKRvzweHA
faces/id0040/English/MLXKRvzweHA/000030100.jpg,id0040,english,MLXKRvzweHA
faces/id0040/English/MLXKRvzweHA/000050075.jpg,id0040,english,MLXKRvzweHA
faces/id0040/English/MLXKRvzweHA/000050150.jpg,id0040,english,MLXKRvzweHA
faces/id0040/English/MLXKRvzweHA/000050225.jpg,id0040,english,MLXKRvzweHA
faces/id0040/English/MLXKRvzweHA/000050325.jpg,id0040,english,MLXKRvzweHA
faces/id0040/English/MLXKRvzweHA/000050400.jpg,id0040,english,MLXKRvzweHA
faces/id0040/English/pqJjiC5Wc98/000050025.jpg,id0040,english,pqJjiC5Wc98
faces/id0040/English/pqJjiC5Wc98/000050400.jpg,id0040,english,pqJjiC5Wc98
faces/id0040/English/pqJjiC5Wc98/000080325.jpg,id0040,english,pqJjiC5Wc98
faces/id0040/English/pqJjiC5Wc98/000160100.jpg,id0040,english,pqJjiC5Wc98
faces/id0040/English/pqJjiC5Wc98/000210025.jpg,id0040,english,pqJjiC5Wc98
faces/id0040/English/pqJjiC5Wc98/000210400.jpg,id0040,english,pqJjiC5Wc98
faces/id0040/English/pqJjiC5Wc98/000220250.jpg,id0040,english,pqJjiC5Wc98
faces/id0040/English/pqJjiC5Wc98/000220625.jpg,id0040,english,pqJjiC5Wc98
faces/id0040/English/soWxo5SU5o8/000010025.jpg,id0040,english,soWxo5SU5o8
faces/id0040/English/soWxo5SU5o8/000010150.jpg,id0040,english,soWxo5SU5o8
faces/id0040/English/soWxo5SU5o8/000010300.jpg,id0040,english,soWxo5SU5o8
faces/id0040/English/soWxo5SU5o8/000040050.jpg,id0040,english,soWxo5SU5o8
faces/id0040/English/soWxo5SU5o8/000070025.jpg,id0040,english,soWxo5SU5o8
faces/id0040/English/soWxo5SU5o8/000070150.jpg,id0040,english,soWxo5SU5o8
faces/id0040/English/soWxo5SU5o8/000070300.jpg,id0040,english,soWxo5SU5o8
faces/id0040/English/soWxo5SU5o8/000100100.jpg,id0040,english,soWxo5SU5o8
faces/id0040/German/ga9s4LUhZyM/000010025.jpg,id0040,german,ga9s4LUhZyM
faces/id0040/German/ga9s4LUhZyM/000010925.jpg,id0040,german,ga9s4LUhZyM
faces/id0040/German/ga9s4LUhZyM/000020600.jpg,id0040,german,ga9s4LUhZyM
faces/id0040/German/ga9s4LUhZyM/000021500.jpg,id0040,german,ga9s4LUhZyM
faces/id0040/German/ga9s4LUhZyM/000030200.jpg,id0040,german,ga9s4LUhZyM
faces/id0040/German/ga9s4LUhZyM/000040225.jpg,id0040,german,ga9s4LUhZyM
faces/id0040/German/ga9s4LUhZyM/000050175.jpg,id0040,german,ga9s4LUhZyM
faces/id0040/German/ga9s4LUhZyM/000070750.jpg,id0040,german,ga9s4LUhZyM
faces/id0040/German/sHAI-A-jS2w/000000025.jpg,id0040,german,sHAI-A-jS2w
faces/id0040/German/sHAI-A-jS2w/000020450.jpg,id0040,german,sHAI-A-jS2w
faces/id0040/German/sHAI-A-jS2w/000050075.jpg,id0040,german,sHAI-A-jS2w
faces/id0040/German/sHAI-A-jS2w/000090225.jpg,id0040,german,sHAI-A-jS2w
faces/id0040/German/sHAI-A-jS2w/000110175.jpg,id0040,german,sHAI-A-jS2w
faces/id0040/German/sHAI-A-jS2w/000120525.jpg,id0040,german,sHAI-A-jS2w
faces/id0040/German/sHAI-A-jS2w/000160025.jpg,id0040,german,sHAI-A-jS2w
faces/id0040/German/sHAI-A-jS2w/000190100.jpg,id0040,german,sHAI-A-jS2w
faces/id0041/English/CPeL9KYX_yg/000000025.jpg,id0041,english,CPeL9KYX_yg
faces/id0041/English/CPeL9KYX_yg/000010800.jpg,id0041,english,CPeL9KYX_yg
faces/id0041/English/CPeL9KYX_yg/000040325.jpg,id0041,english,CPeL9KYX_yg
faces/id0041/English/CPeL9KYX_yg/000070200.jpg,id0041,english,CPeL9KYX_yg
faces/id0041/English/CPeL9KYX_yg/000110200.jpg,id0041,english,CPeL9KYX_yg
faces/id0041/English/CPeL9KYX_yg/000140125.jpg,id0041,english,CPeL9KYX_yg
faces/id0041/English/CPeL9KYX_yg/000170100.jpg,id0041,english,CPeL9KYX_yg
faces/id0041/English/CPeL9KYX_yg/000200150.jpg,id0041,english,CPeL9KYX_yg
faces/id0041/English/Kuff3O8EAqQ/000010025.jpg,id0041,english,Kuff3O8EAqQ
faces/id0041/English/Kuff3O8EAqQ/000020225.jpg,id0041,english,Kuff3O8EAqQ
faces/id0041/English/Kuff3O8EAqQ/000040100.jpg,id0041,english,Kuff3O8EAqQ
faces/id0041/English/Kuff3O8EAqQ/000040400.jpg,id0041,english,Kuff3O8EAqQ
faces/id0041/English/Kuff3O8EAqQ/000070100.jpg,id0041,english,Kuff3O8EAqQ
faces/id0041/English/Kuff3O8EAqQ/000070400.jpg,id0041,english,Kuff3O8EAqQ
faces/id0041/English/Kuff3O8EAqQ/000090100.jpg,id0041,english,Kuff3O8EAqQ
faces/id0041/English/Kuff3O8EAqQ/000110125.jpg,id0041,english,Kuff3O8EAqQ
faces/id0041/English/uvkmmOTJ0bE/000010025.jpg,id0041,english,uvkmmOTJ0bE
faces/id0041/English/uvkmmOTJ0bE/000021025.jpg,id0041,english,uvkmmOTJ0bE
faces/id0041/English/uvkmmOTJ0bE/000031225.jpg,id0041,english,uvkmmOTJ0bE
faces/id0041/English/uvkmmOTJ0bE/000070075.jpg,id0041,english,uvkmmOTJ0bE
faces/id0041/English/uvkmmOTJ0bE/000081075.jpg,id0041,english,uvkmmOTJ0bE
faces/id0041/English/uvkmmOTJ0bE/000091025.jpg,id0041,english,uvkmmOTJ0bE
faces/id0041/English/uvkmmOTJ0bE/000120225.jpg,id0041,english,uvkmmOTJ0bE
faces/id0041/English/uvkmmOTJ0bE/000130325.jpg,id0041,english,uvkmmOTJ0bE
faces/id0041/English/xbiGWLTzHlQ/000000025.jpg,id0041,english,xbiGWLTzHlQ
faces/id0041/English/xbiGWLTzHlQ/000020100.jpg,id0041,english,xbiGWLTzHlQ
faces/id0041/English/xbiGWLTzHlQ/000060100.jpg,id0041,english,xbiGWLTzHlQ
faces/id0041/English/xbiGWLTzHlQ/000090100.jpg,id0041,english,xbiGWLTzHlQ
faces/id0041/English/xbiGWLTzHlQ/000140075.jpg,id0041,english,xbiGWLTzHlQ
faces/id0041/English/xbiGWLTzHlQ/000190125.jpg,id0041,english,xbiGWLTzHlQ
faces/id0041/English/xbiGWLTzHlQ/000210300.jpg,id0041,english,xbiGWLTzHlQ
faces/id0041/English/xbiGWLTzHlQ/000220225.jpg,id0041,english,xbiGWLTzHlQ
faces/id0041/German/TR36AhhvdL8/000010025.jpg,id0041,german,TR36AhhvdL8
faces/id0041/German/TR36AhhvdL8/000020025.jpg,id0041,german,TR36AhhvdL8
faces/id0041/German/TR36AhhvdL8/000020325.jpg,id0041,german,TR36AhhvdL8
faces/id0041/German/TR36AhhvdL8/000040075.jpg,id0041,german,TR36AhhvdL8
faces/id0041/German/TR36AhhvdL8/000050125.jpg,id0041,german,TR36AhhvdL8
faces/id0041/German/TR36AhhvdL8/000050425.jpg,id0041,german,TR36AhhvdL8
faces/id0041/German/TR36AhhvdL8/000060125.jpg,id0041,german,TR36AhhvdL8
faces/id0041/German/TR36AhhvdL8/000060425.jpg,id0041,german,TR36AhhvdL8
faces/id0041/German/_z4ZcI9_zIo/000010025.jpg,id0041,german,_z4ZcI9_zIo
faces/id0041/German/_z4ZcI9_zIo/000010300.jpg,id0041,german,_z4ZcI9_zIo
faces/id0041/German/_z4ZcI9_zIo/000020150.jpg,id0041,german,_z4ZcI9_zIo
faces/id0041/German/_z4ZcI9_zIo/000020425.jpg,id0041,german,_z4ZcI9_zIo
faces/id0041/German/_z4ZcI9_zIo/000030125.jpg,id0041,german,_z4ZcI9_zIo
faces/id0041/German/_z4ZcI9_zIo/000030400.jpg,id0041,german,_z4ZcI9_zIo
faces/id0041/German/_z4ZcI9_zIo/000040050.jpg,id0041,german,_z4ZcI9_zIo
faces/id0041/German/_z4ZcI9_zIo/000040325.jpg,id0041,german,_z4ZcI9_zIo
faces/id0041/German/dzdj2DxHqwY/000000025.jpg,id0041,german,dzdj2DxHqwY
faces/id0041/German/dzdj2DxHqwY/000030150.jpg,id0041,german,dzdj2DxHqwY
faces/id0041/German/dzdj2DxHqwY/000070225.jpg,id0041,german,dzdj2DxHqwY
faces/id0041/German/dzdj2DxHqwY/000110050.jpg,id0041,german,dzdj2DxHqwY
faces/id0041/German/dzdj2DxHqwY/000230925.jpg,id0041,german,dzdj2DxHqwY
faces/id0041/German/dzdj2DxHqwY/000340650.jpg,id0041,german,dzdj2DxHqwY
faces/id0041/German/dzdj2DxHqwY/000520275.jpg,id0041,german,dzdj2DxHqwY
faces/id0041/German/dzdj2DxHqwY/000600150.jpg,id0041,german,dzdj2DxHqwY
faces/id0041/German/iUwIQyDvpGI/000080025.jpg,id0041,german,iUwIQyDvpGI
faces/id0041/German/iUwIQyDvpGI/000190050.jpg,id0041,german,iUwIQyDvpGI
faces/id0041/German/iUwIQyDvpGI/000300050.jpg,id0041,german,iUwIQyDvpGI
faces/id0041/German/iUwIQyDvpGI/000420075.jpg,id0041,german,iUwIQyDvpGI
faces/id0041/German/iUwIQyDvpGI/000530175.jpg,id0041,german,iUwIQyDvpGI
faces/id0041/German/iUwIQyDvpGI/000580375.jpg,id0041,german,iUwIQyDvpGI
faces/id0041/German/iUwIQyDvpGI/000770125.jpg,id0041,german,iUwIQyDvpGI
faces/id0041/German/iUwIQyDvpGI/000880100.jpg,id0041,german,iUwIQyDvpGI
faces/id0041/German/jV-j_PozRuw/000020025.jpg,id0041,german,jV-j_PozRuw
faces/id0041/German/jV-j_PozRuw/000080250.jpg,id0041,german,jV-j_PozRuw
faces/id0041/German/jV-j_PozRuw/000150050.jpg,id0041,german,jV-j_PozRuw
faces/id0041/German/jV-j_PozRuw/000210050.jpg,id0041,german,jV-j_PozRuw
faces/id0041/German/jV-j_PozRuw/000240050.jpg,id0041,german,jV-j_PozRuw
faces/id0041/German/jV-j_PozRuw/000310025.jpg,id0041,german,jV-j_PozRuw
faces/id0041/German/jV-j_PozRuw/000370150.jpg,id0041,german,jV-j_PozRuw
faces/id0041/German/jV-j_PozRuw/000400125.jpg,id0041,german,jV-j_PozRuw
faces/id0041/German/zLCoM3KRn7w/000010025.jpg,id0041,german,zLCoM3KRn7w
faces/id0041/German/zLCoM3KRn7w/000090100.jpg,id0041,german,zLCoM3KRn7w
faces/id0041/German/zLCoM3KRn7w/000150100.jpg,id0041,german,zLCoM3KRn7w
faces/id0041/German/zLCoM3KRn7w/000190125.jpg,id0041,german,zLCoM3KRn7w
faces/id0041/German/zLCoM3KRn7w/000210075.jpg,id0041,german,zLCoM3KRn7w
faces/id0041/German/zLCoM3KRn7w/000230075.jpg,id0041,german,zLCoM3KRn7w
faces/id0041/German/zLCoM3KRn7w/000350075.jpg,id0041,german,zLCoM3KRn7w
faces/id0041/German/zLCoM3KRn7w/000440100.jpg,id0041,german,zLCoM3KRn7w
faces/id0042/English/BmjY8yOGv5M/000000025.jpg,id0042,english,BmjY8yOGv5M
faces/id0042/English/BmjY8yOGv5M/000000125.jpg,id0042,english,BmjY8yOGv5M
faces/id0042/English/BmjY8yOGv5M/000000200.jpg,id0042,english,BmjY8yOGv5M
faces/id0042/English/BmjY8yOGv5M/000000300.jpg,id0042,english,BmjY8yOGv5M
faces/id0042/English/BmjY8yOGv5M/000000375.jpg,id0042,english,BmjY8yOGv5M
faces/id0042/English/BmjY8yOGv5M/000000475.jpg,id0042,english,BmjY8yOGv5M
faces/id0042/English/BmjY8yOGv5M/000000550.jpg,id0042,english,BmjY8yOGv5M
faces/id0042/English/BmjY8yOGv5M/000000650.jpg,id0042,english,BmjY8yOGv5M
faces/id0042/English/EeWHGf7NB4Q/000000025.jpg,id0042,english,EeWHGf7NB4Q
faces/id0042/English/EeWHGf7NB4Q/000000375.jpg,id0042,english,EeWHGf7NB4Q
faces/id0042/English/EeWHGf7NB4Q/000000725.jpg,id0042,english,EeWHGf7NB4Q
faces/id0042/English/EeWHGf7NB4Q/000020100.jpg,id0042,english,EeWHGf7NB4Q
faces/id0042/English/EeWHGf7NB4Q/000020425.jpg,id0042,english,EeWHGf7NB4Q
faces/id0042/English/EeWHGf7NB4Q/000030075.jpg,id0042,english,EeWHGf7NB4Q
faces/id0042/English/EeWHGf7NB4Q/000090175.jpg,id0042,english,EeWHGf7NB4Q
faces/id0042/English/EeWHGf7NB4Q/000100125.jpg,id0042,english,EeWHGf7NB4Q
faces/id0042/English/Gt0gHGgPceU/000010025.jpg,id0042,english,Gt0gHGgPceU
faces/id0042/English/Gt0gHGgPceU/000030300.jpg,id0042,english,Gt0gHGgPceU
faces/id0042/English/Gt0gHGgPceU/000030700.jpg,id0042,english,Gt0gHGgPceU
faces/id0042/English/Gt0gHGgPceU/000031075.jpg,id0042,english,Gt0gHGgPceU
faces/id0042/English/Gt0gHGgPceU/000060025.jpg,id0042,english,Gt0gHGgPceU
faces/id0042/English/Gt0gHGgPceU/000070200.jpg,id0042,english,Gt0gHGgPceU
faces/id0042/English/Gt0gHGgPceU/000080050.jpg,id0042,english,Gt0gHGgPceU
faces/id0042/English/Gt0gHGgPceU/000080425.jpg,id0042,english,Gt0gHGgPceU
faces/id0042/English/Mk_67nbaQ1Q/000040025.jpg,id0042,english,Mk_67nbaQ1Q
faces/id0042/English/Mk_67nbaQ1Q/000080400.jpg,id0042,english,Mk_67nbaQ1Q
faces/id0042/English/Mk_67nbaQ1Q/000081925.jpg,id0042,english,Mk_67nbaQ1Q
faces/id0042/English/Mk_67nbaQ1Q/000160575.jpg,id0042,english,Mk_67nbaQ1Q
faces/id0042/English/Mk_67nbaQ1Q/000220450.jpg,id0042,english,Mk_67nbaQ1Q
faces/id0042/English/Mk_67nbaQ1Q/000221975.jpg,id0042,english,Mk_67nbaQ1Q
faces/id0042/English/Mk_67nbaQ1Q/000260450.jpg,id0042,english,Mk_67nbaQ1Q
faces/id0042/English/Mk_67nbaQ1Q/000261975.jpg,id0042,english,Mk_67nbaQ1Q
faces/id0042/English/S6fewo4Wqw0/000080025.jpg,id0042,english,S6fewo4Wqw0
faces/id0042/English/S6fewo4Wqw0/000180125.jpg,id0042,english,S6fewo4Wqw0
faces/id0042/English/S6fewo4Wqw0/000200325.jpg,id0042,english,S6fewo4Wqw0
faces/id0042/English/S6fewo4Wqw0/000200950.jpg,id0042,english,S6fewo4Wqw0
faces/id0042/English/S6fewo4Wqw0/000210425.jpg,id0042,english,S6fewo4Wqw0
faces/id0042/English/S6fewo4Wqw0/000220450.jpg,id0042,english,S6fewo4Wqw0
faces/id0042/English/S6fewo4Wqw0/000230600.jpg,id0042,english,S6fewo4Wqw0
faces/id0042/English/S6fewo4Wqw0/000231225.jpg,id0042,english,S6fewo4Wqw0
faces/id0042/English/vcvl-A9z5II/000000025.jpg,id0042,english,vcvl-A9z5II
faces/id0042/English/vcvl-A9z5II/000020225.jpg,id0042,english,vcvl-A9z5II
faces/id0042/English/vcvl-A9z5II/000020850.jpg,id0042,english,vcvl-A9z5II
faces/id0042/English/vcvl-A9z5II/000021500.jpg,id0042,english,vcvl-A9z5II
faces/id0042/English/vcvl-A9z5II/000022150.jpg,id0042,english,vcvl-A9z5II
faces/id0042/English/vcvl-A9z5II/000022800.jpg,id0042,english,vcvl-A9z5II
faces/id0042/English/vcvl-A9z5II/000080550.jpg,id0042,english,vcvl-A9z5II
faces/id0042/English/vcvl-A9z5II/000120450.jpg,id0042,english,vcvl-A9z5II
faces/id0042/German/2WRiRAX17gg/000030025.jpg,id0042,german,2WRiRAX17gg
faces/id0042/German/2WRiRAX17gg/000030050.jpg,id0042,german,2WRiRAX17gg
faces/id0042/German/2WRiRAX17gg/000030075.jpg,id0042,german,2WRiRAX17gg
faces/id0042/German/2WRiRAX17gg/000030100.jpg,id0042,german,2WRiRAX17gg
faces/id0042/German/2WRiRAX17gg/000030125.jpg,id0042,german,2WRiRAX17gg
faces/id0042/German/2WRiRAX17gg/000030150.jpg,id0042,german,2WRiRAX17gg
faces/id0042/German/8VCOg4ELM_s/000020025.jpg,id0042,german,8VCOg4ELM_s
faces/id0042/German/8VCOg4ELM_s/000050325.jpg,id0042,german,8VCOg4ELM_s
faces/id0042/German/8VCOg4ELM_s/000051150.jpg,id0042,german,8VCOg4ELM_s
faces/id0042/German/8VCOg4ELM_s/000051950.jpg,id0042,german,8VCOg4ELM_s
faces/id0042/German/8VCOg4ELM_s/000070275.jpg,id0042,german,8VCOg4ELM_s
faces/id0042/German/8VCOg4ELM_s/000090500.jpg,id0042,german,8VCOg4ELM_s
faces/id0042/German/8VCOg4ELM_s/000130225.jpg,id0042,german,8VCOg4ELM_s
faces/id0042/German/8VCOg4ELM_s/000140800.jpg,id0042,german,8VCOg4ELM_s
faces/id0042/German/ELX317ntrl0/000020025.jpg,id0042,german,ELX317ntrl0
faces/id0042/German/ELX317ntrl0/000130025.jpg,id0042,german,ELX317ntrl0
faces/id0042/German/ELX317ntrl0/000220100.jpg,id0042,german,ELX317ntrl0
faces/id0042/German/ELX317ntrl0/000360100.jpg,id0042,german,ELX317ntrl0
faces/id0042/German/ELX317ntrl0/000450150.jpg,id0042,german,ELX317ntrl0
faces/id0042/German/ELX317ntrl0/000560125.jpg,id0042,german,ELX317ntrl0
faces/id0042/German/ELX317ntrl0/000710175.jpg,id0042,german,ELX317ntrl0
faces/id0042/German/ELX317ntrl0/000820325.jpg,id0042,german,ELX317ntrl0
faces/id0042/German/tELvV4BvWEY/000030025.jpg,id0042,german,tELvV4BvWEY
faces/id0042/German/tELvV4BvWEY/000040100.jpg,id0042,german,tELvV4BvWEY
faces/id0042/German/tELvV4BvWEY/000050100.jpg,id0042,german,tELvV4BvWEY
faces/id0042/German/tELvV4BvWEY/000070100.jpg,id0042,german,tELvV4BvWEY
faces/id0042/German/tELvV4BvWEY/000090075.jpg,id0042,german,tELvV4BvWEY
faces/id0042/German/tELvV4BvWEY/000130100.jpg,id0042,german,tELvV4BvWEY
faces/id0042/German/tELvV4BvWEY/000130425.jpg,id0042,german,tELvV4BvWEY
faces/id0042/German/tELvV4BvWEY/000140275.jpg,id0042,german,tELvV4BvWEY
faces/id0043/English/1RN5GR7aCfs/000010025.jpg,id0043,english,1RN5GR7aCfs
faces/id0043/English/1RN5GR7aCfs/000010500.jpg,id0043,english,1RN5GR7aCfs
faces/id0043/English/1RN5GR7aCfs/000020400.jpg,id0043,english,1RN5GR7aCfs
faces/id0043/English/1RN5GR7aCfs/000030200.jpg,id0043,english,1RN5GR7aCfs
faces/id0043/English/1RN5GR7aCfs/000030650.jpg,id0043,english,1RN5GR7aCfs
faces/id0043/English/1RN5GR7aCfs/000031125.jpg,id0043,english,1RN5GR7aCfs
faces/id0043/English/1RN5GR7aCfs/000040450.jpg,id0043,english,1RN5GR7aCfs
faces/id0043/English/1RN5GR7aCfs/000050450.jpg,id0043,english,1RN5GR7aCfs
faces/id0043/English/8E4QdBhilgs/000030025.jpg,id0043,english,8E4QdBhilgs
faces/id0043/English/8E4QdBhilgs/000030050.jpg,id0043,english,8E4QdBhilgs
faces/id0043/English/8E4QdBhilgs/000030100.jpg,id0043,english,8E4QdBhilgs
faces/id0043/English/8E4QdBhilgs/000030125.jpg,id0043,english,8E4QdBhilgs
faces/id0043/English/8E4QdBhilgs/000030150.jpg,id0043,english,8E4QdBhilgs
faces/id0043/English/8E4QdBhilgs/000030175.jpg,id0043,english,8E4QdBhilgs
faces/id0043/English/8E4QdBhilgs/000030225.jpg,id0043,english,8E4QdBhilgs
faces/id0043/English/8E4QdBhilgs/000030250.jpg,id0043,english,8E4QdBhilgs
faces/id0043/English/94xyOpETYYs/000000025.jpg,id0043,english,94xyOpETYYs
faces/id0043/English/94xyOpETYYs/000000075.jpg,id0043,english,94xyOpETYYs
faces/id0043/English/94xyOpETYYs/000000100.jpg,id0043,english,94xyOpETYYs
faces/id0043/English/94xyOpETYYs/000180050.jpg,id0043,english,94xyOpETYYs
faces/id0043/English/94xyOpETYYs/000180075.jpg,id0043,english,94xyOpETYYs
faces/id0043/English/94xyOpETYYs/000180125.jpg,id0043,english,94xyOpETYYs
faces/id0043/English/94xyOpETYYs/000180150.jpg,id0043,english,94xyOpETYYs
faces/id0043/English/94xyOpETYYs/000180200.jpg,id0043,english,94xyOpETYYs
faces/id0043/English/Ab5NbdTqPeA/000010025.jpg,id0043,english,Ab5NbdTqPeA
faces/id0043/English/Ab5NbdTqPeA/000060050.jpg,id0043,english,Ab5NbdTqPeA
faces/id0043/English/Ab5NbdTqPeA/000090050.jpg,id0043,english,Ab5NbdTqPeA
faces/id0043/English/Ab5NbdTqPeA/000140100.jpg,id0043,english,Ab5NbdTqPeA
faces/id0043/English/Ab5NbdTqPeA/000210250.jpg,id0043,english,Ab5NbdTqPeA
faces/id0043/English/Ab5NbdTqPeA/000240200.jpg,id0043,english,Ab5NbdTqPeA
faces/id0043/English/Ab5NbdTqPeA/000270275.jpg,id0043,english,Ab5NbdTqPeA
faces/id0043/English/Ab5NbdTqPeA/000400175.jpg,id0043,english,Ab5NbdTqPeA
faces/id0043/English/LGxawB9iPts/000010025.jpg,id0043,english,LGxawB9iPts
faces/id0043/English/LGxawB9iPts/000010150.jpg,id0043,english,LGxawB9iPts
faces/id0043/English/LGxawB9iPts/000010250.jpg,id0043,english,LGxawB9iPts
faces/id0043/English/LGxawB9iPts/000010375.jpg,id0043,english,LGxawB9iPts
faces/id0043/English/LGxawB9iPts/000010475.jpg,id0043,english,LGxawB9iPts
faces/id0043/English/LGxawB9iPts/000010600.jpg,id0043,english,LGxawB9iPts
faces/id0043/English/LGxawB9iPts/000010700.jpg,id0043,english,LGxawB9iPts
faces/id0043/English/LGxawB9iPts/000010825.jpg,id0043,english,LGxawB9iPts
faces/id0043/English/LIRfn6d2VsY/000000025.jpg,id0043,english,LIRfn6d2VsY
faces/id0043/English/LIRfn6d2VsY/000000125.jpg,id0043,english,LIRfn6d2VsY
faces/id0043/English/LIRfn6d2VsY/000000225.jpg,id0043,english,LIRfn6d2VsY
faces/id0043/English/LIRfn6d2VsY/000000325.jpg,id0043,english,LIRfn6d2VsY
faces/id0043/English/LIRfn6d2VsY/000000425.jpg,id0043,english,LIRfn6d2VsY
faces/id0043/English/LIRfn6d2VsY/000010100.jpg,id0043,english,LIRfn6d2VsY
faces/id0043/English/LIRfn6d2VsY/000020025.jpg,id0043,english,LIRfn6d2VsY
faces/id0043/English/LIRfn6d2VsY/000020125.jpg,id0043,english,LIRfn6d2VsY
faces/id0043/English/MQgCMCRqBag/000010025.jpg,id0043,english,MQgCMCRqBag
faces/id0043/English/MQgCMCRqBag/000010100.jpg,id0043,english,MQgCMCRqBag
faces/id0043/English/MQgCMCRqBag/000010175.jpg,id0043,english,MQgCMCRqBag
faces/id0043/English/MQgCMCRqBag/000010250.jpg,id0043,english,MQgCMCRqBag
faces/id0043/English/MQgCMCRqBag/000010325.jpg,id0043,english,MQgCMCRqBag
faces/id0043/English/MQgCMCRqBag/000050025.jpg,id0043,english,MQgCMCRqBag
faces/id0043/English/MQgCMCRqBag/000050100.jpg,id0043,english,MQgCMCRqBag
faces/id0043/English/MQgCMCRqBag/000050175.jpg,id0043,english,MQgCMCRqBag
faces/id0043/English/ODfsKabCScE/000000025.jpg,id0043,english,ODfsKabCScE
faces/id0043/English/ODfsKabCScE/000000600.jpg,id0043,english,ODfsKabCScE
faces/id0043/English/ODfsKabCScE/000001175.jpg,id0043,english,ODfsKabCScE
faces/id0043/English/ODfsKabCScE/000030425.jpg,id0043,english,ODfsKabCScE
faces/id0043/English/ODfsKabCScE/000040550.jpg,id0043,english,ODfsKabCScE
faces/id0043/English/ODfsKabCScE/000100100.jpg,id0043,english,ODfsKabCScE
faces/id0043/English/ODfsKabCScE/000140100.jpg,id0043,english,ODfsKabCScE
faces/id0043/English/ODfsKabCScE/000150450.jpg,id0043,english,ODfsKabCScE
faces/id0043/German/8E4QdBhilgs/000000025.jpg,id0043,german,8E4QdBhilgs
faces/id0043/German/8E4QdBhilgs/000000175.jpg,id0043,german,8E4QdBhilgs
faces/id0043/German/8E4QdBhilgs/000000325.jpg,id0043,german,8E4QdBhilgs
faces/id0043/German/8E4QdBhilgs/000010125.jpg,id0043,german,8E4QdBhilgs
faces/id0043/German/8E4QdBhilgs/000040050.jpg,id0043,german,8E4QdBhilgs
faces/id0043/German/8E4QdBhilgs/000040200.jpg,id0043,german,8E4QdBhilgs
faces/id0043/German/8E4QdBhilgs/000040350.jpg,id0043,german,8E4QdBhilgs
faces/id0043/German/8E4QdBhilgs/000110125.jpg,id0043,german,8E4QdBhilgs
faces/id0043/German/AljbaZimb9I/000010025.jpg,id0043,german,AljbaZimb9I
faces/id0043/German/AljbaZimb9I/000010425.jpg,id0043,german,AljbaZimb9I
faces/id0043/German/AljbaZimb9I/000020250.jpg,id0043,german,AljbaZimb9I
faces/id0043/German/AljbaZimb9I/000030300.jpg,id0043,german,AljbaZimb9I
faces/id0043/German/AljbaZimb9I/000030700.jpg,id0043,german,AljbaZimb9I
faces/id0043/German/AljbaZimb9I/000040075.jpg,id0043,german,AljbaZimb9I
faces/id0043/German/AljbaZimb9I/000050300.jpg,id0043,german,AljbaZimb9I
faces/id0043/German/AljbaZimb9I/000050700.jpg,id0043,german,AljbaZimb9I
faces/id0043/German/dd-5tAskKrA/000010025.jpg,id0043,german,dd-5tAskKrA
faces/id0043/German/dd-5tAskKrA/000050425.jpg,id0043,german,dd-5tAskKrA
faces/id0043/German/dd-5tAskKrA/000100125.jpg,id0043,german,dd-5tAskKrA
faces/id0043/German/dd-5tAskKrA/000110475.jpg,id0043,german,dd-5tAskKrA
faces/id0043/German/dd-5tAskKrA/000230025.jpg,id0043,german,dd-5tAskKrA
faces/id0043/German/dd-5tAskKrA/000290025.jpg,id0043,german,dd-5tAskKrA
faces/id0043/German/dd-5tAskKrA/000340225.jpg,id0043,german,dd-5tAskKrA
faces/id0043/German/dd-5tAskKrA/000370150.jpg,id0043,german,dd-5tAskKrA
faces/id0043/German/iSaJWjSEtNk/000030025.jpg,id0043,german,iSaJWjSEtNk
faces/id0043/German/iSaJWjSEtNk/000030050.jpg,id0043,german,iSaJWjSEtNk
faces/id0043/German/iSaJWjSEtNk/000030075.jpg,id0043,german,iSaJWjSEtNk
faces/id0043/German/iSaJWjSEtNk/000030100.jpg,id0043,german,iSaJWjSEtNk
faces/id0044/English/GKxr7PGjuqc/000010025.jpg,id0044,english,GKxr7PGjuqc
faces/id0044/English/GKxr7PGjuqc/000050175.jpg,id0044,english,GKxr7PGjuqc
faces/id0044/English/GKxr7PGjuqc/000120025.jpg,id0044,english,GKxr7PGjuqc
faces/id0044/English/GKxr7PGjuqc/000130375.jpg,id0044,english,GKxr7PGjuqc
faces/id0044/English/GKxr7PGjuqc/000130850.jpg,id0044,english,GKxr7PGjuqc
faces/id0044/English/GKxr7PGjuqc/000270125.jpg,id0044,english,GKxr7PGjuqc
faces/id0044/English/GKxr7PGjuqc/000300125.jpg,id0044,english,GKxr7PGjuqc
faces/id0044/English/GKxr7PGjuqc/000300600.jpg,id0044,english,GKxr7PGjuqc
faces/id0044/English/Gx9wJk7KjQc/000020025.jpg,id0044,english,Gx9wJk7KjQc
faces/id0044/English/Gx9wJk7KjQc/000050150.jpg,id0044,english,Gx9wJk7KjQc
faces/id0044/English/Gx9wJk7KjQc/000050350.jpg,id0044,english,Gx9wJk7KjQc
faces/id0044/English/Gx9wJk7KjQc/000100175.jpg,id0044,english,Gx9wJk7KjQc
faces/id0044/English/Gx9wJk7KjQc/000110075.jpg,id0044,english,Gx9wJk7KjQc
faces/id0044/English/Gx9wJk7KjQc/000160150.jpg,id0044,english,Gx9wJk7KjQc
faces/id0044/English/Gx9wJk7KjQc/000200200.jpg,id0044,english,Gx9wJk7KjQc
faces/id0044/English/Gx9wJk7KjQc/000200425.jpg,id0044,english,Gx9wJk7KjQc
faces/id0044/English/WietmlmC9z0/000000025.jpg,id0044,english,WietmlmC9z0
faces/id0044/English/WietmlmC9z0/000120225.jpg,id0044,english,WietmlmC9z0
faces/id0044/English/WietmlmC9z0/000170400.jpg,id0044,english,WietmlmC9z0
faces/id0044/English/WietmlmC9z0/000230725.jpg,id0044,english,WietmlmC9z0
faces/id0044/English/WietmlmC9z0/000260475.jpg,id0044,english,WietmlmC9z0
faces/id0044/English/WietmlmC9z0/000320375.jpg,id0044,english,WietmlmC9z0
faces/id0044/English/WietmlmC9z0/000440150.jpg,id0044,english,WietmlmC9z0
faces/id0044/English/WietmlmC9z0/000450175.jpg,id0044,english,WietmlmC9z0
faces/id0044/English/Yc67JnxrJ4s/000040025.jpg,id0044,english,Yc67JnxrJ4s
faces/id0044/English/Yc67JnxrJ4s/000040050.jpg,id0044,english,Yc67JnxrJ4s
faces/id0044/English/Yc67JnxrJ4s/000040075.jpg,id0044,english,Yc67JnxrJ4s
faces/id0044/English/Yc67JnxrJ4s/000040100.jpg,id0044,english,Yc67JnxrJ4s
faces/id0044/English/Yc67JnxrJ4s/000040125.jpg,id0044,english,Yc67JnxrJ4s
faces/id0044/English/a08Tue6lb0Q/000000025.jpg,id0044,english,a08Tue6lb0Q
faces/id0044/English/a08Tue6lb0Q/000010400.jpg,id0044,english,a08Tue6lb0Q
faces/id0044/English/a08Tue6lb0Q/000050050.jpg,id0044,english,a08Tue6lb0Q
faces/id0044/English/a08Tue6lb0Q/000060300.jpg,id0044,english,a08Tue6lb0Q
faces/id0044/English/a08Tue6lb0Q/000080050.jpg,id0044,english,a08Tue6lb0Q
faces/id0044/English/a08Tue6lb0Q/000100075.jpg,id0044,english,a08Tue6lb0Q
faces/id0044/English/a08Tue6lb0Q/000120425.jpg,id0044,english,a08Tue6lb0Q
faces/id0044/English/a08Tue6lb0Q/000130100.jpg,id0044,english,a08Tue6lb0Q
faces/id0044/English/festftsGYFI/000020025.jpg,id0044,english,festftsGYFI
faces/id0044/English/festftsGYFI/000020375.jpg,id0044,english,festftsGYFI
faces/id0044/English/festftsGYFI/000030250.jpg,id0044,english,festftsGYFI
faces/id0044/English/festftsGYFI/000050125.jpg,id0044,english,festftsGYFI
faces/id0044/English/festftsGYFI/000070200.jpg,id0044,english,festftsGYFI
faces/id0044/English/festftsGYFI/000070550.jpg,id0044,english,festftsGYFI
faces/id0044/English/festftsGYFI/000090125.jpg,id0044,english,festftsGYFI
faces/id0044/English/festftsGYFI/000100300.jpg,id0044,english,festftsGYFI
faces/id0044/English/fnhOoPPJZ7s/000000025.jpg,id0044,english,fnhOoPPJZ7s
faces/id0044/English/fnhOoPPJZ7s/000040025.jpg,id0044,english,fnhOoPPJZ7s
faces/id0044/English/fnhOoPPJZ7s/000060100.jpg,id0044,english,fnhOoPPJZ7s
faces/id0044/English/fnhOoPPJZ7s/000090025.jpg,id0044,english,fnhOoPPJZ7s
faces/id0044/English/fnhOoPPJZ7s/000110075.jpg,id0044,english,fnhOoPPJZ7s
faces/id0044/English/fnhOoPPJZ7s/000140050.jpg,id0044,english,fnhOoPPJZ7s
faces/id0044/English/fnhOoPPJZ7s/000160125.jpg,id0044,english,fnhOoPPJZ7s
faces/id0044/English/fnhOoPPJZ7s/000190100.jpg,id0044,english,fnhOoPPJZ7s
faces/id0044/English/yXozBPDnxqI/000030025.jpg,id0044,english,yXozBPDnxqI
faces/id0044/English/yXozBPDnxqI/000030350.jpg,id0044,english,yXozBPDnxqI
faces/id0044/English/yXozBPDnxqI/000040100.jpg,id0044,english,yXozBPDnxqI
faces/id0044/English/yXozBPDnxqI/000050250.jpg,id0044,english,yXozBPDnxqI
faces/id0044/English/yXozBPDnxqI/000080150.jpg,id0044,english,yXozBPDnxqI
faces/id0044/English/yXozBPDnxqI/000090300.jpg,id0044,english,yXozBPDnxqI
faces/id0044/English/yXozBPDnxqI/000090625.jpg,id0044,english,yXozBPDnxqI
faces/id0044/English/yXozBPDnxqI/000110175.jpg,id0044,english,yXozBPDnxqI
faces/id0044/German/AZjmTC2foBw/000010025.jpg,id0044,german,AZjmTC2foBw
faces/id0044/German/AZjmTC2foBw/000010150.jpg,id0044,german,AZjmTC2foBw
faces/id0044/German/AZjmTC2foBw/000010275.jpg,id0044,german,AZjmTC2foBw
faces/id0044/German/AZjmTC2foBw/000010400.jpg,id0044,german,AZjmTC2foBw
faces/id0044/German/AZjmTC2foBw/000020025.jpg,id0044,german,AZjmTC2foBw
faces/id0044/German/AZjmTC2foBw/000020150.jpg,id0044,german,AZjmTC2foBw
faces/id0044/German/AZjmTC2foBw/000020275.jpg,id0044,german,AZjmTC2foBw
faces/id0044/German/AZjmTC2foBw/000030075.jpg,id0044,german,AZjmTC2foBw
faces/id0044/German/C-3jFBE5IR8/000000025.jpg,id0044,german,C-3jFBE5IR8
faces/id0044/German/C-3jFBE5IR8/000001225.jpg,id0044,german,C-3jFBE5IR8
faces/id0044/German/C-3jFBE5IR8/000020775.jpg,id0044,german,C-3jFBE5IR8
faces/id0044/German/C-3jFBE5IR8/000040625.jpg,id0044,german,C-3jFBE5IR8
faces/id0044/German/C-3jFBE5IR8/000060250.jpg,id0044,german,C-3jFBE5IR8
faces/id0044/German/C-3jFBE5IR8/000090375.jpg,id0044,german,C-3jFBE5IR8
faces/id0044/German/C-3jFBE5IR8/000111000.jpg,id0044,german,C-3jFBE5IR8
faces/id0044/German/C-3jFBE5IR8/000140225.jpg,id0044,german,C-3jFBE5IR8
faces/id0044/German/ECqGd_RzfDA/000160025.jpg,id0044,german,ECqGd_RzfDA
faces/id0044/German/ECqGd_RzfDA/000220075.jpg,id0044,german,ECqGd_RzfDA
faces/id0044/German/ECqGd_RzfDA/000220275.jpg,id0044,german,ECqGd_RzfDA
faces/id0044/German/ECqGd_RzfDA/000220475.jpg,id0044,german,ECqGd_RzfDA
faces/id0044/German/ECqGd_RzfDA/000280125.jpg,id0044,german,ECqGd_RzfDA
faces/id0044/German/ECqGd_RzfDA/000280325.jpg,id0044,german,ECqGd_RzfDA
faces/id0044/German/ECqGd_RzfDA/000280525.jpg,id0044,german,ECqGd_RzfDA
faces/id0044/German/ECqGd_RzfDA/000280725.jpg,id0044,german,ECqGd_RzfDA
faces/id0044/German/M4U9DcJd3Rc/000010025.jpg,id0044,german,M4U9DcJd3Rc
faces/id0044/German/M4U9DcJd3Rc/000010175.jpg,id0044,german,M4U9DcJd3Rc
faces/id0044/German/M4U9DcJd3Rc/000010300.jpg,id0044,german,M4U9DcJd3Rc
faces/id0044/German/M4U9DcJd3Rc/000020100.jpg,id0044,german,M4U9DcJd3Rc
faces/id0044/German/M4U9DcJd3Rc/000020250.jpg,id0044,german,M4U9DcJd3Rc
faces/id0044/German/M4U9DcJd3Rc/000030075.jpg,id0044,german,M4U9DcJd3Rc
faces/id0044/German/M4U9DcJd3Rc/000030200.jpg,id0044,german,M4U9DcJd3Rc
faces/id0044/German/M4U9DcJd3Rc/000030350.jpg,id0044,german,M4U9DcJd3Rc
faces/id0044/German/NVTatECLNTM/000000025.jpg,id0044,german,NVTatECLNTM
faces/id0044/German/NVTatECLNTM/000000600.jpg,id0044,german,NVTatECLNTM
faces/id0044/German/NVTatECLNTM/000010425.jpg,id0044,german,NVTatECLNTM
faces/id0044/German/NVTatECLNTM/000011000.jpg,id0044,german,NVTatECLNTM
faces/id0044/German/NVTatECLNTM/000020300.jpg,id0044,german,NVTatECLNTM
faces/id0044/German/NVTatECLNTM/000030525.jpg,id0044,german,NVTatECLNTM
faces/id0044/German/NVTatECLNTM/000031100.jpg,id0044,german,NVTatECLNTM
faces/id0044/German/NVTatECLNTM/000040250.jpg,id0044,german,NVTatECLNTM
faces/id0044/German/XmZU2xgo9VY/000060025.jpg,id0044,german,XmZU2xgo9VY
faces/id0044/German/XmZU2xgo9VY/000100175.jpg,id0044,german,XmZU2xgo9VY
faces/id0044/German/XmZU2xgo9VY/000170150.jpg,id0044,german,XmZU2xgo9VY
faces/id0044/German/XmZU2xgo9VY/000230150.jpg,id0044,german,XmZU2xgo9VY
faces/id0044/German/XmZU2xgo9VY/000270075.jpg,id0044,german,XmZU2xgo9VY
faces/id0044/German/XmZU2xgo9VY/000320125.jpg,id0044,german,XmZU2xgo9VY
faces/id0044/German/XmZU2xgo9VY/000380125.jpg,id0044,german,XmZU2xgo9VY
faces/id0044/German/XmZU2xgo9VY/000420475.jpg,id0044,german,XmZU2xgo9VY
faces/id0045/English/_lL-LPMOLVk/000010025.jpg,id0045,english,_lL-LPMOLVk
faces/id0045/English/_lL-LPMOLVk/000010400.jpg,id0045,english,_lL-LPMOLVk
faces/id0045/English/_lL-LPMOLVk/000030300.jpg,id0045,english,_lL-LPMOLVk
faces/id0045/English/_lL-LPMOLVk/000030675.jpg,id0045,english,_lL-LPMOLVk
faces/id0045/English/_lL-LPMOLVk/000040050.jpg,id0045,english,_lL-LPMOLVk
faces/id0045/English/_lL-LPMOLVk/000040425.jpg,id0045,english,_lL-LPMOLVk
faces/id0045/English/_lL-LPMOLVk/000050250.jpg,id0045,english,_lL-LPMOLVk
faces/id0045/English/_lL-LPMOLVk/000060300.jpg,id0045,english,_lL-LPMOLVk
faces/id0045/English/klgGDSLa4QI/000000025.jpg,id0045,english,klgGDSLa4QI
faces/id0045/English/klgGDSLa4QI/000000075.jpg,id0045,english,klgGDSLa4QI
faces/id0045/English/klgGDSLa4QI/000000125.jpg,id0045,english,klgGDSLa4QI
faces/id0045/English/klgGDSLa4QI/000000175.jpg,id0045,english,klgGDSLa4QI
faces/id0045/English/klgGDSLa4QI/000000200.jpg,id0045,english,klgGDSLa4QI
faces/id0045/English/klgGDSLa4QI/000000250.jpg,id0045,english,klgGDSLa4QI
faces/id0045/English/klgGDSLa4QI/000010050.jpg,id0045,english,klgGDSLa4QI
faces/id0045/English/klgGDSLa4QI/000010100.jpg,id0045,english,klgGDSLa4QI
faces/id0045/English/q9WK-RUDJcg/000010025.jpg,id0045,english,q9WK-RUDJcg
faces/id0045/English/q9WK-RUDJcg/000020150.jpg,id0045,english,q9WK-RUDJcg
faces/id0045/English/q9WK-RUDJcg/000020550.jpg,id0045,english,q9WK-RUDJcg
faces/id0045/English/q9WK-RUDJcg/000040100.jpg,id0045,english,q9WK-RUDJcg
faces/id0045/English/q9WK-RUDJcg/000040500.jpg,id0045,english,q9WK-RUDJcg
faces/id0045/English/q9WK-RUDJcg/000050125.jpg,id0045,english,q9WK-RUDJcg
faces/id0045/English/q9WK-RUDJcg/000060150.jpg,id0045,english,q9WK-RUDJcg
faces/id0045/English/q9WK-RUDJcg/000060575.jpg,id0045,english,q9WK-RUDJcg
faces/id0045/German/etTcuwRj3kg/000000025.jpg,id0045,german,etTcuwRj3kg
faces/id0045/German/etTcuwRj3kg/000040075.jpg,id0045,german,etTcuwRj3kg
faces/id0045/German/etTcuwRj3kg/000100025.jpg,id0045,german,etTcuwRj3kg
faces/id0045/German/etTcuwRj3kg/000140150.jpg,id0045,german,etTcuwRj3kg
faces/id0045/German/etTcuwRj3kg/000190100.jpg,id0045,german,etTcuwRj3kg
faces/id0045/German/etTcuwRj3kg/000240025.jpg,id0045,german,etTcuwRj3kg
faces/id0045/German/etTcuwRj3kg/000290025.jpg,id0045,german,etTcuwRj3kg
faces/id0045/German/etTcuwRj3kg/000330100.jpg,id0045,german,etTcuwRj3kg
faces/id0045/German/orxGzeyHuE0/000000025.jpg,id0045,german,orxGzeyHuE0
faces/id0045/German/orxGzeyHuE0/000020150.jpg,id0045,german,orxGzeyHuE0
faces/id0045/German/orxGzeyHuE0/000050075.jpg,id0045,german,orxGzeyHuE0
faces/id0045/German/orxGzeyHuE0/000110100.jpg,id0045,german,orxGzeyHuE0
faces/id0045/German/orxGzeyHuE0/000200075.jpg,id0045,german,orxGzeyHuE0
faces/id0045/German/orxGzeyHuE0/000300075.jpg,id0045,german,orxGzeyHuE0
faces/id0045/German/orxGzeyHuE0/000330125.jpg,id0045,german,orxGzeyHuE0
faces/id0045/German/orxGzeyHuE0/000330400.jpg,id0045,german,orxGzeyHuE0
faces/id0045/German/tJsLo2jjcs8/000020025.jpg,id0045,german,tJsLo2jjcs8
faces/id0045/German/tJsLo2jjcs8/000020175.jpg,id0045,german,tJsLo2jjcs8
faces/id0045/German/tJsLo2jjcs8/000040050.jpg,id0045,german,tJsLo2jjcs8
faces/id0045/German/tJsLo2jjcs8/000040200.jpg,id0045,german,tJsLo2jjcs8
faces/id0045/German/tJsLo2jjcs8/000040325.jpg,id0045,german,tJsLo2jjcs8
faces/id0045/German/tJsLo2jjcs8/000090125.jpg,id0045,german,tJsLo2jjcs8
faces/id0045/German/tJsLo2jjcs8/000090275.jpg,id0045,german,tJsLo2jjcs8
faces/id0045/German/tJsLo2jjcs8/000090425.jpg,id0045,german,tJsLo2jjcs8
faces/id0046/English/FtzmSlTgP_k/000000025.jpg,id0046,english,FtzmSlTgP_k
faces/id0046/English/FtzmSlTgP_k/000000600.jpg,id0046,english,FtzmSlTgP_k
faces/id0046/English/FtzmSlTgP_k/000010275.jpg,id0046,english,FtzmSlTgP_k
faces/id0046/English/FtzmSlTgP_k/000010850.jpg,id0046,english,FtzmSlTgP_k
faces/id0046/English/FtzmSlTgP_k/000011425.jpg,id0046,english,FtzmSlTgP_k
faces/id0046/English/FtzmSlTgP_k/000012000.jpg,id0046,english,FtzmSlTgP_k
faces/id0046/English/FtzmSlTgP_k/000012575.jpg,id0046,english,FtzmSlTgP_k
faces/id0046/English/FtzmSlTgP_k/000013150.jpg,id0046,english,FtzmSlTgP_k
faces/id0046/English/GWPNP_3sMrU/000000025.jpg,id0046,english,GWPNP_3sMrU
faces/id0046/English/GWPNP_3sMrU/000000075.jpg,id0046,english,GWPNP_3sMrU
faces/id0046/English/GWPNP_3sMrU/000000150.jpg,id0046,english,GWPNP_3sMrU
faces/id0046/English/GWPNP_3sMrU/000000200.jpg,id0046,english,GWPNP_3sMrU
faces/id0046/English/GWPNP_3sMrU/000000275.jpg,id0046,english,GWPNP_3sMrU
faces/id0046/English/GWPNP_3sMrU/000000325.jpg,id0046,english,GWPNP_3sMrU
faces/id0046/English/GWPNP_3sMrU/000000400.jpg,id0046,english,GWPNP_3sMrU
faces/id0046/English/GWPNP_3sMrU/000000450.jpg,id0046,english,GWPNP_3sMrU
faces/id0046/English/Pytt851sNQ0/000000025.jpg,id0046,english,Pytt851sNQ0
faces/id0046/English/Pytt851sNQ0/000010025.jpg,id0046,english,Pytt851sNQ0
faces/id0046/English/Pytt851sNQ0/000010250.jpg,id0046,english,Pytt851sNQ0
faces/id0046/English/Pytt851sNQ0/000030075.jpg,id0046,english,Pytt851sNQ0
faces/id0046/English/Pytt851sNQ0/000040050.jpg,id0046,english,Pytt851sNQ0
faces/id0046/English/Pytt851sNQ0/000050100.jpg,id0046,english,Pytt851sNQ0
faces/id0046/English/Pytt851sNQ0/000070075.jpg,id0046,english,Pytt851sNQ0
faces/id0046/English/Pytt851sNQ0/000100100.jpg,id0046,english,Pytt851sNQ0
faces/id0046/German/DkbEyCAV-wk/000130025.jpg,id0046,german,DkbEyCAV-wk
faces/id0046/German/DkbEyCAV-wk/000130775.jpg,id0046,german,DkbEyCAV-wk
faces/id0046/German/DkbEyCAV-wk/000200575.jpg,id0046,german,DkbEyCAV-wk
faces/id0046/German/DkbEyCAV-wk/000230275.jpg,id0046,german,DkbEyCAV-wk
faces/id0046/German/DkbEyCAV-wk/000240600.jpg,id0046,german,DkbEyCAV-wk
faces/id0046/German/DkbEyCAV-wk/000430150.jpg,id0046,german,DkbEyCAV-wk
faces/id0046/German/DkbEyCAV-wk/000470150.jpg,id0046,german,DkbEyCAV-wk
faces/id0046/German/DkbEyCAV-wk/000490450.jpg,id0046,german,DkbEyCAV-wk
faces/id0046/German/f6_m6Hc1rjw/000010025.jpg,id0046,german,f6_m6Hc1rjw
faces/id0046/German/f6_m6Hc1rjw/000010050.jpg,id0046,german,f6_m6Hc1rjw
faces/id0046/German/f6_m6Hc1rjw/000010100.jpg,id0046,german,f6_m6Hc1rjw
faces/id0046/German/f6_m6Hc1rjw/000010125.jpg,id0046,german,f6_m6Hc1rjw
faces/id0046/German/f6_m6Hc1rjw/000010175.jpg,id0046,german,f6_m6Hc1rjw
faces/id0046/German/f6_m6Hc1rjw/000010200.jpg,id0046,german,f6_m6Hc1rjw
faces/id0046/German/f6_m6Hc1rjw/000010250.jpg,id0046,german,f6_m6Hc1rjw
faces/id0046/German/f6_m6Hc1rjw/000010275.jpg,id0046,german,f6_m6Hc1rjw
faces/id0046/German/nIXwf0ob9Cg/000010025.jpg,id0046,german,nIXwf0ob9Cg
faces/id0046/German/nIXwf0ob9Cg/000020475.jpg,id0046,german,nIXwf0ob9Cg
faces/id0046/German/nIXwf0ob9Cg/000040700.jpg,id0046,german,nIXwf0ob9Cg
faces/id0046/German/nIXwf0ob9Cg/000041425.jpg,id0046,german,nIXwf0ob9Cg
faces/id0046/German/nIXwf0ob9Cg/000070050.jpg,id0046,german,nIXwf0ob9Cg
faces/id0046/German/nIXwf0ob9Cg/000120100.jpg,id0046,german,nIXwf0ob9Cg
faces/id0046/German/nIXwf0ob9Cg/001030025.jpg,id0046,german,nIXwf0ob9Cg
faces/id0046/German/nIXwf0ob9Cg/001040350.jpg,id0046,german,nIXwf0ob9Cg
faces/id0047/English/KZ_Ex8BRfJI/000000025.jpg,id0047,english,KZ_Ex8BRfJI
faces/id0047/English/KZ_Ex8BRfJI/000000150.jpg,id0047,english,KZ_Ex8BRfJI
faces/id0047/English/KZ_Ex8BRfJI/000010075.jpg,id0047,english,KZ_Ex8BRfJI
faces/id0047/English/KZ_Ex8BRfJI/000020100.jpg,id0047,english,KZ_Ex8BRfJI
faces/id0047/English/KZ_Ex8BRfJI/000020225.jpg,id0047,english,KZ_Ex8BRfJI
faces/id0047/English/KZ_Ex8BRfJI/000020350.jpg,id0047,english,KZ_Ex8BRfJI
faces/id0047/English/KZ_Ex8BRfJI/000020500.jpg,id0047,english,KZ_Ex8BRfJI
faces/id0047/English/KZ_Ex8BRfJI/000020625.jpg,id0047,english,KZ_Ex8BRfJI
faces/id0047/English/M6qgNLFEyCM/000010025.jpg,id0047,english,M6qgNLFEyCM
faces/id0047/English/M6qgNLFEyCM/000010150.jpg,id0047,english,M6qgNLFEyCM
faces/id0047/English/M6qgNLFEyCM/000020025.jpg,id0047,english,M6qgNLFEyCM
faces/id0047/English/M6qgNLFEyCM/000030050.jpg,id0047,english,M6qgNLFEyCM
faces/id0047/English/M6qgNLFEyCM/000040025.jpg,id0047,english,M6qgNLFEyCM
faces/id0047/English/M6qgNLFEyCM/000050025.jpg,id0047,english,M6qgNLFEyCM
faces/id0047/English/M6qgNLFEyCM/000060050.jpg,id0047,english,M6qgNLFEyCM
faces/id0047/English/M6qgNLFEyCM/000060175.jpg,id0047,english,M6qgNLFEyCM
faces/id0047/English/X7tLHPe1qjY/000000025.jpg,id0047,english,X7tLHPe1qjY
faces/id0047/English/X7tLHPe1qjY/000010025.jpg,id0047,english,X7tLHPe1qjY
faces/id0047/English/X7tLHPe1qjY/000030100.jpg,id0047,english,X7tLHPe1qjY
faces/id0047/English/X7tLHPe1qjY/000040125.jpg,id0047,english,X7tLHPe1qjY
faces/id0047/English/X7tLHPe1qjY/000080025.jpg,id0047,english,X7tLHPe1qjY
faces/id0047/English/X7tLHPe1qjY/000100050.jpg,id0047,english,X7tLHPe1qjY
faces/id0047/English/X7tLHPe1qjY/000140100.jpg,id0047,english,X7tLHPe1qjY
faces/id0047/English/X7tLHPe1qjY/000160125.jpg,id0047,english,X7tLHPe1qjY
faces/id0047/English/mTCafY8J2Bk/000000025.jpg,id0047,english,mTCafY8J2Bk
faces/id0047/English/mTCafY8J2Bk/000000125.jpg,id0047,english,mTCafY8J2Bk
faces/id0047/English/mTCafY8J2Bk/000000200.jpg,id0047,english,mTCafY8J2Bk
faces/id0047/English/mTCafY8J2Bk/000000300.jpg,id0047,english,mTCafY8J2Bk
faces/id0047/English/mTCafY8J2Bk/000010050.jpg,id0047,english,mTCafY8J2Bk
faces/id0047/English/mTCafY8J2Bk/000010150.jpg,id0047,english,mTCafY8J2Bk
faces/id0047/English/mTCafY8J2Bk/000010225.jpg,id0047,english,mTCafY8J2Bk
faces/id0047/English/mTCafY8J2Bk/000010325.jpg,id0047,english,mTCafY8J2Bk
faces/id0047/English/u-cLZ4X3tSw/000000025.jpg,id0047,english,u-cLZ4X3tSw
faces/id0047/English/u-cLZ4X3tSw/000000200.jpg,id0047,english,u-cLZ4X3tSw
faces/id0047/English/u-cLZ4X3tSw/000010100.jpg,id0047,english,u-cLZ4X3tSw
faces/id0047/English/u-cLZ4X3tSw/000020125.jpg,id0047,english,u-cLZ4X3tSw
faces/id0047/English/u-cLZ4X3tSw/000040075.jpg,id0047,english,u-cLZ4X3tSw
faces/id0047/English/u-cLZ4X3tSw/000050150.jpg,id0047,english,u-cLZ4X3tSw
faces/id0047/English/u-cLZ4X3tSw/000050325.jpg,id0047,english,u-cLZ4X3tSw
faces/id0047/English/u-cLZ4X3tSw/000060150.jpg,id0047,english,u-cLZ4X3tSw
faces/id0047/German/BxjfhmHrfV4/000000025.jpg,id0047,german,BxjfhmHrfV4
faces/id0047/German/BxjfhmHrfV4/000060025.jpg,id0047,german,BxjfhmHrfV4
faces/id0047/German/BxjfhmHrfV4/000090250.jpg,id0047,german,BxjfhmHrfV4
faces/id0047/German/BxjfhmHrfV4/000130075.jpg,id0047,german,BxjfhmHrfV4
faces/id0047/German/BxjfhmHrfV4/000170150.jpg,id0047,german,BxjfhmHrfV4
faces/id0047/German/BxjfhmHrfV4/000220025.jpg,id0047,german,BxjfhmHrfV4
faces/id0047/German/BxjfhmHrfV4/000260075.jpg,id0047,german,BxjfhmHrfV4
faces/id0047/German/BxjfhmHrfV4/000310150.jpg,id0047,german,BxjfhmHrfV4
faces/id0047/German/Vo0ENekKtKY/000000025.jpg,id0047,german,Vo0ENekKtKY
faces/id0047/German/Vo0ENekKtKY/000020125.jpg,id0047,german,Vo0ENekKtKY
faces/id0047/German/Vo0ENekKtKY/000040075.jpg,id0047,german,Vo0ENekKtKY
faces/id0047/German/Vo0ENekKtKY/000050225.jpg,id0047,german,Vo0ENekKtKY
faces/id0047/German/Vo0ENekKtKY/000080075.jpg,id0047,german,Vo0ENekKtKY
faces/id0047/German/Vo0ENekKtKY/000110050.jpg,id0047,german,Vo0ENekKtKY
faces/id0047/German/Vo0ENekKtKY/000120175.jpg,id0047,german,Vo0ENekKtKY
faces/id0047/German/Vo0ENekKtKY/000140100.jpg,id0047,german,Vo0ENekKtKY
faces/id0047/German/vj1RBrk3RXo/000000025.jpg,id0047,german,vj1RBrk3RXo
faces/id0047/German/vj1RBrk3RXo/000000300.jpg,id0047,german,vj1RBrk3RXo
faces/id0047/German/vj1RBrk3RXo/000010250.jpg,id0047,german,vj1RBrk3RXo
faces/id0047/German/vj1RBrk3RXo/000020225.jpg,id0047,german,vj1RBrk3RXo
faces/id0047/German/vj1RBrk3RXo/000020500.jpg,id0047,german,vj1RBrk3RXo
faces/id0047/German/vj1RBrk3RXo/000030150.jpg,id0047,german,vj1RBrk3RXo
faces/id0047/German/vj1RBrk3RXo/000040050.jpg,id0047,german,vj1RBrk3RXo
faces/id0047/German/vj1RBrk3RXo/000040325.jpg,id0047,german,vj1RBrk3RXo
faces/id0047/German/yDeRW0liUCU/000000025.jpg,id0047,german,yDeRW0liUCU
faces/id0047/German/yDeRW0liUCU/000000150.jpg,id0047,german,yDeRW0liUCU
faces/id0047/German/yDeRW0liUCU/000010100.jpg,id0047,german,yDeRW0liUCU
faces/id0047/German/yDeRW0liUCU/000010225.jpg,id0047,german,yDeRW0liUCU
faces/id0047/German/yDeRW0liUCU/000010375.jpg,id0047,german,yDeRW0liUCU
faces/id0047/German/yDeRW0liUCU/000020025.jpg,id0047,german,yDeRW0liUCU
faces/id0047/German/yDeRW0liUCU/000020175.jpg,id0047,german,yDeRW0liUCU
faces/id0047/German/yDeRW0liUCU/000020300.jpg,id0047,german,yDeRW0liUCU
faces/id0047/German/yIxQbCEXK9s/000010025.jpg,id0047,german,yIxQbCEXK9s
faces/id0047/German/yIxQbCEXK9s/000010175.jpg,id0047,german,yIxQbCEXK9s
faces/id0047/German/yIxQbCEXK9s/000020050.jpg,id0047,german,yIxQbCEXK9s
faces/id0047/German/yIxQbCEXK9s/000030075.jpg,id0047,german,yIxQbCEXK9s
faces/id0047/German/yIxQbCEXK9s/000040050.jpg,id0047,german,yIxQbCEXK9s
faces/id0047/German/yIxQbCEXK9s/000050100.jpg,id0047,german,yIxQbCEXK9s
faces/id0047/German/yIxQbCEXK9s/000050225.jpg,id0047,german,yIxQbCEXK9s
faces/id0047/German/yIxQbCEXK9s/000050375.jpg,id0047,german,yIxQbCEXK9s
faces/id0048/English/1EflTHDLE24/000000025.jpg,id0048,english,1EflTHDLE24
faces/id0048/English/1EflTHDLE24/000010200.jpg,id0048,english,1EflTHDLE24
faces/id0048/English/1EflTHDLE24/000020225.jpg,id0048,english,1EflTHDLE24
faces/id0048/English/1EflTHDLE24/000030275.jpg,id0048,english,1EflTHDLE24
faces/id0048/English/1EflTHDLE24/000040125.jpg,id0048,english,1EflTHDLE24
faces/id0048/English/1EflTHDLE24/000050150.jpg,id0048,english,1EflTHDLE24
faces/id0048/English/1EflTHDLE24/000060025.jpg,id0048,english,1EflTHDLE24
faces/id0048/English/1EflTHDLE24/000070125.jpg,id0048,english,1EflTHDLE24
faces/id0048/English/D0ZDRfUMOv0/000010025.jpg,id0048,english,D0ZDRfUMOv0
faces/id0048/English/D0ZDRfUMOv0/000010525.jpg,id0048,english,D0ZDRfUMOv0
faces/id0048/English/D0ZDRfUMOv0/000011025.jpg,id0048,english,D0ZDRfUMOv0
faces/id0048/English/D0ZDRfUMOv0/000011525.jpg,id0048,english,D0ZDRfUMOv0
faces/id0048/English/D0ZDRfUMOv0/000012000.jpg,id0048,english,D0ZDRfUMOv0
faces/id0048/English/D0ZDRfUMOv0/000012500.jpg,id0048,english,D0ZDRfUMOv0
faces/id0048/English/D0ZDRfUMOv0/000020125.jpg,id0048,english,D0ZDRfUMOv0
faces/id0048/English/D0ZDRfUMOv0/000020625.jpg,id0048,english,D0ZDRfUMOv0
faces/id0048/English/FUaGL27xxYc/000010025.jpg,id0048,english,FUaGL27xxYc
faces/id0048/English/FUaGL27xxYc/000020150.jpg,id0048,english,FUaGL27xxYc
faces/id0048/English/FUaGL27xxYc/000040025.jpg,id0048,english,FUaGL27xxYc
faces/id0048/English/FUaGL27xxYc/000050225.jpg,id0048,english,FUaGL27xxYc
faces/id0048/English/FUaGL27xxYc/000070125.jpg,id0048,english,FUaGL27xxYc
faces/id0048/English/FUaGL27xxYc/000080125.jpg,id0048,english,FUaGL27xxYc
faces/id0048/English/FUaGL27xxYc/000090225.jpg,id0048,english,FUaGL27xxYc
faces/id0048/English/FUaGL27xxYc/000110225.jpg,id0048,english,FUaGL27xxYc
faces/id0048/English/MjhR8_9AWXQ/000010025.jpg,id0048,english,MjhR8_9AWXQ
faces/id0048/English/MjhR8_9AWXQ/000010250.jpg,id0048,english,MjhR8_9AWXQ
faces/id0048/English/MjhR8_9AWXQ/000030025.jpg,id0048,english,MjhR8_9AWXQ
faces/id0048/English/MjhR8_9AWXQ/000030250.jpg,id0048,english,MjhR8_9AWXQ
faces/id0048/English/MjhR8_9AWXQ/000030475.jpg,id0048,english,MjhR8_9AWXQ
faces/id0048/English/MjhR8_9AWXQ/000040200.jpg,id0048,english,MjhR8_9AWXQ
faces/id0048/English/MjhR8_9AWXQ/000050100.jpg,id0048,english,MjhR8_9AWXQ
faces/id0048/English/MjhR8_9AWXQ/000050325.jpg,id0048,english,MjhR8_9AWXQ
faces/id0048/English/XfPW63IlNpA/000010025.jpg,id0048,english,XfPW63IlNpA
faces/id0048/English/XfPW63IlNpA/000010150.jpg,id0048,english,XfPW63IlNpA
faces/id0048/English/XfPW63IlNpA/000020100.jpg,id0048,english,XfPW63IlNpA
faces/id0048/English/XfPW63IlNpA/000040075.jpg,id0048,english,XfPW63IlNpA
faces/id0048/English/XfPW63IlNpA/000040200.jpg,id0048,english,XfPW63IlNpA
faces/id0048/English/XfPW63IlNpA/000050100.jpg,id0048,english,XfPW63IlNpA
faces/id0048/English/XfPW63IlNpA/000060050.jpg,id0048,english,XfPW63IlNpA
faces/id0048/English/XfPW63IlNpA/000060175.jpg,id0048,english,XfPW63IlNpA
faces/id0048/English/oQ4Y6GEHhyo/000020025.jpg,id0048,english,oQ4Y6GEHhyo
faces/id0048/English/oQ4Y6GEHhyo/000100050.jpg,id0048,english,oQ4Y6GEHhyo
faces/id0048/English/oQ4Y6GEHhyo/000110075.jpg,id0048,english,oQ4Y6GEHhyo
faces/id0048/English/oQ4Y6GEHhyo/000120050.jpg,id0048,english,oQ4Y6GEHhyo
faces/id0048/English/oQ4Y6GEHhyo/000240025.jpg,id0048,english,oQ4Y6GEHhyo
faces/id0048/English/oQ4Y6GEHhyo/000240200.jpg,id0048,english,oQ4Y6GEHhyo
faces/id0048/English/oQ4Y6GEHhyo/000240375.jpg,id0048,english,oQ4Y6GEHhyo
faces/id0048/English/oQ4Y6GEHhyo/000290100.jpg,id0048,english,oQ4Y6GEHhyo
faces/id0048/German/1pzw0Ygg9AE/000040025.jpg,id0048,german,1pzw0Ygg9AE
faces/id0048/German/1pzw0Ygg9AE/000040175.jpg,id0048,german,1pzw0Ygg9AE
faces/id0048/German/1pzw0Ygg9AE/000050050.jpg,id0048,german,1pzw0Ygg9AE
faces/id0048/German/1pzw0Ygg9AE/000050200.jpg,id0048,german,1pzw0Ygg9AE
faces/id0048/German/1pzw0Ygg9AE/000060125.jpg,id0048,german,1pzw0Ygg9AE
faces/id0048/German/1pzw0Ygg9AE/000070125.jpg,id0048,german,1pzw0Ygg9AE
faces/id0048/German/1pzw0Ygg9AE/000080125.jpg,id0048,german,1pzw0Ygg9AE
faces/id0048/German/1pzw0Ygg9AE/000080275.jpg,id0048,german,1pzw0Ygg9AE
faces/id0048/German/BoX5g1bBEj4/000000025.jpg,id0048,german,BoX5g1bBEj4
faces/id0048/German/BoX5g1bBEj4/000000050.jpg,id0048,german,BoX5g1bBEj4
faces/id0048/German/BoX5g1bBEj4/000000075.jpg,id0048,german,BoX5g1bBEj4
faces/id0048/German/BoX5g1bBEj4/000000100.jpg,id0048,german,BoX5g1bBEj4
faces/id0048/German/BoX5g1bBEj4/000000150.jpg,id0048,german,BoX5g1bBEj4
faces/id0048/German/BoX5g1bBEj4/000000175.jpg,id0048,german,BoX5g1bBEj4
faces/id0048/German/BoX5g1bBEj4/000000200.jpg,id0048,german,BoX5g1bBEj4
faces/id0048/German/BoX5g1bBEj4/000000225.jpg,id0048,german,BoX5g1bBEj4
faces/id0048/German/gs3vvnr6dLo/000030025.jpg,id0048,german,gs3vvnr6dLo
faces/id0048/German/gs3vvnr6dLo/000170275.jpg,id0048,german,gs3vvnr6dLo
faces/id0048/German/gs3vvnr6dLo/000211050.jpg,id0048,german,gs3vvnr6dLo
faces/id0048/German/gs3vvnr6dLo/000300525.jpg,id0048,german,gs3vvnr6dLo
faces/id0048/German/gs3vvnr6dLo/000330500.jpg,id0048,german,gs3vvnr6dLo
faces/id0048/German/gs3vvnr6dLo/000450150.jpg,id0048,german,gs3vvnr6dLo
faces/id0048/German/gs3vvnr6dLo/000540375.jpg,id0048,german,gs3vvnr6dLo
faces/id0048/German/gs3vvnr6dLo/000720150.jpg,id0048,german,gs3vvnr6dLo
faces/id0049/English/MdtK34uhHlQ/000060025.jpg,id0049,english,MdtK34uhHlQ
faces/id0049/English/MdtK34uhHlQ/000070175.jpg,id0049,english,MdtK34uhHlQ
faces/id0049/English/MdtK34uhHlQ/000080050.jpg,id0049,english,MdtK34uhHlQ
faces/id0049/English/MdtK34uhHlQ/000080725.jpg,id0049,english,MdtK34uhHlQ
faces/id0049/English/MdtK34uhHlQ/000110225.jpg,id0049,english,MdtK34uhHlQ
faces/id0049/English/MdtK34uhHlQ/000150100.jpg,id0049,english,MdtK34uhHlQ
faces/id0049/English/MdtK34uhHlQ/000150750.jpg,id0049,english,MdtK34uhHlQ
faces/id0049/English/MdtK34uhHlQ/000170150.jpg,id0049,english,MdtK34uhHlQ
faces/id0049/English/paEOGZbR5EI/000050025.jpg,id0049,english,paEOGZbR5EI
faces/id0049/English/paEOGZbR5EI/000100325.jpg,id0049,english,paEOGZbR5EI
faces/id0049/English/paEOGZbR5EI/000140075.jpg,id0049,english,paEOGZbR5EI
faces/id0049/English/paEOGZbR5EI/000150275.jpg,id0049,english,paEOGZbR5EI
faces/id0049/English/paEOGZbR5EI/000160100.jpg,id0049,english,paEOGZbR5EI
faces/id0049/English/paEOGZbR5EI/000220200.jpg,id0049,english,paEOGZbR5EI
faces/id0049/English/paEOGZbR5EI/000270375.jpg,id0049,english,paEOGZbR5EI
faces/id0049/English/paEOGZbR5EI/000300150.jpg,id0049,english,paEOGZbR5EI
faces/id0049/English/uCaTAGNkYQc/000000025.jpg,id0049,english,uCaTAGNkYQc
faces/id0049/English/uCaTAGNkYQc/000010175.jpg,id0049,english,uCaTAGNkYQc
faces/id0049/English/uCaTAGNkYQc/000030225.jpg,id0049,english,uCaTAGNkYQc
faces/id0049/English/uCaTAGNkYQc/000060125.jpg,id0049,english,uCaTAGNkYQc
faces/id0049/English/uCaTAGNkYQc/000060475.jpg,id0049,english,uCaTAGNkYQc
faces/id0049/English/uCaTAGNkYQc/000080025.jpg,id0049,english,uCaTAGNkYQc
faces/id0049/English/uCaTAGNkYQc/000090175.jpg,id0049,english,uCaTAGNkYQc
faces/id0049/English/uCaTAGNkYQc/000090525.jpg,id0049,english,uCaTAGNkYQc
faces/id0049/German/IEAZt1ZHcYA/000030025.jpg,id0049,german,IEAZt1ZHcYA
faces/id0049/German/IEAZt1ZHcYA/000060200.jpg,id0049,german,IEAZt1ZHcYA
faces/id0049/German/IEAZt1ZHcYA/000061250.jpg,id0049,german,IEAZt1ZHcYA
faces/id0049/German/IEAZt1ZHcYA/000070525.jpg,id0049,german,IEAZt1ZHcYA
faces/id0049/German/IEAZt1ZHcYA/000100275.jpg,id0049,german,IEAZt1ZHcYA
faces/id0049/German/IEAZt1ZHcYA/000120925.jpg,id0049,german,IEAZt1ZHcYA
faces/id0049/German/IEAZt1ZHcYA/000160325.jpg,id0049,german,IEAZt1ZHcYA
faces/id0049/German/IEAZt1ZHcYA/000170225.jpg,id0049,german,IEAZt1ZHcYA
faces/id0050/English/1EBVqK5FJG0/000000025.jpg,id0050,english,1EBVqK5FJG0
faces/id0050/English/1EBVqK5FJG0/000020125.jpg,id0050,english,1EBVqK5FJG0
faces/id0050/English/1EBVqK5FJG0/000060100.jpg,id0050,english,1EBVqK5FJG0
faces/id0050/English/1EBVqK5FJG0/000090150.jpg,id0050,english,1EBVqK5FJG0
faces/id0050/English/1EBVqK5FJG0/000120125.jpg,id0050,english,1EBVqK5FJG0
faces/id0050/English/1EBVqK5FJG0/000130175.jpg,id0050,english,1EBVqK5FJG0
faces/id0050/English/1EBVqK5FJG0/000270100.jpg,id0050,english,1EBVqK5FJG0
faces/id0050/English/1EBVqK5FJG0/000300100.jpg,id0050,english,1EBVqK5FJG0
faces/id0050/English/7qOSb9g5kF0/000000025.jpg,id0050,english,7qOSb9g5kF0
faces/id0050/English/7qOSb9g5kF0/000030025.jpg,id0050,english,7qOSb9g5kF0
faces/id0050/English/7qOSb9g5kF0/000030350.jpg,id0050,english,7qOSb9g5kF0
faces/id0050/English/7qOSb9g5kF0/000070200.jpg,id0050,english,7qOSb9g5kF0
faces/id0050/English/7qOSb9g5kF0/000070550.jpg,id0050,english,7qOSb9g5kF0
faces/id0050/English/7qOSb9g5kF0/000070900.jpg,id0050,english,7qOSb9g5kF0
faces/id0050/English/7qOSb9g5kF0/000071225.jpg,id0050,english,7qOSb9g5kF0
faces/id0050/English/7qOSb9g5kF0/000080325.jpg,id0050,english,7qOSb9g5kF0
faces/id0050/English/M6y6K3PPrZk/000000025.jpg,id0050,english,M6y6K3PPrZk
faces/id0050/English/M6y6K3PPrZk/000000100.jpg,id0050,english,M6y6K3PPrZk
faces/id0050/English/M6y6K3PPrZk/000020025.jpg,id0050,english,M6y6K3PPrZk
faces/id0050/English/M6y6K3PPrZk/000020100.jpg,id0050,english,M6y6K3PPrZk
faces/id0050/English/M6y6K3PPrZk/000020150.jpg,id0050,english,M6y6K3PPrZk
faces/id0050/English/M6y6K3PPrZk/000020225.jpg,id0050,english,M6y6K3PPrZk
faces/id0050/English/M6y6K3PPrZk/000020300.jpg,id0050,english,M6y6K3PPrZk
faces/id0050/English/M6y6K3PPrZk/000020375.jpg,id0050,english,M6y6K3PPrZk
faces/id0050/English/aYWbfVNM7ok/000010025.jpg,id0050,english,aYWbfVNM7ok
faces/id0050/English/aYWbfVNM7ok/000010175.jpg,id0050,english,aYWbfVNM7ok
faces/id0050/English/aYWbfVNM7ok/000010300.jpg,id0050,english,aYWbfVNM7ok
faces/id0050/English/aYWbfVNM7ok/000010450.jpg,id0050,english,aYWbfVNM7ok
faces/id0050/English/aYWbfVNM7ok/000030025.jpg,id0050,english,aYWbfVNM7ok
faces/id0050/English/aYWbfVNM7ok/000030175.jpg,id0050,english,aYWbfVNM7ok
faces/id0050/English/aYWbfVNM7ok/000030300.jpg,id0050,english,aYWbfVNM7ok
faces/id0050/English/aYWbfVNM7ok/000030450.jpg,id0050,english,aYWbfVNM7ok
faces/id0050/English/clI05zYu8dc/000030025.jpg,id0050,english,clI05zYu8dc
faces/id0050/English/clI05zYu8dc/000040050.jpg,id0050,english,clI05zYu8dc
faces/id0050/English/clI05zYu8dc/000060225.jpg,id0050,english,clI05zYu8dc
faces/id0050/English/clI05zYu8dc/000080225.jpg,id0050,english,clI05zYu8dc
faces/id0050/English/clI05zYu8dc/000120100.jpg,id0050,english,clI05zYu8dc
faces/id0050/English/clI05zYu8dc/000120625.jpg,id0050,english,clI05zYu8dc
faces/id0050/English/clI05zYu8dc/000230125.jpg,id0050,english,clI05zYu8dc
faces/id0050/English/clI05zYu8dc/000270200.jpg,id0050,english,clI05zYu8dc
faces/id0050/English/z_yGAoDkMPg/000000025.jpg,id0050,english,z_yGAoDkMPg
faces/id0050/English/z_yGAoDkMPg/000100025.jpg,id0050,english,z_yGAoDkMPg
faces/id0050/English/z_yGAoDkMPg/000200100.jpg,id0050,english,z_yGAoDkMPg
faces/id0050/English/z_yGAoDkMPg/000270250.jpg,id0050,english,z_yGAoDkMPg
faces/id0050/English/z_yGAoDkMPg/000380100.jpg,id0050,english,z_yGAoDkMPg
faces/id0050/English/z_yGAoDkMPg/000470150.jpg,id0050,english,z_yGAoDkMPg
faces/id0050/English/z_yGAoDkMPg/000570025.jpg,id0050,english,z_yGAoDkMPg
faces/id0050/English/z_yGAoDkMPg/000660175.jpg,id0050,english,z_yGAoDkMPg
faces/id0050/German/YhadMsGvqQg/000030025.jpg,id0050,german,YhadMsGvqQg
faces/id0050/German/YhadMsGvqQg/000030825.jpg,id0050,german,YhadMsGvqQg
faces/id0050/German/YhadMsGvqQg/000050150.jpg,id0050,german,YhadMsGvqQg
faces/id0050/German/YhadMsGvqQg/000050950.jpg,id0050,german,YhadMsGvqQg
faces/id0050/German/YhadMsGvqQg/000051775.jpg,id0050,german,YhadMsGvqQg
faces/id0050/German/YhadMsGvqQg/000080500.jpg,id0050,german,YhadMsGvqQg
faces/id0050/German/YhadMsGvqQg/000081325.jpg,id0050,german,YhadMsGvqQg
faces/id0050/German/YhadMsGvqQg/000082125.jpg,id0050,german,YhadMsGvqQg
faces/id0050/German/roAxvxICLT0/000010025.jpg,id0050,german,roAxvxICLT0
faces/id0050/German/roAxvxICLT0/000010200.jpg,id0050,german,roAxvxICLT0
faces/id0050/German/roAxvxICLT0/000010350.jpg,id0050,german,roAxvxICLT0
faces/id0050/German/roAxvxICLT0/000010525.jpg,id0050,german,roAxvxICLT0
faces/id0050/German/roAxvxICLT0/000020100.jpg,id0050,german,roAxvxICLT0
faces/id0050/German/roAxvxICLT0/000020275.jpg,id0050,german,roAxvxICLT0
faces/id0050/German/roAxvxICLT0/000020425.jpg,id0050,german,roAxvxICLT0
faces/id0050/German/roAxvxICLT0/000020600.jpg,id0050,german,roAxvxICLT0
